name,year,hard_hit_pct,era,method
Alex Rodriguez,2005,36.9,Pre-Statcast (2005–2014),BIS Scouted (Hard%)
Andruw Jones,2005,37.4,Pre-Statcast (2005–2014),BIS Scouted (Hard%)
Albert Pujols,2005,38.9,Pre-Statcast (2005–2014),BIS Scouted (Hard%)
Chase Utley,2005,37,Pre-Statcast (2005–2014),BIS Scouted (Hard%)
Derrek Lee,2005,40.9,Pre-Statcast (2005–2014),BIS Scouted (Hard%)
Brian Roberts,2005,33.3,Pre-Statcast (2005–2014),BIS Scouted (Hard%)
Jim Edmonds,2005,39.9,Pre-Statcast (2005–2014),BIS Scouted (Hard%)
Morgan Ensberg,2005,34.5,Pre-Statcast (2005–2014),BIS Scouted (Hard%)
Mark Teixeira,2005,33.8,Pre-Statcast (2005–2014),BIS Scouted (Hard%)
Brian Giles,2005,32.7,Pre-Statcast (2005–2014),BIS Scouted (Hard%)
David Wright,2005,30.3,Pre-Statcast (2005–2014),BIS Scouted (Hard%)
Jason Bay,2005,34.9,Pre-Statcast (2005–2014),BIS Scouted (Hard%)
Grady Sizemore,2005,31.3,Pre-Statcast (2005–2014),BIS Scouted (Hard%)
Placido Polanco,2005,26.8,Pre-Statcast (2005–2014),BIS Scouted (Hard%)
Travis Hafner,2005,40.3,Pre-Statcast (2005–2014),BIS Scouted (Hard%)
David Ortiz,2005,45.9,Pre-Statcast (2005–2014),BIS Scouted (Hard%)
Vladimir Guerrero,2005,34.8,Pre-Statcast (2005–2014),BIS Scouted (Hard%)
Coco Crisp,2005,27.3,Pre-Statcast (2005–2014),BIS Scouted (Hard%)
Eric Chavez,2005,32.7,Pre-Statcast (2005–2014),BIS Scouted (Hard%)
Marcus Giles,2005,31.7,Pre-Statcast (2005–2014),BIS Scouted (Hard%)
Miguel Cabrera,2005,39.5,Pre-Statcast (2005–2014),BIS Scouted (Hard%)
Randy Winn,2005,30.8,Pre-Statcast (2005–2014),BIS Scouted (Hard%)
Geoff Jenkins,2005,34.1,Pre-Statcast (2005–2014),BIS Scouted (Hard%)
Carl Crawford,2005,26.6,Pre-Statcast (2005–2014),BIS Scouted (Hard%)
Miguel Tejada,2005,35.4,Pre-Statcast (2005–2014),BIS Scouted (Hard%)
Victor Martinez,2005,30.5,Pre-Statcast (2005–2014),BIS Scouted (Hard%)
Felipe Lopez,2005,32.4,Pre-Statcast (2005–2014),BIS Scouted (Hard%)
Julio Lugo,2005,21.3,Pre-Statcast (2005–2014),BIS Scouted (Hard%)
Rafael Furcal,2005,29.4,Pre-Statcast (2005–2014),BIS Scouted (Hard%)
Derek Jeter,2005,31.8,Pre-Statcast (2005–2014),BIS Scouted (Hard%)
Jhonny Peralta,2005,36.5,Pre-Statcast (2005–2014),BIS Scouted (Hard%)
Melvin Mora,2005,29.9,Pre-Statcast (2005–2014),BIS Scouted (Hard%)
Jason Giambi,2005,38.2,Pre-Statcast (2005–2014),BIS Scouted (Hard%)
Nick Johnson,2005,35.3,Pre-Statcast (2005–2014),BIS Scouted (Hard%)
Michael Young,2005,27.9,Pre-Statcast (2005–2014),BIS Scouted (Hard%)
Todd Helton,2005,36,Pre-Statcast (2005–2014),BIS Scouted (Hard%)
David DeJesus,2005,28,Pre-Statcast (2005–2014),BIS Scouted (Hard%)
Richie Sexson,2005,43.1,Pre-Statcast (2005–2014),BIS Scouted (Hard%)
Chad Tracy,2005,30.1,Pre-Statcast (2005–2014),BIS Scouted (Hard%)
Jimmy Rollins,2005,32.5,Pre-Statcast (2005–2014),BIS Scouted (Hard%)
Bobby Abreu,2005,34.2,Pre-Statcast (2005–2014),BIS Scouted (Hard%)
Luis Castillo,2005,22.5,Pre-Statcast (2005–2014),BIS Scouted (Hard%)
Paul Konerko,2005,35.7,Pre-Statcast (2005–2014),BIS Scouted (Hard%)
Aaron Rowand,2005,26.8,Pre-Statcast (2005–2014),BIS Scouted (Hard%)
Jose Guillen,2005,33.3,Pre-Statcast (2005–2014),BIS Scouted (Hard%)
Cliff Floyd,2005,34.6,Pre-Statcast (2005–2014),BIS Scouted (Hard%)
Jeff Kent,2005,30.9,Pre-Statcast (2005–2014),BIS Scouted (Hard%)
Ichiro Suzuki,2005,23.7,Pre-Statcast (2005–2014),BIS Scouted (Hard%)
Jason Varitek,2005,31.9,Pre-Statcast (2005–2014),BIS Scouted (Hard%)
Orlando Cabrera,2005,22.2,Pre-Statcast (2005–2014),BIS Scouted (Hard%)
Bill Mueller,2005,27.9,Pre-Statcast (2005–2014),BIS Scouted (Hard%)
Bill Hall,2005,32,Pre-Statcast (2005–2014),BIS Scouted (Hard%)
Joe Mauer,2005,31.3,Pre-Statcast (2005–2014),BIS Scouted (Hard%)
Adam Dunn,2005,35.3,Pre-Statcast (2005–2014),BIS Scouted (Hard%)
Ronnie Belliard,2005,28.8,Pre-Statcast (2005–2014),BIS Scouted (Hard%)
Jorge Posada,2005,33.3,Pre-Statcast (2005–2014),BIS Scouted (Hard%)
Carlos Delgado,2005,39.8,Pre-Statcast (2005–2014),BIS Scouted (Hard%)
Tadahito Iguchi,2005,24.6,Pre-Statcast (2005–2014),BIS Scouted (Hard%)
Brandon Inge,2005,27,Pre-Statcast (2005–2014),BIS Scouted (Hard%)
Ivan Rodriguez,2005,32,Pre-Statcast (2005–2014),BIS Scouted (Hard%)
Pat Burrell,2005,39.6,Pre-Statcast (2005–2014),BIS Scouted (Hard%)
Troy Glaus,2005,36.4,Pre-Statcast (2005–2014),BIS Scouted (Hard%)
Vernon Wells,2005,31.9,Pre-Statcast (2005–2014),BIS Scouted (Hard%)
Ken Griffey Jr.,2005,39.5,Pre-Statcast (2005–2014),BIS Scouted (Hard%)
Manny Ramirez,2005,42.4,Pre-Statcast (2005–2014),BIS Scouted (Hard%)
Aramis Ramirez,2005,36.5,Pre-Statcast (2005–2014),BIS Scouted (Hard%)
Craig Counsell,2005,24.7,Pre-Statcast (2005–2014),BIS Scouted (Hard%)
Mark Grudzielanek,2005,26.7,Pre-Statcast (2005–2014),BIS Scouted (Hard%)
Brady Clark,2005,19.7,Pre-Statcast (2005–2014),BIS Scouted (Hard%)
Ray Durham,2005,31.2,Pre-Statcast (2005–2014),BIS Scouted (Hard%)
Johnny Damon,2005,23.8,Pre-Statcast (2005–2014),BIS Scouted (Hard%)
Kevin Mench,2005,27.8,Pre-Statcast (2005–2014),BIS Scouted (Hard%)
Lance Berkman,2005,35.2,Pre-Statcast (2005–2014),BIS Scouted (Hard%)
Craig Biggio,2005,26.7,Pre-Statcast (2005–2014),BIS Scouted (Hard%)
Chone Figgins,2005,21.1,Pre-Statcast (2005–2014),BIS Scouted (Hard%)
Luis Gonzalez,2005,29.4,Pre-Statcast (2005–2014),BIS Scouted (Hard%)
Matt Holliday,2005,34.2,Pre-Statcast (2005–2014),BIS Scouted (Hard%)
David Eckstein,2005,20.9,Pre-Statcast (2005–2014),BIS Scouted (Hard%)
Hideki Matsui,2005,32.6,Pre-Statcast (2005–2014),BIS Scouted (Hard%)
Jeremy Reed,2005,25.5,Pre-Statcast (2005–2014),BIS Scouted (Hard%)
Adrian Beltré,2005,33.3,Pre-Statcast (2005–2014),BIS Scouted (Hard%)
Brad Wilkerson,2005,31.9,Pre-Statcast (2005–2014),BIS Scouted (Hard%)
Gary Sheffield,2005,35.1,Pre-Statcast (2005–2014),BIS Scouted (Hard%)
Gary Matthews Jr.,2005,31.1,Pre-Statcast (2005–2014),BIS Scouted (Hard%)
Alfonso Soriano,2005,32.7,Pre-Statcast (2005–2014),BIS Scouted (Hard%)
Carlos Beltrán,2005,29.2,Pre-Statcast (2005–2014),BIS Scouted (Hard%)
Omar Vizquel,2005,17.5,Pre-Statcast (2005–2014),BIS Scouted (Hard%)
Jay Gibbons,2005,30.9,Pre-Statcast (2005–2014),BIS Scouted (Hard%)
Lyle Overbay,2005,32.2,Pre-Statcast (2005–2014),BIS Scouted (Hard%)
Adam Everett,2005,24.1,Pre-Statcast (2005–2014),BIS Scouted (Hard%)
Juan Uribe,2005,21.2,Pre-Statcast (2005–2014),BIS Scouted (Hard%)
Willy Taveras,2005,14.4,Pre-Statcast (2005–2014),BIS Scouted (Hard%)
Nick Swisher,2005,33,Pre-Statcast (2005–2014),BIS Scouted (Hard%)
Jermaine Dye,2005,33.6,Pre-Statcast (2005–2014),BIS Scouted (Hard%)
David Dellucci,2005,34.2,Pre-Statcast (2005–2014),BIS Scouted (Hard%)
Raul Ibanez,2005,30.5,Pre-Statcast (2005–2014),BIS Scouted (Hard%)
Shea Hillenbrand,2005,24.3,Pre-Statcast (2005–2014),BIS Scouted (Hard%)
Rob Mackowiak,2005,29,Pre-Statcast (2005–2014),BIS Scouted (Hard%)
Joe Randa,2005,33.1,Pre-Statcast (2005–2014),BIS Scouted (Hard%)
Gregg Zaun,2005,25.5,Pre-Statcast (2005–2014),BIS Scouted (Hard%)
Scott Podsednik,2005,21.4,Pre-Statcast (2005–2014),BIS Scouted (Hard%)
Casey Blake,2005,33.8,Pre-Statcast (2005–2014),BIS Scouted (Hard%)
Garrett Atkins,2005,29.3,Pre-Statcast (2005–2014),BIS Scouted (Hard%)
Jack Wilson,2005,18.4,Pre-Statcast (2005–2014),BIS Scouted (Hard%)
Pedro Feliz,2005,27.2,Pre-Statcast (2005–2014),BIS Scouted (Hard%)
Carlos Lee,2005,26.8,Pre-Statcast (2005–2014),BIS Scouted (Hard%)
Jason Kendall,2005,17,Pre-Statcast (2005–2014),BIS Scouted (Hard%)
Edgar Renteria,2005,28.3,Pre-Statcast (2005–2014),BIS Scouted (Hard%)
Mark Kotsay,2005,30.5,Pre-Statcast (2005–2014),BIS Scouted (Hard%)
José Reyes,2005,18.2,Pre-Statcast (2005–2014),BIS Scouted (Hard%)
Darin Erstad,2005,27.1,Pre-Statcast (2005–2014),BIS Scouted (Hard%)
Mike Sweeney,2005,35.4,Pre-Statcast (2005–2014),BIS Scouted (Hard%)
Juan Pierre,2005,23.6,Pre-Statcast (2005–2014),BIS Scouted (Hard%)
Lew Ford,2005,23.9,Pre-Statcast (2005–2014),BIS Scouted (Hard%)
Juan Encarnacion,2005,28.1,Pre-Statcast (2005–2014),BIS Scouted (Hard%)
Ryan Klesko,2005,29.7,Pre-Statcast (2005–2014),BIS Scouted (Hard%)
Dmitri Young,2005,38.4,Pre-Statcast (2005–2014),BIS Scouted (Hard%)
Jeromy Burnitz,2005,28.9,Pre-Statcast (2005–2014),BIS Scouted (Hard%)
Justin Morneau,2005,29.9,Pre-Statcast (2005–2014),BIS Scouted (Hard%)
Craig Monroe,2005,31.3,Pre-Statcast (2005–2014),BIS Scouted (Hard%)
Sean Casey,2005,28.8,Pre-Statcast (2005–2014),BIS Scouted (Hard%)
Emil Brown,2005,29,Pre-Statcast (2005–2014),BIS Scouted (Hard%)
Shawn Green,2005,27.3,Pre-Statcast (2005–2014),BIS Scouted (Hard%)
Eric Hinske,2005,27.3,Pre-Statcast (2005–2014),BIS Scouted (Hard%)
Jason Lane,2005,29,Pre-Statcast (2005–2014),BIS Scouted (Hard%)
Jorge Cantu,2005,32,Pre-Statcast (2005–2014),BIS Scouted (Hard%)
Vinny Castilla,2005,29.3,Pre-Statcast (2005–2014),BIS Scouted (Hard%)
Ben Broussard,2005,35,Pre-Statcast (2005–2014),BIS Scouted (Hard%)
Alex Rios,2005,26.8,Pre-Statcast (2005–2014),BIS Scouted (Hard%)
Russ Adams,2005,20.7,Pre-Statcast (2005–2014),BIS Scouted (Hard%)
Neifi Perez,2005,21.4,Pre-Statcast (2005–2014),BIS Scouted (Hard%)
Preston Wilson,2005,29.8,Pre-Statcast (2005–2014),BIS Scouted (Hard%)
Kevin Millar,2005,30.8,Pre-Statcast (2005–2014),BIS Scouted (Hard%)
Angel Berroa,2005,20.5,Pre-Statcast (2005–2014),BIS Scouted (Hard%)
David Bell,2005,25.8,Pre-Statcast (2005–2014),BIS Scouted (Hard%)
Jacque Jones,2005,31.5,Pre-Statcast (2005–2014),BIS Scouted (Hard%)
Aaron Boone,2005,27.7,Pre-Statcast (2005–2014),BIS Scouted (Hard%)
Aubrey Huff,2005,29.1,Pre-Statcast (2005–2014),BIS Scouted (Hard%)
Robinson Canó,2005,33.2,Pre-Statcast (2005–2014),BIS Scouted (Hard%)
Hank Blalock,2005,35.6,Pre-Statcast (2005–2014),BIS Scouted (Hard%)
Royce Clayton,2005,24.5,Pre-Statcast (2005–2014),BIS Scouted (Hard%)
Mike Lowell,2005,26.5,Pre-Statcast (2005–2014),BIS Scouted (Hard%)
Matt Lawton III,2005,25.1,Pre-Statcast (2005–2014),BIS Scouted (Hard%)
Carl Everett,2005,29.2,Pre-Statcast (2005–2014),BIS Scouted (Hard%)
Garret Anderson,2005,29.6,Pre-Statcast (2005–2014),BIS Scouted (Hard%)
Shannon Stewart,2005,21.7,Pre-Statcast (2005–2014),BIS Scouted (Hard%)
Scott Hatteberg,2005,28.5,Pre-Statcast (2005–2014),BIS Scouted (Hard%)
Adam LaRoche,2005,34.7,Pre-Statcast (2005–2014),BIS Scouted (Hard%)
Bernie Williams,2005,27.3,Pre-Statcast (2005–2014),BIS Scouted (Hard%)
Albert Pujols,2006,34.2,Pre-Statcast (2005–2014),BIS Scouted (Hard%)
Grady Sizemore,2006,33.7,Pre-Statcast (2005–2014),BIS Scouted (Hard%)
Carlos Beltrán,2006,32.7,Pre-Statcast (2005–2014),BIS Scouted (Hard%)
Chase Utley,2006,32.5,Pre-Statcast (2005–2014),BIS Scouted (Hard%)
Miguel Cabrera,2006,33.9,Pre-Statcast (2005–2014),BIS Scouted (Hard%)
Derek Jeter,2006,31.8,Pre-Statcast (2005–2014),BIS Scouted (Hard%)
Lance Berkman,2006,38.6,Pre-Statcast (2005–2014),BIS Scouted (Hard%)
Andruw Jones,2006,37.6,Pre-Statcast (2005–2014),BIS Scouted (Hard%)
Travis Hafner,2006,40.6,Pre-Statcast (2005–2014),BIS Scouted (Hard%)
Ryan Howard,2006,44.8,Pre-Statcast (2005–2014),BIS Scouted (Hard%)
Joe Mauer,2006,30.6,Pre-Statcast (2005–2014),BIS Scouted (Hard%)
Carlos Guillén,2006,27.6,Pre-Statcast (2005–2014),BIS Scouted (Hard%)
Vernon Wells,2006,34,Pre-Statcast (2005–2014),BIS Scouted (Hard%)
José Reyes,2006,25.5,Pre-Statcast (2005–2014),BIS Scouted (Hard%)
Ichiro Suzuki,2006,22.5,Pre-Statcast (2005–2014),BIS Scouted (Hard%)
Scott Rolen,2006,29.8,Pre-Statcast (2005–2014),BIS Scouted (Hard%)
Alfonso Soriano,2006,33.1,Pre-Statcast (2005–2014),BIS Scouted (Hard%)
Garrett Atkins,2006,34.7,Pre-Statcast (2005–2014),BIS Scouted (Hard%)
David Ortiz,2006,38.6,Pre-Statcast (2005–2014),BIS Scouted (Hard%)
Jason Bay,2006,34,Pre-Statcast (2005–2014),BIS Scouted (Hard%)
Bill Hall,2006,36.1,Pre-Statcast (2005–2014),BIS Scouted (Hard%)
Miguel Tejada,2006,35.1,Pre-Statcast (2005–2014),BIS Scouted (Hard%)
Nick Johnson,2006,34.2,Pre-Statcast (2005–2014),BIS Scouted (Hard%)
Jim Thome,2006,40.9,Pre-Statcast (2005–2014),BIS Scouted (Hard%)
David Wright,2006,31.2,Pre-Statcast (2005–2014),BIS Scouted (Hard%)
Carl Crawford,2006,23,Pre-Statcast (2005–2014),BIS Scouted (Hard%)
Adrian Beltré,2006,34.8,Pre-Statcast (2005–2014),BIS Scouted (Hard%)
Freddy Sanchez,2006,19.6,Pre-Statcast (2005–2014),BIS Scouted (Hard%)
Mike Cameron,2006,38.1,Pre-Statcast (2005–2014),BIS Scouted (Hard%)
Reed Johnson,2006,23.6,Pre-Statcast (2005–2014),BIS Scouted (Hard%)
Hanley Ramirez,2006,27.9,Pre-Statcast (2005–2014),BIS Scouted (Hard%)
Jimmy Rollins,2006,32,Pre-Statcast (2005–2014),BIS Scouted (Hard%)
Jorge Posada,2006,30.4,Pre-Statcast (2005–2014),BIS Scouted (Hard%)
Dan Uggla,2006,29.2,Pre-Statcast (2005–2014),BIS Scouted (Hard%)
Brandon Inge,2006,31.2,Pre-Statcast (2005–2014),BIS Scouted (Hard%)
J.D. Drew,2006,29.9,Pre-Statcast (2005–2014),BIS Scouted (Hard%)
David DeJesus,2006,34.3,Pre-Statcast (2005–2014),BIS Scouted (Hard%)
Ramon Hernandez,2006,30.2,Pre-Statcast (2005–2014),BIS Scouted (Hard%)
Curtis Granderson,2006,29.4,Pre-Statcast (2005–2014),BIS Scouted (Hard%)
Joe Crede,2006,32,Pre-Statcast (2005–2014),BIS Scouted (Hard%)
Nick Swisher,2006,31.6,Pre-Statcast (2005–2014),BIS Scouted (Hard%)
Austin Kearns,2006,32.2,Pre-Statcast (2005–2014),BIS Scouted (Hard%)
Gary Matthews Jr.,2006,31.6,Pre-Statcast (2005–2014),BIS Scouted (Hard%)
Ryan Zimmerman,2006,29.5,Pre-Statcast (2005–2014),BIS Scouted (Hard%)
Alex Rodriguez,2006,31.4,Pre-Statcast (2005–2014),BIS Scouted (Hard%)
Rafael Furcal,2006,28.4,Pre-Statcast (2005–2014),BIS Scouted (Hard%)
Ryan Freel,2006,24.2,Pre-Statcast (2005–2014),BIS Scouted (Hard%)
Justin Morneau,2006,30.8,Pre-Statcast (2005–2014),BIS Scouted (Hard%)
Aramis Ramirez,2006,32.2,Pre-Statcast (2005–2014),BIS Scouted (Hard%)
Ray Durham,2006,29.9,Pre-Statcast (2005–2014),BIS Scouted (Hard%)
Johnny Damon,2006,23.7,Pre-Statcast (2005–2014),BIS Scouted (Hard%)
Nick Punto,2006,21.3,Pre-Statcast (2005–2014),BIS Scouted (Hard%)
Edgar Renteria,2006,28.3,Pre-Statcast (2005–2014),BIS Scouted (Hard%)
Bobby Abreu,2006,33.5,Pre-Statcast (2005–2014),BIS Scouted (Hard%)
Mark Teixeira,2006,33.6,Pre-Statcast (2005–2014),BIS Scouted (Hard%)
Vladimir Guerrero,2006,31.1,Pre-Statcast (2005–2014),BIS Scouted (Hard%)
Matt Holliday,2006,31.7,Pre-Statcast (2005–2014),BIS Scouted (Hard%)
Raul Ibanez,2006,33,Pre-Statcast (2005–2014),BIS Scouted (Hard%)
Eric Chavez,2006,26.6,Pre-Statcast (2005–2014),BIS Scouted (Hard%)
Troy Glaus,2006,36.7,Pre-Statcast (2005–2014),BIS Scouted (Hard%)
Michael Young,2006,30.5,Pre-Statcast (2005–2014),BIS Scouted (Hard%)
Omar Vizquel,2006,18.1,Pre-Statcast (2005–2014),BIS Scouted (Hard%)
Willy Taveras,2006,14.1,Pre-Statcast (2005–2014),BIS Scouted (Hard%)
Emil Brown,2006,31.9,Pre-Statcast (2005–2014),BIS Scouted (Hard%)
Juan Pierre,2006,19.2,Pre-Statcast (2005–2014),BIS Scouted (Hard%)
Michael Cuddyer,2006,31.6,Pre-Statcast (2005–2014),BIS Scouted (Hard%)
Brian Roberts,2006,29.3,Pre-Statcast (2005–2014),BIS Scouted (Hard%)
Dave Roberts,2006,25.1,Pre-Statcast (2005–2014),BIS Scouted (Hard%)
Jason Giambi,2006,33.7,Pre-Statcast (2005–2014),BIS Scouted (Hard%)
Brian Giles,2006,25.9,Pre-Statcast (2005–2014),BIS Scouted (Hard%)
Jermaine Dye,2006,36.9,Pre-Statcast (2005–2014),BIS Scouted (Hard%)
Paul Konerko,2006,38.4,Pre-Statcast (2005–2014),BIS Scouted (Hard%)
Ivan Rodriguez,2006,27.2,Pre-Statcast (2005–2014),BIS Scouted (Hard%)
Eric Byrnes,2006,29.7,Pre-Statcast (2005–2014),BIS Scouted (Hard%)
Adrián González,2006,33.3,Pre-Statcast (2005–2014),BIS Scouted (Hard%)
Manny Ramirez,2006,39.2,Pre-Statcast (2005–2014),BIS Scouted (Hard%)
Jason Kendall,2006,19.5,Pre-Statcast (2005–2014),BIS Scouted (Hard%)
Mark DeRosa,2006,29.8,Pre-Statcast (2005–2014),BIS Scouted (Hard%)
Kenji Johjima,2006,30.9,Pre-Statcast (2005–2014),BIS Scouted (Hard%)
Matt Murton,2006,24.5,Pre-Statcast (2005–2014),BIS Scouted (Hard%)
Carlos Delgado,2006,33.8,Pre-Statcast (2005–2014),BIS Scouted (Hard%)
Victor Martinez,2006,30,Pre-Statcast (2005–2014),BIS Scouted (Hard%)
Brad Hawpe,2006,35.2,Pre-Statcast (2005–2014),BIS Scouted (Hard%)
Mark Grudzielanek,2006,30.4,Pre-Statcast (2005–2014),BIS Scouted (Hard%)
Jamey Carroll,2006,19.8,Pre-Statcast (2005–2014),BIS Scouted (Hard%)
Orlando Cabrera,2006,25.6,Pre-Statcast (2005–2014),BIS Scouted (Hard%)
Kevin Youkilis,2006,28.3,Pre-Statcast (2005–2014),BIS Scouted (Hard%)
Aaron Hill,2006,21.5,Pre-Statcast (2005–2014),BIS Scouted (Hard%)
Paul Lo Duca,2006,25.3,Pre-Statcast (2005–2014),BIS Scouted (Hard%)
Mike Lowell,2006,28.3,Pre-Statcast (2005–2014),BIS Scouted (Hard%)
Tony Graffanino,2006,28,Pre-Statcast (2005–2014),BIS Scouted (Hard%)
Frank Thomas,2006,33,Pre-Statcast (2005–2014),BIS Scouted (Hard%)
Richie Sexson,2006,37.2,Pre-Statcast (2005–2014),BIS Scouted (Hard%)
Robinson Canó,2006,30.2,Pre-Statcast (2005–2014),BIS Scouted (Hard%)
Torii Hunter,2006,31.3,Pre-Statcast (2005–2014),BIS Scouted (Hard%)
Josh Barfield,2006,23,Pre-Statcast (2005–2014),BIS Scouted (Hard%)
Adam Everett,2006,19.7,Pre-Statcast (2005–2014),BIS Scouted (Hard%)
Adam LaRoche,2006,37.6,Pre-Statcast (2005–2014),BIS Scouted (Hard%)
Luis Castillo,2006,14,Pre-Statcast (2005–2014),BIS Scouted (Hard%)
Scott Hatteberg,2006,28.7,Pre-Statcast (2005–2014),BIS Scouted (Hard%)
Nomar Garciaparra,2006,30.5,Pre-Statcast (2005–2014),BIS Scouted (Hard%)
A.J. Pierzynski,2006,31.1,Pre-Statcast (2005–2014),BIS Scouted (Hard%)
Nick Markakis,2006,26.4,Pre-Statcast (2005–2014),BIS Scouted (Hard%)
Todd Helton,2006,27.9,Pre-Statcast (2005–2014),BIS Scouted (Hard%)
Felipe Lopez,2006,23.6,Pre-Statcast (2005–2014),BIS Scouted (Hard%)
Orlando Hudson,2006,31.8,Pre-Statcast (2005–2014),BIS Scouted (Hard%)
Carlos Lee,2006,29.1,Pre-Statcast (2005–2014),BIS Scouted (Hard%)
Josh Willingham,2006,29.6,Pre-Statcast (2005–2014),BIS Scouted (Hard%)
Chad Tracy,2006,25.3,Pre-Statcast (2005–2014),BIS Scouted (Hard%)
Lyle Overbay,2006,35.3,Pre-Statcast (2005–2014),BIS Scouted (Hard%)
Tadahito Iguchi,2006,23.7,Pre-Statcast (2005–2014),BIS Scouted (Hard%)
Randy Winn,2006,24.2,Pre-Statcast (2005–2014),BIS Scouted (Hard%)
Yuniesky Betancourt,2006,23.2,Pre-Statcast (2005–2014),BIS Scouted (Hard%)
Melky Cabrera,2006,19.4,Pre-Statcast (2005–2014),BIS Scouted (Hard%)
Adam Dunn,2006,36.4,Pre-Statcast (2005–2014),BIS Scouted (Hard%)
David Eckstein,2006,14.4,Pre-Statcast (2005–2014),BIS Scouted (Hard%)
Pedro Feliz,2006,26.1,Pre-Statcast (2005–2014),BIS Scouted (Hard%)
Pat Burrell,2006,37.3,Pre-Statcast (2005–2014),BIS Scouted (Hard%)
Jose Lopez,2006,18.7,Pre-Statcast (2005–2014),BIS Scouted (Hard%)
David Bell,2006,27,Pre-Statcast (2005–2014),BIS Scouted (Hard%)
Jacque Jones,2006,30.2,Pre-Statcast (2005–2014),BIS Scouted (Hard%)
Brandon Phillips,2006,28.4,Pre-Statcast (2005–2014),BIS Scouted (Hard%)
Geoff Jenkins,2006,31.8,Pre-Statcast (2005–2014),BIS Scouted (Hard%)
Magglio Ordonez,2006,29.2,Pre-Statcast (2005–2014),BIS Scouted (Hard%)
Melvin Mora,2006,26.6,Pre-Statcast (2005–2014),BIS Scouted (Hard%)
Aubrey Huff,2006,29.8,Pre-Statcast (2005–2014),BIS Scouted (Hard%)
Kenny Lofton,2006,22.3,Pre-Statcast (2005–2014),BIS Scouted (Hard%)
Marcus Giles,2006,28.9,Pre-Statcast (2005–2014),BIS Scouted (Hard%)
Todd Walker,2006,21.7,Pre-Statcast (2005–2014),BIS Scouted (Hard%)
Adam Kennedy,2006,20.7,Pre-Statcast (2005–2014),BIS Scouted (Hard%)
Jay Payton,2006,23.3,Pre-Statcast (2005–2014),BIS Scouted (Hard%)
Luis Gonzalez,2006,29.4,Pre-Statcast (2005–2014),BIS Scouted (Hard%)
Craig Biggio,2006,25.5,Pre-Statcast (2005–2014),BIS Scouted (Hard%)
Jeff Francoeur,2006,29.3,Pre-Statcast (2005–2014),BIS Scouted (Hard%)
Prince Fielder,2006,32.1,Pre-Statcast (2005–2014),BIS Scouted (Hard%)
Ronnie Belliard,2006,25.6,Pre-Statcast (2005–2014),BIS Scouted (Hard%)
Juan Encarnacion,2006,24.5,Pre-Statcast (2005–2014),BIS Scouted (Hard%)
Chone Figgins,2006,22.7,Pre-Statcast (2005–2014),BIS Scouted (Hard%)
Jason Michaels,2006,27.9,Pre-Statcast (2005–2014),BIS Scouted (Hard%)
Mark Loretta,2006,21.2,Pre-Statcast (2005–2014),BIS Scouted (Hard%)
Conor Jackson,2006,26.7,Pre-Statcast (2005–2014),BIS Scouted (Hard%)
Jack Wilson,2006,21.7,Pre-Statcast (2005–2014),BIS Scouted (Hard%)
Mike Jacobs,2006,32.5,Pre-Statcast (2005–2014),BIS Scouted (Hard%)
Scott Podsednik,2006,26.1,Pre-Statcast (2005–2014),BIS Scouted (Hard%)
Xavier Nady,2006,26.9,Pre-Statcast (2005–2014),BIS Scouted (Hard%)
Jose Vidro,2006,22.4,Pre-Statcast (2005–2014),BIS Scouted (Hard%)
Garret Anderson,2006,33,Pre-Statcast (2005–2014),BIS Scouted (Hard%)
Craig Monroe,2006,36.3,Pre-Statcast (2005–2014),BIS Scouted (Hard%)
Jhonny Peralta,2006,27,Pre-Statcast (2005–2014),BIS Scouted (Hard%)
Shea Hillenbrand,2006,28.5,Pre-Statcast (2005–2014),BIS Scouted (Hard%)
Kevin Millar,2006,31,Pre-Statcast (2005–2014),BIS Scouted (Hard%)
Jeff Conine,2006,26.1,Pre-Statcast (2005–2014),BIS Scouted (Hard%)
Royce Clayton,2006,24.9,Pre-Statcast (2005–2014),BIS Scouted (Hard%)
Mark Kotsay,2006,24.5,Pre-Statcast (2005–2014),BIS Scouted (Hard%)
Hank Blalock,2006,26.7,Pre-Statcast (2005–2014),BIS Scouted (Hard%)
Shawn Green,2006,30.2,Pre-Statcast (2005–2014),BIS Scouted (Hard%)
Clint Barmes,2006,16.2,Pre-Statcast (2005–2014),BIS Scouted (Hard%)
Jose Castillo,2006,23,Pre-Statcast (2005–2014),BIS Scouted (Hard%)
Preston Wilson,2006,28.7,Pre-Statcast (2005–2014),BIS Scouted (Hard%)
Brad Ausmus,2006,15.8,Pre-Statcast (2005–2014),BIS Scouted (Hard%)
Angel Berroa,2006,21.4,Pre-Statcast (2005–2014),BIS Scouted (Hard%)
Ronny Cedeno,2006,18.7,Pre-Statcast (2005–2014),BIS Scouted (Hard%)
Alex Rodriguez,2007,40.5,Pre-Statcast (2005–2014),BIS Scouted (Hard%)
David Wright,2007,39.5,Pre-Statcast (2005–2014),BIS Scouted (Hard%)
Magglio Ordonez,2007,37.6,Pre-Statcast (2005–2014),BIS Scouted (Hard%)
Curtis Granderson,2007,37,Pre-Statcast (2005–2014),BIS Scouted (Hard%)
Albert Pujols,2007,40,Pre-Statcast (2005–2014),BIS Scouted (Hard%)
Chase Utley,2007,44.3,Pre-Statcast (2005–2014),BIS Scouted (Hard%)
Chipper Jones Jr.,2007,40.9,Pre-Statcast (2005–2014),BIS Scouted (Hard%)
Matt Holliday,2007,38.7,Pre-Statcast (2005–2014),BIS Scouted (Hard%)
Alfonso Soriano,2007,34.5,Pre-Statcast (2005–2014),BIS Scouted (Hard%)
Jimmy Rollins,2007,40,Pre-Statcast (2005–2014),BIS Scouted (Hard%)
Grady Sizemore,2007,42.5,Pre-Statcast (2005–2014),BIS Scouted (Hard%)
David Ortiz,2007,46.1,Pre-Statcast (2005–2014),BIS Scouted (Hard%)
Ichiro Suzuki,2007,29.3,Pre-Statcast (2005–2014),BIS Scouted (Hard%)
Carlos Pena,2007,44.8,Pre-Statcast (2005–2014),BIS Scouted (Hard%)
Jorge Posada,2007,37.2,Pre-Statcast (2005–2014),BIS Scouted (Hard%)
José Reyes,2007,27.6,Pre-Statcast (2005–2014),BIS Scouted (Hard%)
Russell Martin,2007,33,Pre-Statcast (2005–2014),BIS Scouted (Hard%)
Aaron Rowand,2007,38.5,Pre-Statcast (2005–2014),BIS Scouted (Hard%)
Victor Martinez,2007,38.2,Pre-Statcast (2005–2014),BIS Scouted (Hard%)
Placido Polanco,2007,24.7,Pre-Statcast (2005–2014),BIS Scouted (Hard%)
Troy Tulowitzki,2007,35,Pre-Statcast (2005–2014),BIS Scouted (Hard%)
Hanley Ramirez,2007,35.7,Pre-Statcast (2005–2014),BIS Scouted (Hard%)
Alex Rios,2007,38,Pre-Statcast (2005–2014),BIS Scouted (Hard%)
Carlos Beltrán,2007,41.2,Pre-Statcast (2005–2014),BIS Scouted (Hard%)
Miguel Cabrera,2007,38.4,Pre-Statcast (2005–2014),BIS Scouted (Hard%)
Brian Roberts,2007,34.1,Pre-Statcast (2005–2014),BIS Scouted (Hard%)
Orlando Cabrera,2007,26.2,Pre-Statcast (2005–2014),BIS Scouted (Hard%)
Aramis Ramirez,2007,36.2,Pre-Statcast (2005–2014),BIS Scouted (Hard%)
Robinson Canó,2007,36.1,Pre-Statcast (2005–2014),BIS Scouted (Hard%)
Prince Fielder,2007,44.3,Pre-Statcast (2005–2014),BIS Scouted (Hard%)
B.J. Upton,2007,37.2,Pre-Statcast (2005–2014),BIS Scouted (Hard%)
Ryan Zimmerman,2007,33.2,Pre-Statcast (2005–2014),BIS Scouted (Hard%)
Mike Lowell,2007,33.3,Pre-Statcast (2005–2014),BIS Scouted (Hard%)
Brandon Phillips,2007,34.7,Pre-Statcast (2005–2014),BIS Scouted (Hard%)
Coco Crisp,2007,36.2,Pre-Statcast (2005–2014),BIS Scouted (Hard%)
Mark Ellis,2007,26.1,Pre-Statcast (2005–2014),BIS Scouted (Hard%)
Mark Teixeira,2007,46.1,Pre-Statcast (2005–2014),BIS Scouted (Hard%)
Corey Hart,2007,34.9,Pre-Statcast (2005–2014),BIS Scouted (Hard%)
Todd Helton,2007,38.8,Pre-Statcast (2005–2014),BIS Scouted (Hard%)
Kevin Youkilis,2007,37.5,Pre-Statcast (2005–2014),BIS Scouted (Hard%)
Nick Markakis,2007,34.8,Pre-Statcast (2005–2014),BIS Scouted (Hard%)
Chone Figgins,2007,31.5,Pre-Statcast (2005–2014),BIS Scouted (Hard%)
Edgar Renteria,2007,38.9,Pre-Statcast (2005–2014),BIS Scouted (Hard%)
Nick Swisher,2007,33.7,Pre-Statcast (2005–2014),BIS Scouted (Hard%)
J.J. Hardy,2007,33.6,Pre-Statcast (2005–2014),BIS Scouted (Hard%)
Dustin Pedroia,2007,34,Pre-Statcast (2005–2014),BIS Scouted (Hard%)
Derek Jeter,2007,39.2,Pre-Statcast (2005–2014),BIS Scouted (Hard%)
Eric Byrnes,2007,32.8,Pre-Statcast (2005–2014),BIS Scouted (Hard%)
Aaron Hill,2007,36.1,Pre-Statcast (2005–2014),BIS Scouted (Hard%)
Jim Thome,2007,46.5,Pre-Statcast (2005–2014),BIS Scouted (Hard%)
Austin Kearns,2007,37.1,Pre-Statcast (2005–2014),BIS Scouted (Hard%)
Kelly Johnson,2007,34.1,Pre-Statcast (2005–2014),BIS Scouted (Hard%)
Bobby Abreu,2007,35.4,Pre-Statcast (2005–2014),BIS Scouted (Hard%)
Jason Bartlett,2007,26.2,Pre-Statcast (2005–2014),BIS Scouted (Hard%)
Andruw Jones,2007,34.3,Pre-Statcast (2005–2014),BIS Scouted (Hard%)
Carl Crawford,2007,36.2,Pre-Statcast (2005–2014),BIS Scouted (Hard%)
Jeff Francoeur,2007,33.1,Pre-Statcast (2005–2014),BIS Scouted (Hard%)
Carlos Guillén,2007,33.6,Pre-Statcast (2005–2014),BIS Scouted (Hard%)
Derrek Lee,2007,39.3,Pre-Statcast (2005–2014),BIS Scouted (Hard%)
Torii Hunter,2007,37.7,Pre-Statcast (2005–2014),BIS Scouted (Hard%)
Vladimir Guerrero,2007,34.4,Pre-Statcast (2005–2014),BIS Scouted (Hard%)
Rickie Weeks Jr.,2007,33.7,Pre-Statcast (2005–2014),BIS Scouted (Hard%)
Ryan Howard,2007,55.2,Pre-Statcast (2005–2014),BIS Scouted (Hard%)
Akinori Iwamura,2007,33.9,Pre-Statcast (2005–2014),BIS Scouted (Hard%)
Gary Sheffield,2007,33.6,Pre-Statcast (2005–2014),BIS Scouted (Hard%)
Freddy Sanchez,2007,27.9,Pre-Statcast (2005–2014),BIS Scouted (Hard%)
Hideki Matsui,2007,32.2,Pre-Statcast (2005–2014),BIS Scouted (Hard%)
Adrian Beltré,2007,36.2,Pre-Statcast (2005–2014),BIS Scouted (Hard%)
Casey Blake,2007,34.5,Pre-Statcast (2005–2014),BIS Scouted (Hard%)
Kenny Lofton,2007,29.6,Pre-Statcast (2005–2014),BIS Scouted (Hard%)
Adrián González,2007,36.7,Pre-Statcast (2005–2014),BIS Scouted (Hard%)
Adam Dunn,2007,41.3,Pre-Statcast (2005–2014),BIS Scouted (Hard%)
Shane Victorino,2007,30.7,Pre-Statcast (2005–2014),BIS Scouted (Hard%)
Ryan Church,2007,34.7,Pre-Statcast (2005–2014),BIS Scouted (Hard%)
Jeff Kent,2007,42.4,Pre-Statcast (2005–2014),BIS Scouted (Hard%)
Lance Berkman,2007,40.8,Pre-Statcast (2005–2014),BIS Scouted (Hard%)
Luis Castillo,2007,20.1,Pre-Statcast (2005–2014),BIS Scouted (Hard%)
Jack Cust,2007,43.9,Pre-Statcast (2005–2014),BIS Scouted (Hard%)
Khalil Greene,2007,36.6,Pre-Statcast (2005–2014),BIS Scouted (Hard%)
Casey Kotchman,2007,30.4,Pre-Statcast (2005–2014),BIS Scouted (Hard%)
Jason Varitek,2007,35.6,Pre-Statcast (2005–2014),BIS Scouted (Hard%)
Carlos Lee,2007,34.7,Pre-Statcast (2005–2014),BIS Scouted (Hard%)
Orlando Hudson,2007,32.6,Pre-Statcast (2005–2014),BIS Scouted (Hard%)
Jack Wilson,2007,25.8,Pre-Statcast (2005–2014),BIS Scouted (Hard%)
Mark Teahen,2007,30.7,Pre-Statcast (2005–2014),BIS Scouted (Hard%)
Ian Kinsler,2007,29.9,Pre-Statcast (2005–2014),BIS Scouted (Hard%)
Mark DeRosa,2007,33.7,Pre-Statcast (2005–2014),BIS Scouted (Hard%)
Kenji Johjima,2007,27.8,Pre-Statcast (2005–2014),BIS Scouted (Hard%)
Randy Winn,2007,35.2,Pre-Statcast (2005–2014),BIS Scouted (Hard%)
Dan Uggla,2007,33.5,Pre-Statcast (2005–2014),BIS Scouted (Hard%)
Juan Pierre,2007,26,Pre-Statcast (2005–2014),BIS Scouted (Hard%)
Brendan Harris,2007,34.6,Pre-Statcast (2005–2014),BIS Scouted (Hard%)
Johnny Damon,2007,26.2,Pre-Statcast (2005–2014),BIS Scouted (Hard%)
Ronnie Belliard,2007,28.4,Pre-Statcast (2005–2014),BIS Scouted (Hard%)
Pedro Feliz,2007,26.9,Pre-Statcast (2005–2014),BIS Scouted (Hard%)
Michael Cuddyer,2007,32.4,Pre-Statcast (2005–2014),BIS Scouted (Hard%)
Travis Hafner,2007,37.5,Pre-Statcast (2005–2014),BIS Scouted (Hard%)
David DeJesus,2007,32.3,Pre-Statcast (2005–2014),BIS Scouted (Hard%)
Kevin Kouzmanoff,2007,37.4,Pre-Statcast (2005–2014),BIS Scouted (Hard%)
Alex Gordon,2007,36.2,Pre-Statcast (2005–2014),BIS Scouted (Hard%)
Justin Morneau,2007,38.2,Pre-Statcast (2005–2014),BIS Scouted (Hard%)
Melvin Mora,2007,32,Pre-Statcast (2005–2014),BIS Scouted (Hard%)
Jose Guillen,2007,35.2,Pre-Statcast (2005–2014),BIS Scouted (Hard%)
Garrett Atkins,2007,36.8,Pre-Statcast (2005–2014),BIS Scouted (Hard%)
Michael Young,2007,39.6,Pre-Statcast (2005–2014),BIS Scouted (Hard%)
Omar Vizquel,2007,20.7,Pre-Statcast (2005–2014),BIS Scouted (Hard%)
J.D. Drew,2007,36,Pre-Statcast (2005–2014),BIS Scouted (Hard%)
Mike Cameron,2007,35.8,Pre-Statcast (2005–2014),BIS Scouted (Hard%)
Miguel Tejada,2007,35.9,Pre-Statcast (2005–2014),BIS Scouted (Hard%)
Adam LaRoche,2007,34.7,Pre-Statcast (2005–2014),BIS Scouted (Hard%)
Frank Thomas,2007,38.2,Pre-Statcast (2005–2014),BIS Scouted (Hard%)
Josh Willingham,2007,36,Pre-Statcast (2005–2014),BIS Scouted (Hard%)
Vernon Wells,2007,33.3,Pre-Statcast (2005–2014),BIS Scouted (Hard%)
Brandon Inge,2007,34.4,Pre-Statcast (2005–2014),BIS Scouted (Hard%)
Jhonny Peralta,2007,36.7,Pre-Statcast (2005–2014),BIS Scouted (Hard%)
Andre Ethier,2007,34.1,Pre-Statcast (2005–2014),BIS Scouted (Hard%)
Tadahito Iguchi,2007,33,Pre-Statcast (2005–2014),BIS Scouted (Hard%)
Bill Hall,2007,39.2,Pre-Statcast (2005–2014),BIS Scouted (Hard%)
Brian McCann,2007,34.7,Pre-Statcast (2005–2014),BIS Scouted (Hard%)
Pat Burrell,2007,38.6,Pre-Statcast (2005–2014),BIS Scouted (Hard%)
Paul Konerko,2007,35.5,Pre-Statcast (2005–2014),BIS Scouted (Hard%)
Yuniesky Betancourt,2007,27.1,Pre-Statcast (2005–2014),BIS Scouted (Hard%)
Reggie Willits,2007,19.3,Pre-Statcast (2005–2014),BIS Scouted (Hard%)
Ivan Rodriguez,2007,34,Pre-Statcast (2005–2014),BIS Scouted (Hard%)
Brad Hawpe,2007,39.5,Pre-Statcast (2005–2014),BIS Scouted (Hard%)
Rafael Furcal,2007,27.6,Pre-Statcast (2005–2014),BIS Scouted (Hard%)
Corey Patterson,2007,26.6,Pre-Statcast (2005–2014),BIS Scouted (Hard%)
Tony Pena Jr.,2007,26,Pre-Statcast (2005–2014),BIS Scouted (Hard%)
Gary Matthews Jr.,2007,33.4,Pre-Statcast (2005–2014),BIS Scouted (Hard%)
Manny Ramirez,2007,45.6,Pre-Statcast (2005–2014),BIS Scouted (Hard%)
Edwin Encarnación,2007,34.8,Pre-Statcast (2005–2014),BIS Scouted (Hard%)
Jose Vidro,2007,32.5,Pre-Statcast (2005–2014),BIS Scouted (Hard%)
Ty Wigginton,2007,36.7,Pre-Statcast (2005–2014),BIS Scouted (Hard%)
Dmitri Young,2007,35.6,Pre-Statcast (2005–2014),BIS Scouted (Hard%)
Shannon Stewart,2007,26.2,Pre-Statcast (2005–2014),BIS Scouted (Hard%)
Bengie Molina,2007,29.1,Pre-Statcast (2005–2014),BIS Scouted (Hard%)
Brian Giles,2007,31.4,Pre-Statcast (2005–2014),BIS Scouted (Hard%)
Ryan Theriot,2007,25.3,Pre-Statcast (2005–2014),BIS Scouted (Hard%)
Raul Ibanez,2007,35,Pre-Statcast (2005–2014),BIS Scouted (Hard%)
Mark Loretta,2007,21,Pre-Statcast (2005–2014),BIS Scouted (Hard%)
Chris Young,2007,34.6,Pre-Statcast (2005–2014),BIS Scouted (Hard%)
A.J. Pierzynski,2007,27.8,Pre-Statcast (2005–2014),BIS Scouted (Hard%)
Aubrey Huff,2007,31.5,Pre-Statcast (2005–2014),BIS Scouted (Hard%)
Nick Punto,2007,20.5,Pre-Statcast (2005–2014),BIS Scouted (Hard%)
José Bautista,2007,29.7,Pre-Statcast (2005–2014),BIS Scouted (Hard%)
Kevin Millar,2007,33.6,Pre-Statcast (2005–2014),BIS Scouted (Hard%)
Juan Uribe,2007,31.2,Pre-Statcast (2005–2014),BIS Scouted (Hard%)
Luis Gonzalez,2007,32.2,Pre-Statcast (2005–2014),BIS Scouted (Hard%)
Melky Cabrera,2007,26,Pre-Statcast (2005–2014),BIS Scouted (Hard%)
Carlos Delgado,2007,35.2,Pre-Statcast (2005–2014),BIS Scouted (Hard%)
Ryan Garko,2007,32.1,Pre-Statcast (2005–2014),BIS Scouted (Hard%)
Julio Lugo,2007,30.6,Pre-Statcast (2005–2014),BIS Scouted (Hard%)
Felipe Lopez,2007,25.7,Pre-Statcast (2005–2014),BIS Scouted (Hard%)
Delmon Young,2007,32.8,Pre-Statcast (2005–2014),BIS Scouted (Hard%)
Stephen Drew,2007,34.2,Pre-Statcast (2005–2014),BIS Scouted (Hard%)
Jose Lopez,2007,25,Pre-Statcast (2005–2014),BIS Scouted (Hard%)
Ken Griffey Jr.,2007,37.4,Pre-Statcast (2005–2014),BIS Scouted (Hard%)
Jason Kendall,2007,22.7,Pre-Statcast (2005–2014),BIS Scouted (Hard%)
Craig Biggio,2007,28.5,Pre-Statcast (2005–2014),BIS Scouted (Hard%)
Jason Bay,2007,33.1,Pre-Statcast (2005–2014),BIS Scouted (Hard%)
Jermaine Dye,2007,33.8,Pre-Statcast (2005–2014),BIS Scouted (Hard%)
Ray Durham,2007,29.6,Pre-Statcast (2005–2014),BIS Scouted (Hard%)
Albert Pujols,2008,42.9,Pre-Statcast (2005–2014),BIS Scouted (Hard%)
Brian McCann,2008,37.7,Pre-Statcast (2005–2014),BIS Scouted (Hard%)
Chase Utley,2008,38.7,Pre-Statcast (2005–2014),BIS Scouted (Hard%)
Lance Berkman,2008,35.3,Pre-Statcast (2005–2014),BIS Scouted (Hard%)
Hanley Ramirez,2008,33.1,Pre-Statcast (2005–2014),BIS Scouted (Hard%)
Grady Sizemore,2008,34.6,Pre-Statcast (2005–2014),BIS Scouted (Hard%)
Russell Martin,2008,26.5,Pre-Statcast (2005–2014),BIS Scouted (Hard%)
Carlos Beltrán,2008,34.8,Pre-Statcast (2005–2014),BIS Scouted (Hard%)
Chipper Jones Jr.,2008,32.5,Pre-Statcast (2005–2014),BIS Scouted (Hard%)
David Wright,2008,34.7,Pre-Statcast (2005–2014),BIS Scouted (Hard%)
Mark Teixeira,2008,38.9,Pre-Statcast (2005–2014),BIS Scouted (Hard%)
Joe Mauer,2008,32.9,Pre-Statcast (2005–2014),BIS Scouted (Hard%)
Dustin Pedroia,2008,27.6,Pre-Statcast (2005–2014),BIS Scouted (Hard%)
Kevin Youkilis,2008,32.1,Pre-Statcast (2005–2014),BIS Scouted (Hard%)
Nick Markakis,2008,30.4,Pre-Statcast (2005–2014),BIS Scouted (Hard%)
Manny Ramirez,2008,43.5,Pre-Statcast (2005–2014),BIS Scouted (Hard%)
Matt Holliday,2008,29.5,Pre-Statcast (2005–2014),BIS Scouted (Hard%)
José Reyes,2008,24.3,Pre-Statcast (2005–2014),BIS Scouted (Hard%)
Alex Rodriguez,2008,38.9,Pre-Statcast (2005–2014),BIS Scouted (Hard%)
Evan Longoria,2008,35.6,Pre-Statcast (2005–2014),BIS Scouted (Hard%)
Alex Rios,2008,33.5,Pre-Statcast (2005–2014),BIS Scouted (Hard%)
Ryan Ludwick,2008,39.7,Pre-Statcast (2005–2014),BIS Scouted (Hard%)
Randy Winn,2008,26.9,Pre-Statcast (2005–2014),BIS Scouted (Hard%)
Jimmy Rollins,2008,32.1,Pre-Statcast (2005–2014),BIS Scouted (Hard%)
Ian Kinsler,2008,30.8,Pre-Statcast (2005–2014),BIS Scouted (Hard%)
Troy Glaus,2008,35.9,Pre-Statcast (2005–2014),BIS Scouted (Hard%)
B.J. Upton,2008,26.8,Pre-Statcast (2005–2014),BIS Scouted (Hard%)
Brian Roberts,2008,28.3,Pre-Statcast (2005–2014),BIS Scouted (Hard%)
Carlos Quentin,2008,33.5,Pre-Statcast (2005–2014),BIS Scouted (Hard%)
Ryan Braun,2008,34.4,Pre-Statcast (2005–2014),BIS Scouted (Hard%)
Aramis Ramirez,2008,31.3,Pre-Statcast (2005–2014),BIS Scouted (Hard%)
Josh Hamilton,2008,29.2,Pre-Statcast (2005–2014),BIS Scouted (Hard%)
Shane Victorino,2008,30.2,Pre-Statcast (2005–2014),BIS Scouted (Hard%)
Ichiro Suzuki,2008,20.6,Pre-Statcast (2005–2014),BIS Scouted (Hard%)
Milton Bradley,2008,31.8,Pre-Statcast (2005–2014),BIS Scouted (Hard%)
Dan Uggla,2008,32.8,Pre-Statcast (2005–2014),BIS Scouted (Hard%)
Jacoby Ellsbury,2008,21.2,Pre-Statcast (2005–2014),BIS Scouted (Hard%)
Mark DeRosa,2008,33.3,Pre-Statcast (2005–2014),BIS Scouted (Hard%)
Curtis Granderson,2008,30,Pre-Statcast (2005–2014),BIS Scouted (Hard%)
Brian Giles,2008,29.3,Pre-Statcast (2005–2014),BIS Scouted (Hard%)
J.J. Hardy,2008,31.2,Pre-Statcast (2005–2014),BIS Scouted (Hard%)
Mike Cameron,2008,36.3,Pre-Statcast (2005–2014),BIS Scouted (Hard%)
Aubrey Huff,2008,31.2,Pre-Statcast (2005–2014),BIS Scouted (Hard%)
Adrian Beltré,2008,33.2,Pre-Statcast (2005–2014),BIS Scouted (Hard%)
Alfonso Soriano,2008,30.5,Pre-Statcast (2005–2014),BIS Scouted (Hard%)
Nate McLouth,2008,28.7,Pre-Statcast (2005–2014),BIS Scouted (Hard%)
Carlos Pena,2008,35.7,Pre-Statcast (2005–2014),BIS Scouted (Hard%)
Johnny Damon,2008,21.4,Pre-Statcast (2005–2014),BIS Scouted (Hard%)
Joey Votto,2008,32.9,Pre-Statcast (2005–2014),BIS Scouted (Hard%)
Cody Ross,2008,31.4,Pre-Statcast (2005–2014),BIS Scouted (Hard%)
Kurt Suzuki,2008,21.8,Pre-Statcast (2005–2014),BIS Scouted (Hard%)
Derek Jeter,2008,27.4,Pre-Statcast (2005–2014),BIS Scouted (Hard%)
Andre Ethier,2008,30.1,Pre-Statcast (2005–2014),BIS Scouted (Hard%)
Matt Kemp,2008,31.5,Pre-Statcast (2005–2014),BIS Scouted (Hard%)
Jhonny Peralta,2008,33.7,Pre-Statcast (2005–2014),BIS Scouted (Hard%)
Justin Morneau,2008,29.2,Pre-Statcast (2005–2014),BIS Scouted (Hard%)
Orlando Cabrera,2008,22.1,Pre-Statcast (2005–2014),BIS Scouted (Hard%)
Chone Figgins,2008,18.7,Pre-Statcast (2005–2014),BIS Scouted (Hard%)
Adrián González,2008,36.7,Pre-Statcast (2005–2014),BIS Scouted (Hard%)
Melvin Mora,2008,27.9,Pre-Statcast (2005–2014),BIS Scouted (Hard%)
Xavier Nady,2008,32.9,Pre-Statcast (2005–2014),BIS Scouted (Hard%)
Akinori Iwamura,2008,24.9,Pre-Statcast (2005–2014),BIS Scouted (Hard%)
Ryan Theriot,2008,21.3,Pre-Statcast (2005–2014),BIS Scouted (Hard%)
Jason Bay,2008,30.8,Pre-Statcast (2005–2014),BIS Scouted (Hard%)
Placido Polanco,2008,18.7,Pre-Statcast (2005–2014),BIS Scouted (Hard%)
Marco Scutaro,2008,28,Pre-Statcast (2005–2014),BIS Scouted (Hard%)
Hunter Pence,2008,29.1,Pre-Statcast (2005–2014),BIS Scouted (Hard%)
Conor Jackson,2008,28.4,Pre-Statcast (2005–2014),BIS Scouted (Hard%)
Raul Ibanez,2008,33.8,Pre-Statcast (2005–2014),BIS Scouted (Hard%)
Mark Ellis,2008,20.6,Pre-Statcast (2005–2014),BIS Scouted (Hard%)
Ryan Howard,2008,46.3,Pre-Statcast (2005–2014),BIS Scouted (Hard%)
Cristian Guzman,2008,27.9,Pre-Statcast (2005–2014),BIS Scouted (Hard%)
Geovany Soto,2008,35.2,Pre-Statcast (2005–2014),BIS Scouted (Hard%)
Yunel Escobar,2008,28.5,Pre-Statcast (2005–2014),BIS Scouted (Hard%)
Brandon Phillips,2008,30.3,Pre-Statcast (2005–2014),BIS Scouted (Hard%)
Carlos Gómez,2008,21.4,Pre-Statcast (2005–2014),BIS Scouted (Hard%)
Kelly Johnson,2008,32.4,Pre-Statcast (2005–2014),BIS Scouted (Hard%)
Alex Gordon,2008,27.7,Pre-Statcast (2005–2014),BIS Scouted (Hard%)
Jorge Cantu,2008,32.1,Pre-Statcast (2005–2014),BIS Scouted (Hard%)
Miguel Cabrera,2008,34.9,Pre-Statcast (2005–2014),BIS Scouted (Hard%)
David DeJesus,2008,30.5,Pre-Statcast (2005–2014),BIS Scouted (Hard%)
Miguel Tejada,2008,31,Pre-Statcast (2005–2014),BIS Scouted (Hard%)
Derrek Lee,2008,35.6,Pre-Statcast (2005–2014),BIS Scouted (Hard%)
Carlos Delgado,2008,35.7,Pre-Statcast (2005–2014),BIS Scouted (Hard%)
Jason Giambi,2008,37.9,Pre-Statcast (2005–2014),BIS Scouted (Hard%)
Michael Young,2008,30.3,Pre-Statcast (2005–2014),BIS Scouted (Hard%)
Torii Hunter,2008,32.4,Pre-Statcast (2005–2014),BIS Scouted (Hard%)
Pat Burrell,2008,38.7,Pre-Statcast (2005–2014),BIS Scouted (Hard%)
Fred Lewis,2008,26.6,Pre-Statcast (2005–2014),BIS Scouted (Hard%)
Casey Blake,2008,32.1,Pre-Statcast (2005–2014),BIS Scouted (Hard%)
Chris Young,2008,29.3,Pre-Statcast (2005–2014),BIS Scouted (Hard%)
Kevin Kouzmanoff,2008,28.3,Pre-Statcast (2005–2014),BIS Scouted (Hard%)
Jose Lopez,2008,27.4,Pre-Statcast (2005–2014),BIS Scouted (Hard%)
Jack Cust,2008,36.1,Pre-Statcast (2005–2014),BIS Scouted (Hard%)
Bengie Molina,2008,24.7,Pre-Statcast (2005–2014),BIS Scouted (Hard%)
Luke Scott,2008,28.5,Pre-Statcast (2005–2014),BIS Scouted (Hard%)
Rickie Weeks Jr.,2008,31.2,Pre-Statcast (2005–2014),BIS Scouted (Hard%)
Stephen Drew,2008,30.1,Pre-Statcast (2005–2014),BIS Scouted (Hard%)
Vladimir Guerrero,2008,32.5,Pre-Statcast (2005–2014),BIS Scouted (Hard%)
Skip Schumaker,2008,22.9,Pre-Statcast (2005–2014),BIS Scouted (Hard%)
Jason Kendall,2008,16.7,Pre-Statcast (2005–2014),BIS Scouted (Hard%)
Magglio Ordonez,2008,27.3,Pre-Statcast (2005–2014),BIS Scouted (Hard%)
Jim Thome,2008,37.2,Pre-Statcast (2005–2014),BIS Scouted (Hard%)
Bobby Abreu,2008,30.3,Pre-Statcast (2005–2014),BIS Scouted (Hard%)
Lyle Overbay,2008,29.5,Pre-Statcast (2005–2014),BIS Scouted (Hard%)
Edwin Encarnación,2008,23,Pre-Statcast (2005–2014),BIS Scouted (Hard%)
Adam Jones,2008,24.2,Pre-Statcast (2005–2014),BIS Scouted (Hard%)
Kosuke Fukudome,2008,26.7,Pre-Statcast (2005–2014),BIS Scouted (Hard%)
Garret Anderson,2008,26.3,Pre-Statcast (2005–2014),BIS Scouted (Hard%)
Jermaine Dye,2008,34.4,Pre-Statcast (2005–2014),BIS Scouted (Hard%)
Adam LaRoche,2008,34.8,Pre-Statcast (2005–2014),BIS Scouted (Hard%)
Bobby Crosby,2008,27.3,Pre-Statcast (2005–2014),BIS Scouted (Hard%)
Jack Hannahan,2008,24.3,Pre-Statcast (2005–2014),BIS Scouted (Hard%)
Prince Fielder,2008,37.7,Pre-Statcast (2005–2014),BIS Scouted (Hard%)
Mark Reynolds,2008,33.3,Pre-Statcast (2005–2014),BIS Scouted (Hard%)
A.J. Pierzynski,2008,26.9,Pre-Statcast (2005–2014),BIS Scouted (Hard%)
Grégor Blanco,2008,20,Pre-Statcast (2005–2014),BIS Scouted (Hard%)
Edgar Renteria,2008,22.4,Pre-Statcast (2005–2014),BIS Scouted (Hard%)
Nick Swisher,2008,30.8,Pre-Statcast (2005–2014),BIS Scouted (Hard%)
Ramon Hernandez,2008,32.1,Pre-Statcast (2005–2014),BIS Scouted (Hard%)
Alexei Ramirez,2008,26.2,Pre-Statcast (2005–2014),BIS Scouted (Hard%)
Casey Kotchman,2008,24.9,Pre-Statcast (2005–2014),BIS Scouted (Hard%)
Aaron Rowand,2008,28.1,Pre-Statcast (2005–2014),BIS Scouted (Hard%)
Corey Hart,2008,29.5,Pre-Statcast (2005–2014),BIS Scouted (Hard%)
Daric Barton,2008,22.2,Pre-Statcast (2005–2014),BIS Scouted (Hard%)
Adam Dunn,2008,39.7,Pre-Statcast (2005–2014),BIS Scouted (Hard%)
Jason Kubel,2008,32.2,Pre-Statcast (2005–2014),BIS Scouted (Hard%)
Freddy Sanchez,2008,21.7,Pre-Statcast (2005–2014),BIS Scouted (Hard%)
Felipe Lopez,2008,28.5,Pre-Statcast (2005–2014),BIS Scouted (Hard%)
Paul Konerko,2008,30.4,Pre-Statcast (2005–2014),BIS Scouted (Hard%)
Garrett Atkins,2008,31.1,Pre-Statcast (2005–2014),BIS Scouted (Hard%)
Yuniesky Betancourt,2008,20.8,Pre-Statcast (2005–2014),BIS Scouted (Hard%)
Robinson Canó,2008,28.8,Pre-Statcast (2005–2014),BIS Scouted (Hard%)
Michael Bourn,2008,20.1,Pre-Statcast (2005–2014),BIS Scouted (Hard%)
Jeremy Hermida,2008,29.2,Pre-Statcast (2005–2014),BIS Scouted (Hard%)
Lastings Milledge,2008,26,Pre-Statcast (2005–2014),BIS Scouted (Hard%)
Kevin Millar,2008,23.6,Pre-Statcast (2005–2014),BIS Scouted (Hard%)
Ryan Garko,2008,27.1,Pre-Statcast (2005–2014),BIS Scouted (Hard%)
Willy Taveras,2008,15.6,Pre-Statcast (2005–2014),BIS Scouted (Hard%)
Mark Teahen,2008,26.9,Pre-Statcast (2005–2014),BIS Scouted (Hard%)
James Loney,2008,24.1,Pre-Statcast (2005–2014),BIS Scouted (Hard%)
Ken Griffey Jr.,2008,30.4,Pre-Statcast (2005–2014),BIS Scouted (Hard%)
Brad Hawpe,2008,33.4,Pre-Statcast (2005–2014),BIS Scouted (Hard%)
Jose Guillen,2008,30.7,Pre-Statcast (2005–2014),BIS Scouted (Hard%)
Delmon Young,2008,29.2,Pre-Statcast (2005–2014),BIS Scouted (Hard%)
Mike Jacobs,2008,32.8,Pre-Statcast (2005–2014),BIS Scouted (Hard%)
Jeff Keppinger,2008,21.5,Pre-Statcast (2005–2014),BIS Scouted (Hard%)
Jeff Francoeur,2008,24.6,Pre-Statcast (2005–2014),BIS Scouted (Hard%)
Ben Zobrist,2009,31.8,Pre-Statcast (2005–2014),BIS Scouted (Hard%)
Albert Pujols,2009,40.6,Pre-Statcast (2005–2014),BIS Scouted (Hard%)
Joe Mauer,2009,37.6,Pre-Statcast (2005–2014),BIS Scouted (Hard%)
Chase Utley,2009,37.6,Pre-Statcast (2005–2014),BIS Scouted (Hard%)
Evan Longoria,2009,33.3,Pre-Statcast (2005–2014),BIS Scouted (Hard%)
Hanley Ramirez,2009,30.8,Pre-Statcast (2005–2014),BIS Scouted (Hard%)
Derek Jeter,2009,26,Pre-Statcast (2005–2014),BIS Scouted (Hard%)
Chone Figgins,2009,20.1,Pre-Statcast (2005–2014),BIS Scouted (Hard%)
Ryan Zimmerman,2009,35.8,Pre-Statcast (2005–2014),BIS Scouted (Hard%)
Franklin Gutierrez,2009,29.7,Pre-Statcast (2005–2014),BIS Scouted (Hard%)
Brian McCann,2009,35.5,Pre-Statcast (2005–2014),BIS Scouted (Hard%)
Carl Crawford,2009,21.2,Pre-Statcast (2005–2014),BIS Scouted (Hard%)
Kevin Youkilis,2009,35.9,Pre-Statcast (2005–2014),BIS Scouted (Hard%)
Prince Fielder,2009,42.9,Pre-Statcast (2005–2014),BIS Scouted (Hard%)
Adrián González,2009,36.8,Pre-Statcast (2005–2014),BIS Scouted (Hard%)
Ichiro Suzuki,2009,18.7,Pre-Statcast (2005–2014),BIS Scouted (Hard%)
Matt Holliday,2009,33.5,Pre-Statcast (2005–2014),BIS Scouted (Hard%)
Troy Tulowitzki,2009,35,Pre-Statcast (2005–2014),BIS Scouted (Hard%)
Jason Bartlett,2009,29.1,Pre-Statcast (2005–2014),BIS Scouted (Hard%)
Derrek Lee,2009,36.3,Pre-Statcast (2005–2014),BIS Scouted (Hard%)
Pablo Sandoval,2009,32.8,Pre-Statcast (2005–2014),BIS Scouted (Hard%)
Mark Teixeira,2009,36.4,Pre-Statcast (2005–2014),BIS Scouted (Hard%)
Shin-Soo Choo,2009,34.9,Pre-Statcast (2005–2014),BIS Scouted (Hard%)
Miguel Cabrera,2009,37.4,Pre-Statcast (2005–2014),BIS Scouted (Hard%)
Ryan Braun,2009,34.2,Pre-Statcast (2005–2014),BIS Scouted (Hard%)
Justin Upton,2009,35.8,Pre-Statcast (2005–2014),BIS Scouted (Hard%)
Matt Kemp,2009,31.3,Pre-Statcast (2005–2014),BIS Scouted (Hard%)
J.D. Drew,2009,33,Pre-Statcast (2005–2014),BIS Scouted (Hard%)
Nyjer Morgan,2009,16.1,Pre-Statcast (2005–2014),BIS Scouted (Hard%)
Michael Bourn,2009,22.6,Pre-Statcast (2005–2014),BIS Scouted (Hard%)
Dustin Pedroia,2009,23.7,Pre-Statcast (2005–2014),BIS Scouted (Hard%)
Jayson Werth,2009,34.9,Pre-Statcast (2005–2014),BIS Scouted (Hard%)
Jason Bay,2009,35.7,Pre-Statcast (2005–2014),BIS Scouted (Hard%)
Joey Votto,2009,36.5,Pre-Statcast (2005–2014),BIS Scouted (Hard%)
Yadier Molina,2009,20.7,Pre-Statcast (2005–2014),BIS Scouted (Hard%)
Ian Kinsler,2009,28.3,Pre-Statcast (2005–2014),BIS Scouted (Hard%)
Casey Blake,2009,31.4,Pre-Statcast (2005–2014),BIS Scouted (Hard%)
Ryan Howard,2009,45.6,Pre-Statcast (2005–2014),BIS Scouted (Hard%)
Marco Scutaro,2009,27.4,Pre-Statcast (2005–2014),BIS Scouted (Hard%)
Mike Cameron,2009,30.5,Pre-Statcast (2005–2014),BIS Scouted (Hard%)
Denard Span,2009,18.9,Pre-Statcast (2005–2014),BIS Scouted (Hard%)
Alex Rodriguez,2009,34.6,Pre-Statcast (2005–2014),BIS Scouted (Hard%)
Scott Rolen,2009,32.5,Pre-Statcast (2005–2014),BIS Scouted (Hard%)
Aaron Hill,2009,31.1,Pre-Statcast (2005–2014),BIS Scouted (Hard%)
Yunel Escobar,2009,26.9,Pre-Statcast (2005–2014),BIS Scouted (Hard%)
Torii Hunter,2009,33.2,Pre-Statcast (2005–2014),BIS Scouted (Hard%)
Ryan Sweeney,2009,27.4,Pre-Statcast (2005–2014),BIS Scouted (Hard%)
Erick Aybar,2009,22.1,Pre-Statcast (2005–2014),BIS Scouted (Hard%)
Kendrys Morales,2009,37.9,Pre-Statcast (2005–2014),BIS Scouted (Hard%)
Robinson Canó,2009,28,Pre-Statcast (2005–2014),BIS Scouted (Hard%)
Russell Martin,2009,27.3,Pre-Statcast (2005–2014),BIS Scouted (Hard%)
Johnny Damon,2009,24,Pre-Statcast (2005–2014),BIS Scouted (Hard%)
David DeJesus,2009,26.2,Pre-Statcast (2005–2014),BIS Scouted (Hard%)
Felipe Lopez,2009,28.8,Pre-Statcast (2005–2014),BIS Scouted (Hard%)
Brian Roberts,2009,27,Pre-Statcast (2005–2014),BIS Scouted (Hard%)
Raul Ibanez,2009,41.2,Pre-Statcast (2005–2014),BIS Scouted (Hard%)
Shane Victorino,2009,22.4,Pre-Statcast (2005–2014),BIS Scouted (Hard%)
Adam Lind,2009,34.5,Pre-Statcast (2005–2014),BIS Scouted (Hard%)
Justin Morneau,2009,39.6,Pre-Statcast (2005–2014),BIS Scouted (Hard%)
Mark Reynolds,2009,37.4,Pre-Statcast (2005–2014),BIS Scouted (Hard%)
Elvis Andrus,2009,20.3,Pre-Statcast (2005–2014),BIS Scouted (Hard%)
Hunter Pence,2009,26.7,Pre-Statcast (2005–2014),BIS Scouted (Hard%)
David Wright,2009,30.4,Pre-Statcast (2005–2014),BIS Scouted (Hard%)
Nate McLouth,2009,29.6,Pre-Statcast (2005–2014),BIS Scouted (Hard%)
Nelson Cruz,2009,35,Pre-Statcast (2005–2014),BIS Scouted (Hard%)
Curtis Granderson,2009,30.7,Pre-Statcast (2005–2014),BIS Scouted (Hard%)
Rafael Furcal,2009,26.8,Pre-Statcast (2005–2014),BIS Scouted (Hard%)
Asdrúbal Cabrera,2009,26.8,Pre-Statcast (2005–2014),BIS Scouted (Hard%)
Nick Swisher,2009,33.1,Pre-Statcast (2005–2014),BIS Scouted (Hard%)
Placido Polanco,2009,19,Pre-Statcast (2005–2014),BIS Scouted (Hard%)
Carlos Pena,2009,46.3,Pre-Statcast (2005–2014),BIS Scouted (Hard%)
Orlando Hudson,2009,24.5,Pre-Statcast (2005–2014),BIS Scouted (Hard%)
Russell Branyan,2009,31.1,Pre-Statcast (2005–2014),BIS Scouted (Hard%)
Bobby Abreu,2009,34.6,Pre-Statcast (2005–2014),BIS Scouted (Hard%)
Victor Martinez,2009,29.8,Pre-Statcast (2005–2014),BIS Scouted (Hard%)
Chris Coghlan,2009,29,Pre-Statcast (2005–2014),BIS Scouted (Hard%)
Brandon Phillips,2009,29.7,Pre-Statcast (2005–2014),BIS Scouted (Hard%)
Colby Rasmus,2009,33.2,Pre-Statcast (2005–2014),BIS Scouted (Hard%)
Michael Young,2009,34.1,Pre-Statcast (2005–2014),BIS Scouted (Hard%)
Lance Berkman,2009,35.8,Pre-Statcast (2005–2014),BIS Scouted (Hard%)
Todd Helton,2009,28.1,Pre-Statcast (2005–2014),BIS Scouted (Hard%)
Juan Rivera,2009,28.3,Pre-Statcast (2005–2014),BIS Scouted (Hard%)
Dan Uggla,2009,30.5,Pre-Statcast (2005–2014),BIS Scouted (Hard%)
Jimmy Rollins,2009,27.4,Pre-Statcast (2005–2014),BIS Scouted (Hard%)
Martín Prado,2009,33.7,Pre-Statcast (2005–2014),BIS Scouted (Hard%)
Michael Cuddyer,2009,30.9,Pre-Statcast (2005–2014),BIS Scouted (Hard%)
Josh Willingham,2009,36.9,Pre-Statcast (2005–2014),BIS Scouted (Hard%)
Hideki Matsui,2009,27.9,Pre-Statcast (2005–2014),BIS Scouted (Hard%)
Aaron Rowand,2009,26.3,Pre-Statcast (2005–2014),BIS Scouted (Hard%)
Kosuke Fukudome,2009,33.9,Pre-Statcast (2005–2014),BIS Scouted (Hard%)
Chipper Jones Jr.,2009,30.6,Pre-Statcast (2005–2014),BIS Scouted (Hard%)
B.J. Upton,2009,30.4,Pre-Statcast (2005–2014),BIS Scouted (Hard%)
A.J. Pierzynski,2009,26.6,Pre-Statcast (2005–2014),BIS Scouted (Hard%)
Jason Kubel,2009,33.4,Pre-Statcast (2005–2014),BIS Scouted (Hard%)
Ryan Ludwick,2009,30.6,Pre-Statcast (2005–2014),BIS Scouted (Hard%)
Andre Ethier,2009,31.6,Pre-Statcast (2005–2014),BIS Scouted (Hard%)
Ryan Theriot,2009,21.1,Pre-Statcast (2005–2014),BIS Scouted (Hard%)
Andy LaRoche,2009,27.5,Pre-Statcast (2005–2014),BIS Scouted (Hard%)
Nick Markakis,2009,29.8,Pre-Statcast (2005–2014),BIS Scouted (Hard%)
Grady Sizemore,2009,31.7,Pre-Statcast (2005–2014),BIS Scouted (Hard%)
Adam LaRoche,2009,37.1,Pre-Statcast (2005–2014),BIS Scouted (Hard%)
Alexei Ramirez,2009,20.6,Pre-Statcast (2005–2014),BIS Scouted (Hard%)
Kevin Kouzmanoff,2009,34,Pre-Statcast (2005–2014),BIS Scouted (Hard%)
Stephen Drew,2009,28.4,Pre-Statcast (2005–2014),BIS Scouted (Hard%)
Jacoby Ellsbury,2009,26.3,Pre-Statcast (2005–2014),BIS Scouted (Hard%)
Brandon Inge,2009,27,Pre-Statcast (2005–2014),BIS Scouted (Hard%)
Scott Podsednik,2009,21.7,Pre-Statcast (2005–2014),BIS Scouted (Hard%)
Alberto Callaspo,2009,24.9,Pre-Statcast (2005–2014),BIS Scouted (Hard%)
Miguel Tejada,2009,30.6,Pre-Statcast (2005–2014),BIS Scouted (Hard%)
Paul Konerko,2009,33.6,Pre-Statcast (2005–2014),BIS Scouted (Hard%)
Jose Lopez,2009,26.4,Pre-Statcast (2005–2014),BIS Scouted (Hard%)
Randy Winn,2009,25.7,Pre-Statcast (2005–2014),BIS Scouted (Hard%)
Mark DeRosa,2009,27.9,Pre-Statcast (2005–2014),BIS Scouted (Hard%)
Billy Butler,2009,31,Pre-Statcast (2005–2014),BIS Scouted (Hard%)
Clint Barmes,2009,26.2,Pre-Statcast (2005–2014),BIS Scouted (Hard%)
Cody Ross,2009,30.5,Pre-Statcast (2005–2014),BIS Scouted (Hard%)
Skip Schumaker,2009,19.6,Pre-Statcast (2005–2014),BIS Scouted (Hard%)
Melky Cabrera,2009,24.7,Pre-Statcast (2005–2014),BIS Scouted (Hard%)
Nick Johnson,2009,28.5,Pre-Statcast (2005–2014),BIS Scouted (Hard%)
Adam Jones,2009,32.6,Pre-Statcast (2005–2014),BIS Scouted (Hard%)
Adam Kennedy,2009,21.3,Pre-Statcast (2005–2014),BIS Scouted (Hard%)
Kurt Suzuki,2009,26.8,Pre-Statcast (2005–2014),BIS Scouted (Hard%)
Luis Castillo,2009,14.2,Pre-Statcast (2005–2014),BIS Scouted (Hard%)
Pedro Feliz,2009,20.8,Pre-Statcast (2005–2014),BIS Scouted (Hard%)
Marlon Byrd,2009,31.8,Pre-Statcast (2005–2014),BIS Scouted (Hard%)
Luke Scott,2009,31.8,Pre-Statcast (2005–2014),BIS Scouted (Hard%)
Brad Hawpe,2009,33.1,Pre-Statcast (2005–2014),BIS Scouted (Hard%)
James Loney,2009,21.2,Pre-Statcast (2005–2014),BIS Scouted (Hard%)
Bengie Molina,2009,28.6,Pre-Statcast (2005–2014),BIS Scouted (Hard%)
Adam Dunn,2009,36.4,Pre-Statcast (2005–2014),BIS Scouted (Hard%)
Chase Headley,2009,29.9,Pre-Statcast (2005–2014),BIS Scouted (Hard%)
Jorge Cantu,2009,29.7,Pre-Statcast (2005–2014),BIS Scouted (Hard%)
Magglio Ordonez,2009,24.4,Pre-Statcast (2005–2014),BIS Scouted (Hard%)
Daniel Murphy,2009,26.3,Pre-Statcast (2005–2014),BIS Scouted (Hard%)
Orlando Cabrera,2009,22.1,Pre-Statcast (2005–2014),BIS Scouted (Hard%)
Cristian Guzman,2009,21.4,Pre-Statcast (2005–2014),BIS Scouted (Hard%)
Carlos Lee,2009,30.5,Pre-Statcast (2005–2014),BIS Scouted (Hard%)
Jhonny Peralta,2009,25.9,Pre-Statcast (2005–2014),BIS Scouted (Hard%)
Kazuo Matsui,2009,20.5,Pre-Statcast (2005–2014),BIS Scouted (Hard%)
David Eckstein,2009,14.6,Pre-Statcast (2005–2014),BIS Scouted (Hard%)
Dexter Fowler,2009,29.3,Pre-Statcast (2005–2014),BIS Scouted (Hard%)
Jack Cust,2009,35.5,Pre-Statcast (2005–2014),BIS Scouted (Hard%)
Jason Kendall,2009,17.8,Pre-Statcast (2005–2014),BIS Scouted (Hard%)
David Ortiz,2009,32.9,Pre-Statcast (2005–2014),BIS Scouted (Hard%)
Jeff Francoeur,2009,29.7,Pre-Statcast (2005–2014),BIS Scouted (Hard%)
Alex Rios,2009,28.2,Pre-Statcast (2005–2014),BIS Scouted (Hard%)
Vernon Wells,2009,27.1,Pre-Statcast (2005–2014),BIS Scouted (Hard%)
Alfonso Soriano,2009,24.1,Pre-Statcast (2005–2014),BIS Scouted (Hard%)
Edgar Renteria,2009,23.7,Pre-Statcast (2005–2014),BIS Scouted (Hard%)
Mark Teahen,2009,23.7,Pre-Statcast (2005–2014),BIS Scouted (Hard%)
Emilio Bonifácio,2009,18,Pre-Statcast (2005–2014),BIS Scouted (Hard%)
Jermaine Dye,2009,29.7,Pre-Statcast (2005–2014),BIS Scouted (Hard%)
Garret Anderson,2009,27.8,Pre-Statcast (2005–2014),BIS Scouted (Hard%)
Aubrey Huff,2009,30.2,Pre-Statcast (2005–2014),BIS Scouted (Hard%)
Yuniesky Betancourt,2009,20.5,Pre-Statcast (2005–2014),BIS Scouted (Hard%)
Josh Hamilton,2010,35,Pre-Statcast (2005–2014),BIS Scouted (Hard%)
Carl Crawford,2010,27.8,Pre-Statcast (2005–2014),BIS Scouted (Hard%)
Evan Longoria,2010,36.3,Pre-Statcast (2005–2014),BIS Scouted (Hard%)
Joey Votto,2010,40,Pre-Statcast (2005–2014),BIS Scouted (Hard%)
Albert Pujols,2010,42.4,Pre-Statcast (2005–2014),BIS Scouted (Hard%)
Ryan Zimmerman,2010,40,Pre-Statcast (2005–2014),BIS Scouted (Hard%)
José Bautista,2010,39.6,Pre-Statcast (2005–2014),BIS Scouted (Hard%)
Adrian Beltré,2010,40.1,Pre-Statcast (2005–2014),BIS Scouted (Hard%)
Robinson Canó,2010,35.4,Pre-Statcast (2005–2014),BIS Scouted (Hard%)
Andres Torres,2010,36.5,Pre-Statcast (2005–2014),BIS Scouted (Hard%)
Matt Holliday,2010,37.6,Pre-Statcast (2005–2014),BIS Scouted (Hard%)
Brett Gardner,2010,18,Pre-Statcast (2005–2014),BIS Scouted (Hard%)
Shin-Soo Choo,2010,38.5,Pre-Statcast (2005–2014),BIS Scouted (Hard%)
Miguel Cabrera,2010,44.6,Pre-Statcast (2005–2014),BIS Scouted (Hard%)
Brian McCann,2010,39.2,Pre-Statcast (2005–2014),BIS Scouted (Hard%)
Rickie Weeks Jr.,2010,35.8,Pre-Statcast (2005–2014),BIS Scouted (Hard%)
Carlos González,2010,43.8,Pre-Statcast (2005–2014),BIS Scouted (Hard%)
Aubrey Huff,2010,35.3,Pre-Statcast (2005–2014),BIS Scouted (Hard%)
Joe Mauer,2010,41.7,Pre-Statcast (2005–2014),BIS Scouted (Hard%)
Troy Tulowitzki,2010,40.2,Pre-Statcast (2005–2014),BIS Scouted (Hard%)
Kelly Johnson,2010,37.6,Pre-Statcast (2005–2014),BIS Scouted (Hard%)
Chase Utley,2010,38.7,Pre-Statcast (2005–2014),BIS Scouted (Hard%)
Jay Bruce,2010,37.3,Pre-Statcast (2005–2014),BIS Scouted (Hard%)
Jayson Werth,2010,40.6,Pre-Statcast (2005–2014),BIS Scouted (Hard%)
Daric Barton,2010,24.2,Pre-Statcast (2005–2014),BIS Scouted (Hard%)
Ángel Pagán,2010,27.9,Pre-Statcast (2005–2014),BIS Scouted (Hard%)
Stephen Drew,2010,33.5,Pre-Statcast (2005–2014),BIS Scouted (Hard%)
Ichiro Suzuki,2010,21.9,Pre-Statcast (2005–2014),BIS Scouted (Hard%)
Jason Heyward,2010,38.8,Pre-Statcast (2005–2014),BIS Scouted (Hard%)
Dan Uggla,2010,38.4,Pre-Statcast (2005–2014),BIS Scouted (Hard%)
Scott Rolen,2010,35.5,Pre-Statcast (2005–2014),BIS Scouted (Hard%)
Michael Bourn,2010,24,Pre-Statcast (2005–2014),BIS Scouted (Hard%)
Yadier Molina,2010,26.6,Pre-Statcast (2005–2014),BIS Scouted (Hard%)
Adrián González,2010,37.7,Pre-Statcast (2005–2014),BIS Scouted (Hard%)
Nick Swisher,2010,43.5,Pre-Statcast (2005–2014),BIS Scouted (Hard%)
Chase Headley,2010,27.7,Pre-Statcast (2005–2014),BIS Scouted (Hard%)
Chris Young,2010,33,Pre-Statcast (2005–2014),BIS Scouted (Hard%)
Hanley Ramirez,2010,37.1,Pre-Statcast (2005–2014),BIS Scouted (Hard%)
Alexei Ramirez,2010,26.2,Pre-Statcast (2005–2014),BIS Scouted (Hard%)
Austin Jackson,2010,34.1,Pre-Statcast (2005–2014),BIS Scouted (Hard%)
Colby Rasmus,2010,36,Pre-Statcast (2005–2014),BIS Scouted (Hard%)
Alex Rodriguez,2010,36.6,Pre-Statcast (2005–2014),BIS Scouted (Hard%)
Curtis Granderson,2010,36.7,Pre-Statcast (2005–2014),BIS Scouted (Hard%)
Marlon Byrd,2010,32.9,Pre-Statcast (2005–2014),BIS Scouted (Hard%)
B.J. Upton,2010,31,Pre-Statcast (2005–2014),BIS Scouted (Hard%)
Martín Prado,2010,31,Pre-Statcast (2005–2014),BIS Scouted (Hard%)
Ben Zobrist,2010,29.4,Pre-Statcast (2005–2014),BIS Scouted (Hard%)
Brandon Phillips,2010,31.5,Pre-Statcast (2005–2014),BIS Scouted (Hard%)
Ryan Braun,2010,34.4,Pre-Statcast (2005–2014),BIS Scouted (Hard%)
Victor Martinez,2010,31.2,Pre-Statcast (2005–2014),BIS Scouted (Hard%)
Vernon Wells,2010,39,Pre-Statcast (2005–2014),BIS Scouted (Hard%)
Placido Polanco,2010,19,Pre-Statcast (2005–2014),BIS Scouted (Hard%)
Cliff Pennington,2010,20.8,Pre-Statcast (2005–2014),BIS Scouted (Hard%)
Paul Konerko,2010,40.5,Pre-Statcast (2005–2014),BIS Scouted (Hard%)
David Wright,2010,38.8,Pre-Statcast (2005–2014),BIS Scouted (Hard%)
Mark Teixeira,2010,37.4,Pre-Statcast (2005–2014),BIS Scouted (Hard%)
Andrew McCutchen,2010,38,Pre-Statcast (2005–2014),BIS Scouted (Hard%)
Drew Stubbs,2010,36.1,Pre-Statcast (2005–2014),BIS Scouted (Hard%)
Alex Rios,2010,33.4,Pre-Statcast (2005–2014),BIS Scouted (Hard%)
Torii Hunter,2010,35.6,Pre-Statcast (2005–2014),BIS Scouted (Hard%)
Shane Victorino,2010,30.5,Pre-Statcast (2005–2014),BIS Scouted (Hard%)
Orlando Hudson,2010,30.9,Pre-Statcast (2005–2014),BIS Scouted (Hard%)
Adam Dunn,2010,43.8,Pre-Statcast (2005–2014),BIS Scouted (Hard%)
Corey Hart,2010,37.9,Pre-Statcast (2005–2014),BIS Scouted (Hard%)
Álex González,2010,29.5,Pre-Statcast (2005–2014),BIS Scouted (Hard%)
Ike Davis,2010,35.4,Pre-Statcast (2005–2014),BIS Scouted (Hard%)
Casey Blake,2010,30,Pre-Statcast (2005–2014),BIS Scouted (Hard%)
Casey McGehee,2010,31.4,Pre-Statcast (2005–2014),BIS Scouted (Hard%)
Juan Uribe,2010,34.1,Pre-Statcast (2005–2014),BIS Scouted (Hard%)
Luke Scott,2010,37.1,Pre-Statcast (2005–2014),BIS Scouted (Hard%)
Matt Wieters,2010,29,Pre-Statcast (2005–2014),BIS Scouted (Hard%)
Alfonso Soriano,2010,33.2,Pre-Statcast (2005–2014),BIS Scouted (Hard%)
Hunter Pence,2010,31.4,Pre-Statcast (2005–2014),BIS Scouted (Hard%)
Prince Fielder,2010,39.2,Pre-Statcast (2005–2014),BIS Scouted (Hard%)
Denard Span,2010,21.7,Pre-Statcast (2005–2014),BIS Scouted (Hard%)
Juan Pierre,2010,19.8,Pre-Statcast (2005–2014),BIS Scouted (Hard%)
David Ortiz,2010,38.7,Pre-Statcast (2005–2014),BIS Scouted (Hard%)
José Reyes,2010,27.8,Pre-Statcast (2005–2014),BIS Scouted (Hard%)
Kevin Kouzmanoff,2010,29.8,Pre-Statcast (2005–2014),BIS Scouted (Hard%)
Justin Upton,2010,41,Pre-Statcast (2005–2014),BIS Scouted (Hard%)
Adam Jones,2010,32.8,Pre-Statcast (2005–2014),BIS Scouted (Hard%)
Michael Young,2010,33.9,Pre-Statcast (2005–2014),BIS Scouted (Hard%)
Nick Markakis,2010,26.8,Pre-Statcast (2005–2014),BIS Scouted (Hard%)
Bobby Abreu,2010,33,Pre-Statcast (2005–2014),BIS Scouted (Hard%)
Johnny Damon,2010,22.3,Pre-Statcast (2005–2014),BIS Scouted (Hard%)
Derek Jeter,2010,26,Pre-Statcast (2005–2014),BIS Scouted (Hard%)
J.D. Drew,2010,29.2,Pre-Statcast (2005–2014),BIS Scouted (Hard%)
Mike Napoli,2010,36.9,Pre-Statcast (2005–2014),BIS Scouted (Hard%)
Franklin Gutierrez,2010,31.7,Pre-Statcast (2005–2014),BIS Scouted (Hard%)
Elvis Andrus,2010,23,Pre-Statcast (2005–2014),BIS Scouted (Hard%)
Cody Ross,2010,33.5,Pre-Statcast (2005–2014),BIS Scouted (Hard%)
Billy Butler,2010,36.5,Pre-Statcast (2005–2014),BIS Scouted (Hard%)
Omar Infante,2010,25.5,Pre-Statcast (2005–2014),BIS Scouted (Hard%)
Marco Scutaro,2010,22.9,Pre-Statcast (2005–2014),BIS Scouted (Hard%)
Andre Ethier,2010,40.1,Pre-Statcast (2005–2014),BIS Scouted (Hard%)
Brandon Inge,2010,31.8,Pre-Statcast (2005–2014),BIS Scouted (Hard%)
Gaby Sanchez,2010,34.4,Pre-Statcast (2005–2014),BIS Scouted (Hard%)
Starlin Castro,2010,27.8,Pre-Statcast (2005–2014),BIS Scouted (Hard%)
Delmon Young,2010,31.8,Pre-Statcast (2005–2014),BIS Scouted (Hard%)
Yunel Escobar,2010,30.1,Pre-Statcast (2005–2014),BIS Scouted (Hard%)
Howie Kendrick,2010,31.6,Pre-Statcast (2005–2014),BIS Scouted (Hard%)
Mark Reynolds,2010,35.2,Pre-Statcast (2005–2014),BIS Scouted (Hard%)
Ryan Ludwick,2010,34.5,Pre-Statcast (2005–2014),BIS Scouted (Hard%)
Hideki Matsui,2010,31.2,Pre-Statcast (2005–2014),BIS Scouted (Hard%)
Derrek Lee,2010,42.2,Pre-Statcast (2005–2014),BIS Scouted (Hard%)
Jeff Keppinger,2010,28.1,Pre-Statcast (2005–2014),BIS Scouted (Hard%)
A.J. Pierzynski,2010,25.1,Pre-Statcast (2005–2014),BIS Scouted (Hard%)
Chone Figgins,2010,16.2,Pre-Statcast (2005–2014),BIS Scouted (Hard%)
Jhonny Peralta,2010,29.3,Pre-Statcast (2005–2014),BIS Scouted (Hard%)
Jason Bartlett,2010,25.8,Pre-Statcast (2005–2014),BIS Scouted (Hard%)
Aaron Hill,2010,30.9,Pre-Statcast (2005–2014),BIS Scouted (Hard%)
Lyle Overbay,2010,36.5,Pre-Statcast (2005–2014),BIS Scouted (Hard%)
Kurt Suzuki,2010,30.4,Pre-Statcast (2005–2014),BIS Scouted (Hard%)
Erick Aybar,2010,21.2,Pre-Statcast (2005–2014),BIS Scouted (Hard%)
Raul Ibanez,2010,36.1,Pre-Statcast (2005–2014),BIS Scouted (Hard%)
Pablo Sandoval,2010,31.6,Pre-Statcast (2005–2014),BIS Scouted (Hard%)
Rajai Davis,2010,26.3,Pre-Statcast (2005–2014),BIS Scouted (Hard%)
Vladimir Guerrero,2010,36.2,Pre-Statcast (2005–2014),BIS Scouted (Hard%)
Carlos Pena,2010,37.6,Pre-Statcast (2005–2014),BIS Scouted (Hard%)
Dexter Fowler,2010,35.7,Pre-Statcast (2005–2014),BIS Scouted (Hard%)
Ryan Howard,2010,40.7,Pre-Statcast (2005–2014),BIS Scouted (Hard%)
Alberto Callaspo,2010,23.7,Pre-Statcast (2005–2014),BIS Scouted (Hard%)
Ronny Cedeno,2010,29.6,Pre-Statcast (2005–2014),BIS Scouted (Hard%)
Miguel Tejada,2010,29.8,Pre-Statcast (2005–2014),BIS Scouted (Hard%)
James Loney,2010,27,Pre-Statcast (2005–2014),BIS Scouted (Hard%)
Ian Desmond,2010,26.4,Pre-Statcast (2005–2014),BIS Scouted (Hard%)
Brennan Boesch,2010,32.1,Pre-Statcast (2005–2014),BIS Scouted (Hard%)
Adam LaRoche,2010,42.1,Pre-Statcast (2005–2014),BIS Scouted (Hard%)
Orlando Cabrera,2010,26.3,Pre-Statcast (2005–2014),BIS Scouted (Hard%)
Nyjer Morgan,2010,20.5,Pre-Statcast (2005–2014),BIS Scouted (Hard%)
Yuniesky Betancourt,2010,26,Pre-Statcast (2005–2014),BIS Scouted (Hard%)
Alcides Escobar,2010,25.1,Pre-Statcast (2005–2014),BIS Scouted (Hard%)
Scott Podsednik,2010,24.6,Pre-Statcast (2005–2014),BIS Scouted (Hard%)
Jose Lopez,2010,24.2,Pre-Statcast (2005–2014),BIS Scouted (Hard%)
Jeff Francoeur,2010,32.3,Pre-Statcast (2005–2014),BIS Scouted (Hard%)
Jose Guillen,2010,34.8,Pre-Statcast (2005–2014),BIS Scouted (Hard%)
Matt Kemp,2010,36.1,Pre-Statcast (2005–2014),BIS Scouted (Hard%)
Aramis Ramirez,2010,36.6,Pre-Statcast (2005–2014),BIS Scouted (Hard%)
Michael Cuddyer,2010,32.9,Pre-Statcast (2005–2014),BIS Scouted (Hard%)
Ty Wigginton,2010,32.2,Pre-Statcast (2005–2014),BIS Scouted (Hard%)
Jonny Gomes,2010,33.8,Pre-Statcast (2005–2014),BIS Scouted (Hard%)
Garrett Jones,2010,30.8,Pre-Statcast (2005–2014),BIS Scouted (Hard%)
Carlos Quentin,2010,31,Pre-Statcast (2005–2014),BIS Scouted (Hard%)
Cesar Izturis,2010,11.9,Pre-Statcast (2005–2014),BIS Scouted (Hard%)
Jorge Cantu,2010,31.2,Pre-Statcast (2005–2014),BIS Scouted (Hard%)
Ryan Theriot,2010,19,Pre-Statcast (2005–2014),BIS Scouted (Hard%)
Skip Schumaker,2010,25.4,Pre-Statcast (2005–2014),BIS Scouted (Hard%)
Adam Lind,2010,36,Pre-Statcast (2005–2014),BIS Scouted (Hard%)
Jason Kubel,2010,35.1,Pre-Statcast (2005–2014),BIS Scouted (Hard%)
Melky Cabrera,2010,27.9,Pre-Statcast (2005–2014),BIS Scouted (Hard%)
Carlos Lee,2010,31.6,Pre-Statcast (2005–2014),BIS Scouted (Hard%)
Jacoby Ellsbury,2011,26.5,Pre-Statcast (2005–2014),BIS Scouted (Hard%)
Matt Kemp,2011,32.9,Pre-Statcast (2005–2014),BIS Scouted (Hard%)
José Bautista,2011,39.2,Pre-Statcast (2005–2014),BIS Scouted (Hard%)
Dustin Pedroia,2011,26.8,Pre-Statcast (2005–2014),BIS Scouted (Hard%)
Ian Kinsler,2011,28.8,Pre-Statcast (2005–2014),BIS Scouted (Hard%)
Ryan Braun,2011,36.6,Pre-Statcast (2005–2014),BIS Scouted (Hard%)
Curtis Granderson,2011,34.8,Pre-Statcast (2005–2014),BIS Scouted (Hard%)
Alex Gordon,2011,26.5,Pre-Statcast (2005–2014),BIS Scouted (Hard%)
Miguel Cabrera,2011,36.9,Pre-Statcast (2005–2014),BIS Scouted (Hard%)
Brian McCann,2011,33.8,Pre-Statcast (2005–2014),BIS Scouted (Hard%)
Joey Votto,2011,34.5,Pre-Statcast (2005–2014),BIS Scouted (Hard%)
Ben Zobrist,2011,29.6,Pre-Statcast (2005–2014),BIS Scouted (Hard%)
Evan Longoria,2011,30.1,Pre-Statcast (2005–2014),BIS Scouted (Hard%)
Justin Upton,2011,32.8,Pre-Statcast (2005–2014),BIS Scouted (Hard%)
Adrián González,2011,31.4,Pre-Statcast (2005–2014),BIS Scouted (Hard%)
Miguel Montero,2011,29.2,Pre-Statcast (2005–2014),BIS Scouted (Hard%)
José Reyes,2011,23.5,Pre-Statcast (2005–2014),BIS Scouted (Hard%)
Shane Victorino,2011,22.1,Pre-Statcast (2005–2014),BIS Scouted (Hard%)
Adrian Beltré,2011,34.6,Pre-Statcast (2005–2014),BIS Scouted (Hard%)
Andrew McCutchen,2011,34.1,Pre-Statcast (2005–2014),BIS Scouted (Hard%)
Yadier Molina,2011,25,Pre-Statcast (2005–2014),BIS Scouted (Hard%)
Troy Tulowitzki,2011,30.4,Pre-Statcast (2005–2014),BIS Scouted (Hard%)
Brandon Phillips,2011,27.2,Pre-Statcast (2005–2014),BIS Scouted (Hard%)
Howie Kendrick,2011,28.5,Pre-Statcast (2005–2014),BIS Scouted (Hard%)
Robinson Canó,2011,30.7,Pre-Statcast (2005–2014),BIS Scouted (Hard%)
Brett Gardner,2011,16,Pre-Statcast (2005–2014),BIS Scouted (Hard%)
Alex Avila,2011,31.7,Pre-Statcast (2005–2014),BIS Scouted (Hard%)
Matt Wieters,2011,27.3,Pre-Statcast (2005–2014),BIS Scouted (Hard%)
Jhonny Peralta,2011,24.1,Pre-Statcast (2005–2014),BIS Scouted (Hard%)
Lance Berkman,2011,34.8,Pre-Statcast (2005–2014),BIS Scouted (Hard%)
Prince Fielder,2011,34.1,Pre-Statcast (2005–2014),BIS Scouted (Hard%)
Chris Young,2011,33,Pre-Statcast (2005–2014),BIS Scouted (Hard%)
J.J. Hardy,2011,29.4,Pre-Statcast (2005–2014),BIS Scouted (Hard%)
Matt Holliday,2011,32.7,Pre-Statcast (2005–2014),BIS Scouted (Hard%)
Mark Teixeira,2011,30.2,Pre-Statcast (2005–2014),BIS Scouted (Hard%)
Hunter Pence,2011,28.3,Pre-Statcast (2005–2014),BIS Scouted (Hard%)
Carlos Beltrán,2011,36.7,Pre-Statcast (2005–2014),BIS Scouted (Hard%)
Cameron Maybin,2011,24.2,Pre-Statcast (2005–2014),BIS Scouted (Hard%)
Peter Bourjos,2011,22.8,Pre-Statcast (2005–2014),BIS Scouted (Hard%)
Giancarlo Stanton,2011,39.6,Pre-Statcast (2005–2014),BIS Scouted (Hard%)
Alexei Ramirez,2011,21.8,Pre-Statcast (2005–2014),BIS Scouted (Hard%)
Elvis Andrus,2011,17.2,Pre-Statcast (2005–2014),BIS Scouted (Hard%)
Josh Hamilton,2011,29.2,Pre-Statcast (2005–2014),BIS Scouted (Hard%)
Albert Pujols,2011,30.5,Pre-Statcast (2005–2014),BIS Scouted (Hard%)
Melky Cabrera,2011,23.3,Pre-Statcast (2005–2014),BIS Scouted (Hard%)
Erick Aybar,2011,19.2,Pre-Statcast (2005–2014),BIS Scouted (Hard%)
B.J. Upton,2011,28.7,Pre-Statcast (2005–2014),BIS Scouted (Hard%)
Corey Hart,2011,34.6,Pre-Statcast (2005–2014),BIS Scouted (Hard%)
Michael Bourn,2011,19.4,Pre-Statcast (2005–2014),BIS Scouted (Hard%)
David Ortiz,2011,38.6,Pre-Statcast (2005–2014),BIS Scouted (Hard%)
Asdrúbal Cabrera,2011,26.8,Pre-Statcast (2005–2014),BIS Scouted (Hard%)
Matt Joyce,2011,30,Pre-Statcast (2005–2014),BIS Scouted (Hard%)
Jimmy Rollins,2011,25.2,Pre-Statcast (2005–2014),BIS Scouted (Hard%)
Ryan Roberts,2011,25.7,Pre-Statcast (2005–2014),BIS Scouted (Hard%)
Alberto Callaspo,2011,16.3,Pre-Statcast (2005–2014),BIS Scouted (Hard%)
Yunel Escobar,2011,20.8,Pre-Statcast (2005–2014),BIS Scouted (Hard%)
Carlos González,2011,30.1,Pre-Statcast (2005–2014),BIS Scouted (Hard%)
Kevin Youkilis,2011,33.7,Pre-Statcast (2005–2014),BIS Scouted (Hard%)
Nick Swisher,2011,30.5,Pre-Statcast (2005–2014),BIS Scouted (Hard%)
Aramis Ramirez,2011,28.8,Pre-Statcast (2005–2014),BIS Scouted (Hard%)
Rickie Weeks Jr.,2011,30,Pre-Statcast (2005–2014),BIS Scouted (Hard%)
Danny Espinosa,2011,29.3,Pre-Statcast (2005–2014),BIS Scouted (Hard%)
Michael Young,2011,25.6,Pre-Statcast (2005–2014),BIS Scouted (Hard%)
Andre Ethier,2011,25.6,Pre-Statcast (2005–2014),BIS Scouted (Hard%)
Emilio Bonifácio,2011,18.6,Pre-Statcast (2005–2014),BIS Scouted (Hard%)
Jay Bruce,2011,33.7,Pre-Statcast (2005–2014),BIS Scouted (Hard%)
Carlos Lee,2011,26.2,Pre-Statcast (2005–2014),BIS Scouted (Hard%)
Michael Morse,2011,35.8,Pre-Statcast (2005–2014),BIS Scouted (Hard%)
Starlin Castro,2011,23,Pre-Statcast (2005–2014),BIS Scouted (Hard%)
Paul Konerko,2011,29.7,Pre-Statcast (2005–2014),BIS Scouted (Hard%)
Gaby Sanchez,2011,26,Pre-Statcast (2005–2014),BIS Scouted (Hard%)
Jeff Francoeur,2011,28.1,Pre-Statcast (2005–2014),BIS Scouted (Hard%)
Neil Walker,2011,30.9,Pre-Statcast (2005–2014),BIS Scouted (Hard%)
Adam Jones,2011,26.1,Pre-Statcast (2005–2014),BIS Scouted (Hard%)
Carlos Pena,2011,42.4,Pre-Statcast (2005–2014),BIS Scouted (Hard%)
Michael Cuddyer,2011,25.4,Pre-Statcast (2005–2014),BIS Scouted (Hard%)
Austin Jackson,2011,21.3,Pre-Statcast (2005–2014),BIS Scouted (Hard%)
Jon Jay,2011,20.4,Pre-Statcast (2005–2014),BIS Scouted (Hard%)
Casey Kotchman,2011,21.7,Pre-Statcast (2005–2014),BIS Scouted (Hard%)
Dan Uggla,2011,29.1,Pre-Statcast (2005–2014),BIS Scouted (Hard%)
Placido Polanco,2011,12.7,Pre-Statcast (2005–2014),BIS Scouted (Hard%)
Jayson Werth,2011,26.7,Pre-Statcast (2005–2014),BIS Scouted (Hard%)
Omar Infante,2011,21.8,Pre-Statcast (2005–2014),BIS Scouted (Hard%)
Derek Jeter,2011,20,Pre-Statcast (2005–2014),BIS Scouted (Hard%)
Drew Stubbs,2011,27.6,Pre-Statcast (2005–2014),BIS Scouted (Hard%)
Dexter Fowler,2011,27.9,Pre-Statcast (2005–2014),BIS Scouted (Hard%)
James Loney,2011,18,Pre-Statcast (2005–2014),BIS Scouted (Hard%)
Jamey Carroll,2011,10.9,Pre-Statcast (2005–2014),BIS Scouted (Hard%)
Josh Willingham,2011,35,Pre-Statcast (2005–2014),BIS Scouted (Hard%)
Kelly Johnson,2011,29.8,Pre-Statcast (2005–2014),BIS Scouted (Hard%)
Torii Hunter,2011,32.3,Pre-Statcast (2005–2014),BIS Scouted (Hard%)
Coco Crisp,2011,24.4,Pre-Statcast (2005–2014),BIS Scouted (Hard%)
Alcides Escobar,2011,14.9,Pre-Statcast (2005–2014),BIS Scouted (Hard%)
Chipper Jones Jr.,2011,27,Pre-Statcast (2005–2014),BIS Scouted (Hard%)
Victor Martinez,2011,25.6,Pre-Statcast (2005–2014),BIS Scouted (Hard%)
Mark Trumbo,2011,29.6,Pre-Statcast (2005–2014),BIS Scouted (Hard%)
David DeJesus,2011,24.2,Pre-Statcast (2005–2014),BIS Scouted (Hard%)
Ryan Howard,2011,36.2,Pre-Statcast (2005–2014),BIS Scouted (Hard%)
Darwin Barney,2011,12.5,Pre-Statcast (2005–2014),BIS Scouted (Hard%)
Nick Markakis,2011,25.2,Pre-Statcast (2005–2014),BIS Scouted (Hard%)
Robert Andino,2011,18.2,Pre-Statcast (2005–2014),BIS Scouted (Hard%)
Johnny Damon,2011,19.9,Pre-Statcast (2005–2014),BIS Scouted (Hard%)
Nelson Cruz,2011,30.9,Pre-Statcast (2005–2014),BIS Scouted (Hard%)
Cliff Pennington,2011,18.4,Pre-Statcast (2005–2014),BIS Scouted (Hard%)
Seth Smith,2011,29.5,Pre-Statcast (2005–2014),BIS Scouted (Hard%)
Martín Prado,2011,19.1,Pre-Statcast (2005–2014),BIS Scouted (Hard%)
Billy Butler,2011,31,Pre-Statcast (2005–2014),BIS Scouted (Hard%)
Jason Bartlett,2011,16.1,Pre-Statcast (2005–2014),BIS Scouted (Hard%)
Alfonso Soriano,2011,28.3,Pre-Statcast (2005–2014),BIS Scouted (Hard%)
Eric Hosmer,2011,27.1,Pre-Statcast (2005–2014),BIS Scouted (Hard%)
Ian Desmond,2011,21.9,Pre-Statcast (2005–2014),BIS Scouted (Hard%)
Mark Ellis,2011,18.5,Pre-Statcast (2005–2014),BIS Scouted (Hard%)
Kurt Suzuki,2011,20.4,Pre-Statcast (2005–2014),BIS Scouted (Hard%)
Ángel Pagán,2011,20.7,Pre-Statcast (2005–2014),BIS Scouted (Hard%)
Logan Morrison,2011,30.5,Pre-Statcast (2005–2014),BIS Scouted (Hard%)
Gordon Beckham,2011,19.3,Pre-Statcast (2005–2014),BIS Scouted (Hard%)
Edwin Encarnación,2011,30.5,Pre-Statcast (2005–2014),BIS Scouted (Hard%)
Aaron Hill,2011,23.9,Pre-Statcast (2005–2014),BIS Scouted (Hard%)
Freddie Freeman,2011,32.5,Pre-Statcast (2005–2014),BIS Scouted (Hard%)
Álex González,2011,22.7,Pre-Statcast (2005–2014),BIS Scouted (Hard%)
Colby Rasmus,2011,32.5,Pre-Statcast (2005–2014),BIS Scouted (Hard%)
Carlos Santana,2011,31.2,Pre-Statcast (2005–2014),BIS Scouted (Hard%)
Vernon Wells,2011,25.1,Pre-Statcast (2005–2014),BIS Scouted (Hard%)
Jason Bay,2011,24,Pre-Statcast (2005–2014),BIS Scouted (Hard%)
Juan Rivera,2011,23.8,Pre-Statcast (2005–2014),BIS Scouted (Hard%)
Ryan Ludwick,2011,26.7,Pre-Statcast (2005–2014),BIS Scouted (Hard%)
Bobby Abreu,2011,24.2,Pre-Statcast (2005–2014),BIS Scouted (Hard%)
Adam Lind,2011,33.2,Pre-Statcast (2005–2014),BIS Scouted (Hard%)
Hideki Matsui,2011,26,Pre-Statcast (2005–2014),BIS Scouted (Hard%)
Mitch Moreland,2011,26.8,Pre-Statcast (2005–2014),BIS Scouted (Hard%)
John Buck,2011,28.5,Pre-Statcast (2005–2014),BIS Scouted (Hard%)
Mark Reynolds,2011,32.5,Pre-Statcast (2005–2014),BIS Scouted (Hard%)
Ichiro Suzuki,2011,12.1,Pre-Statcast (2005–2014),BIS Scouted (Hard%)
Carl Crawford,2011,25.5,Pre-Statcast (2005–2014),BIS Scouted (Hard%)
Yuniesky Betancourt,2011,23.7,Pre-Statcast (2005–2014),BIS Scouted (Hard%)
Casey McGehee,2011,25.3,Pre-Statcast (2005–2014),BIS Scouted (Hard%)
Delmon Young,2011,23.4,Pre-Statcast (2005–2014),BIS Scouted (Hard%)
Kosuke Fukudome,2011,21.3,Pre-Statcast (2005–2014),BIS Scouted (Hard%)
Danny Valencia,2011,22.3,Pre-Statcast (2005–2014),BIS Scouted (Hard%)
Vladimir Guerrero,2011,22.7,Pre-Statcast (2005–2014),BIS Scouted (Hard%)
Juan Pierre,2011,13.9,Pre-Statcast (2005–2014),BIS Scouted (Hard%)
Aubrey Huff,2011,23.2,Pre-Statcast (2005–2014),BIS Scouted (Hard%)
Miguel Olivo,2011,28.6,Pre-Statcast (2005–2014),BIS Scouted (Hard%)
Alex Rios,2011,22.2,Pre-Statcast (2005–2014),BIS Scouted (Hard%)
Raul Ibanez,2011,27.6,Pre-Statcast (2005–2014),BIS Scouted (Hard%)
Mike Trout,2012,32.8,Pre-Statcast (2005–2014),BIS Scouted (Hard%)
Buster Posey,2012,31.6,Pre-Statcast (2005–2014),BIS Scouted (Hard%)
Yadier Molina,2012,31.7,Pre-Statcast (2005–2014),BIS Scouted (Hard%)
Andrew McCutchen,2012,37.1,Pre-Statcast (2005–2014),BIS Scouted (Hard%)
Robinson Canó,2012,38.1,Pre-Statcast (2005–2014),BIS Scouted (Hard%)
Miguel Cabrera,2012,43,Pre-Statcast (2005–2014),BIS Scouted (Hard%)
Chase Headley,2012,36.1,Pre-Statcast (2005–2014),BIS Scouted (Hard%)
Ryan Braun,2012,36.8,Pre-Statcast (2005–2014),BIS Scouted (Hard%)
David Wright,2012,32.7,Pre-Statcast (2005–2014),BIS Scouted (Hard%)
Adrian Beltré,2012,35.8,Pre-Statcast (2005–2014),BIS Scouted (Hard%)
Ben Zobrist,2012,30.6,Pre-Statcast (2005–2014),BIS Scouted (Hard%)
Aramis Ramirez,2012,39.4,Pre-Statcast (2005–2014),BIS Scouted (Hard%)
Miguel Montero,2012,31,Pre-Statcast (2005–2014),BIS Scouted (Hard%)
Michael Bourn,2012,30.5,Pre-Statcast (2005–2014),BIS Scouted (Hard%)
Jason Heyward,2012,34.5,Pre-Statcast (2005–2014),BIS Scouted (Hard%)
Austin Jackson,2012,33.8,Pre-Statcast (2005–2014),BIS Scouted (Hard%)
Prince Fielder,2012,35.3,Pre-Statcast (2005–2014),BIS Scouted (Hard%)
Aaron Hill,2012,34.4,Pre-Statcast (2005–2014),BIS Scouted (Hard%)
Alex Gordon,2012,27.9,Pre-Statcast (2005–2014),BIS Scouted (Hard%)
Josh Hamilton,2012,36.9,Pre-Statcast (2005–2014),BIS Scouted (Hard%)
Torii Hunter,2012,32.8,Pre-Statcast (2005–2014),BIS Scouted (Hard%)
Jimmy Rollins,2012,26.1,Pre-Statcast (2005–2014),BIS Scouted (Hard%)
Matt Holliday,2012,39.4,Pre-Statcast (2005–2014),BIS Scouted (Hard%)
Joe Mauer,2012,37.1,Pre-Statcast (2005–2014),BIS Scouted (Hard%)
Ángel Pagán,2012,27.8,Pre-Statcast (2005–2014),BIS Scouted (Hard%)
Edwin Encarnación,2012,36.3,Pre-Statcast (2005–2014),BIS Scouted (Hard%)
Martín Prado,2012,28.3,Pre-Statcast (2005–2014),BIS Scouted (Hard%)
Adam Jones,2012,35.3,Pre-Statcast (2005–2014),BIS Scouted (Hard%)
Bryce Harper,2012,30.1,Pre-Statcast (2005–2014),BIS Scouted (Hard%)
Dustin Pedroia,2012,31.4,Pre-Statcast (2005–2014),BIS Scouted (Hard%)
Ian Desmond,2012,32.7,Pre-Statcast (2005–2014),BIS Scouted (Hard%)
Matt Wieters,2012,31.9,Pre-Statcast (2005–2014),BIS Scouted (Hard%)
Ryan Zimmerman,2012,39.7,Pre-Statcast (2005–2014),BIS Scouted (Hard%)
Curtis Granderson,2012,31.1,Pre-Statcast (2005–2014),BIS Scouted (Hard%)
Yoenis Cespedes,2012,33,Pre-Statcast (2005–2014),BIS Scouted (Hard%)
Alex Rios,2012,32,Pre-Statcast (2005–2014),BIS Scouted (Hard%)
José Reyes,2012,27.3,Pre-Statcast (2005–2014),BIS Scouted (Hard%)
Kyle Seager,2012,30.4,Pre-Statcast (2005–2014),BIS Scouted (Hard%)
David Freese,2012,36,Pre-Statcast (2005–2014),BIS Scouted (Hard%)
Elvis Andrus,2012,27.1,Pre-Statcast (2005–2014),BIS Scouted (Hard%)
Josh Willingham,2012,37.5,Pre-Statcast (2005–2014),BIS Scouted (Hard%)
A.J. Pierzynski,2012,28.6,Pre-Statcast (2005–2014),BIS Scouted (Hard%)
Josh Reddick,2012,31.2,Pre-Statcast (2005–2014),BIS Scouted (Hard%)
Nick Swisher,2012,35.3,Pre-Statcast (2005–2014),BIS Scouted (Hard%)
Erick Aybar,2012,23.4,Pre-Statcast (2005–2014),BIS Scouted (Hard%)
Jason Kipnis,2012,27.3,Pre-Statcast (2005–2014),BIS Scouted (Hard%)
Adam LaRoche,2012,37.3,Pre-Statcast (2005–2014),BIS Scouted (Hard%)
Carlos Beltrán,2012,34.1,Pre-Statcast (2005–2014),BIS Scouted (Hard%)
B.J. Upton,2012,28.1,Pre-Statcast (2005–2014),BIS Scouted (Hard%)
David Murphy,2012,31,Pre-Statcast (2005–2014),BIS Scouted (Hard%)
Brandon Phillips,2012,26.2,Pre-Statcast (2005–2014),BIS Scouted (Hard%)
Albert Pujols,2012,33.5,Pre-Statcast (2005–2014),BIS Scouted (Hard%)
Derek Jeter,2012,22.7,Pre-Statcast (2005–2014),BIS Scouted (Hard%)
Dan Uggla,2012,31.8,Pre-Statcast (2005–2014),BIS Scouted (Hard%)
Desmond Jennings,2012,30.6,Pre-Statcast (2005–2014),BIS Scouted (Hard%)
Shin-Soo Choo,2012,30.1,Pre-Statcast (2005–2014),BIS Scouted (Hard%)
Denard Span,2012,20.7,Pre-Statcast (2005–2014),BIS Scouted (Hard%)
Alfonso Soriano,2012,33.6,Pre-Statcast (2005–2014),BIS Scouted (Hard%)
Mike Moustakas,2012,25.7,Pre-Statcast (2005–2014),BIS Scouted (Hard%)
Starlin Castro,2012,26.9,Pre-Statcast (2005–2014),BIS Scouted (Hard%)
Adrián González,2012,33.4,Pre-Statcast (2005–2014),BIS Scouted (Hard%)
Dexter Fowler,2012,30.8,Pre-Statcast (2005–2014),BIS Scouted (Hard%)
Andre Ethier,2012,32,Pre-Statcast (2005–2014),BIS Scouted (Hard%)
Alberto Callaspo,2012,24.4,Pre-Statcast (2005–2014),BIS Scouted (Hard%)
Ian Kinsler,2012,26.4,Pre-Statcast (2005–2014),BIS Scouted (Hard%)
Hanley Ramirez,2012,33.3,Pre-Statcast (2005–2014),BIS Scouted (Hard%)
Jon Jay,2012,25.9,Pre-Statcast (2005–2014),BIS Scouted (Hard%)
Mark Trumbo,2012,36.1,Pre-Statcast (2005–2014),BIS Scouted (Hard%)
Paul Goldschmidt,2012,38.9,Pre-Statcast (2005–2014),BIS Scouted (Hard%)
Carlos González,2012,34,Pre-Statcast (2005–2014),BIS Scouted (Hard%)
Cody Ross,2012,32.2,Pre-Statcast (2005–2014),BIS Scouted (Hard%)
Danny Espinosa,2012,31.2,Pre-Statcast (2005–2014),BIS Scouted (Hard%)
Mark Teixeira,2012,34.2,Pre-Statcast (2005–2014),BIS Scouted (Hard%)
Billy Butler,2012,36.7,Pre-Statcast (2005–2014),BIS Scouted (Hard%)
A.J. Ellis,2012,28.2,Pre-Statcast (2005–2014),BIS Scouted (Hard%)
Shane Victorino,2012,23.5,Pre-Statcast (2005–2014),BIS Scouted (Hard%)
Michael Brantley,2012,25.4,Pre-Statcast (2005–2014),BIS Scouted (Hard%)
Alcides Escobar,2012,20.9,Pre-Statcast (2005–2014),BIS Scouted (Hard%)
Justin Upton,2012,30.8,Pre-Statcast (2005–2014),BIS Scouted (Hard%)
Alejandro De Aza,2012,28.6,Pre-Statcast (2005–2014),BIS Scouted (Hard%)
Pedro Álvarez,2012,33.6,Pre-Statcast (2005–2014),BIS Scouted (Hard%)
Coco Crisp,2012,23.3,Pre-Statcast (2005–2014),BIS Scouted (Hard%)
Asdrúbal Cabrera,2012,32.5,Pre-Statcast (2005–2014),BIS Scouted (Hard%)
Alex Rodriguez,2012,33,Pre-Statcast (2005–2014),BIS Scouted (Hard%)
Norichika Aoki,2012,24.9,Pre-Statcast (2005–2014),BIS Scouted (Hard%)
Marco Scutaro,2012,28.6,Pre-Statcast (2005–2014),BIS Scouted (Hard%)
Michael Saunders,2012,34.2,Pre-Statcast (2005–2014),BIS Scouted (Hard%)
Neil Walker,2012,30.5,Pre-Statcast (2005–2014),BIS Scouted (Hard%)
Jay Bruce,2012,37.4,Pre-Statcast (2005–2014),BIS Scouted (Hard%)
J.J. Hardy,2012,31.1,Pre-Statcast (2005–2014),BIS Scouted (Hard%)
Omar Infante,2012,25.3,Pre-Statcast (2005–2014),BIS Scouted (Hard%)
Howie Kendrick,2012,31.6,Pre-Statcast (2005–2014),BIS Scouted (Hard%)
Allen Craig,2012,29.5,Pre-Statcast (2005–2014),BIS Scouted (Hard%)
Ichiro Suzuki,2012,17.8,Pre-Statcast (2005–2014),BIS Scouted (Hard%)
Corey Hart,2012,38.2,Pre-Statcast (2005–2014),BIS Scouted (Hard%)
Ben Revere,2012,18.4,Pre-Statcast (2005–2014),BIS Scouted (Hard%)
Dustin Ackley,2012,27.8,Pre-Statcast (2005–2014),BIS Scouted (Hard%)
Paul Konerko,2012,27.7,Pre-Statcast (2005–2014),BIS Scouted (Hard%)
Adam Dunn,2012,38.9,Pre-Statcast (2005–2014),BIS Scouted (Hard%)
Jhonny Peralta,2012,30.5,Pre-Statcast (2005–2014),BIS Scouted (Hard%)
Alexei Ramirez,2012,22.3,Pre-Statcast (2005–2014),BIS Scouted (Hard%)
Jose Altuve,2012,22.5,Pre-Statcast (2005–2014),BIS Scouted (Hard%)
Brett Lawrie,2012,26,Pre-Statcast (2005–2014),BIS Scouted (Hard%)
Zack Cozart,2012,23.8,Pre-Statcast (2005–2014),BIS Scouted (Hard%)
Darwin Barney,2012,20.6,Pre-Statcast (2005–2014),BIS Scouted (Hard%)
Hunter Pence,2012,30.2,Pre-Statcast (2005–2014),BIS Scouted (Hard%)
Cameron Maybin,2012,31.3,Pre-Statcast (2005–2014),BIS Scouted (Hard%)
David DeJesus,2012,35.2,Pre-Statcast (2005–2014),BIS Scouted (Hard%)
Kevin Youkilis,2012,33,Pre-Statcast (2005–2014),BIS Scouted (Hard%)
Chris Davis,2012,34.7,Pre-Statcast (2005–2014),BIS Scouted (Hard%)
Freddie Freeman,2012,38.8,Pre-Statcast (2005–2014),BIS Scouted (Hard%)
Daniel Murphy,2012,23.5,Pre-Statcast (2005–2014),BIS Scouted (Hard%)
Garrett Jones,2012,34.8,Pre-Statcast (2005–2014),BIS Scouted (Hard%)
Jamey Carroll,2012,14.4,Pre-Statcast (2005–2014),BIS Scouted (Hard%)
Rickie Weeks Jr.,2012,33.7,Pre-Statcast (2005–2014),BIS Scouted (Hard%)
Kendrys Morales,2012,35.3,Pre-Statcast (2005–2014),BIS Scouted (Hard%)
Jason Kubel,2012,38.5,Pre-Statcast (2005–2014),BIS Scouted (Hard%)
Mike Aviles,2012,26.8,Pre-Statcast (2005–2014),BIS Scouted (Hard%)
Chris Johnson,2012,30.7,Pre-Statcast (2005–2014),BIS Scouted (Hard%)
Yunel Escobar,2012,23,Pre-Statcast (2005–2014),BIS Scouted (Hard%)
Drew Stubbs,2012,26.3,Pre-Statcast (2005–2014),BIS Scouted (Hard%)
Colby Rasmus,2012,35.3,Pre-Statcast (2005–2014),BIS Scouted (Hard%)
Yonder Alonso,2012,30,Pre-Statcast (2005–2014),BIS Scouted (Hard%)
Nelson Cruz,2012,38.8,Pre-Statcast (2005–2014),BIS Scouted (Hard%)
Gordon Beckham,2012,25.3,Pre-Statcast (2005–2014),BIS Scouted (Hard%)
Ike Davis,2012,38.8,Pre-Statcast (2005–2014),BIS Scouted (Hard%)
Dayan Viciedo,2012,28.8,Pre-Statcast (2005–2014),BIS Scouted (Hard%)
Rafael Furcal,2012,18.9,Pre-Statcast (2005–2014),BIS Scouted (Hard%)
Kelly Johnson,2012,31.4,Pre-Statcast (2005–2014),BIS Scouted (Hard%)
Mark Reynolds,2012,35,Pre-Statcast (2005–2014),BIS Scouted (Hard%)
Carlos Pena,2012,33.6,Pre-Statcast (2005–2014),BIS Scouted (Hard%)
Carlos Santana,2012,30.4,Pre-Statcast (2005–2014),BIS Scouted (Hard%)
Carlos Lee,2012,26.2,Pre-Statcast (2005–2014),BIS Scouted (Hard%)
Justin Morneau,2012,31.2,Pre-Statcast (2005–2014),BIS Scouted (Hard%)
Jordan Pacheco,2012,26.5,Pre-Statcast (2005–2014),BIS Scouted (Hard%)
Jemile Weeks,2012,17.4,Pre-Statcast (2005–2014),BIS Scouted (Hard%)
Brennan Boesch,2012,26.1,Pre-Statcast (2005–2014),BIS Scouted (Hard%)
Justin Smoak,2012,28.9,Pre-Statcast (2005–2014),BIS Scouted (Hard%)
Ryan Doumit,2012,32.2,Pre-Statcast (2005–2014),BIS Scouted (Hard%)
Jeff Francoeur,2012,29.1,Pre-Statcast (2005–2014),BIS Scouted (Hard%)
Delmon Young,2012,34.3,Pre-Statcast (2005–2014),BIS Scouted (Hard%)
Jesus Montero,2012,29.6,Pre-Statcast (2005–2014),BIS Scouted (Hard%)
Eric Hosmer,2012,33.5,Pre-Statcast (2005–2014),BIS Scouted (Hard%)
Michael Young,2012,26.5,Pre-Statcast (2005–2014),BIS Scouted (Hard%)
Mike Trout,2013,38,Pre-Statcast (2005–2014),BIS Scouted (Hard%)
Miguel Cabrera,2013,45.1,Pre-Statcast (2005–2014),BIS Scouted (Hard%)
Andrew McCutchen,2013,39.9,Pre-Statcast (2005–2014),BIS Scouted (Hard%)
Josh Donaldson,2013,31.5,Pre-Statcast (2005–2014),BIS Scouted (Hard%)
Matt Carpenter,2013,33.1,Pre-Statcast (2005–2014),BIS Scouted (Hard%)
Yadier Molina,2013,34.4,Pre-Statcast (2005–2014),BIS Scouted (Hard%)
Chris Davis,2013,41.3,Pre-Statcast (2005–2014),BIS Scouted (Hard%)
Carlos Gómez,2013,37,Pre-Statcast (2005–2014),BIS Scouted (Hard%)
Buster Posey,2013,32.6,Pre-Statcast (2005–2014),BIS Scouted (Hard%)
Jonathan Lucroy,2013,36.5,Pre-Statcast (2005–2014),BIS Scouted (Hard%)
Shin-Soo Choo,2013,30.4,Pre-Statcast (2005–2014),BIS Scouted (Hard%)
Paul Goldschmidt,2013,41.6,Pre-Statcast (2005–2014),BIS Scouted (Hard%)
Robinson Canó,2013,38.5,Pre-Statcast (2005–2014),BIS Scouted (Hard%)
Joey Votto,2013,37.6,Pre-Statcast (2005–2014),BIS Scouted (Hard%)
Evan Longoria,2013,41.3,Pre-Statcast (2005–2014),BIS Scouted (Hard%)
Jason Kipnis,2013,35.1,Pre-Statcast (2005–2014),BIS Scouted (Hard%)
Joe Mauer,2013,37.4,Pre-Statcast (2005–2014),BIS Scouted (Hard%)
Manny Machado,2013,29,Pre-Statcast (2005–2014),BIS Scouted (Hard%)
Freddie Freeman,2013,37.7,Pre-Statcast (2005–2014),BIS Scouted (Hard%)
Russell Martin,2013,32.5,Pre-Statcast (2005–2014),BIS Scouted (Hard%)
Troy Tulowitzki,2013,36.6,Pre-Statcast (2005–2014),BIS Scouted (Hard%)
Adam Jones,2013,37.5,Pre-Statcast (2005–2014),BIS Scouted (Hard%)
Adrian Beltré,2013,35.3,Pre-Statcast (2005–2014),BIS Scouted (Hard%)
Dustin Pedroia,2013,31.4,Pre-Statcast (2005–2014),BIS Scouted (Hard%)
Shane Victorino,2013,28,Pre-Statcast (2005–2014),BIS Scouted (Hard%)
Jacoby Ellsbury,2013,30.3,Pre-Statcast (2005–2014),BIS Scouted (Hard%)
Hunter Pence,2013,33.8,Pre-Statcast (2005–2014),BIS Scouted (Hard%)
Jayson Werth,2013,39.9,Pre-Statcast (2005–2014),BIS Scouted (Hard%)
Alex Gordon,2013,34.3,Pre-Statcast (2005–2014),BIS Scouted (Hard%)
Ian Desmond,2013,31.8,Pre-Statcast (2005–2014),BIS Scouted (Hard%)
Starling Marte,2013,32.2,Pre-Statcast (2005–2014),BIS Scouted (Hard%)
Kyle Seager,2013,29.3,Pre-Statcast (2005–2014),BIS Scouted (Hard%)
Ben Zobrist,2013,29,Pre-Statcast (2005–2014),BIS Scouted (Hard%)
Brandon Belt,2013,36.9,Pre-Statcast (2005–2014),BIS Scouted (Hard%)
José Bautista,2013,37.9,Pre-Statcast (2005–2014),BIS Scouted (Hard%)
Jay Bruce,2013,34.5,Pre-Statcast (2005–2014),BIS Scouted (Hard%)
Marlon Byrd,2013,40.4,Pre-Statcast (2005–2014),BIS Scouted (Hard%)
Jean Segura,2013,27.6,Pre-Statcast (2005–2014),BIS Scouted (Hard%)
Edwin Encarnación,2013,36.6,Pre-Statcast (2005–2014),BIS Scouted (Hard%)
Matt Holliday,2013,38.4,Pre-Statcast (2005–2014),BIS Scouted (Hard%)
Chase Utley,2013,34.6,Pre-Statcast (2005–2014),BIS Scouted (Hard%)
Coco Crisp,2013,24.5,Pre-Statcast (2005–2014),BIS Scouted (Hard%)
Andrelton Simmons,2013,26.8,Pre-Statcast (2005–2014),BIS Scouted (Hard%)
Justin Upton,2013,29.9,Pre-Statcast (2005–2014),BIS Scouted (Hard%)
Chase Headley,2013,34.7,Pre-Statcast (2005–2014),BIS Scouted (Hard%)
David Ortiz,2013,44.4,Pre-Statcast (2005–2014),BIS Scouted (Hard%)
Jed Lowrie,2013,27,Pre-Statcast (2005–2014),BIS Scouted (Hard%)
Andre Ethier,2013,35.9,Pre-Statcast (2005–2014),BIS Scouted (Hard%)
Mike Napoli,2013,41.3,Pre-Statcast (2005–2014),BIS Scouted (Hard%)
Gerardo Parra,2013,32,Pre-Statcast (2005–2014),BIS Scouted (Hard%)
Brett Gardner,2013,24.9,Pre-Statcast (2005–2014),BIS Scouted (Hard%)
Austin Jackson,2013,32.6,Pre-Statcast (2005–2014),BIS Scouted (Hard%)
J.J. Hardy,2013,28.3,Pre-Statcast (2005–2014),BIS Scouted (Hard%)
Salvador Perez,2013,29.7,Pre-Statcast (2005–2014),BIS Scouted (Hard%)
Denard Span,2013,18.7,Pre-Statcast (2005–2014),BIS Scouted (Hard%)
Eric Hosmer,2013,36.7,Pre-Statcast (2005–2014),BIS Scouted (Hard%)
Daniel Murphy,2013,31.3,Pre-Statcast (2005–2014),BIS Scouted (Hard%)
Chris Johnson,2013,30,Pre-Statcast (2005–2014),BIS Scouted (Hard%)
Desmond Jennings,2013,35,Pre-Statcast (2005–2014),BIS Scouted (Hard%)
Torii Hunter,2013,30.6,Pre-Statcast (2005–2014),BIS Scouted (Hard%)
Yunel Escobar,2013,32.6,Pre-Statcast (2005–2014),BIS Scouted (Hard%)
Todd Frazier,2013,32.1,Pre-Statcast (2005–2014),BIS Scouted (Hard%)
Leonys Martin,2013,24.5,Pre-Statcast (2005–2014),BIS Scouted (Hard%)
Brian Dozier,2013,27,Pre-Statcast (2005–2014),BIS Scouted (Hard%)
Alex Rios,2013,24.7,Pre-Statcast (2005–2014),BIS Scouted (Hard%)
Giancarlo Stanton,2013,38.8,Pre-Statcast (2005–2014),BIS Scouted (Hard%)
Chris Denorfia,2013,30.3,Pre-Statcast (2005–2014),BIS Scouted (Hard%)
Michael Cuddyer,2013,30.4,Pre-Statcast (2005–2014),BIS Scouted (Hard%)
Ryan Zimmerman,2013,40,Pre-Statcast (2005–2014),BIS Scouted (Hard%)
Pedro Álvarez,2013,41.2,Pre-Statcast (2005–2014),BIS Scouted (Hard%)
Ian Kinsler,2013,32.9,Pre-Statcast (2005–2014),BIS Scouted (Hard%)
Elvis Andrus,2013,25.9,Pre-Statcast (2005–2014),BIS Scouted (Hard%)
Alexei Ramirez,2013,23.1,Pre-Statcast (2005–2014),BIS Scouted (Hard%)
Brandon Phillips,2013,28.2,Pre-Statcast (2005–2014),BIS Scouted (Hard%)
Carlos Beltrán,2013,37.4,Pre-Statcast (2005–2014),BIS Scouted (Hard%)
Daniel Nava,2013,34.2,Pre-Statcast (2005–2014),BIS Scouted (Hard%)
Prince Fielder,2013,34.2,Pre-Statcast (2005–2014),BIS Scouted (Hard%)
Carlos Santana,2013,31.7,Pre-Statcast (2005–2014),BIS Scouted (Hard%)
Alfonso Soriano,2013,31.7,Pre-Statcast (2005–2014),BIS Scouted (Hard%)
Will Venable,2013,32.2,Pre-Statcast (2005–2014),BIS Scouted (Hard%)
Allen Craig,2013,32.9,Pre-Statcast (2005–2014),BIS Scouted (Hard%)
Marco Scutaro,2013,19.5,Pre-Statcast (2005–2014),BIS Scouted (Hard%)
Brandon Moss,2013,39.8,Pre-Statcast (2005–2014),BIS Scouted (Hard%)
Domonic Brown,2013,33.3,Pre-Statcast (2005–2014),BIS Scouted (Hard%)
Adrián González,2013,35.8,Pre-Statcast (2005–2014),BIS Scouted (Hard%)
Neil Walker,2013,33.7,Pre-Statcast (2005–2014),BIS Scouted (Hard%)
Jedd Gyorko,2013,36.7,Pre-Statcast (2005–2014),BIS Scouted (Hard%)
Alejandro De Aza,2013,23.3,Pre-Statcast (2005–2014),BIS Scouted (Hard%)
Nate McLouth,2013,27.1,Pre-Statcast (2005–2014),BIS Scouted (Hard%)
James Loney,2013,28.3,Pre-Statcast (2005–2014),BIS Scouted (Hard%)
Grégor Blanco,2013,26.2,Pre-Statcast (2005–2014),BIS Scouted (Hard%)
Norichika Aoki,2013,25.7,Pre-Statcast (2005–2014),BIS Scouted (Hard%)
Brandon Crawford,2013,24.6,Pre-Statcast (2005–2014),BIS Scouted (Hard%)
Howie Kendrick,2013,33.7,Pre-Statcast (2005–2014),BIS Scouted (Hard%)
Nick Swisher,2013,34.5,Pre-Statcast (2005–2014),BIS Scouted (Hard%)
Pablo Sandoval,2013,29,Pre-Statcast (2005–2014),BIS Scouted (Hard%)
Yoenis Cespedes,2013,31.6,Pre-Statcast (2005–2014),BIS Scouted (Hard%)
Michael Brantley,2013,24.2,Pre-Statcast (2005–2014),BIS Scouted (Hard%)
Anthony Rizzo,2013,33.9,Pre-Statcast (2005–2014),BIS Scouted (Hard%)
Nolan Arenado,2013,28.7,Pre-Statcast (2005–2014),BIS Scouted (Hard%)
Jon Jay,2013,25.5,Pre-Statcast (2005–2014),BIS Scouted (Hard%)
Michael Bourn,2013,21.7,Pre-Statcast (2005–2014),BIS Scouted (Hard%)
Jimmy Rollins,2013,23.2,Pre-Statcast (2005–2014),BIS Scouted (Hard%)
Mark Trumbo,2013,35.7,Pre-Statcast (2005–2014),BIS Scouted (Hard%)
Matt Wieters,2013,31.2,Pre-Statcast (2005–2014),BIS Scouted (Hard%)
Adam Lind,2013,40.2,Pre-Statcast (2005–2014),BIS Scouted (Hard%)
Zack Cozart,2013,23.4,Pre-Statcast (2005–2014),BIS Scouted (Hard%)
Nate Schierholtz,2013,30.6,Pre-Statcast (2005–2014),BIS Scouted (Hard%)
Asdrúbal Cabrera,2013,33.1,Pre-Statcast (2005–2014),BIS Scouted (Hard%)
Josh Hamilton,2013,32.6,Pre-Statcast (2005–2014),BIS Scouted (Hard%)
Martín Prado,2013,29.2,Pre-Statcast (2005–2014),BIS Scouted (Hard%)
Kendrys Morales,2013,36.2,Pre-Statcast (2005–2014),BIS Scouted (Hard%)
Erick Aybar,2013,24.2,Pre-Statcast (2005–2014),BIS Scouted (Hard%)
Ichiro Suzuki,2013,15.7,Pre-Statcast (2005–2014),BIS Scouted (Hard%)
Billy Butler,2013,32,Pre-Statcast (2005–2014),BIS Scouted (Hard%)
Eric Young Jr.,2013,22.4,Pre-Statcast (2005–2014),BIS Scouted (Hard%)
Alcides Escobar,2013,20.9,Pre-Statcast (2005–2014),BIS Scouted (Hard%)
Trevor Plouffe,2013,32.7,Pre-Statcast (2005–2014),BIS Scouted (Hard%)
Victor Martinez,2013,38.1,Pre-Statcast (2005–2014),BIS Scouted (Hard%)
Justin Morneau,2013,28.8,Pre-Statcast (2005–2014),BIS Scouted (Hard%)
Matt Dominguez,2013,27.6,Pre-Statcast (2005–2014),BIS Scouted (Hard%)
Justin Smoak,2013,36.3,Pre-Statcast (2005–2014),BIS Scouted (Hard%)
Mitch Moreland,2013,36.8,Pre-Statcast (2005–2014),BIS Scouted (Hard%)
Mark Reynolds,2013,34.4,Pre-Statcast (2005–2014),BIS Scouted (Hard%)
Alberto Callaspo,2013,24.8,Pre-Statcast (2005–2014),BIS Scouted (Hard%)
Nick Markakis,2013,28.3,Pre-Statcast (2005–2014),BIS Scouted (Hard%)
Chris Carter,2013,39.1,Pre-Statcast (2005–2014),BIS Scouted (Hard%)
Dan Uggla,2013,31.4,Pre-Statcast (2005–2014),BIS Scouted (Hard%)
Jose Altuve,2013,26,Pre-Statcast (2005–2014),BIS Scouted (Hard%)
Adam LaRoche,2013,34.4,Pre-Statcast (2005–2014),BIS Scouted (Hard%)
David Freese,2013,36.5,Pre-Statcast (2005–2014),BIS Scouted (Hard%)
Adam Dunn,2013,39.8,Pre-Statcast (2005–2014),BIS Scouted (Hard%)
A.J. Pierzynski,2013,29.6,Pre-Statcast (2005–2014),BIS Scouted (Hard%)
Mike Moustakas,2013,24.9,Pre-Statcast (2005–2014),BIS Scouted (Hard%)
Michael Young,2013,31.1,Pre-Statcast (2005–2014),BIS Scouted (Hard%)
Starlin Castro,2013,31.4,Pre-Statcast (2005–2014),BIS Scouted (Hard%)
Darwin Barney,2013,20.1,Pre-Statcast (2005–2014),BIS Scouted (Hard%)
Adeiny Hechavarría,2013,22.3,Pre-Statcast (2005–2014),BIS Scouted (Hard%)
Ryan Doumit,2013,33.1,Pre-Statcast (2005–2014),BIS Scouted (Hard%)
Paul Konerko,2013,27.2,Pre-Statcast (2005–2014),BIS Scouted (Hard%)
Mike Trout,2014,38.3,Pre-Statcast (2005–2014),BIS Scouted (Hard%)
Buster Posey,2014,34.6,Pre-Statcast (2005–2014),BIS Scouted (Hard%)
Jonathan Lucroy,2014,34.7,Pre-Statcast (2005–2014),BIS Scouted (Hard%)
Andrew McCutchen,2014,40.5,Pre-Statcast (2005–2014),BIS Scouted (Hard%)
Giancarlo Stanton,2014,40.4,Pre-Statcast (2005–2014),BIS Scouted (Hard%)
Michael Brantley,2014,33.8,Pre-Statcast (2005–2014),BIS Scouted (Hard%)
Anthony Rendon,2014,37.8,Pre-Statcast (2005–2014),BIS Scouted (Hard%)
José Bautista,2014,34.7,Pre-Statcast (2005–2014),BIS Scouted (Hard%)
Adrian Beltré,2014,33.3,Pre-Statcast (2005–2014),BIS Scouted (Hard%)
Carlos Gómez,2014,35.9,Pre-Statcast (2005–2014),BIS Scouted (Hard%)
Josh Donaldson,2014,34.6,Pre-Statcast (2005–2014),BIS Scouted (Hard%)
Robinson Canó,2014,28.5,Pre-Statcast (2005–2014),BIS Scouted (Hard%)
Yasiel Puig,2014,34.6,Pre-Statcast (2005–2014),BIS Scouted (Hard%)
Alex Gordon,2014,32.2,Pre-Statcast (2005–2014),BIS Scouted (Hard%)
Anthony Rizzo,2014,31.6,Pre-Statcast (2005–2014),BIS Scouted (Hard%)
José Abreu,2014,36.4,Pre-Statcast (2005–2014),BIS Scouted (Hard%)
Jayson Werth,2014,39.2,Pre-Statcast (2005–2014),BIS Scouted (Hard%)
Jose Altuve,2014,23.8,Pre-Statcast (2005–2014),BIS Scouted (Hard%)
Miguel Cabrera,2014,45,Pre-Statcast (2005–2014),BIS Scouted (Hard%)
Kyle Seager,2014,37.8,Pre-Statcast (2005–2014),BIS Scouted (Hard%)
Yan Gomes,2014,31,Pre-Statcast (2005–2014),BIS Scouted (Hard%)
Josh Harrison,2014,31.8,Pre-Statcast (2005–2014),BIS Scouted (Hard%)
Ben Zobrist,2014,27.9,Pre-Statcast (2005–2014),BIS Scouted (Hard%)
Jason Heyward,2014,26.4,Pre-Statcast (2005–2014),BIS Scouted (Hard%)
Adam Jones,2014,33,Pre-Statcast (2005–2014),BIS Scouted (Hard%)
Howie Kendrick,2014,37.3,Pre-Statcast (2005–2014),BIS Scouted (Hard%)
Jhonny Peralta,2014,33.8,Pre-Statcast (2005–2014),BIS Scouted (Hard%)
Victor Martinez,2014,39.4,Pre-Statcast (2005–2014),BIS Scouted (Hard%)
Todd Frazier,2014,34.2,Pre-Statcast (2005–2014),BIS Scouted (Hard%)
Ian Kinsler,2014,24,Pre-Statcast (2005–2014),BIS Scouted (Hard%)
Starling Marte,2014,33,Pre-Statcast (2005–2014),BIS Scouted (Hard%)
Brian Dozier,2014,27.9,Pre-Statcast (2005–2014),BIS Scouted (Hard%)
Marcell Ozuna,2014,38.2,Pre-Statcast (2005–2014),BIS Scouted (Hard%)
Freddie Freeman,2014,39.8,Pre-Statcast (2005–2014),BIS Scouted (Hard%)
Lorenzo Cain,2014,21.6,Pre-Statcast (2005–2014),BIS Scouted (Hard%)
Denard Span,2014,25.4,Pre-Statcast (2005–2014),BIS Scouted (Hard%)
Erick Aybar,2014,22.8,Pre-Statcast (2005–2014),BIS Scouted (Hard%)
Ian Desmond,2014,32.4,Pre-Statcast (2005–2014),BIS Scouted (Hard%)
Neil Walker,2014,28.6,Pre-Statcast (2005–2014),BIS Scouted (Hard%)
Christian Yelich,2014,34.2,Pre-Statcast (2005–2014),BIS Scouted (Hard%)
Hunter Pence,2014,28.1,Pre-Statcast (2005–2014),BIS Scouted (Hard%)
Nelson Cruz,2014,35.6,Pre-Statcast (2005–2014),BIS Scouted (Hard%)
Dustin Pedroia,2014,29.9,Pre-Statcast (2005–2014),BIS Scouted (Hard%)
José Reyes,2014,23.4,Pre-Statcast (2005–2014),BIS Scouted (Hard%)
Jimmy Rollins,2014,26.1,Pre-Statcast (2005–2014),BIS Scouted (Hard%)
Hanley Ramirez,2014,32.8,Pre-Statcast (2005–2014),BIS Scouted (Hard%)
Justin Upton,2014,38.2,Pre-Statcast (2005–2014),BIS Scouted (Hard%)
Chase Utley,2014,30.4,Pre-Statcast (2005–2014),BIS Scouted (Hard%)
Adam Eaton,2014,24.3,Pre-Statcast (2005–2014),BIS Scouted (Hard%)
Edwin Encarnación,2014,38.1,Pre-Statcast (2005–2014),BIS Scouted (Hard%)
Adrián González,2014,38.8,Pre-Statcast (2005–2014),BIS Scouted (Hard%)
Evan Longoria,2014,32.1,Pre-Statcast (2005–2014),BIS Scouted (Hard%)
Leonys Martin,2014,25.9,Pre-Statcast (2005–2014),BIS Scouted (Hard%)
Dee Strange-Gordon,2014,17.3,Pre-Statcast (2005–2014),BIS Scouted (Hard%)
Jacoby Ellsbury,2014,28.4,Pre-Statcast (2005–2014),BIS Scouted (Hard%)
Alcides Escobar,2014,22.2,Pre-Statcast (2005–2014),BIS Scouted (Hard%)
Yoenis Cespedes,2014,31.1,Pre-Statcast (2005–2014),BIS Scouted (Hard%)
Matt Carpenter,2014,33.3,Pre-Statcast (2005–2014),BIS Scouted (Hard%)
Chase Headley,2014,35.2,Pre-Statcast (2005–2014),BIS Scouted (Hard%)
Kole Calhoun,2014,29,Pre-Statcast (2005–2014),BIS Scouted (Hard%)
Trevor Plouffe,2014,32.9,Pre-Statcast (2005–2014),BIS Scouted (Hard%)
Brett Gardner,2014,28.9,Pre-Statcast (2005–2014),BIS Scouted (Hard%)
Miguel Montero,2014,32.4,Pre-Statcast (2005–2014),BIS Scouted (Hard%)
Alexei Ramirez,2014,23.3,Pre-Statcast (2005–2014),BIS Scouted (Hard%)
Pablo Sandoval,2014,30.8,Pre-Statcast (2005–2014),BIS Scouted (Hard%)
Luis Valbuena,2014,36.2,Pre-Statcast (2005–2014),BIS Scouted (Hard%)
Brian McCann,2014,31,Pre-Statcast (2005–2014),BIS Scouted (Hard%)
Starlin Castro,2014,29.1,Pre-Statcast (2005–2014),BIS Scouted (Hard%)
Matt Holliday,2014,39.1,Pre-Statcast (2005–2014),BIS Scouted (Hard%)
Lucas Duda,2014,41.3,Pre-Statcast (2005–2014),BIS Scouted (Hard%)
Melky Cabrera,2014,30.5,Pre-Statcast (2005–2014),BIS Scouted (Hard%)
J.J. Hardy,2014,29.9,Pre-Statcast (2005–2014),BIS Scouted (Hard%)
Brandon Crawford,2014,28.6,Pre-Statcast (2005–2014),BIS Scouted (Hard%)
Albert Pujols,2014,36.1,Pre-Statcast (2005–2014),BIS Scouted (Hard%)
Desmond Jennings,2014,31,Pre-Statcast (2005–2014),BIS Scouted (Hard%)
Billy Hamilton,2014,20.5,Pre-Statcast (2005–2014),BIS Scouted (Hard%)
Brandon Moss,2014,33.1,Pre-Statcast (2005–2014),BIS Scouted (Hard%)
Seth Smith,2014,33.1,Pre-Statcast (2005–2014),BIS Scouted (Hard%)
Daniel Murphy,2014,28.7,Pre-Statcast (2005–2014),BIS Scouted (Hard%)
Matt Kemp,2014,40.3,Pre-Statcast (2005–2014),BIS Scouted (Hard%)
David Freese,2014,39.1,Pre-Statcast (2005–2014),BIS Scouted (Hard%)
Justin Morneau,2014,31.6,Pre-Statcast (2005–2014),BIS Scouted (Hard%)
Nick Markakis,2014,27.3,Pre-Statcast (2005–2014),BIS Scouted (Hard%)
Carlos Santana,2014,35,Pre-Statcast (2005–2014),BIS Scouted (Hard%)
David Ortiz,2014,45,Pre-Statcast (2005–2014),BIS Scouted (Hard%)
Marlon Byrd,2014,36.2,Pre-Statcast (2005–2014),BIS Scouted (Hard%)
Jason Castro,2014,29.9,Pre-Statcast (2005–2014),BIS Scouted (Hard%)
Dexter Fowler,2014,29.3,Pre-Statcast (2005–2014),BIS Scouted (Hard%)
Adam LaRoche,2014,37.3,Pre-Statcast (2005–2014),BIS Scouted (Hard%)
Jordy Mercer,2014,25.3,Pre-Statcast (2005–2014),BIS Scouted (Hard%)
Asdrúbal Cabrera,2014,33.8,Pre-Statcast (2005–2014),BIS Scouted (Hard%)
Casey McGehee,2014,31.1,Pre-Statcast (2005–2014),BIS Scouted (Hard%)
Chris Carter,2014,38.3,Pre-Statcast (2005–2014),BIS Scouted (Hard%)
Norichika Aoki,2014,18.6,Pre-Statcast (2005–2014),BIS Scouted (Hard%)
Elvis Andrus,2014,20.4,Pre-Statcast (2005–2014),BIS Scouted (Hard%)
Ben Revere,2014,16.1,Pre-Statcast (2005–2014),BIS Scouted (Hard%)
Salvador Perez,2014,31.2,Pre-Statcast (2005–2014),BIS Scouted (Hard%)
Matt Adams,2014,32.1,Pre-Statcast (2005–2014),BIS Scouted (Hard%)
Jed Lowrie,2014,29.2,Pre-Statcast (2005–2014),BIS Scouted (Hard%)
Conor Gillaspie,2014,29,Pre-Statcast (2005–2014),BIS Scouted (Hard%)
Yangervis Solarte,2014,26.2,Pre-Statcast (2005–2014),BIS Scouted (Hard%)
Aramis Ramirez,2014,37,Pre-Statcast (2005–2014),BIS Scouted (Hard%)
Joe Mauer,2014,28,Pre-Statcast (2005–2014),BIS Scouted (Hard%)
Coco Crisp,2014,23.8,Pre-Statcast (2005–2014),BIS Scouted (Hard%)
Andrelton Simmons,2014,26.4,Pre-Statcast (2005–2014),BIS Scouted (Hard%)
David Wright,2014,34,Pre-Statcast (2005–2014),BIS Scouted (Hard%)
Lonnie Chisenhall,2014,24.1,Pre-Statcast (2005–2014),BIS Scouted (Hard%)
Martín Prado,2014,27.6,Pre-Statcast (2005–2014),BIS Scouted (Hard%)
Khris Davis,2014,40.3,Pre-Statcast (2005–2014),BIS Scouted (Hard%)
Zack Cozart,2014,22.9,Pre-Statcast (2005–2014),BIS Scouted (Hard%)
Charlie Blackmon,2014,28.4,Pre-Statcast (2005–2014),BIS Scouted (Hard%)
Dustin Ackley,2014,30.5,Pre-Statcast (2005–2014),BIS Scouted (Hard%)
Curtis Granderson,2014,32.5,Pre-Statcast (2005–2014),BIS Scouted (Hard%)
Austin Jackson,2014,26.1,Pre-Statcast (2005–2014),BIS Scouted (Hard%)
Ryan Braun,2014,33.7,Pre-Statcast (2005–2014),BIS Scouted (Hard%)
Torii Hunter,2014,31.7,Pre-Statcast (2005–2014),BIS Scouted (Hard%)
Chris Davis,2014,36,Pre-Statcast (2005–2014),BIS Scouted (Hard%)
James Loney,2014,24.5,Pre-Statcast (2005–2014),BIS Scouted (Hard%)
Alejandro De Aza,2014,25.5,Pre-Statcast (2005–2014),BIS Scouted (Hard%)
Gerardo Parra,2014,27.5,Pre-Statcast (2005–2014),BIS Scouted (Hard%)
Mark Teixeira,2014,34.9,Pre-Statcast (2005–2014),BIS Scouted (Hard%)
Jason Kipnis,2014,26.6,Pre-Statcast (2005–2014),BIS Scouted (Hard%)
Omar Infante,2014,25,Pre-Statcast (2005–2014),BIS Scouted (Hard%)
Adeiny Hechavarría,2014,27.4,Pre-Statcast (2005–2014),BIS Scouted (Hard%)
Adam Dunn,2014,32.5,Pre-Statcast (2005–2014),BIS Scouted (Hard%)
Yunel Escobar,2014,27.7,Pre-Statcast (2005–2014),BIS Scouted (Hard%)
Shin-Soo Choo,2014,36.6,Pre-Statcast (2005–2014),BIS Scouted (Hard%)
Chris Johnson,2014,26.5,Pre-Statcast (2005–2014),BIS Scouted (Hard%)
Nick Castellanos,2014,34,Pre-Statcast (2005–2014),BIS Scouted (Hard%)
Garrett Jones,2014,37.2,Pre-Statcast (2005–2014),BIS Scouted (Hard%)
DJ LeMahieu,2014,28.1,Pre-Statcast (2005–2014),BIS Scouted (Hard%)
Alex Rios,2014,26.2,Pre-Statcast (2005–2014),BIS Scouted (Hard%)
Derek Jeter,2014,21.1,Pre-Statcast (2005–2014),BIS Scouted (Hard%)
Jean Segura,2014,21.1,Pre-Statcast (2005–2014),BIS Scouted (Hard%)
Xander Bogaerts,2014,34.2,Pre-Statcast (2005–2014),BIS Scouted (Hard%)
B.J. Upton,2014,32.8,Pre-Statcast (2005–2014),BIS Scouted (Hard%)
Eric Hosmer,2014,33.2,Pre-Statcast (2005–2014),BIS Scouted (Hard%)
Kurt Suzuki,2014,25.8,Pre-Statcast (2005–2014),BIS Scouted (Hard%)
Ryan Howard,2014,33.6,Pre-Statcast (2005–2014),BIS Scouted (Hard%)
Jay Bruce,2014,32.9,Pre-Statcast (2005–2014),BIS Scouted (Hard%)
Aaron Hill,2014,32.2,Pre-Statcast (2005–2014),BIS Scouted (Hard%)
Billy Butler,2014,36.9,Pre-Statcast (2005–2014),BIS Scouted (Hard%)
Dioner Navarro,2014,26.5,Pre-Statcast (2005–2014),BIS Scouted (Hard%)
Dayan Viciedo,2014,33.2,Pre-Statcast (2005–2014),BIS Scouted (Hard%)
Domonic Brown,2014,26.7,Pre-Statcast (2005–2014),BIS Scouted (Hard%)
Matt Dominguez,2014,29.5,Pre-Statcast (2005–2014),BIS Scouted (Hard%)
Allen Craig,2014,30.6,Pre-Statcast (2005–2014),BIS Scouted (Hard%)
"Altuve, Jose",2015,28.6,Post-Statcast (2015–2025),Statcast (EV ≥ 95 mph)
"Cabrera, Melky",2015,36.2,Post-Statcast (2015–2025),Statcast (EV ≥ 95 mph)
"Escobar, Alcides",2015,16.5,Post-Statcast (2015–2025),Statcast (EV ≥ 95 mph)
"Kinsler, Ian",2015,26.6,Post-Statcast (2015–2025),Statcast (EV ≥ 95 mph)
"Aybar, Erick",2015,19.4,Post-Statcast (2015–2025),Statcast (EV ≥ 95 mph)
"Revere, Ben",2015,14.6,Post-Statcast (2015–2025),Statcast (EV ≥ 95 mph)
"Andrus, Elvis",2015,27.1,Post-Statcast (2015–2025),Statcast (EV ≥ 95 mph)
"Strange-Gordon, Dee",2015,17,Post-Statcast (2015–2025),Statcast (EV ≥ 95 mph)
"Pujols, Albert",2015,38.3,Post-Statcast (2015–2025),Statcast (EV ≥ 95 mph)
"Markakis, Nick",2015,33.6,Post-Statcast (2015–2025),Statcast (EV ≥ 95 mph)
"Fielder, Prince",2015,44.5,Post-Statcast (2015–2025),Statcast (EV ≥ 95 mph)
"Seager, Kyle",2015,34.6,Post-Statcast (2015–2025),Statcast (EV ≥ 95 mph)
"Pollock, AJ",2015,39.1,Post-Statcast (2015–2025),Statcast (EV ≥ 95 mph)
"Machado, Manny",2015,41.7,Post-Statcast (2015–2025),Statcast (EV ≥ 95 mph)
"Phillips, Brandon",2015,26,Post-Statcast (2015–2025),Statcast (EV ≥ 95 mph)
"Betts, Mookie",2015,37.5,Post-Statcast (2015–2025),Statcast (EV ≥ 95 mph)
"Ramirez, Alexei",2015,22.2,Post-Statcast (2015–2025),Statcast (EV ≥ 95 mph)
"Canó, Robinson",2015,45.7,Post-Statcast (2015–2025),Statcast (EV ≥ 95 mph)
"Bogaerts, Xander",2015,33.8,Post-Statcast (2015–2025),Statcast (EV ≥ 95 mph)
"Arenado, Nolan",2015,40.2,Post-Statcast (2015–2025),Statcast (EV ≥ 95 mph)
"Posey, Buster",2015,37.7,Post-Statcast (2015–2025),Statcast (EV ≥ 95 mph)
"Blackmon, Charlie",2015,29,Post-Statcast (2015–2025),Statcast (EV ≥ 95 mph)
"Pillar, Kevin",2015,26.5,Post-Statcast (2015–2025),Statcast (EV ≥ 95 mph)
"Beltré, Adrian",2015,40.4,Post-Statcast (2015–2025),Statcast (EV ≥ 95 mph)
"Donaldson, Josh",2015,46.5,Post-Statcast (2015–2025),Statcast (EV ≥ 95 mph)
"Cespedes, Yoenis",2015,44.8,Post-Statcast (2015–2025),Statcast (EV ≥ 95 mph)
"Hosmer, Eric",2015,40.8,Post-Statcast (2015–2025),Statcast (EV ≥ 95 mph)
"Simmons, Andrelton",2015,29,Post-Statcast (2015–2025),Statcast (EV ≥ 95 mph)
"Frazier, Todd",2015,38.8,Post-Statcast (2015–2025),Statcast (EV ≥ 95 mph)
"Rizzo, Anthony",2015,38.3,Post-Statcast (2015–2025),Statcast (EV ≥ 95 mph)
"Dozier, Brian",2015,31.1,Post-Statcast (2015–2025),Statcast (EV ≥ 95 mph)
"Mauer, Joe",2015,39.9,Post-Statcast (2015–2025),Statcast (EV ≥ 95 mph)
"Eaton, Adam",2015,30.9,Post-Statcast (2015–2025),Statcast (EV ≥ 95 mph)
"Brantley, Michael",2015,36.2,Post-Statcast (2015–2025),Statcast (EV ≥ 95 mph)
"Moustakas, Mike",2015,36.5,Post-Statcast (2015–2025),Statcast (EV ≥ 95 mph)
"Longoria, Evan",2015,39.7,Post-Statcast (2015–2025),Statcast (EV ≥ 95 mph)
"Duffy, Matt",2015,32,Post-Statcast (2015–2025),Statcast (EV ≥ 95 mph)
"Solarte, Yangervis",2015,31.4,Post-Statcast (2015–2025),Statcast (EV ≥ 95 mph)
"Polanco, Gregory",2015,39.8,Post-Statcast (2015–2025),Statcast (EV ≥ 95 mph)
"Abreu, José",2015,41.8,Post-Statcast (2015–2025),Statcast (EV ≥ 95 mph)
"Peralta, Jhonny",2015,34,Post-Statcast (2015–2025),Statcast (EV ≥ 95 mph)
"Inciarte, Ender",2015,19.9,Post-Statcast (2015–2025),Statcast (EV ≥ 95 mph)
"Calhoun, Kole",2015,32.2,Post-Statcast (2015–2025),Statcast (EV ≥ 95 mph)
"Segura, Jean",2015,27.1,Post-Statcast (2015–2025),Statcast (EV ≥ 95 mph)
"Morales, Kendrys",2015,47.7,Post-Statcast (2015–2025),Statcast (EV ≥ 95 mph)
"Escobar, Yunel",2015,36.3,Post-Statcast (2015–2025),Statcast (EV ≥ 95 mph)
"Kipnis, Jason",2015,38.5,Post-Statcast (2015–2025),Statcast (EV ≥ 95 mph)
"González, Adrián",2015,36.8,Post-Statcast (2015–2025),Statcast (EV ≥ 95 mph)
"Wong, Kolten",2015,33.8,Post-Statcast (2015–2025),Statcast (EV ≥ 95 mph)
"Galvis, Freddy",2015,22.1,Post-Statcast (2015–2025),Statcast (EV ≥ 95 mph)
"Murphy, Daniel",2015,37.9,Post-Statcast (2015–2025),Statcast (EV ≥ 95 mph)
"Reddick, Josh",2015,32.8,Post-Statcast (2015–2025),Statcast (EV ≥ 95 mph)
"Parra, Gerardo",2015,30,Post-Statcast (2015–2025),Statcast (EV ≥ 95 mph)
"Marte, Starling",2015,35.1,Post-Statcast (2015–2025),Statcast (EV ≥ 95 mph)
"LeMahieu, DJ",2015,40,Post-Statcast (2015–2025),Statcast (EV ≥ 95 mph)
"Castro, Starlin",2015,28,Post-Statcast (2015–2025),Statcast (EV ≥ 95 mph)
"Heyward, Jason",2015,34.6,Post-Statcast (2015–2025),Statcast (EV ≥ 95 mph)
"Kemp, Matt",2015,40.5,Post-Statcast (2015–2025),Statcast (EV ≥ 95 mph)
"Cain, Lorenzo",2015,38.1,Post-Statcast (2015–2025),Statcast (EV ≥ 95 mph)
"Plouffe, Trevor",2015,39.4,Post-Statcast (2015–2025),Statcast (EV ≥ 95 mph)
"Perez, Salvador",2015,32.6,Post-Statcast (2015–2025),Statcast (EV ≥ 95 mph)
"Gattis, Evan",2015,39.2,Post-Statcast (2015–2025),Statcast (EV ≥ 95 mph)
"Gregorius, Didi",2015,24.5,Post-Statcast (2015–2025),Statcast (EV ≥ 95 mph)
"Headley, Chase",2015,32.5,Post-Statcast (2015–2025),Statcast (EV ≥ 95 mph)
"Gardner, Brett",2015,34.9,Post-Statcast (2015–2025),Statcast (EV ≥ 95 mph)
"Jones, Adam",2015,34.5,Post-Statcast (2015–2025),Statcast (EV ≥ 95 mph)
"Fowler, Dexter",2015,30.2,Post-Statcast (2015–2025),Statcast (EV ≥ 95 mph)
"Bautista, José",2015,45.6,Post-Statcast (2015–2025),Statcast (EV ≥ 95 mph)
"Bruce, Jay",2015,37.6,Post-Statcast (2015–2025),Statcast (EV ≥ 95 mph)
"Ortiz, David",2015,49.1,Post-Statcast (2015–2025),Statcast (EV ≥ 95 mph)
"McCutchen, Andrew",2015,44.6,Post-Statcast (2015–2025),Statcast (EV ≥ 95 mph)
"Burns, Billy",2015,14.7,Post-Statcast (2015–2025),Statcast (EV ≥ 95 mph)
"Butler, Billy",2015,40.6,Post-Statcast (2015–2025),Statcast (EV ≥ 95 mph)
"Walker, Neil",2015,37.6,Post-Statcast (2015–2025),Statcast (EV ≥ 95 mph)
"Prado, Martín",2015,33.6,Post-Statcast (2015–2025),Statcast (EV ≥ 95 mph)
"Encarnación, Edwin",2015,43.9,Post-Statcast (2015–2025),Statcast (EV ≥ 95 mph)
"Molina, Yadier",2015,25.3,Post-Statcast (2015–2025),Statcast (EV ≥ 95 mph)
"Forsythe, Logan",2015,32.2,Post-Statcast (2015–2025),Statcast (EV ≥ 95 mph)
"Rollins, Jimmy",2015,23.1,Post-Statcast (2015–2025),Statcast (EV ≥ 95 mph)
"Santana, Carlos",2015,39.7,Post-Statcast (2015–2025),Statcast (EV ≥ 95 mph)
"Granderson, Curtis",2015,40,Post-Statcast (2015–2025),Statcast (EV ≥ 95 mph)
"Reyes, José",2015,18.6,Post-Statcast (2015–2025),Statcast (EV ≥ 95 mph)
"González, Carlos",2015,38.6,Post-Statcast (2015–2025),Statcast (EV ≥ 95 mph)
"Cruz, Nelson",2015,47.8,Post-Statcast (2015–2025),Statcast (EV ≥ 95 mph)
"Carpenter, Matt",2015,35.8,Post-Statcast (2015–2025),Statcast (EV ≥ 95 mph)
"Semien, Marcus",2015,28.9,Post-Statcast (2015–2025),Statcast (EV ≥ 95 mph)
"Pagán, Ángel",2015,22.8,Post-Statcast (2015–2025),Statcast (EV ≥ 95 mph)
"Lawrie, Brett",2015,39.1,Post-Statcast (2015–2025),Statcast (EV ≥ 95 mph)
"Flores, Wilmer",2015,25.7,Post-Statcast (2015–2025),Statcast (EV ≥ 95 mph)
"Goldschmidt, Paul",2015,46.3,Post-Statcast (2015–2025),Statcast (EV ≥ 95 mph)
"Trout, Mike",2015,48.6,Post-Statcast (2015–2025),Statcast (EV ≥ 95 mph)
"Martinez, J.D.",2015,48.5,Post-Statcast (2015–2025),Statcast (EV ≥ 95 mph)
"Hunter, Torii",2015,34.9,Post-Statcast (2015–2025),Statcast (EV ≥ 95 mph)
"Peterson, Jace",2015,26.3,Post-Statcast (2015–2025),Statcast (EV ≥ 95 mph)
"García, Avisaíl",2015,37.5,Post-Statcast (2015–2025),Statcast (EV ≥ 95 mph)
"Zobrist, Ben",2015,34.9,Post-Statcast (2015–2025),Statcast (EV ≥ 95 mph)
"Choo, Shin-Soo",2015,44.1,Post-Statcast (2015–2025),Statcast (EV ≥ 95 mph)
"Kiermaier, Kevin",2015,30.9,Post-Statcast (2015–2025),Statcast (EV ≥ 95 mph)
"Votto, Joey",2015,42.2,Post-Statcast (2015–2025),Statcast (EV ≥ 95 mph)
"Ramirez, Aramis",2015,34.5,Post-Statcast (2015–2025),Statcast (EV ≥ 95 mph)
"Giavotella, Johnny",2015,19.6,Post-Statcast (2015–2025),Statcast (EV ≥ 95 mph)
"Maybin, Cameron",2015,35.9,Post-Statcast (2015–2025),Statcast (EV ≥ 95 mph)
"Desmond, Ian",2015,41.1,Post-Statcast (2015–2025),Statcast (EV ≥ 95 mph)
"Cabrera, Asdrúbal",2015,32.3,Post-Statcast (2015–2025),Statcast (EV ≥ 95 mph)
"Lind, Adam",2015,36,Post-Statcast (2015–2025),Statcast (EV ≥ 95 mph)
"Castellanos, Nick",2015,34.5,Post-Statcast (2015–2025),Statcast (EV ≥ 95 mph)
"Sandoval, Pablo",2015,33.5,Post-Statcast (2015–2025),Statcast (EV ≥ 95 mph)
"Beltrán, Carlos",2015,41.9,Post-Statcast (2015–2025),Statcast (EV ≥ 95 mph)
"Hechavarría, Adeiny",2015,31.3,Post-Statcast (2015–2025),Statcast (EV ≥ 95 mph)
"Martinez, Victor",2015,33.2,Post-Statcast (2015–2025),Statcast (EV ≥ 95 mph)
"Braun, Ryan",2015,45.4,Post-Statcast (2015–2025),Statcast (EV ≥ 95 mph)
"Harper, Bryce",2015,47.5,Post-Statcast (2015–2025),Statcast (EV ≥ 95 mph)
"Crawford, Brandon",2015,42.9,Post-Statcast (2015–2025),Statcast (EV ≥ 95 mph)
"Upton, Justin",2015,39.2,Post-Statcast (2015–2025),Statcast (EV ≥ 95 mph)
"Norris, Derek",2015,35.1,Post-Statcast (2015–2025),Statcast (EV ≥ 95 mph)
"Rodriguez, Alex",2015,43.9,Post-Statcast (2015–2025),Statcast (EV ≥ 95 mph)
"Kendrick, Howie",2015,41.4,Post-Statcast (2015–2025),Statcast (EV ≥ 95 mph)
"Suzuki, Kurt",2015,29.9,Post-Statcast (2015–2025),Statcast (EV ≥ 95 mph)
"Ramos, Wilson",2015,44.5,Post-Statcast (2015–2025),Statcast (EV ≥ 95 mph)
"Owings, Chris",2015,24.9,Post-Statcast (2015–2025),Statcast (EV ≥ 95 mph)
"Iglesias, Jose",2015,18.7,Post-Statcast (2015–2025),Statcast (EV ≥ 95 mph)
"Morrison, Logan",2015,37.7,Post-Statcast (2015–2025),Statcast (EV ≥ 95 mph)
"Trumbo, Mark",2015,43,Post-Statcast (2015–2025),Statcast (EV ≥ 95 mph)
"Infante, Omar",2015,20.4,Post-Statcast (2015–2025),Statcast (EV ≥ 95 mph)
"Tulowitzki, Troy",2015,40.4,Post-Statcast (2015–2025),Statcast (EV ≥ 95 mph)
"Realmuto, J.T.",2015,34.3,Post-Statcast (2015–2025),Statcast (EV ≥ 95 mph)
"Yelich, Christian",2015,45.1,Post-Statcast (2015–2025),Statcast (EV ≥ 95 mph)
"McCann, Brian",2015,36.5,Post-Statcast (2015–2025),Statcast (EV ≥ 95 mph)
"Pierzynski, A.J.",2015,25.7,Post-Statcast (2015–2025),Statcast (EV ≥ 95 mph)
"Herrera, Odúbel",2015,33.9,Post-Statcast (2015–2025),Statcast (EV ≥ 95 mph)
"Davis, Chris",2015,45.9,Post-Statcast (2015–2025),Statcast (EV ≥ 95 mph)
"Ellsbury, Jacoby",2015,28.4,Post-Statcast (2015–2025),Statcast (EV ≥ 95 mph)
"Jackson, Austin",2015,39.8,Post-Statcast (2015–2025),Statcast (EV ≥ 95 mph)
"Byrd, Marlon",2015,31.1,Post-Statcast (2015–2025),Statcast (EV ≥ 95 mph)
"Bryant, Kris",2015,43.8,Post-Statcast (2015–2025),Statcast (EV ≥ 95 mph)
"Moreland, Mitch",2015,45.9,Post-Statcast (2015–2025),Statcast (EV ≥ 95 mph)
"Holt, Brock",2015,24.2,Post-Statcast (2015–2025),Statcast (EV ≥ 95 mph)
"Cervelli, Francisco",2015,35.6,Post-Statcast (2015–2025),Statcast (EV ≥ 95 mph)
"Peralta, David",2015,43.4,Post-Statcast (2015–2025),Statcast (EV ≥ 95 mph)
"Lagares, Juan",2015,40.2,Post-Statcast (2015–2025),Statcast (EV ≥ 95 mph)
"Suzuki, Ichiro",2015,13.8,Post-Statcast (2015–2025),Statcast (EV ≥ 95 mph)
"Vogt, Stephen",2015,30.1,Post-Statcast (2015–2025),Statcast (EV ≥ 95 mph)
"Odor, Rougned",2015,32.8,Post-Statcast (2015–2025),Statcast (EV ≥ 95 mph)
"Harrison, Josh",2015,24.4,Post-Statcast (2015–2025),Statcast (EV ≥ 95 mph)
"Ozuna, Marcell",2015,45,Post-Statcast (2015–2025),Statcast (EV ≥ 95 mph)
"Hamilton, Billy",2015,8.9,Post-Statcast (2015–2025),Statcast (EV ≥ 95 mph)
"Cabrera, Miguel",2015,53.3,Post-Statcast (2015–2025),Statcast (EV ≥ 95 mph)
"Belt, Brandon",2015,41.8,Post-Statcast (2015–2025),Statcast (EV ≥ 95 mph)
"Coghlan, Chris",2015,33.3,Post-Statcast (2015–2025),Statcast (EV ≥ 95 mph)
"Ahmed, Nick",2015,22.4,Post-Statcast (2015–2025),Statcast (EV ≥ 95 mph)
"Canha, Mark",2015,36.2,Post-Statcast (2015–2025),Statcast (EV ≥ 95 mph)
"Miller, Brad",2015,40.1,Post-Statcast (2015–2025),Statcast (EV ≥ 95 mph)
"Panik, Joe",2015,29.4,Post-Statcast (2015–2025),Statcast (EV ≥ 95 mph)
"Gose, Anthony",2015,30.7,Post-Statcast (2015–2025),Statcast (EV ≥ 95 mph)
"Rosario, Eddie",2015,30.8,Post-Statcast (2015–2025),Statcast (EV ≥ 95 mph)
"Lindor, Francisco",2015,36.7,Post-Statcast (2015–2025),Statcast (EV ≥ 95 mph)
"Martin, Russell",2015,40,Post-Statcast (2015–2025),Statcast (EV ≥ 95 mph)
"Gómez, Carlos",2015,33.1,Post-Statcast (2015–2025),Statcast (EV ≥ 95 mph)
"Duda, Lucas",2015,42.3,Post-Statcast (2015–2025),Statcast (EV ≥ 95 mph)
"DeShields, Delino",2015,22.4,Post-Statcast (2015–2025),Statcast (EV ≥ 95 mph)
"Ramirez, Hanley",2015,41.6,Post-Statcast (2015–2025),Statcast (EV ≥ 95 mph)
"Pedroia, Dustin",2015,25.4,Post-Statcast (2015–2025),Statcast (EV ≥ 95 mph)
"Howard, Ryan",2015,45.2,Post-Statcast (2015–2025),Statcast (EV ≥ 95 mph)
"Valbuena, Luis",2015,39.3,Post-Statcast (2015–2025),Statcast (EV ≥ 95 mph)
"Aoki, Norichika",2015,19.6,Post-Statcast (2015–2025),Statcast (EV ≥ 95 mph)
"Escobar, Eduardo",2015,23.9,Post-Statcast (2015–2025),Statcast (EV ≥ 95 mph)
"Loney, James",2015,21.5,Post-Statcast (2015–2025),Statcast (EV ≥ 95 mph)
"Hardy, J.J.",2015,30.7,Post-Statcast (2015–2025),Statcast (EV ≥ 95 mph)
"Bourn, Michael",2015,18.5,Post-Statcast (2015–2025),Statcast (EV ≥ 95 mph)
"Russell, Addison",2015,29.2,Post-Statcast (2015–2025),Statcast (EV ≥ 95 mph)
"Mercer, Jordy",2015,29.3,Post-Statcast (2015–2025),Statcast (EV ≥ 95 mph)
"Sogard, Eric",2015,18.7,Post-Statcast (2015–2025),Statcast (EV ≥ 95 mph)
"Rios, Alex",2015,31.8,Post-Statcast (2015–2025),Statcast (EV ≥ 95 mph)
"Moss, Brandon",2015,39.5,Post-Statcast (2015–2025),Statcast (EV ≥ 95 mph)
"Hernández, César",2015,26.9,Post-Statcast (2015–2025),Statcast (EV ≥ 95 mph)
"Ethier, Andre",2015,32.5,Post-Statcast (2015–2025),Statcast (EV ≥ 95 mph)
"Kang, Jung Ho",2015,46.4,Post-Statcast (2015–2025),Statcast (EV ≥ 95 mph)
"Freeman, Freddie",2015,44.7,Post-Statcast (2015–2025),Statcast (EV ≥ 95 mph)
"Freese, David",2015,38.4,Post-Statcast (2015–2025),Statcast (EV ≥ 95 mph)
"Turner, Justin",2015,37.9,Post-Statcast (2015–2025),Statcast (EV ≥ 95 mph)
"Gyorko, Jedd",2015,35.4,Post-Statcast (2015–2025),Statcast (EV ≥ 95 mph)
"Drew, Stephen",2015,25.7,Post-Statcast (2015–2025),Statcast (EV ≥ 95 mph)
"Murphy, David",2015,35.2,Post-Statcast (2015–2025),Statcast (EV ≥ 95 mph)
"Taylor, Michael A.",2015,35.6,Post-Statcast (2015–2025),Statcast (EV ≥ 95 mph)
"Utley, Chase",2015,34.4,Post-Statcast (2015–2025),Statcast (EV ≥ 95 mph)
"McCann, James",2015,37.3,Post-Statcast (2015–2025),Statcast (EV ≥ 95 mph)
"Sánchez, Yolmer",2015,20.6,Post-Statcast (2015–2025),Statcast (EV ≥ 95 mph)
"Asche, Cody",2015,33,Post-Statcast (2015–2025),Statcast (EV ≥ 95 mph)
"Lucroy, Jonathan",2015,33.8,Post-Statcast (2015–2025),Statcast (EV ≥ 95 mph)
"Pederson, Joc",2015,45.2,Post-Statcast (2015–2025),Statcast (EV ≥ 95 mph)
"Correa, Carlos",2015,40.6,Post-Statcast (2015–2025),Statcast (EV ≥ 95 mph)
"Teixeira, Mark",2015,41.3,Post-Statcast (2015–2025),Statcast (EV ≥ 95 mph)
"Álvarez, Pedro",2015,47.1,Post-Statcast (2015–2025),Statcast (EV ≥ 95 mph)
"Bour, Justin",2015,43,Post-Statcast (2015–2025),Statcast (EV ≥ 95 mph)
"Alonso, Yonder",2015,33.7,Post-Statcast (2015–2025),Statcast (EV ≥ 95 mph)
"Gennett, Scooter",2015,22.5,Post-Statcast (2015–2025),Statcast (EV ≥ 95 mph)
"Goins, Ryan",2015,32.1,Post-Statcast (2015–2025),Statcast (EV ≥ 95 mph)
"Smith, Seth",2015,42.4,Post-Statcast (2015–2025),Statcast (EV ≥ 95 mph)
"Peña, Brayan",2015,17.2,Post-Statcast (2015–2025),Statcast (EV ≥ 95 mph)
"Cron, C.J.",2015,35.8,Post-Statcast (2015–2025),Statcast (EV ≥ 95 mph)
"LaRoche, Adam",2015,35.9,Post-Statcast (2015–2025),Statcast (EV ≥ 95 mph)
"Tomás, Yasmany",2015,38,Post-Statcast (2015–2025),Statcast (EV ≥ 95 mph)
"Tejada, Rubén",2015,23.8,Post-Statcast (2015–2025),Statcast (EV ≥ 95 mph)
"Cuddyer, Michael",2015,30.8,Post-Statcast (2015–2025),Statcast (EV ≥ 95 mph)
"Hundley, Nick",2015,35.4,Post-Statcast (2015–2025),Statcast (EV ≥ 95 mph)
"Napoli, Mike",2015,38.3,Post-Statcast (2015–2025),Statcast (EV ≥ 95 mph)
"Hicks, Aaron",2015,33.3,Post-Statcast (2015–2025),Statcast (EV ≥ 95 mph)
"Suárez, Eugenio",2015,33.5,Post-Statcast (2015–2025),Statcast (EV ≥ 95 mph)
"Springer, George",2015,41.5,Post-Statcast (2015–2025),Statcast (EV ≥ 95 mph)
"Ramírez, José",2015,24,Post-Statcast (2015–2025),Statcast (EV ≥ 95 mph)
"Rasmus, Colby",2015,35.5,Post-Statcast (2015–2025),Statcast (EV ≥ 95 mph)
"Uribe, Juan",2015,35.6,Post-Statcast (2015–2025),Statcast (EV ≥ 95 mph)
"Gonzalez, Marwin",2015,34.3,Post-Statcast (2015–2025),Statcast (EV ≥ 95 mph)
"Zimmerman, Ryan",2015,48.4,Post-Statcast (2015–2025),Statcast (EV ≥ 95 mph)
"Amarista, Alexi",2015,16.2,Post-Statcast (2015–2025),Statcast (EV ≥ 95 mph)
"Guyer, Brandon",2015,29.1,Post-Statcast (2015–2025),Statcast (EV ≥ 95 mph)
"Davis, Khris",2015,42.9,Post-Statcast (2015–2025),Statcast (EV ≥ 95 mph)
"Blanco, Grégor",2015,31.7,Post-Statcast (2015–2025),Statcast (EV ≥ 95 mph)
"Chisenhall, Lonnie",2015,30.5,Post-Statcast (2015–2025),Statcast (EV ≥ 95 mph)
"Davis, Rajai",2015,28.3,Post-Statcast (2015–2025),Statcast (EV ≥ 95 mph)
"Valencia, Danny",2015,46.6,Post-Statcast (2015–2025),Statcast (EV ≥ 95 mph)
"Espinosa, Danny",2015,28.5,Post-Statcast (2015–2025),Statcast (EV ≥ 95 mph)
"Grandal, Yasmani",2015,42.3,Post-Statcast (2015–2025),Statcast (EV ≥ 95 mph)
"Gordon, Alex",2015,34.1,Post-Statcast (2015–2025),Statcast (EV ≥ 95 mph)
"Hill, Aaron",2015,29.6,Post-Statcast (2015–2025),Statcast (EV ≥ 95 mph)
"Gomes, Yan",2015,32.8,Post-Statcast (2015–2025),Statcast (EV ≥ 95 mph)
"Reynolds, Mark",2015,33.1,Post-Statcast (2015–2025),Statcast (EV ≥ 95 mph)
"Robinson, Clint",2015,35.7,Post-Statcast (2015–2025),Statcast (EV ≥ 95 mph)
"Venable, Will",2015,33.5,Post-Statcast (2015–2025),Statcast (EV ≥ 95 mph)
"Lamb, Jake",2015,37.9,Post-Statcast (2015–2025),Statcast (EV ≥ 95 mph)
"Castillo, Welington",2015,36.5,Post-Statcast (2015–2025),Statcast (EV ≥ 95 mph)
"Paredes, Jimmy",2015,42.9,Post-Statcast (2015–2025),Statcast (EV ≥ 95 mph)
"Werth, Jayson",2015,40.7,Post-Statcast (2015–2025),Statcast (EV ≥ 95 mph)
"Francoeur, Jeff",2015,33.3,Post-Statcast (2015–2025),Statcast (EV ≥ 95 mph)
"Joseph, Caleb",2015,31.7,Post-Statcast (2015–2025),Statcast (EV ≥ 95 mph)
"Young, Chris",2015,26,Post-Statcast (2015–2025),Statcast (EV ≥ 95 mph)
"Soler, Jorge",2015,43.1,Post-Statcast (2015–2025),Statcast (EV ≥ 95 mph)
"Montero, Miguel",2015,35.2,Post-Statcast (2015–2025),Statcast (EV ≥ 95 mph)
"De Aza, Alejandro",2015,23.3,Post-Statcast (2015–2025),Statcast (EV ≥ 95 mph)
"Rendon, Anthony",2015,35.5,Post-Statcast (2015–2025),Statcast (EV ≥ 95 mph)
"Carter, Chris",2015,46.9,Post-Statcast (2015–2025),Statcast (EV ≥ 95 mph)
"Marisnick, Jake",2015,26.2,Post-Statcast (2015–2025),Statcast (EV ≥ 95 mph)
"Colabello, Chris",2015,43.9,Post-Statcast (2015–2025),Statcast (EV ≥ 95 mph)
"Spangenberg, Cory",2015,32.2,Post-Statcast (2015–2025),Statcast (EV ≥ 95 mph)
"Paulsen, Ben",2015,34.2,Post-Statcast (2015–2025),Statcast (EV ≥ 95 mph)
"Souza Jr., Steven",2015,39,Post-Statcast (2015–2025),Statcast (EV ≥ 95 mph)
"Flowers, Tyler",2015,39.6,Post-Statcast (2015–2025),Statcast (EV ≥ 95 mph)
"Zunino, Mike",2015,33.8,Post-Statcast (2015–2025),Statcast (EV ≥ 95 mph)
"Castro, Jason",2015,30.7,Post-Statcast (2015–2025),Statcast (EV ≥ 95 mph)
"Grichuk, Randal",2015,46.3,Post-Statcast (2015–2025),Statcast (EV ≥ 95 mph)
"Betts, Mookie",2016,39.9,Post-Statcast (2015–2025),Statcast (EV ≥ 95 mph)
"Altuve, Jose",2016,36.4,Post-Statcast (2015–2025),Statcast (EV ≥ 95 mph)
"Pedroia, Dustin",2016,28.9,Post-Statcast (2015–2025),Statcast (EV ≥ 95 mph)
"Canó, Robinson",2016,42.8,Post-Statcast (2015–2025),Statcast (EV ≥ 95 mph)
"Escobar, Alcides",2016,17.6,Post-Statcast (2015–2025),Statcast (EV ≥ 95 mph)
"Segura, Jean",2016,33.8,Post-Statcast (2015–2025),Statcast (EV ≥ 95 mph)
"Prado, Martín",2016,30.8,Post-Statcast (2015–2025),Statcast (EV ≥ 95 mph)
"Lindor, Francisco",2016,33.5,Post-Statcast (2015–2025),Statcast (EV ≥ 95 mph)
"Bogaerts, Xander",2016,32.7,Post-Statcast (2015–2025),Statcast (EV ≥ 95 mph)
"Cabrera, Melky",2016,34.2,Post-Statcast (2015–2025),Statcast (EV ≥ 95 mph)
"Machado, Manny",2016,43.2,Post-Statcast (2015–2025),Statcast (EV ≥ 95 mph)
"Pujols, Albert",2016,44.1,Post-Statcast (2015–2025),Statcast (EV ≥ 95 mph)
"Arenado, Nolan",2016,39.8,Post-Statcast (2015–2025),Statcast (EV ≥ 95 mph)
"Beltré, Adrian",2016,40.4,Post-Statcast (2015–2025),Statcast (EV ≥ 95 mph)
"Eaton, Adam",2016,36.2,Post-Statcast (2015–2025),Statcast (EV ≥ 95 mph)
"Jones, Adam",2016,34.7,Post-Statcast (2015–2025),Statcast (EV ≥ 95 mph)
"Ramírez, José",2016,32.9,Post-Statcast (2015–2025),Statcast (EV ≥ 95 mph)
"Abreu, José",2016,39.4,Post-Statcast (2015–2025),Statcast (EV ≥ 95 mph)
"Markakis, Nick",2016,42.6,Post-Statcast (2015–2025),Statcast (EV ≥ 95 mph)
"Kinsler, Ian",2016,30.8,Post-Statcast (2015–2025),Statcast (EV ≥ 95 mph)
"Span, Denard",2016,29.7,Post-Statcast (2015–2025),Statcast (EV ≥ 95 mph)
"Seager, Corey",2016,44,Post-Statcast (2015–2025),Statcast (EV ≥ 95 mph)
"Longoria, Evan",2016,41.5,Post-Statcast (2015–2025),Statcast (EV ≥ 95 mph)
"Seager, Kyle",2016,41.3,Post-Statcast (2015–2025),Statcast (EV ≥ 95 mph)
"Gregorius, Didi",2016,25.3,Post-Statcast (2015–2025),Statcast (EV ≥ 95 mph)
"Phillips, Brandon",2016,25.5,Post-Statcast (2015–2025),Statcast (EV ≥ 95 mph)
"Santana, Carlos",2016,43.2,Post-Statcast (2015–2025),Statcast (EV ≥ 95 mph)
"LeMahieu, DJ",2016,47.7,Post-Statcast (2015–2025),Statcast (EV ≥ 95 mph)
"Cabrera, Miguel",2016,50.6,Post-Statcast (2015–2025),Statcast (EV ≥ 95 mph)
"Dozier, Brian",2016,36.2,Post-Statcast (2015–2025),Statcast (EV ≥ 95 mph)
"Blackmon, Charlie",2016,33.5,Post-Statcast (2015–2025),Statcast (EV ≥ 95 mph)
"Murphy, Daniel",2016,41.5,Post-Statcast (2015–2025),Statcast (EV ≥ 95 mph)
"Calhoun, Kole",2016,40.5,Post-Statcast (2015–2025),Statcast (EV ≥ 95 mph)
"Schoop, Jonathan",2016,35.1,Post-Statcast (2015–2025),Statcast (EV ≥ 95 mph)
"Kemp, Matt",2016,38,Post-Statcast (2015–2025),Statcast (EV ≥ 95 mph)
"Posey, Buster",2016,43.2,Post-Statcast (2015–2025),Statcast (EV ≥ 95 mph)
"Franco, Maikel",2016,40.7,Post-Statcast (2015–2025),Statcast (EV ≥ 95 mph)
"Rizzo, Anthony",2016,36.2,Post-Statcast (2015–2025),Statcast (EV ≥ 95 mph)
"Hosmer, Eric",2016,44.2,Post-Statcast (2015–2025),Statcast (EV ≥ 95 mph)
"Kipnis, Jason",2016,39.5,Post-Statcast (2015–2025),Statcast (EV ≥ 95 mph)
"Ellsbury, Jacoby",2016,31.4,Post-Statcast (2015–2025),Statcast (EV ≥ 95 mph)
"Odor, Rougned",2016,37.6,Post-Statcast (2015–2025),Statcast (EV ≥ 95 mph)
"Núñez, Eduardo",2016,37,Post-Statcast (2015–2025),Statcast (EV ≥ 95 mph)
"Molina, Yadier",2016,28.1,Post-Statcast (2015–2025),Statcast (EV ≥ 95 mph)
"Encarnación, Edwin",2016,40.8,Post-Statcast (2015–2025),Statcast (EV ≥ 95 mph)
"Desmond, Ian",2016,43.6,Post-Statcast (2015–2025),Statcast (EV ≥ 95 mph)
"Springer, George",2016,38.5,Post-Statcast (2015–2025),Statcast (EV ≥ 95 mph)
"Martinez, Victor",2016,42.1,Post-Statcast (2015–2025),Statcast (EV ≥ 95 mph)
"Castro, Starlin",2016,34.2,Post-Statcast (2015–2025),Statcast (EV ≥ 95 mph)
"Pillar, Kevin",2016,30.2,Post-Statcast (2015–2025),Statcast (EV ≥ 95 mph)
"Donaldson, Josh",2016,49.2,Post-Statcast (2015–2025),Statcast (EV ≥ 95 mph)
"Inciarte, Ender",2016,15,Post-Statcast (2015–2025),Statcast (EV ≥ 95 mph)
"Galvis, Freddy",2016,27.4,Post-Statcast (2015–2025),Statcast (EV ≥ 95 mph)
"McCutchen, Andrew",2016,41.7,Post-Statcast (2015–2025),Statcast (EV ≥ 95 mph)
"Ortiz, David",2016,47.2,Post-Statcast (2015–2025),Statcast (EV ≥ 95 mph)
"Rendon, Anthony",2016,41.5,Post-Statcast (2015–2025),Statcast (EV ≥ 95 mph)
"González, Adrián",2016,33.9,Post-Statcast (2015–2025),Statcast (EV ≥ 95 mph)
"Turner, Justin",2016,41.4,Post-Statcast (2015–2025),Statcast (EV ≥ 95 mph)
"Escobar, Yunel",2016,36.1,Post-Statcast (2015–2025),Statcast (EV ≥ 95 mph)
"González, Carlos",2016,41.2,Post-Statcast (2015–2025),Statcast (EV ≥ 95 mph)
"Beltrán, Carlos",2016,38.5,Post-Statcast (2015–2025),Statcast (EV ≥ 95 mph)
"Herrera, Odúbel",2016,30.9,Post-Statcast (2015–2025),Statcast (EV ≥ 95 mph)
"Bryant, Kris",2016,38.9,Post-Statcast (2015–2025),Statcast (EV ≥ 95 mph)
"Piscotty, Stephen",2016,37.8,Post-Statcast (2015–2025),Statcast (EV ≥ 95 mph)
"Gardner, Brett",2016,24,Post-Statcast (2015–2025),Statcast (EV ≥ 95 mph)
"Zobrist, Ben",2016,35.6,Post-Statcast (2015–2025),Statcast (EV ≥ 95 mph)
"Andrus, Elvis",2016,31.8,Post-Statcast (2015–2025),Statcast (EV ≥ 95 mph)
"Crawford, Brandon",2016,34.7,Post-Statcast (2015–2025),Statcast (EV ≥ 95 mph)
"Ozuna, Marcell",2016,42.2,Post-Statcast (2015–2025),Statcast (EV ≥ 95 mph)
"Mercer, Jordy",2016,26.3,Post-Statcast (2015–2025),Statcast (EV ≥ 95 mph)
"Yelich, Christian",2016,49.9,Post-Statcast (2015–2025),Statcast (EV ≥ 95 mph)
"Myers, Wil",2016,39.2,Post-Statcast (2015–2025),Statcast (EV ≥ 95 mph)
"Votto, Joey",2016,39.9,Post-Statcast (2015–2025),Statcast (EV ≥ 95 mph)
"Morales, Kendrys",2016,49.9,Post-Statcast (2015–2025),Statcast (EV ≥ 95 mph)
"Trumbo, Mark",2016,44.7,Post-Statcast (2015–2025),Statcast (EV ≥ 95 mph)
"Correa, Carlos",2016,43.5,Post-Statcast (2015–2025),Statcast (EV ≥ 95 mph)
"Heyward, Jason",2016,30.9,Post-Statcast (2015–2025),Statcast (EV ≥ 95 mph)
"Hechavarría, Adeiny",2016,31.4,Post-Statcast (2015–2025),Statcast (EV ≥ 95 mph)
"García, Adonis",2016,34.9,Post-Statcast (2015–2025),Statcast (EV ≥ 95 mph)
"Hernández, César",2016,29.2,Post-Statcast (2015–2025),Statcast (EV ≥ 95 mph)
"Goldschmidt, Paul",2016,42.6,Post-Statcast (2015–2025),Statcast (EV ≥ 95 mph)
"Cruz, Nelson",2016,52.4,Post-Statcast (2015–2025),Statcast (EV ≥ 95 mph)
"Frazier, Todd",2016,35.6,Post-Statcast (2015–2025),Statcast (EV ≥ 95 mph)
"Ramirez, Hanley",2016,42,Post-Statcast (2015–2025),Statcast (EV ≥ 95 mph)
"Pagán, Ángel",2016,21.8,Post-Statcast (2015–2025),Statcast (EV ≥ 95 mph)
"Semien, Marcus",2016,35.3,Post-Statcast (2015–2025),Statcast (EV ≥ 95 mph)
"Iglesias, Jose",2016,20.8,Post-Statcast (2015–2025),Statcast (EV ≥ 95 mph)
"Panik, Joe",2016,26.8,Post-Statcast (2015–2025),Statcast (EV ≥ 95 mph)
"Villar, Jonathan",2016,38.2,Post-Statcast (2015–2025),Statcast (EV ≥ 95 mph)
"Freeman, Freddie",2016,44.7,Post-Statcast (2015–2025),Statcast (EV ≥ 95 mph)
"Harrison, Josh",2016,22.9,Post-Statcast (2015–2025),Statcast (EV ≥ 95 mph)
"Granderson, Curtis",2016,33.1,Post-Statcast (2015–2025),Statcast (EV ≥ 95 mph)
"Bradley Jr., Jackie",2016,39.3,Post-Statcast (2015–2025),Statcast (EV ≥ 95 mph)
"Cabrera, Asdrúbal",2016,33.3,Post-Statcast (2015–2025),Statcast (EV ≥ 95 mph)
"Ramirez, Alexei",2016,23.9,Post-Statcast (2015–2025),Statcast (EV ≥ 95 mph)
"Trout, Mike",2016,40.3,Post-Statcast (2015–2025),Statcast (EV ≥ 95 mph)
"Bruce, Jay",2016,38.2,Post-Statcast (2015–2025),Statcast (EV ≥ 95 mph)
"Braun, Ryan",2016,38.9,Post-Statcast (2015–2025),Statcast (EV ≥ 95 mph)
"Simmons, Andrelton",2016,29.6,Post-Statcast (2015–2025),Statcast (EV ≥ 95 mph)
"Polanco, Gregory",2016,40,Post-Statcast (2015–2025),Statcast (EV ≥ 95 mph)
"Suárez, Eugenio",2016,29.1,Post-Statcast (2015–2025),Statcast (EV ≥ 95 mph)
"Alonso, Yonder",2016,37.4,Post-Statcast (2015–2025),Statcast (EV ≥ 95 mph)
"Realmuto, J.T.",2016,35.2,Post-Statcast (2015–2025),Statcast (EV ≥ 95 mph)
"Mazara, Nomar",2016,35,Post-Statcast (2015–2025),Statcast (EV ≥ 95 mph)
"Vogt, Stephen",2016,26.8,Post-Statcast (2015–2025),Statcast (EV ≥ 95 mph)
"Ramos, Wilson",2016,43.2,Post-Statcast (2015–2025),Statcast (EV ≥ 95 mph)
"Mauer, Joe",2016,42.9,Post-Statcast (2015–2025),Statcast (EV ≥ 95 mph)
"Miller, Brad",2016,42.5,Post-Statcast (2015–2025),Statcast (EV ≥ 95 mph)
"Harper, Bryce",2016,36.1,Post-Statcast (2015–2025),Statcast (EV ≥ 95 mph)
"Utley, Chase",2016,33.8,Post-Statcast (2015–2025),Statcast (EV ≥ 95 mph)
"Belt, Brandon",2016,32.4,Post-Statcast (2015–2025),Statcast (EV ≥ 95 mph)
"Perez, Salvador",2016,37.8,Post-Statcast (2015–2025),Statcast (EV ≥ 95 mph)
"Duvall, Adam",2016,41.4,Post-Statcast (2015–2025),Statcast (EV ≥ 95 mph)
"Russell, Addison",2016,31.6,Post-Statcast (2015–2025),Statcast (EV ≥ 95 mph)
"Tulowitzki, Troy",2016,40.8,Post-Statcast (2015–2025),Statcast (EV ≥ 95 mph)
"Tomás, Yasmany",2016,42,Post-Statcast (2015–2025),Statcast (EV ≥ 95 mph)
"Davis, Khris",2016,48.2,Post-Statcast (2015–2025),Statcast (EV ≥ 95 mph)
"Lucroy, Jonathan",2016,35,Post-Statcast (2015–2025),Statcast (EV ≥ 95 mph)
"Kendrick, Howie",2016,42.1,Post-Statcast (2015–2025),Statcast (EV ≥ 95 mph)
"Upton, Justin",2016,45.5,Post-Statcast (2015–2025),Statcast (EV ≥ 95 mph)
"Werth, Jayson",2016,44.6,Post-Statcast (2015–2025),Statcast (EV ≥ 95 mph)
"Gennett, Scooter",2016,24.5,Post-Statcast (2015–2025),Statcast (EV ≥ 95 mph)
"Forsythe, Logan",2016,38.9,Post-Statcast (2015–2025),Statcast (EV ≥ 95 mph)
"Marte, Starling",2016,37,Post-Statcast (2015–2025),Statcast (EV ≥ 95 mph)
"Cozart, Zack",2016,27.5,Post-Statcast (2015–2025),Statcast (EV ≥ 95 mph)
"Cuthbert, Cheslor",2016,36.9,Post-Statcast (2015–2025),Statcast (EV ≥ 95 mph)
"Martin, Leonys",2016,31.3,Post-Statcast (2015–2025),Statcast (EV ≥ 95 mph)
"Dickerson, Corey",2016,38.1,Post-Statcast (2015–2025),Statcast (EV ≥ 95 mph)
"Aoki, Norichika",2016,24.9,Post-Statcast (2015–2025),Statcast (EV ≥ 95 mph)
"Cespedes, Yoenis",2016,47.5,Post-Statcast (2015–2025),Statcast (EV ≥ 95 mph)
"Crisp, Coco",2016,23.3,Post-Statcast (2015–2025),Statcast (EV ≥ 95 mph)
"Lamb, Jake",2016,43.4,Post-Statcast (2015–2025),Statcast (EV ≥ 95 mph)
"Gonzalez, Marwin",2016,35.9,Post-Statcast (2015–2025),Statcast (EV ≥ 95 mph)
"Carpenter, Matt",2016,41.9,Post-Statcast (2015–2025),Statcast (EV ≥ 95 mph)
"Napoli, Mike",2016,39.4,Post-Statcast (2015–2025),Statcast (EV ≥ 95 mph)
"Drury, Brandon",2016,36.7,Post-Statcast (2015–2025),Statcast (EV ≥ 95 mph)
"Marte, Ketel",2016,19.9,Post-Statcast (2015–2025),Statcast (EV ≥ 95 mph)
"Orlando, Paulo",2016,37.4,Post-Statcast (2015–2025),Statcast (EV ≥ 95 mph)
"Valencia, Danny",2016,41.1,Post-Statcast (2015–2025),Statcast (EV ≥ 95 mph)
"Headley, Chase",2016,33.1,Post-Statcast (2015–2025),Statcast (EV ≥ 95 mph)
"Owings, Chris",2016,32.8,Post-Statcast (2015–2025),Statcast (EV ≥ 95 mph)
"Espinosa, Danny",2016,33.4,Post-Statcast (2015–2025),Statcast (EV ≥ 95 mph)
"Carter, Chris",2016,46.2,Post-Statcast (2015–2025),Statcast (EV ≥ 95 mph)
"Díaz, Aledmys",2016,39.2,Post-Statcast (2015–2025),Statcast (EV ≥ 95 mph)
"Aybar, Erick",2016,15.1,Post-Statcast (2015–2025),Statcast (EV ≥ 95 mph)
"Davis, Rajai",2016,29.9,Post-Statcast (2015–2025),Statcast (EV ≥ 95 mph)
"Shaw, Travis",2016,34.2,Post-Statcast (2015–2025),Statcast (EV ≥ 95 mph)
"Davis, Chris",2016,44,Post-Statcast (2015–2025),Statcast (EV ≥ 95 mph)
"Solarte, Yangervis",2016,33.3,Post-Statcast (2015–2025),Statcast (EV ≥ 95 mph)
"Hardy, J.J.",2016,39.2,Post-Statcast (2015–2025),Statcast (EV ≥ 95 mph)
"Upton, B.J.",2016,36.6,Post-Statcast (2015–2025),Statcast (EV ≥ 95 mph)
"Reddick, Josh",2016,32.7,Post-Statcast (2015–2025),Statcast (EV ≥ 95 mph)
"Moreland, Mitch",2016,39.5,Post-Statcast (2015–2025),Statcast (EV ≥ 95 mph)
"Wieters, Matt",2016,33,Post-Statcast (2015–2025),Statcast (EV ≥ 95 mph)
"Martinez, J.D.",2016,47.2,Post-Statcast (2015–2025),Statcast (EV ≥ 95 mph)
"Fowler, Dexter",2016,33.8,Post-Statcast (2015–2025),Statcast (EV ≥ 95 mph)
"Cron, C.J.",2016,39.2,Post-Statcast (2015–2025),Statcast (EV ≥ 95 mph)
"Saunders, Michael",2016,44.5,Post-Statcast (2015–2025),Statcast (EV ≥ 95 mph)
"McCann, Brian",2016,35.8,Post-Statcast (2015–2025),Statcast (EV ≥ 95 mph)
"Walker, Neil",2016,37.5,Post-Statcast (2015–2025),Statcast (EV ≥ 95 mph)
"Hamilton, Billy",2016,11.5,Post-Statcast (2015–2025),Statcast (EV ≥ 95 mph)
"Zimmerman, Ryan",2016,45.6,Post-Statcast (2015–2025),Statcast (EV ≥ 95 mph)
"Travis, Devon",2016,31.1,Post-Statcast (2015–2025),Statcast (EV ≥ 95 mph)
"Gattis, Evan",2016,35.7,Post-Statcast (2015–2025),Statcast (EV ≥ 95 mph)
"Bautista, José",2016,45.7,Post-Statcast (2015–2025),Statcast (EV ≥ 95 mph)
"Hill, Aaron",2016,26.6,Post-Statcast (2015–2025),Statcast (EV ≥ 95 mph)
"Chisenhall, Lonnie",2016,24.8,Post-Statcast (2015–2025),Statcast (EV ≥ 95 mph)
"Revere, Ben",2016,16.3,Post-Statcast (2015–2025),Statcast (EV ≥ 95 mph)
"Pérez, Hernán",2016,38.2,Post-Statcast (2015–2025),Statcast (EV ≥ 95 mph)
"Cain, Lorenzo",2016,33.4,Post-Statcast (2015–2025),Statcast (EV ≥ 95 mph)
"Báez, Javier",2016,32.3,Post-Statcast (2015–2025),Statcast (EV ≥ 95 mph)
"Lind, Adam",2016,42.7,Post-Statcast (2015–2025),Statcast (EV ≥ 95 mph)
"Giavotella, Johnny",2016,22,Post-Statcast (2015–2025),Statcast (EV ≥ 95 mph)
"Martin, Russell",2016,40.3,Post-Statcast (2015–2025),Statcast (EV ≥ 95 mph)
"Holliday, Matt",2016,47.8,Post-Statcast (2015–2025),Statcast (EV ≥ 95 mph)
"Barnhart, Tucker",2016,23.2,Post-Statcast (2015–2025),Statcast (EV ≥ 95 mph)
"Kepler, Max",2016,37.5,Post-Statcast (2015–2025),Statcast (EV ≥ 95 mph)
"Loney, James",2016,31.5,Post-Statcast (2015–2025),Statcast (EV ≥ 95 mph)
"Jaso, John",2016,32.1,Post-Statcast (2015–2025),Statcast (EV ≥ 95 mph)
"Grichuk, Randal",2016,46.1,Post-Statcast (2015–2025),Statcast (EV ≥ 95 mph)
"Castellanos, Nick",2016,39,Post-Statcast (2015–2025),Statcast (EV ≥ 95 mph)
"Gyorko, Jedd",2016,36.1,Post-Statcast (2015–2025),Statcast (EV ≥ 95 mph)
"Pence, Hunter",2016,41.3,Post-Statcast (2015–2025),Statcast (EV ≥ 95 mph)
"Suzuki, Kurt",2016,30.5,Post-Statcast (2015–2025),Statcast (EV ≥ 95 mph)
"Anderson, Tim",2016,34.3,Post-Statcast (2015–2025),Statcast (EV ≥ 95 mph)
"García, Avisaíl",2016,40,Post-Statcast (2015–2025),Statcast (EV ≥ 95 mph)
"Castillo, Welington",2016,37.5,Post-Statcast (2015–2025),Statcast (EV ≥ 95 mph)
"Parra, Gerardo",2016,32.2,Post-Statcast (2015–2025),Statcast (EV ≥ 95 mph)
"Gordon, Alex",2016,36.6,Post-Statcast (2015–2025),Statcast (EV ≥ 95 mph)
"Freese, David",2016,48.5,Post-Statcast (2015–2025),Statcast (EV ≥ 95 mph)
"Kiermaier, Kevin",2016,32.4,Post-Statcast (2015–2025),Statcast (EV ≥ 95 mph)
"Bourn, Michael",2016,17.4,Post-Statcast (2015–2025),Statcast (EV ≥ 95 mph)
"Smith, Seth",2016,40.6,Post-Statcast (2015–2025),Statcast (EV ≥ 95 mph)
"Suzuki, Ichiro",2016,20,Post-Statcast (2015–2025),Statcast (EV ≥ 95 mph)
"Duffy, Matt",2016,30.4,Post-Statcast (2015–2025),Statcast (EV ≥ 95 mph)
"Peterson, Jace",2016,32.9,Post-Statcast (2015–2025),Statcast (EV ≥ 95 mph)
"Teixeira, Mark",2016,37.3,Post-Statcast (2015–2025),Statcast (EV ≥ 95 mph)
"Escobar, Eduardo",2016,24.4,Post-Statcast (2015–2025),Statcast (EV ≥ 95 mph)
"Reynolds, Mark",2016,37.1,Post-Statcast (2015–2025),Statcast (EV ≥ 95 mph)
"Maybin, Cameron",2016,32.2,Post-Statcast (2015–2025),Statcast (EV ≥ 95 mph)
"Pederson, Joc",2016,47,Post-Statcast (2015–2025),Statcast (EV ≥ 95 mph)
"Norris, Derek",2016,32.6,Post-Statcast (2015–2025),Statcast (EV ≥ 95 mph)
"Gómez, Carlos",2016,32,Post-Statcast (2015–2025),Statcast (EV ≥ 95 mph)
"Moss, Brandon",2016,39,Post-Statcast (2015–2025),Statcast (EV ≥ 95 mph)
"Lowrie, Jed",2016,24.5,Post-Statcast (2015–2025),Statcast (EV ≥ 95 mph)
"Rupp, Cameron",2016,47.1,Post-Statcast (2015–2025),Statcast (EV ≥ 95 mph)
"Stanton, Giancarlo",2016,47.6,Post-Statcast (2015–2025),Statcast (EV ≥ 95 mph)
"Grandal, Yasmani",2016,44.7,Post-Statcast (2015–2025),Statcast (EV ≥ 95 mph)
"Strange-Gordon, Dee",2016,14,Post-Statcast (2015–2025),Statcast (EV ≥ 95 mph)
"Souza Jr., Steven",2016,38.1,Post-Statcast (2015–2025),Statcast (EV ≥ 95 mph)
"Dietrich, Derek",2016,32,Post-Statcast (2015–2025),Statcast (EV ≥ 95 mph)
"Bourjos, Peter",2016,32.8,Post-Statcast (2015–2025),Statcast (EV ≥ 95 mph)
"Jay, Jon",2016,23.2,Post-Statcast (2015–2025),Statcast (EV ≥ 95 mph)
"Fielder, Prince",2016,31.7,Post-Statcast (2015–2025),Statcast (EV ≥ 95 mph)
"Morrison, Logan",2016,41.7,Post-Statcast (2015–2025),Statcast (EV ≥ 95 mph)
"Wong, Kolten",2016,26.3,Post-Statcast (2015–2025),Statcast (EV ≥ 95 mph)
"Plouffe, Trevor",2016,40.3,Post-Statcast (2015–2025),Statcast (EV ≥ 95 mph)
"Hicks, Aaron",2016,35,Post-Statcast (2015–2025),Statcast (EV ≥ 95 mph)
"Puig, Yasiel",2016,41.1,Post-Statcast (2015–2025),Statcast (EV ≥ 95 mph)
"Sanó, Miguel",2016,49.2,Post-Statcast (2015–2025),Statcast (EV ≥ 95 mph)
"Cervelli, Francisco",2016,30.5,Post-Statcast (2015–2025),Statcast (EV ≥ 95 mph)
"Kim, Hyun Soo",2016,36.5,Post-Statcast (2015–2025),Statcast (EV ≥ 95 mph)
"Rasmus, Colby",2016,36.8,Post-Statcast (2015–2025),Statcast (EV ≥ 95 mph)
"Rosario, Eddie",2016,31.7,Post-Statcast (2015–2025),Statcast (EV ≥ 95 mph)
"Joseph, Tommy",2016,41.9,Post-Statcast (2015–2025),Statcast (EV ≥ 95 mph)
"Story, Trevor",2016,44.5,Post-Statcast (2015–2025),Statcast (EV ≥ 95 mph)
"Lawrie, Brett",2016,34.6,Post-Statcast (2015–2025),Statcast (EV ≥ 95 mph)
"Álvarez, Pedro",2016,49.2,Post-Statcast (2015–2025),Statcast (EV ≥ 95 mph)
"Kang, Jung Ho",2016,39.8,Post-Statcast (2015–2025),Statcast (EV ≥ 95 mph)
"Guyer, Brandon",2016,27.9,Post-Statcast (2015–2025),Statcast (EV ≥ 95 mph)
"McCann, James",2016,36.8,Post-Statcast (2015–2025),Statcast (EV ≥ 95 mph)
"Jankowski, Travis",2016,26.9,Post-Statcast (2015–2025),Statcast (EV ≥ 95 mph)
"Grossman, Robbie",2016,28.4,Post-Statcast (2015–2025),Statcast (EV ≥ 95 mph)
"Howard, Ryan",2016,47.7,Post-Statcast (2015–2025),Statcast (EV ≥ 95 mph)
"Conforto, Michael",2016,39,Post-Statcast (2015–2025),Statcast (EV ≥ 95 mph)
"Valbuena, Luis",2016,31,Post-Statcast (2015–2025),Statcast (EV ≥ 95 mph)
"Naquin, Tyler",2016,45.1,Post-Statcast (2015–2025),Statcast (EV ≥ 95 mph)
"Castro, Jason",2016,40.1,Post-Statcast (2015–2025),Statcast (EV ≥ 95 mph)
"Nieuwenhuis, Kirk",2016,37.1,Post-Statcast (2015–2025),Statcast (EV ≥ 95 mph)
"Rodríguez, Sean",2016,36.6,Post-Statcast (2015–2025),Statcast (EV ≥ 95 mph)
"Smoak, Justin",2016,42.2,Post-Statcast (2015–2025),Statcast (EV ≥ 95 mph)
"Inciarte, Ender",2017,13.1,Post-Statcast (2015–2025),Statcast (EV ≥ 95 mph)
"Strange-Gordon, Dee",2017,11.2,Post-Statcast (2015–2025),Statcast (EV ≥ 95 mph)
"Lindor, Francisco",2017,35.9,Post-Statcast (2015–2025),Statcast (EV ≥ 95 mph)
"Betts, Mookie",2017,37.9,Post-Statcast (2015–2025),Statcast (EV ≥ 95 mph)
"Cabrera, Melky",2017,35.1,Post-Statcast (2015–2025),Statcast (EV ≥ 95 mph)
"Andrus, Elvis",2017,31.3,Post-Statcast (2015–2025),Statcast (EV ≥ 95 mph)
"Simmons, Andrelton",2017,28.7,Post-Statcast (2015–2025),Statcast (EV ≥ 95 mph)
"LeMahieu, DJ",2017,41.4,Post-Statcast (2015–2025),Statcast (EV ≥ 95 mph)
"Machado, Manny",2017,47.5,Post-Statcast (2015–2025),Statcast (EV ≥ 95 mph)
"Ramírez, José",2017,34.7,Post-Statcast (2015–2025),Statcast (EV ≥ 95 mph)
"Longoria, Evan",2017,32.4,Post-Statcast (2015–2025),Statcast (EV ≥ 95 mph)
"Blackmon, Charlie",2017,36.4,Post-Statcast (2015–2025),Statcast (EV ≥ 95 mph)
"Altuve, Jose",2017,28.1,Post-Statcast (2015–2025),Statcast (EV ≥ 95 mph)
"Canó, Robinson",2017,44,Post-Statcast (2015–2025),Statcast (EV ≥ 95 mph)
"Escobar, Alcides",2017,21,Post-Statcast (2015–2025),Statcast (EV ≥ 95 mph)
"Merrifield, Whit",2017,29.6,Post-Statcast (2015–2025),Statcast (EV ≥ 95 mph)
"Arenado, Nolan",2017,37.9,Post-Statcast (2015–2025),Statcast (EV ≥ 95 mph)
"Abreu, José",2017,45.2,Post-Statcast (2015–2025),Statcast (EV ≥ 95 mph)
"Pujols, Albert",2017,39.2,Post-Statcast (2015–2025),Statcast (EV ≥ 95 mph)
"Galvis, Freddy",2017,23.5,Post-Statcast (2015–2025),Statcast (EV ≥ 95 mph)
"Phillips, Brandon",2017,25.1,Post-Statcast (2015–2025),Statcast (EV ≥ 95 mph)
"Hosmer, Eric",2017,39.4,Post-Statcast (2015–2025),Statcast (EV ≥ 95 mph)
"Pillar, Kevin",2017,29.1,Post-Statcast (2015–2025),Statcast (EV ≥ 95 mph)
"Jones, Adam",2017,31.1,Post-Statcast (2015–2025),Statcast (EV ≥ 95 mph)
"Schoop, Jonathan",2017,37.2,Post-Statcast (2015–2025),Statcast (EV ≥ 95 mph)
"Rizzo, Anthony",2017,39.1,Post-Statcast (2015–2025),Statcast (EV ≥ 95 mph)
"Markakis, Nick",2017,34.7,Post-Statcast (2015–2025),Statcast (EV ≥ 95 mph)
"Cain, Lorenzo",2017,35.6,Post-Statcast (2015–2025),Statcast (EV ≥ 95 mph)
"Franco, Maikel",2017,36.2,Post-Statcast (2015–2025),Statcast (EV ≥ 95 mph)
"Votto, Joey",2017,32.8,Post-Statcast (2015–2025),Statcast (EV ≥ 95 mph)
"Gardner, Brett",2017,31,Post-Statcast (2015–2025),Statcast (EV ≥ 95 mph)
"Santana, Carlos",2017,38.6,Post-Statcast (2015–2025),Statcast (EV ≥ 95 mph)
"Dozier, Brian",2017,34.7,Post-Statcast (2015–2025),Statcast (EV ≥ 95 mph)
"Castellanos, Nick",2017,42,Post-Statcast (2015–2025),Statcast (EV ≥ 95 mph)
"Seager, Kyle",2017,33.9,Post-Statcast (2015–2025),Statcast (EV ≥ 95 mph)
"Gurriel, Yuli",2017,43.5,Post-Statcast (2015–2025),Statcast (EV ≥ 95 mph)
"Ozuna, Marcell",2017,45.6,Post-Statcast (2015–2025),Statcast (EV ≥ 95 mph)
"Gregorius, Didi",2017,20.9,Post-Statcast (2015–2025),Statcast (EV ≥ 95 mph)
"Yelich, Christian",2017,45.8,Post-Statcast (2015–2025),Statcast (EV ≥ 95 mph)
"Benintendi, Andrew",2017,33.4,Post-Statcast (2015–2025),Statcast (EV ≥ 95 mph)
"Lowrie, Jed",2017,37.7,Post-Statcast (2015–2025),Statcast (EV ≥ 95 mph)
"Panik, Joe",2017,23.9,Post-Statcast (2015–2025),Statcast (EV ≥ 95 mph)
"Bregman, Alex",2017,34.3,Post-Statcast (2015–2025),Statcast (EV ≥ 95 mph)
"Moustakas, Mike",2017,33.8,Post-Statcast (2015–2025),Statcast (EV ≥ 95 mph)
"Kinsler, Ian",2017,30.1,Post-Statcast (2015–2025),Statcast (EV ≥ 95 mph)
"Murphy, Daniel",2017,41.8,Post-Statcast (2015–2025),Statcast (EV ≥ 95 mph)
"Bogaerts, Xander",2017,30.2,Post-Statcast (2015–2025),Statcast (EV ≥ 95 mph)
"McCutchen, Andrew",2017,38.9,Post-Statcast (2015–2025),Statcast (EV ≥ 95 mph)
"Hamilton, Billy",2017,11.7,Post-Statcast (2015–2025),Statcast (EV ≥ 95 mph)
"Odor, Rougned",2017,36.6,Post-Statcast (2015–2025),Statcast (EV ≥ 95 mph)
"Rosario, Eddie",2017,31.8,Post-Statcast (2015–2025),Statcast (EV ≥ 95 mph)
"Mauer, Joe",2017,46.3,Post-Statcast (2015–2025),Statcast (EV ≥ 95 mph)
"Segura, Jean",2017,34.5,Post-Statcast (2015–2025),Statcast (EV ≥ 95 mph)
"Springer, George",2017,43.2,Post-Statcast (2015–2025),Statcast (EV ≥ 95 mph)
"Calhoun, Kole",2017,35.5,Post-Statcast (2015–2025),Statcast (EV ≥ 95 mph)
"Dickerson, Corey",2017,31.7,Post-Statcast (2015–2025),Statcast (EV ≥ 95 mph)
"Molina, Yadier",2017,35,Post-Statcast (2015–2025),Statcast (EV ≥ 95 mph)
"Stanton, Giancarlo",2017,45.6,Post-Statcast (2015–2025),Statcast (EV ≥ 95 mph)
"Bell, Josh",2017,34.3,Post-Statcast (2015–2025),Statcast (EV ≥ 95 mph)
"Healy, Ryon",2017,40.4,Post-Statcast (2015–2025),Statcast (EV ≥ 95 mph)
"Smoak, Justin",2017,43,Post-Statcast (2015–2025),Statcast (EV ≥ 95 mph)
"Peralta, David",2017,35.4,Post-Statcast (2015–2025),Statcast (EV ≥ 95 mph)
"Posey, Buster",2017,34.8,Post-Statcast (2015–2025),Statcast (EV ≥ 95 mph)
"Rendon, Anthony",2017,38.4,Post-Statcast (2015–2025),Statcast (EV ≥ 95 mph)
"Mazara, Nomar",2017,37.1,Post-Statcast (2015–2025),Statcast (EV ≥ 95 mph)
"Span, Denard",2017,25.1,Post-Statcast (2015–2025),Statcast (EV ≥ 95 mph)
"Reyes, José",2017,24.2,Post-Statcast (2015–2025),Statcast (EV ≥ 95 mph)
"Realmuto, J.T.",2017,35.5,Post-Statcast (2015–2025),Statcast (EV ≥ 95 mph)
"Morales, Kendrys",2017,46.6,Post-Statcast (2015–2025),Statcast (EV ≥ 95 mph)
"Anderson, Tim",2017,31.1,Post-Statcast (2015–2025),Statcast (EV ≥ 95 mph)
"Duvall, Adam",2017,32.6,Post-Statcast (2015–2025),Statcast (EV ≥ 95 mph)
"Bryant, Kris",2017,36.6,Post-Statcast (2015–2025),Statcast (EV ≥ 95 mph)
"Encarnación, Edwin",2017,42.5,Post-Statcast (2015–2025),Statcast (EV ≥ 95 mph)
"Bautista, José",2017,35.6,Post-Statcast (2015–2025),Statcast (EV ≥ 95 mph)
"Cruz, Nelson",2017,48.3,Post-Statcast (2015–2025),Statcast (EV ≥ 95 mph)
"Polanco, Jorge",2017,25.8,Post-Statcast (2015–2025),Statcast (EV ≥ 95 mph)
"Peraza, José",2017,20,Post-Statcast (2015–2025),Statcast (EV ≥ 95 mph)
"Bruce, Jay",2017,38.8,Post-Statcast (2015–2025),Statcast (EV ≥ 95 mph)
"Choo, Shin-Soo",2017,37.8,Post-Statcast (2015–2025),Statcast (EV ≥ 95 mph)
"Reddick, Josh",2017,31.6,Post-Statcast (2015–2025),Statcast (EV ≥ 95 mph)
"Núñez, Eduardo",2017,32.4,Post-Statcast (2015–2025),Statcast (EV ≥ 95 mph)
"Mercer, Jordy",2017,32.4,Post-Statcast (2015–2025),Statcast (EV ≥ 95 mph)
"Goldschmidt, Paul",2017,47.5,Post-Statcast (2015–2025),Statcast (EV ≥ 95 mph)
"Crawford, Brandon",2017,33.5,Post-Statcast (2015–2025),Statcast (EV ≥ 95 mph)
"Seager, Corey",2017,44.3,Post-Statcast (2015–2025),Statcast (EV ≥ 95 mph)
"Arcia, Orlando",2017,27.6,Post-Statcast (2015–2025),Statcast (EV ≥ 95 mph)
"Trumbo, Mark",2017,38.5,Post-Statcast (2015–2025),Statcast (EV ≥ 95 mph)
"Solarte, Yangervis",2017,27.6,Post-Statcast (2015–2025),Statcast (EV ≥ 95 mph)
"Turner, Justin",2017,38.6,Post-Statcast (2015–2025),Statcast (EV ≥ 95 mph)
"Hernández, César",2017,29.7,Post-Statcast (2015–2025),Statcast (EV ≥ 95 mph)
"Mancini, Trey",2017,41.2,Post-Statcast (2015–2025),Statcast (EV ≥ 95 mph)
"García, Avisaíl",2017,40.8,Post-Statcast (2015–2025),Statcast (EV ≥ 95 mph)
"Shaw, Travis",2017,39.4,Post-Statcast (2015–2025),Statcast (EV ≥ 95 mph)
"Puig, Yasiel",2017,37.6,Post-Statcast (2015–2025),Statcast (EV ≥ 95 mph)
"Zimmerman, Ryan",2017,49.1,Post-Statcast (2015–2025),Statcast (EV ≥ 95 mph)
"Herrera, Odúbel",2017,32.3,Post-Statcast (2015–2025),Statcast (EV ≥ 95 mph)
"Iglesias, Jose",2017,21.1,Post-Statcast (2015–2025),Statcast (EV ≥ 95 mph)
"Cabrera, Asdrúbal",2017,33.5,Post-Statcast (2015–2025),Statcast (EV ≥ 95 mph)
"Kepler, Max",2017,36.7,Post-Statcast (2015–2025),Statcast (EV ≥ 95 mph)
"Harrison, Josh",2017,24.1,Post-Statcast (2015–2025),Statcast (EV ≥ 95 mph)
"Pence, Hunter",2017,37.6,Post-Statcast (2015–2025),Statcast (EV ≥ 95 mph)
"Myers, Wil",2017,44.6,Post-Statcast (2015–2025),Statcast (EV ≥ 95 mph)
"Moreland, Mitch",2017,36.4,Post-Statcast (2015–2025),Statcast (EV ≥ 95 mph)
"Suárez, Eugenio",2017,32.1,Post-Statcast (2015–2025),Statcast (EV ≥ 95 mph)
"Gamel, Ben",2017,29.3,Post-Statcast (2015–2025),Statcast (EV ≥ 95 mph)
"Lamb, Jake",2017,36.3,Post-Statcast (2015–2025),Statcast (EV ≥ 95 mph)
"Headley, Chase",2017,33.2,Post-Statcast (2015–2025),Statcast (EV ≥ 95 mph)
"Margot, Manuel",2017,29.3,Post-Statcast (2015–2025),Statcast (EV ≥ 95 mph)
"Sánchez, Yolmer",2017,24.6,Post-Statcast (2015–2025),Statcast (EV ≥ 95 mph)
"Perez, Salvador",2017,38.9,Post-Statcast (2015–2025),Statcast (EV ≥ 95 mph)
"Ramirez, Hanley",2017,38.4,Post-Statcast (2015–2025),Statcast (EV ≥ 95 mph)
"Carpenter, Matt",2017,37,Post-Statcast (2015–2025),Statcast (EV ≥ 95 mph)
"Upton, Justin",2017,41.3,Post-Statcast (2015–2025),Statcast (EV ≥ 95 mph)
"Davis, Khris",2017,52.4,Post-Statcast (2015–2025),Statcast (EV ≥ 95 mph)
"Lucroy, Jonathan",2017,24.3,Post-Statcast (2015–2025),Statcast (EV ≥ 95 mph)
"Taylor, Chris",2017,34.1,Post-Statcast (2015–2025),Statcast (EV ≥ 95 mph)
"Swanson, Dansby",2017,32.5,Post-Statcast (2015–2025),Statcast (EV ≥ 95 mph)
"Beltrán, Carlos",2017,31,Post-Statcast (2015–2025),Statcast (EV ≥ 95 mph)
"Heyward, Jason",2017,31.3,Post-Statcast (2015–2025),Statcast (EV ≥ 95 mph)
"Joseph, Tommy",2017,40.3,Post-Statcast (2015–2025),Statcast (EV ≥ 95 mph)
"Zobrist, Ben",2017,32.2,Post-Statcast (2015–2025),Statcast (EV ≥ 95 mph)
"Beckham, Tim",2017,40.7,Post-Statcast (2015–2025),Statcast (EV ≥ 95 mph)
"Morrison, Logan",2017,42.3,Post-Statcast (2015–2025),Statcast (EV ≥ 95 mph)
"Pedroia, Dustin",2017,21.1,Post-Statcast (2015–2025),Statcast (EV ≥ 95 mph)
"Cozart, Zack",2017,28.9,Post-Statcast (2015–2025),Statcast (EV ≥ 95 mph)
"Joyce, Matt",2017,34.4,Post-Statcast (2015–2025),Statcast (EV ≥ 95 mph)
"Escobar, Eduardo",2017,30.6,Post-Statcast (2015–2025),Statcast (EV ≥ 95 mph)
"Cabrera, Miguel",2017,48.2,Post-Statcast (2015–2025),Statcast (EV ≥ 95 mph)
"Gonzalez, Marwin",2017,36.6,Post-Statcast (2015–2025),Statcast (EV ≥ 95 mph)
"Bradley Jr., Jackie",2017,40,Post-Statcast (2015–2025),Statcast (EV ≥ 95 mph)
"Pérez, Hernán",2017,27.6,Post-Statcast (2015–2025),Statcast (EV ≥ 95 mph)
"González, Carlos",2017,37,Post-Statcast (2015–2025),Statcast (EV ≥ 95 mph)
"Gordon, Alex",2017,31.3,Post-Statcast (2015–2025),Statcast (EV ≥ 95 mph)
"Sánchez, Gary",2017,42.9,Post-Statcast (2015–2025),Statcast (EV ≥ 95 mph)
"Frazier, Todd",2017,30.3,Post-Statcast (2015–2025),Statcast (EV ≥ 95 mph)
"Pollock, AJ",2017,38.4,Post-Statcast (2015–2025),Statcast (EV ≥ 95 mph)
"Schebler, Scott",2017,40.8,Post-Statcast (2015–2025),Statcast (EV ≥ 95 mph)
"Castro, Starlin",2017,36.5,Post-Statcast (2015–2025),Statcast (EV ≥ 95 mph)
"Frazier, Adam",2017,24.2,Post-Statcast (2015–2025),Statcast (EV ≥ 95 mph)
"Santana, Domingo",2017,40.4,Post-Statcast (2015–2025),Statcast (EV ≥ 95 mph)
"Gennett, Scooter",2017,35.3,Post-Statcast (2015–2025),Statcast (EV ≥ 95 mph)
"Reynolds, Mark",2017,35.9,Post-Statcast (2015–2025),Statcast (EV ≥ 95 mph)
"Souza Jr., Steven",2017,38.6,Post-Statcast (2015–2025),Statcast (EV ≥ 95 mph)
"Freeman, Freddie",2017,42.7,Post-Statcast (2015–2025),Statcast (EV ≥ 95 mph)
"Drury, Brandon",2017,38.7,Post-Statcast (2015–2025),Statcast (EV ≥ 95 mph)
"Kemp, Matt",2017,38.8,Post-Statcast (2015–2025),Statcast (EV ≥ 95 mph)
"Judge, Aaron",2017,54.7,Post-Statcast (2015–2025),Statcast (EV ≥ 95 mph)
"Bellinger, Cody",2017,45.7,Post-Statcast (2015–2025),Statcast (EV ≥ 95 mph)
"Valencia, Danny",2017,37.5,Post-Statcast (2015–2025),Statcast (EV ≥ 95 mph)
"Parra, Gerardo",2017,29.7,Post-Statcast (2015–2025),Statcast (EV ≥ 95 mph)
"Correa, Carlos",2017,44.9,Post-Statcast (2015–2025),Statcast (EV ≥ 95 mph)
"Báez, Javier",2017,36,Post-Statcast (2015–2025),Statcast (EV ≥ 95 mph)
"Alonso, Yonder",2017,41.1,Post-Statcast (2015–2025),Statcast (EV ≥ 95 mph)
"Turner, Trea",2017,39.2,Post-Statcast (2015–2025),Statcast (EV ≥ 95 mph)
"Pham, Tommy",2017,43.7,Post-Statcast (2015–2025),Statcast (EV ≥ 95 mph)
"Goins, Ryan",2017,29.6,Post-Statcast (2015–2025),Statcast (EV ≥ 95 mph)
"Wieters, Matt",2017,29.3,Post-Statcast (2015–2025),Statcast (EV ≥ 95 mph)
"Martinez, Victor",2017,34.5,Post-Statcast (2015–2025),Statcast (EV ≥ 95 mph)
"Granderson, Curtis",2017,34.4,Post-Statcast (2015–2025),Statcast (EV ≥ 95 mph)
"Gyorko, Jedd",2017,31.5,Post-Statcast (2015–2025),Statcast (EV ≥ 95 mph)
"Heredia, Guillermo",2017,22.8,Post-Statcast (2015–2025),Statcast (EV ≥ 95 mph)
"Harper, Bryce",2017,42.6,Post-Statcast (2015–2025),Statcast (EV ≥ 95 mph)
"Fowler, Dexter",2017,36.9,Post-Statcast (2015–2025),Statcast (EV ≥ 95 mph)
"Polanco, Gregory",2017,30.6,Post-Statcast (2015–2025),Statcast (EV ≥ 95 mph)
"Spangenberg, Cory",2017,29,Post-Statcast (2015–2025),Statcast (EV ≥ 95 mph)
"Maldonado, Martín",2017,31.3,Post-Statcast (2015–2025),Statcast (EV ≥ 95 mph)
"Buxton, Byron",2017,32,Post-Statcast (2015–2025),Statcast (EV ≥ 95 mph)
"Trout, Mike",2017,39.9,Post-Statcast (2015–2025),Statcast (EV ≥ 95 mph)
"Freese, David",2017,42.9,Post-Statcast (2015–2025),Statcast (EV ≥ 95 mph)
"Story, Trevor",2017,38.3,Post-Statcast (2015–2025),Statcast (EV ≥ 95 mph)
"Grandal, Yasmani",2017,38.8,Post-Statcast (2015–2025),Statcast (EV ≥ 95 mph)
"Dietrich, Derek",2017,32.7,Post-Statcast (2015–2025),Statcast (EV ≥ 95 mph)
"Walker, Neil",2017,31.3,Post-Statcast (2015–2025),Statcast (EV ≥ 95 mph)
"Barnhart, Tucker",2017,25.6,Post-Statcast (2015–2025),Statcast (EV ≥ 95 mph)
"Braun, Ryan",2017,44,Post-Statcast (2015–2025),Statcast (EV ≥ 95 mph)
"Martinez, J.D.",2017,49.3,Post-Statcast (2015–2025),Statcast (EV ≥ 95 mph)
"Grossman, Robbie",2017,26.8,Post-Statcast (2015–2025),Statcast (EV ≥ 95 mph)
"Thames, Eric",2017,39.3,Post-Statcast (2015–2025),Statcast (EV ≥ 95 mph)
"Donaldson, Josh",2017,44.9,Post-Statcast (2015–2025),Statcast (EV ≥ 95 mph)
"Renfroe, Hunter",2017,34.1,Post-Statcast (2015–2025),Statcast (EV ≥ 95 mph)
"Jay, Jon",2017,22.7,Post-Statcast (2015–2025),Statcast (EV ≥ 95 mph)
"Maybin, Cameron",2017,32.7,Post-Statcast (2015–2025),Statcast (EV ≥ 95 mph)
"Escobar, Yunel",2017,39.1,Post-Statcast (2015–2025),Statcast (EV ≥ 95 mph)
"Wong, Kolten",2017,28.9,Post-Statcast (2015–2025),Statcast (EV ≥ 95 mph)
"Aoki, Norichika",2017,24.8,Post-Statcast (2015–2025),Statcast (EV ≥ 95 mph)
"Dyson, Jarrod",2017,18.5,Post-Statcast (2015–2025),Statcast (EV ≥ 95 mph)
"McCann, Brian",2017,33.8,Post-Statcast (2015–2025),Statcast (EV ≥ 95 mph)
"Ellsbury, Jacoby",2017,25.4,Post-Statcast (2015–2025),Statcast (EV ≥ 95 mph)
"Beltré, Adrian",2017,32.5,Post-Statcast (2015–2025),Statcast (EV ≥ 95 mph)
"DeJong, Paul",2017,40.1,Post-Statcast (2015–2025),Statcast (EV ≥ 95 mph)
"d'Arnaud, Travis",2017,35.7,Post-Statcast (2015–2025),Statcast (EV ≥ 95 mph)
"Brantley, Michael",2017,36.1,Post-Statcast (2015–2025),Statcast (EV ≥ 95 mph)
"Duda, Lucas",2017,43.8,Post-Statcast (2015–2025),Statcast (EV ≥ 95 mph)
"Flores, Wilmer",2017,33.9,Post-Statcast (2015–2025),Statcast (EV ≥ 95 mph)
"Kiermaier, Kevin",2017,30.5,Post-Statcast (2015–2025),Statcast (EV ≥ 95 mph)
"Bour, Justin",2017,40.4,Post-Statcast (2015–2025),Statcast (EV ≥ 95 mph)
"DeShields, Delino",2017,21.9,Post-Statcast (2015–2025),Statcast (EV ≥ 95 mph)
"Contreras, Willson",2017,35.9,Post-Statcast (2015–2025),Statcast (EV ≥ 95 mph)
"Grichuk, Randal",2017,41.4,Post-Statcast (2015–2025),Statcast (EV ≥ 95 mph)
"Owings, Chris",2017,27.6,Post-Statcast (2015–2025),Statcast (EV ≥ 95 mph)
"Aybar, Erick",2017,15.8,Post-Statcast (2015–2025),Statcast (EV ≥ 95 mph)
"Belt, Brandon",2017,40.6,Post-Statcast (2015–2025),Statcast (EV ≥ 95 mph)
"Barney, Darwin",2017,12.2,Post-Statcast (2015–2025),Statcast (EV ≥ 95 mph)
"Haniger, Mitch",2017,35.4,Post-Statcast (2015–2025),Statcast (EV ≥ 95 mph)
"Villar, Jonathan",2017,34.2,Post-Statcast (2015–2025),Statcast (EV ≥ 95 mph)
"Schwarber, Kyle",2017,41.5,Post-Statcast (2015–2025),Statcast (EV ≥ 95 mph)
"Kipnis, Jason",2017,31.6,Post-Statcast (2015–2025),Statcast (EV ≥ 95 mph)
"Mahtook, Mikie",2017,38,Post-Statcast (2015–2025),Statcast (EV ≥ 95 mph)
"Altherr, Aaron",2017,42.8,Post-Statcast (2015–2025),Statcast (EV ≥ 95 mph)
"Hedges, Austin",2017,34.3,Post-Statcast (2015–2025),Statcast (EV ≥ 95 mph)
"Hechavarría, Adeiny",2017,34.6,Post-Statcast (2015–2025),Statcast (EV ≥ 95 mph)
"Bonifacio, Jorge",2017,39.6,Post-Statcast (2015–2025),Statcast (EV ≥ 95 mph)
"McCann, James",2017,34.1,Post-Statcast (2015–2025),Statcast (EV ≥ 95 mph)
"Difo, Wilmer",2017,26.1,Post-Statcast (2015–2025),Statcast (EV ≥ 95 mph)
"Napoli, Mike",2017,41.5,Post-Statcast (2015–2025),Statcast (EV ≥ 95 mph)
"Taylor, Michael A.",2017,38.3,Post-Statcast (2015–2025),Statcast (EV ≥ 95 mph)
"Davis, Chris",2017,45.5,Post-Statcast (2015–2025),Statcast (EV ≥ 95 mph)
"Holliday, Matt",2017,44.3,Post-Statcast (2015–2025),Statcast (EV ≥ 95 mph)
"Conforto, Michael",2017,43.4,Post-Statcast (2015–2025),Statcast (EV ≥ 95 mph)
"Semien, Marcus",2017,30,Post-Statcast (2015–2025),Statcast (EV ≥ 95 mph)
"Russell, Addison",2017,35.2,Post-Statcast (2015–2025),Statcast (EV ≥ 95 mph)
"Vázquez, Christian",2017,22.2,Post-Statcast (2015–2025),Statcast (EV ≥ 95 mph)
"Desmond, Ian",2017,31.3,Post-Statcast (2015–2025),Statcast (EV ≥ 95 mph)
"Descalso, Daniel",2017,29.2,Post-Statcast (2015–2025),Statcast (EV ≥ 95 mph)
"Forsythe, Logan",2017,34.4,Post-Statcast (2015–2025),Statcast (EV ≥ 95 mph)
"Piscotty, Stephen",2017,34.9,Post-Statcast (2015–2025),Statcast (EV ≥ 95 mph)
"Davis, Rajai",2017,24.8,Post-Statcast (2015–2025),Statcast (EV ≥ 95 mph)
"Utley, Chase",2017,28.5,Post-Statcast (2015–2025),Statcast (EV ≥ 95 mph)
"Romine, Andrew",2017,26.7,Post-Statcast (2015–2025),Statcast (EV ≥ 95 mph)
"Piña, Manny",2017,29.8,Post-Statcast (2015–2025),Statcast (EV ≥ 95 mph)
"Adams, Matt",2017,40.3,Post-Statcast (2015–2025),Statcast (EV ≥ 95 mph)
"Davidson, Matt",2017,41.7,Post-Statcast (2015–2025),Statcast (EV ≥ 95 mph)
"Gallo, Joey",2017,52.2,Post-Statcast (2015–2025),Statcast (EV ≥ 95 mph)
"Smith, Seth",2017,40.9,Post-Statcast (2015–2025),Statcast (EV ≥ 95 mph)
"Sanó, Miguel",2017,47,Post-Statcast (2015–2025),Statcast (EV ≥ 95 mph)
"Castro, Jason",2017,32,Post-Statcast (2015–2025),Statcast (EV ≥ 95 mph)
"Gómez, Carlos",2017,34.9,Post-Statcast (2015–2025),Statcast (EV ≥ 95 mph)
"Pearce, Steve",2017,35.9,Post-Statcast (2015–2025),Statcast (EV ≥ 95 mph)
"Castillo, Welington",2017,44.3,Post-Statcast (2015–2025),Statcast (EV ≥ 95 mph)
"Valbuena, Luis",2017,33.3,Post-Statcast (2015–2025),Statcast (EV ≥ 95 mph)
"Cron, C.J.",2017,38.6,Post-Statcast (2015–2025),Statcast (EV ≥ 95 mph)
"Gomes, Yan",2017,32.7,Post-Statcast (2015–2025),Statcast (EV ≥ 95 mph)
"Pirela, José",2017,39.1,Post-Statcast (2015–2025),Statcast (EV ≥ 95 mph)
"Hernández, Gorkys",2017,26.1,Post-Statcast (2015–2025),Statcast (EV ≥ 95 mph)
"Happ, Ian",2017,39.4,Post-Statcast (2015–2025),Statcast (EV ≥ 95 mph)
"Broxton, Keon",2017,34.9,Post-Statcast (2015–2025),Statcast (EV ≥ 95 mph)
"Hicks, Aaron",2017,32.5,Post-Statcast (2015–2025),Statcast (EV ≥ 95 mph)
"Asuaje, Carlos",2017,18.8,Post-Statcast (2015–2025),Statcast (EV ≥ 95 mph)
"Flowers, Tyler",2017,40.1,Post-Statcast (2015–2025),Statcast (EV ≥ 95 mph)
"Moss, Brandon",2017,41.9,Post-Statcast (2015–2025),Statcast (EV ≥ 95 mph)
"Miller, Brad",2017,38.4,Post-Statcast (2015–2025),Statcast (EV ≥ 95 mph)
"Zunino, Mike",2017,46.9,Post-Statcast (2015–2025),Statcast (EV ≥ 95 mph)
"Martin, Russell",2017,37.9,Post-Statcast (2015–2025),Statcast (EV ≥ 95 mph)
"Hernández, Enrique",2017,36.5,Post-Statcast (2015–2025),Statcast (EV ≥ 95 mph)
"Williams, Nick",2017,41.4,Post-Statcast (2015–2025),Statcast (EV ≥ 95 mph)
"Avila, Alex",2017,50.8,Post-Statcast (2015–2025),Statcast (EV ≥ 95 mph)
"Peraza, José",2018,23.6,Post-Statcast (2015–2025),Statcast (EV ≥ 95 mph)
"Lindor, Francisco",2018,41,Post-Statcast (2015–2025),Statcast (EV ≥ 95 mph)
"Markakis, Nick",2018,41.6,Post-Statcast (2015–2025),Statcast (EV ≥ 95 mph)
"Turner, Trea",2018,38.6,Post-Statcast (2015–2025),Statcast (EV ≥ 95 mph)
"Machado, Manny",2018,48.2,Post-Statcast (2015–2025),Statcast (EV ≥ 95 mph)
"Albies, Ozzie",2018,29.4,Post-Statcast (2015–2025),Statcast (EV ≥ 95 mph)
"Segura, Jean",2018,32.3,Post-Statcast (2015–2025),Statcast (EV ≥ 95 mph)
"Merrifield, Whit",2018,31.2,Post-Statcast (2015–2025),Statcast (EV ≥ 95 mph)
"Inciarte, Ender",2018,18.7,Post-Statcast (2015–2025),Statcast (EV ≥ 95 mph)
"Brantley, Michael",2018,38.4,Post-Statcast (2015–2025),Statcast (EV ≥ 95 mph)
"Simmons, Andrelton",2018,36.3,Post-Statcast (2015–2025),Statcast (EV ≥ 95 mph)
"Bregman, Alex",2018,39.9,Post-Statcast (2015–2025),Statcast (EV ≥ 95 mph)
"Semien, Marcus",2018,32.1,Post-Statcast (2015–2025),Statcast (EV ≥ 95 mph)
"Ramírez, José",2018,35.1,Post-Statcast (2015–2025),Statcast (EV ≥ 95 mph)
"Blackmon, Charlie",2018,35.2,Post-Statcast (2015–2025),Statcast (EV ≥ 95 mph)
"Rizzo, Anthony",2018,40.6,Post-Statcast (2015–2025),Statcast (EV ≥ 95 mph)
"Freeman, Freddie",2018,39.8,Post-Statcast (2015–2025),Statcast (EV ≥ 95 mph)
"Jones, Adam",2018,33.1,Post-Statcast (2015–2025),Statcast (EV ≥ 95 mph)
"Strange-Gordon, Dee",2018,12.5,Post-Statcast (2015–2025),Statcast (EV ≥ 95 mph)
"Benintendi, Andrew",2018,33.7,Post-Statcast (2015–2025),Statcast (EV ≥ 95 mph)
"Gurriel, Yuli",2018,36.6,Post-Statcast (2015–2025),Statcast (EV ≥ 95 mph)
"Andujar, Miguel",2018,36.5,Post-Statcast (2015–2025),Statcast (EV ≥ 95 mph)
"Ozuna, Marcell",2018,45.1,Post-Statcast (2015–2025),Statcast (EV ≥ 95 mph)
"Moustakas, Mike",2018,39.1,Post-Statcast (2015–2025),Statcast (EV ≥ 95 mph)
"Castro, Starlin",2018,36.2,Post-Statcast (2015–2025),Statcast (EV ≥ 95 mph)
"Arenado, Nolan",2018,40.5,Post-Statcast (2015–2025),Statcast (EV ≥ 95 mph)
"Santana, Carlos",2018,39.1,Post-Statcast (2015–2025),Statcast (EV ≥ 95 mph)
"Castellanos, Nick",2018,40.7,Post-Statcast (2015–2025),Statcast (EV ≥ 95 mph)
"Hosmer, Eric",2018,38.2,Post-Statcast (2015–2025),Statcast (EV ≥ 95 mph)
"Lowrie, Jed",2018,37.9,Post-Statcast (2015–2025),Statcast (EV ≥ 95 mph)
"Gennett, Scooter",2018,32.3,Post-Statcast (2015–2025),Statcast (EV ≥ 95 mph)
"Sánchez, Yolmer",2018,28.3,Post-Statcast (2015–2025),Statcast (EV ≥ 95 mph)
"Anderson, Brian",2018,42.4,Post-Statcast (2015–2025),Statcast (EV ≥ 95 mph)
"Galvis, Freddy",2018,28.9,Post-Statcast (2015–2025),Statcast (EV ≥ 95 mph)
"LeMahieu, DJ",2018,43.2,Post-Statcast (2015–2025),Statcast (EV ≥ 95 mph)
"Altuve, Jose",2018,33.8,Post-Statcast (2015–2025),Statcast (EV ≥ 95 mph)
"Rosario, Eddie",2018,34.2,Post-Statcast (2015–2025),Statcast (EV ≥ 95 mph)
"Rendon, Anthony",2018,44.8,Post-Statcast (2015–2025),Statcast (EV ≥ 95 mph)
"Haniger, Mitch",2018,43.2,Post-Statcast (2015–2025),Statcast (EV ≥ 95 mph)
"Marte, Starling",2018,38.8,Post-Statcast (2015–2025),Statcast (EV ≥ 95 mph)
"Hernández, César",2018,28.5,Post-Statcast (2015–2025),Statcast (EV ≥ 95 mph)
"Seager, Kyle",2018,39.6,Post-Statcast (2015–2025),Statcast (EV ≥ 95 mph)
"Escobar, Eduardo",2018,27.6,Post-Statcast (2015–2025),Statcast (EV ≥ 95 mph)
"Cain, Lorenzo",2018,40.5,Post-Statcast (2015–2025),Statcast (EV ≥ 95 mph)
"Gregorius, Didi",2018,30.8,Post-Statcast (2015–2025),Statcast (EV ≥ 95 mph)
"Marte, Ketel",2018,36.9,Post-Statcast (2015–2025),Statcast (EV ≥ 95 mph)
"Báez, Javier",2018,43.3,Post-Statcast (2015–2025),Statcast (EV ≥ 95 mph)
"Yelich, Christian",2018,50.8,Post-Statcast (2015–2025),Statcast (EV ≥ 95 mph)
"Rosario, Amed",2018,32.3,Post-Statcast (2015–2025),Statcast (EV ≥ 95 mph)
"Profar, Jurickson",2018,31.8,Post-Statcast (2015–2025),Statcast (EV ≥ 95 mph)
"Jay, Jon",2018,21.4,Post-Statcast (2015–2025),Statcast (EV ≥ 95 mph)
"Kepler, Max",2018,38.2,Post-Statcast (2015–2025),Statcast (EV ≥ 95 mph)
"Peralta, David",2018,46.3,Post-Statcast (2015–2025),Statcast (EV ≥ 95 mph)
"Piscotty, Stephen",2018,38.7,Post-Statcast (2015–2025),Statcast (EV ≥ 95 mph)
"Martínez, José A.",2018,44.6,Post-Statcast (2015–2025),Statcast (EV ≥ 95 mph)
"Betts, Mookie",2018,50.6,Post-Statcast (2015–2025),Statcast (EV ≥ 95 mph)
"Story, Trevor",2018,46.2,Post-Statcast (2015–2025),Statcast (EV ≥ 95 mph)
"Mancini, Trey",2018,42.9,Post-Statcast (2015–2025),Statcast (EV ≥ 95 mph)
"Gardner, Brett",2018,32.9,Post-Statcast (2015–2025),Statcast (EV ≥ 95 mph)
"McCutchen, Andrew",2018,41.9,Post-Statcast (2015–2025),Statcast (EV ≥ 95 mph)
"Herrera, Odúbel",2018,31.9,Post-Statcast (2015–2025),Statcast (EV ≥ 95 mph)
"Martinez, J.D.",2018,52.7,Post-Statcast (2015–2025),Statcast (EV ≥ 95 mph)
"Dozier, Brian",2018,29.4,Post-Statcast (2015–2025),Statcast (EV ≥ 95 mph)
"Cabrera, Asdrúbal",2018,39.6,Post-Statcast (2015–2025),Statcast (EV ≥ 95 mph)
"Dickerson, Corey",2018,32.4,Post-Statcast (2015–2025),Statcast (EV ≥ 95 mph)
"Kinsler, Ian",2018,26.2,Post-Statcast (2015–2025),Statcast (EV ≥ 95 mph)
"Rojas, Miguel",2018,23.8,Post-Statcast (2015–2025),Statcast (EV ≥ 95 mph)
"Springer, George",2018,37.4,Post-Statcast (2015–2025),Statcast (EV ≥ 95 mph)
"Martinez, Victor",2018,30.6,Post-Statcast (2015–2025),Statcast (EV ≥ 95 mph)
"Escobar, Alcides",2018,21.5,Post-Statcast (2015–2025),Statcast (EV ≥ 95 mph)
"Anderson, Tim",2018,27.9,Post-Statcast (2015–2025),Statcast (EV ≥ 95 mph)
"Kipnis, Jason",2018,31.6,Post-Statcast (2015–2025),Statcast (EV ≥ 95 mph)
"Goldschmidt, Paul",2018,44,Post-Statcast (2015–2025),Statcast (EV ≥ 95 mph)
"Pillar, Kevin",2018,36.7,Post-Statcast (2015–2025),Statcast (EV ≥ 95 mph)
"Olson, Matt",2018,52.2,Post-Statcast (2015–2025),Statcast (EV ≥ 95 mph)
"Bogaerts, Xander",2018,41.8,Post-Statcast (2015–2025),Statcast (EV ≥ 95 mph)
"Stanton, Giancarlo",2018,50.8,Post-Statcast (2015–2025),Statcast (EV ≥ 95 mph)
"Núñez, Eduardo",2018,35.7,Post-Statcast (2015–2025),Statcast (EV ≥ 95 mph)
"Crawford, Brandon",2018,33.3,Post-Statcast (2015–2025),Statcast (EV ≥ 95 mph)
"Desmond, Ian",2018,43.2,Post-Statcast (2015–2025),Statcast (EV ≥ 95 mph)
"Duffy, Matt",2018,28.1,Post-Statcast (2015–2025),Statcast (EV ≥ 95 mph)
"Ahmed, Nick",2018,30,Post-Statcast (2015–2025),Statcast (EV ≥ 95 mph)
"Hoskins, Rhys",2018,39.2,Post-Statcast (2015–2025),Statcast (EV ≥ 95 mph)
"Carpenter, Matt",2018,44.7,Post-Statcast (2015–2025),Statcast (EV ≥ 95 mph)
"Bellinger, Cody",2018,38.9,Post-Statcast (2015–2025),Statcast (EV ≥ 95 mph)
"Davis, Khris",2018,48.1,Post-Statcast (2015–2025),Statcast (EV ≥ 95 mph)
"Choo, Shin-Soo",2018,40.5,Post-Statcast (2015–2025),Statcast (EV ≥ 95 mph)
"Perez, Salvador",2018,47.5,Post-Statcast (2015–2025),Statcast (EV ≥ 95 mph)
"Votto, Joey",2018,35.1,Post-Statcast (2015–2025),Statcast (EV ≥ 95 mph)
"Mauer, Joe",2018,44.3,Post-Statcast (2015–2025),Statcast (EV ≥ 95 mph)
"Wendle, Joey",2018,35.7,Post-Statcast (2015–2025),Statcast (EV ≥ 95 mph)
"Zobrist, Ben",2018,38.7,Post-Statcast (2015–2025),Statcast (EV ≥ 95 mph)
"Chapman, Matt",2018,47.8,Post-Statcast (2015–2025),Statcast (EV ≥ 95 mph)
"Pujols, Albert",2018,40.9,Post-Statcast (2015–2025),Statcast (EV ≥ 95 mph)
"Bell, Josh",2018,39.3,Post-Statcast (2015–2025),Statcast (EV ≥ 95 mph)
"Cruz, Nelson",2018,51.7,Post-Statcast (2015–2025),Statcast (EV ≥ 95 mph)
"Solarte, Yangervis",2018,32,Post-Statcast (2015–2025),Statcast (EV ≥ 95 mph)
"Molina, Yadier",2018,33.8,Post-Statcast (2015–2025),Statcast (EV ≥ 95 mph)
"Alonso, Yonder",2018,37.5,Post-Statcast (2015–2025),Statcast (EV ≥ 95 mph)
"Margot, Manuel",2018,37,Post-Statcast (2015–2025),Statcast (EV ≥ 95 mph)
"Shaw, Travis",2018,38.3,Post-Statcast (2015–2025),Statcast (EV ≥ 95 mph)
"Abreu, José",2018,45.2,Post-Statcast (2015–2025),Statcast (EV ≥ 95 mph)
"Suárez, Eugenio",2018,45.6,Post-Statcast (2015–2025),Statcast (EV ≥ 95 mph)
"Smith, Mallex",2018,23,Post-Statcast (2015–2025),Statcast (EV ≥ 95 mph)
"Iglesias, Jose",2018,22.6,Post-Statcast (2015–2025),Statcast (EV ≥ 95 mph)
"Harper, Bryce",2018,45.4,Post-Statcast (2015–2025),Statcast (EV ≥ 95 mph)
"Conforto, Michael",2018,37.8,Post-Statcast (2015–2025),Statcast (EV ≥ 95 mph)
"Heyward, Jason",2018,38.8,Post-Statcast (2015–2025),Statcast (EV ≥ 95 mph)
"Gordon, Alex",2018,39.7,Post-Statcast (2015–2025),Statcast (EV ≥ 95 mph)
"Candelario, Jeimer",2018,33.6,Post-Statcast (2015–2025),Statcast (EV ≥ 95 mph)
"Longoria, Evan",2018,37.2,Post-Statcast (2015–2025),Statcast (EV ≥ 95 mph)
"Healy, Ryon",2018,41.6,Post-Statcast (2015–2025),Statcast (EV ≥ 95 mph)
"Hicks, Aaron",2018,43,Post-Statcast (2015–2025),Statcast (EV ≥ 95 mph)
"Realmuto, J.T.",2018,41.2,Post-Statcast (2015–2025),Statcast (EV ≥ 95 mph)
"Hamilton, Billy",2018,8.5,Post-Statcast (2015–2025),Statcast (EV ≥ 95 mph)
"Mazara, Nomar",2018,43.4,Post-Statcast (2015–2025),Statcast (EV ≥ 95 mph)
"Encarnación, Edwin",2018,41.4,Post-Statcast (2015–2025),Statcast (EV ≥ 95 mph)
"Franco, Maikel",2018,34.1,Post-Statcast (2015–2025),Statcast (EV ≥ 95 mph)
"Gonzalez, Marwin",2018,41.5,Post-Statcast (2015–2025),Statcast (EV ≥ 95 mph)
"Barnhart, Tucker",2018,30.3,Post-Statcast (2015–2025),Statcast (EV ≥ 95 mph)
"Almora Jr., Albert",2018,27.4,Post-Statcast (2015–2025),Statcast (EV ≥ 95 mph)
"Moncada, Yoán",2018,44.2,Post-Statcast (2015–2025),Statcast (EV ≥ 95 mph)
"Span, Denard",2018,29.6,Post-Statcast (2015–2025),Statcast (EV ≥ 95 mph)
"Swanson, Dansby",2018,34,Post-Statcast (2015–2025),Statcast (EV ≥ 95 mph)
"Díaz, Aledmys",2018,39.6,Post-Statcast (2015–2025),Statcast (EV ≥ 95 mph)
"Calhoun, Kole",2018,43.1,Post-Statcast (2015–2025),Statcast (EV ≥ 95 mph)
"Schoop, Jonathan",2018,30.6,Post-Statcast (2015–2025),Statcast (EV ≥ 95 mph)
"Upton, Justin",2018,47.4,Post-Statcast (2015–2025),Statcast (EV ≥ 95 mph)
"Taylor, Chris",2018,38.5,Post-Statcast (2015–2025),Statcast (EV ≥ 95 mph)
"Cron, C.J.",2018,36.6,Post-Statcast (2015–2025),Statcast (EV ≥ 95 mph)
"Dietrich, Derek",2018,37.8,Post-Statcast (2015–2025),Statcast (EV ≥ 95 mph)
"Camargo, Johan",2018,33.7,Post-Statcast (2015–2025),Statcast (EV ≥ 95 mph)
"Aguilar, Jesús",2018,42.9,Post-Statcast (2015–2025),Statcast (EV ≥ 95 mph)
"Reddick, Josh",2018,27,Post-Statcast (2015–2025),Statcast (EV ≥ 95 mph)
"Pham, Tommy",2018,49.9,Post-Statcast (2015–2025),Statcast (EV ≥ 95 mph)
"Lucroy, Jonathan",2018,27.5,Post-Statcast (2015–2025),Statcast (EV ≥ 95 mph)
"Contreras, Willson",2018,33.3,Post-Statcast (2015–2025),Statcast (EV ≥ 95 mph)
"Kemp, Matt",2018,39.1,Post-Statcast (2015–2025),Statcast (EV ≥ 95 mph)
"Odor, Rougned",2018,38.7,Post-Statcast (2015–2025),Statcast (EV ≥ 95 mph)
"Flores, Wilmer",2018,27.1,Post-Statcast (2015–2025),Statcast (EV ≥ 95 mph)
"González, Carlos",2018,39.1,Post-Statcast (2015–2025),Statcast (EV ≥ 95 mph)
"Smoak, Justin",2018,42.5,Post-Statcast (2015–2025),Statcast (EV ≥ 95 mph)
"Pirela, José",2018,37.4,Post-Statcast (2015–2025),Statcast (EV ≥ 95 mph)
"Polanco, Gregory",2018,37.8,Post-Statcast (2015–2025),Statcast (EV ≥ 95 mph)
"Trout, Mike",2018,46.2,Post-Statcast (2015–2025),Statcast (EV ≥ 95 mph)
"Posey, Buster",2018,34.9,Post-Statcast (2015–2025),Statcast (EV ≥ 95 mph)
"Beltré, Adrian",2018,37.4,Post-Statcast (2015–2025),Statcast (EV ≥ 95 mph)
"Bradley Jr., Jackie",2018,50.1,Post-Statcast (2015–2025),Statcast (EV ≥ 95 mph)
"Moran, Colin",2018,35.9,Post-Statcast (2015–2025),Statcast (EV ≥ 95 mph)
"Panik, Joe",2018,29.7,Post-Statcast (2015–2025),Statcast (EV ≥ 95 mph)
"Difo, Wilmer",2018,19,Post-Statcast (2015–2025),Statcast (EV ≥ 95 mph)
"Hernández, Enrique",2018,37,Post-Statcast (2015–2025),Statcast (EV ≥ 95 mph)
"Kingery, Scott",2018,31.7,Post-Statcast (2015–2025),Statcast (EV ≥ 95 mph)
"Andrus, Elvis",2018,30.5,Post-Statcast (2015–2025),Statcast (EV ≥ 95 mph)
"Villar, Jonathan",2018,36,Post-Statcast (2015–2025),Statcast (EV ≥ 95 mph)
"Devers, Rafael",2018,42,Post-Statcast (2015–2025),Statcast (EV ≥ 95 mph)
"Parra, Gerardo",2018,26.6,Post-Statcast (2015–2025),Statcast (EV ≥ 95 mph)
"Russell, Addison",2018,26.5,Post-Statcast (2015–2025),Statcast (EV ≥ 95 mph)
"Braun, Ryan",2018,49.5,Post-Statcast (2015–2025),Statcast (EV ≥ 95 mph)
"Morales, Kendrys",2018,52.6,Post-Statcast (2015–2025),Statcast (EV ≥ 95 mph)
"Pollock, AJ",2018,40.6,Post-Statcast (2015–2025),Statcast (EV ≥ 95 mph)
"Puig, Yasiel",2018,41,Post-Statcast (2015–2025),Statcast (EV ≥ 95 mph)
"Grossman, Robbie",2018,28.4,Post-Statcast (2015–2025),Statcast (EV ≥ 95 mph)
"Grandal, Yasmani",2018,40.4,Post-Statcast (2015–2025),Statcast (EV ≥ 95 mph)
"DeJong, Paul",2018,40.3,Post-Statcast (2015–2025),Statcast (EV ≥ 95 mph)
"Hernández, Teoscar",2018,46.2,Post-Statcast (2015–2025),Statcast (EV ≥ 95 mph)
"Soto, Juan",2018,42.2,Post-Statcast (2015–2025),Statcast (EV ≥ 95 mph)
"Torres, Gleyber",2018,36.8,Post-Statcast (2015–2025),Statcast (EV ≥ 95 mph)
"Pederson, Joc",2018,40.6,Post-Statcast (2015–2025),Statcast (EV ≥ 95 mph)
"Goodrum, Niko",2018,35.4,Post-Statcast (2015–2025),Statcast (EV ≥ 95 mph)
"Gattis, Evan",2018,34.4,Post-Statcast (2015–2025),Statcast (EV ≥ 95 mph)
"McCann, James",2018,37.4,Post-Statcast (2015–2025),Statcast (EV ≥ 95 mph)
"Turner, Justin",2018,36.7,Post-Statcast (2015–2025),Statcast (EV ≥ 95 mph)
"Acuña Jr., Ronald",2018,46.6,Post-Statcast (2015–2025),Statcast (EV ≥ 95 mph)
"Mercer, Jordy",2018,31.8,Post-Statcast (2015–2025),Statcast (EV ≥ 95 mph)
"Suzuki, Kurt",2018,35,Post-Statcast (2015–2025),Statcast (EV ≥ 95 mph)
"Engel, Adam",2018,32.5,Post-Statcast (2015–2025),Statcast (EV ≥ 95 mph)
"Hernández, Gorkys",2018,35.8,Post-Statcast (2015–2025),Statcast (EV ≥ 95 mph)
"Moreland, Mitch",2018,44.8,Post-Statcast (2015–2025),Statcast (EV ≥ 95 mph)
"Grichuk, Randal",2018,43.4,Post-Statcast (2015–2025),Statcast (EV ≥ 95 mph)
"Frazier, Todd",2018,37.1,Post-Statcast (2015–2025),Statcast (EV ≥ 95 mph)
"Ramos, Wilson",2018,48.2,Post-Statcast (2015–2025),Statcast (EV ≥ 95 mph)
"Wong, Kolten",2018,30.9,Post-Statcast (2015–2025),Statcast (EV ≥ 95 mph)
"Correa, Carlos",2018,33.4,Post-Statcast (2015–2025),Statcast (EV ≥ 95 mph)
"Bour, Justin",2018,39.1,Post-Statcast (2015–2025),Statcast (EV ≥ 95 mph)
"Kiner-Falefa, Isiah",2018,23.7,Post-Statcast (2015–2025),Statcast (EV ≥ 95 mph)
"Renfroe, Hunter",2018,43.6,Post-Statcast (2015–2025),Statcast (EV ≥ 95 mph)
"Williams, Nick",2018,38,Post-Statcast (2015–2025),Statcast (EV ≥ 95 mph)
"Belt, Brandon",2018,31.6,Post-Statcast (2015–2025),Statcast (EV ≥ 95 mph)
"Gallo, Joey",2018,49.5,Post-Statcast (2015–2025),Statcast (EV ≥ 95 mph)
"Nimmo, Brandon",2018,42.1,Post-Statcast (2015–2025),Statcast (EV ≥ 95 mph)
"Travis, Devon",2018,37.8,Post-Statcast (2015–2025),Statcast (EV ≥ 95 mph)
"Murphy, Daniel",2018,29,Post-Statcast (2015–2025),Statcast (EV ≥ 95 mph)
"Schwarber, Kyle",2018,45,Post-Statcast (2015–2025),Statcast (EV ≥ 95 mph)
"Jones, JaCoby",2018,35.5,Post-Statcast (2015–2025),Statcast (EV ≥ 95 mph)
"Forsythe, Logan",2018,29.8,Post-Statcast (2015–2025),Statcast (EV ≥ 95 mph)
"Gomes, Yan",2018,38.7,Post-Statcast (2015–2025),Statcast (EV ≥ 95 mph)
"Bryant, Kris",2018,33.5,Post-Statcast (2015–2025),Statcast (EV ≥ 95 mph)
"Harrison, Josh",2018,26.1,Post-Statcast (2015–2025),Statcast (EV ≥ 95 mph)
"Schebler, Scott",2018,42.8,Post-Statcast (2015–2025),Statcast (EV ≥ 95 mph)
"Davis, Chris",2018,40.1,Post-Statcast (2015–2025),Statcast (EV ≥ 95 mph)
"Canha, Mark",2018,34.8,Post-Statcast (2015–2025),Statcast (EV ≥ 95 mph)
"Maldonado, Martín",2018,26.5,Post-Statcast (2015–2025),Statcast (EV ≥ 95 mph)
"Gyorko, Jedd",2018,31.7,Post-Statcast (2015–2025),Statcast (EV ≥ 95 mph)
"Jankowski, Travis",2018,19.3,Post-Statcast (2015–2025),Statcast (EV ≥ 95 mph)
"Beckham, Tim",2018,35.3,Post-Statcast (2015–2025),Statcast (EV ≥ 95 mph)
"Davidson, Matt",2018,42.3,Post-Statcast (2015–2025),Statcast (EV ≥ 95 mph)
"Maybin, Cameron",2018,33.1,Post-Statcast (2015–2025),Statcast (EV ≥ 95 mph)
"Duvall, Adam",2018,41.6,Post-Statcast (2015–2025),Statcast (EV ≥ 95 mph)
"Guzmán, Ronald",2018,33.1,Post-Statcast (2015–2025),Statcast (EV ≥ 95 mph)
"Frazier, Adam",2018,31.5,Post-Statcast (2015–2025),Statcast (EV ≥ 95 mph)
"Muncy, Max",2018,46.4,Post-Statcast (2015–2025),Statcast (EV ≥ 95 mph)
"Judge, Aaron",2018,54.1,Post-Statcast (2015–2025),Statcast (EV ≥ 95 mph)
"Canó, Robinson",2018,51.5,Post-Statcast (2015–2025),Statcast (EV ≥ 95 mph)
"Walker, Neil",2018,33.3,Post-Statcast (2015–2025),Statcast (EV ≥ 95 mph)
"Palka, Daniel",2018,49,Post-Statcast (2015–2025),Statcast (EV ≥ 95 mph)
"Brinson, Lewis",2018,39.2,Post-Statcast (2015–2025),Statcast (EV ≥ 95 mph)
"DeShields, Delino",2018,14,Post-Statcast (2015–2025),Statcast (EV ≥ 95 mph)
"Arcia, Orlando",2018,28.6,Post-Statcast (2015–2025),Statcast (EV ≥ 95 mph)
"Bader, Harrison",2018,30.8,Post-Statcast (2015–2025),Statcast (EV ≥ 95 mph)
"Adrianza, Ehire",2018,30.6,Post-Statcast (2015–2025),Statcast (EV ≥ 95 mph)
"Gómez, Carlos",2018,29.3,Post-Statcast (2015–2025),Statcast (EV ≥ 95 mph)
"García, Avisaíl",2018,43.2,Post-Statcast (2015–2025),Statcast (EV ≥ 95 mph)
"Eaton, Adam",2018,30.4,Post-Statcast (2015–2025),Statcast (EV ≥ 95 mph)
"Dozier, Hunter",2018,40.2,Post-Statcast (2015–2025),Statcast (EV ≥ 95 mph)
"Cervelli, Francisco",2018,39.8,Post-Statcast (2015–2025),Statcast (EV ≥ 95 mph)
"Holt, Brock",2018,30.8,Post-Statcast (2015–2025),Statcast (EV ≥ 95 mph)
"Villanueva, Christian",2018,31.3,Post-Statcast (2015–2025),Statcast (EV ≥ 95 mph)
"Descalso, Daniel",2018,35.2,Post-Statcast (2015–2025),Statcast (EV ≥ 95 mph)
"Trumbo, Mark",2018,48.6,Post-Statcast (2015–2025),Statcast (EV ≥ 95 mph)
"Bruce, Jay",2018,34.8,Post-Statcast (2015–2025),Statcast (EV ≥ 95 mph)
"Kiermaier, Kevin",2018,29,Post-Statcast (2015–2025),Statcast (EV ≥ 95 mph)
"Martin, Leonys",2018,38.7,Post-Statcast (2015–2025),Statcast (EV ≥ 95 mph)
"Morrison, Logan",2018,38.2,Post-Statcast (2015–2025),Statcast (EV ≥ 95 mph)
"Taylor, Michael A.",2018,34.3,Post-Statcast (2015–2025),Statcast (EV ≥ 95 mph)
"Granderson, Curtis",2018,34.3,Post-Statcast (2015–2025),Statcast (EV ≥ 95 mph)
"Sánchez, Gary",2018,41.6,Post-Statcast (2015–2025),Statcast (EV ≥ 95 mph)
"Duda, Lucas",2018,36.7,Post-Statcast (2015–2025),Statcast (EV ≥ 95 mph)
"Bauers, Jake",2018,31.3,Post-Statcast (2015–2025),Statcast (EV ≥ 95 mph)
"Zunino, Mike",2018,44.9,Post-Statcast (2015–2025),Statcast (EV ≥ 95 mph)
"Ohtani, Shohei",2018,51.1,Post-Statcast (2015–2025),Statcast (EV ≥ 95 mph)
"Chirinos, Robinson",2018,39.6,Post-Statcast (2015–2025),Statcast (EV ≥ 95 mph)
"Happ, Ian",2018,40.5,Post-Statcast (2015–2025),Statcast (EV ≥ 95 mph)
"Myers, Wil",2018,45.7,Post-Statcast (2015–2025),Statcast (EV ≥ 95 mph)
"Iannetta, Chris",2018,43.7,Post-Statcast (2015–2025),Statcast (EV ≥ 95 mph)
"Bautista, José",2018,43.2,Post-Statcast (2015–2025),Statcast (EV ≥ 95 mph)
"Jackson, Austin",2018,32.4,Post-Statcast (2015–2025),Statcast (EV ≥ 95 mph)
"Martin, Russell",2018,43,Post-Statcast (2015–2025),Statcast (EV ≥ 95 mph)
"Alfaro, Jorge",2018,44.2,Post-Statcast (2015–2025),Statcast (EV ≥ 95 mph)
"Merrifield, Whit",2019,29.2,Post-Statcast (2015–2025),Statcast (EV ≥ 95 mph)
"Semien, Marcus",2019,38.1,Post-Statcast (2015–2025),Statcast (EV ≥ 95 mph)
"Fletcher, David",2019,17.1,Post-Statcast (2015–2025),Statcast (EV ≥ 95 mph)
"Castro, Starlin",2019,37.7,Post-Statcast (2015–2025),Statcast (EV ≥ 95 mph)
"Albies, Ozzie",2019,34,Post-Statcast (2015–2025),Statcast (EV ≥ 95 mph)
"Devers, Rafael",2019,48.5,Post-Statcast (2015–2025),Statcast (EV ≥ 95 mph)
"Pillar, Kevin",2019,30.8,Post-Statcast (2015–2025),Statcast (EV ≥ 95 mph)
"Polanco, Jorge",2019,33.1,Post-Statcast (2015–2025),Statcast (EV ≥ 95 mph)
"LeMahieu, DJ",2019,48.7,Post-Statcast (2015–2025),Statcast (EV ≥ 95 mph)
"Hernández, César",2019,28.3,Post-Statcast (2015–2025),Statcast (EV ≥ 95 mph)
"Escobar, Eduardo",2019,31.4,Post-Statcast (2015–2025),Statcast (EV ≥ 95 mph)
"Andrus, Elvis",2019,34.8,Post-Statcast (2015–2025),Statcast (EV ≥ 95 mph)
"Brantley, Michael",2019,37.3,Post-Statcast (2015–2025),Statcast (EV ≥ 95 mph)
"Lindor, Francisco",2019,41,Post-Statcast (2015–2025),Statcast (EV ≥ 95 mph)
"Segura, Jean",2019,32.7,Post-Statcast (2015–2025),Statcast (EV ≥ 95 mph)
"Betts, Mookie",2019,47.4,Post-Statcast (2015–2025),Statcast (EV ≥ 95 mph)
"Gurriel, Yuli",2019,38.1,Post-Statcast (2015–2025),Statcast (EV ≥ 95 mph)
"Arenado, Nolan",2019,37.6,Post-Statcast (2015–2025),Statcast (EV ≥ 95 mph)
"Bogaerts, Xander",2019,44.5,Post-Statcast (2015–2025),Statcast (EV ≥ 95 mph)
"Rosario, Amed",2019,39.5,Post-Statcast (2015–2025),Statcast (EV ≥ 95 mph)
"Abreu, José",2019,48.2,Post-Statcast (2015–2025),Statcast (EV ≥ 95 mph)
"Marte, Ketel",2019,40,Post-Statcast (2015–2025),Statcast (EV ≥ 95 mph)
"Frazier, Adam",2019,28.3,Post-Statcast (2015–2025),Statcast (EV ≥ 95 mph)
"Rosario, Eddie",2019,36,Post-Statcast (2015–2025),Statcast (EV ≥ 95 mph)
"Blackmon, Charlie",2019,40.3,Post-Statcast (2015–2025),Statcast (EV ≥ 95 mph)
"Alberto, Hanser",2019,18.5,Post-Statcast (2015–2025),Statcast (EV ≥ 95 mph)
"Bregman, Alex",2019,38,Post-Statcast (2015–2025),Statcast (EV ≥ 95 mph)
"Castellanos, Nick",2019,41.5,Post-Statcast (2015–2025),Statcast (EV ≥ 95 mph)
"Freeman, Freddie",2019,42.5,Post-Statcast (2015–2025),Statcast (EV ≥ 95 mph)
"Villar, Jonathan",2019,37.1,Post-Statcast (2015–2025),Statcast (EV ≥ 95 mph)
"Eaton, Adam",2019,34.3,Post-Statcast (2015–2025),Statcast (EV ≥ 95 mph)
"Rendon, Anthony",2019,46.6,Post-Statcast (2015–2025),Statcast (EV ≥ 95 mph)
"Santana, Carlos",2019,44.9,Post-Statcast (2015–2025),Statcast (EV ≥ 95 mph)
"Mancini, Trey",2019,42.7,Post-Statcast (2015–2025),Statcast (EV ≥ 95 mph)
"Gordon, Alex",2019,38.4,Post-Statcast (2015–2025),Statcast (EV ≥ 95 mph)
"Machado, Manny",2019,43.7,Post-Statcast (2015–2025),Statcast (EV ≥ 95 mph)
"Hosmer, Eric",2019,46,Post-Statcast (2015–2025),Statcast (EV ≥ 95 mph)
"Cain, Lorenzo",2019,42.1,Post-Statcast (2015–2025),Statcast (EV ≥ 95 mph)
"Ahmed, Nick",2019,34,Post-Statcast (2015–2025),Statcast (EV ≥ 95 mph)
"Bellinger, Cody",2019,45.9,Post-Statcast (2015–2025),Statcast (EV ≥ 95 mph)
"García, Leury",2019,29.9,Post-Statcast (2015–2025),Statcast (EV ≥ 95 mph)
"Marte, Starling",2019,38.6,Post-Statcast (2015–2025),Statcast (EV ≥ 95 mph)
"Pham, Tommy",2019,45,Post-Statcast (2015–2025),Statcast (EV ≥ 95 mph)
"Reddick, Josh",2019,29.4,Post-Statcast (2015–2025),Statcast (EV ≥ 95 mph)
"Martinez, J.D.",2019,48.3,Post-Statcast (2015–2025),Statcast (EV ≥ 95 mph)
"DeJong, Paul",2019,33.9,Post-Statcast (2015–2025),Statcast (EV ≥ 95 mph)
"Chapman, Matt",2019,49,Post-Statcast (2015–2025),Statcast (EV ≥ 95 mph)
"Acuña Jr., Ronald",2019,47.4,Post-Statcast (2015–2025),Statcast (EV ≥ 95 mph)
"Iglesias, Jose",2019,24.2,Post-Statcast (2015–2025),Statcast (EV ≥ 95 mph)
"McNeil, Jeff",2019,36.7,Post-Statcast (2015–2025),Statcast (EV ≥ 95 mph)
"Newman, Kevin",2019,24.8,Post-Statcast (2015–2025),Statcast (EV ≥ 95 mph)
"Goldschmidt, Paul",2019,42.4,Post-Statcast (2015–2025),Statcast (EV ≥ 95 mph)
"Pujols, Albert",2019,36.6,Post-Statcast (2015–2025),Statcast (EV ≥ 95 mph)
"Kepler, Max",2019,42.1,Post-Statcast (2015–2025),Statcast (EV ≥ 95 mph)
"Rizzo, Anthony",2019,37,Post-Statcast (2015–2025),Statcast (EV ≥ 95 mph)
"Rojas, Miguel",2019,28.8,Post-Statcast (2015–2025),Statcast (EV ≥ 95 mph)
"Moustakas, Mike",2019,40.8,Post-Statcast (2015–2025),Statcast (EV ≥ 95 mph)
"Puig, Yasiel",2019,39.1,Post-Statcast (2015–2025),Statcast (EV ≥ 95 mph)
"Grichuk, Randal",2019,39.8,Post-Statcast (2015–2025),Statcast (EV ≥ 95 mph)
"Torres, Gleyber",2019,36.8,Post-Statcast (2015–2025),Statcast (EV ≥ 95 mph)
"Realmuto, J.T.",2019,41.1,Post-Statcast (2015–2025),Statcast (EV ≥ 95 mph)
"Altuve, Jose",2019,34.5,Post-Statcast (2015–2025),Statcast (EV ≥ 95 mph)
"Robles, Victor",2019,23,Post-Statcast (2015–2025),Statcast (EV ≥ 95 mph)
"Alonso, Pete",2019,42.7,Post-Statcast (2015–2025),Statcast (EV ≥ 95 mph)
"Story, Trevor",2019,46,Post-Statcast (2015–2025),Statcast (EV ≥ 95 mph)
"Soto, Juan",2019,47.8,Post-Statcast (2015–2025),Statcast (EV ≥ 95 mph)
"Bell, Josh",2019,47.2,Post-Statcast (2015–2025),Statcast (EV ≥ 95 mph)
"Soler, Jorge",2019,50.1,Post-Statcast (2015–2025),Statcast (EV ≥ 95 mph)
"Galvis, Freddy",2019,36.4,Post-Statcast (2015–2025),Statcast (EV ≥ 95 mph)
"Ramírez, José",2019,35.7,Post-Statcast (2015–2025),Statcast (EV ≥ 95 mph)
"Turner, Trea",2019,42,Post-Statcast (2015–2025),Statcast (EV ≥ 95 mph)
"Benintendi, Andrew",2019,37.7,Post-Statcast (2015–2025),Statcast (EV ≥ 95 mph)
"Ramos, Wilson",2019,42.5,Post-Statcast (2015–2025),Statcast (EV ≥ 95 mph)
"Heyward, Jason",2019,36.5,Post-Statcast (2015–2025),Statcast (EV ≥ 95 mph)
"Wong, Kolten",2019,25.4,Post-Statcast (2015–2025),Statcast (EV ≥ 95 mph)
"Votto, Joey",2019,38.2,Post-Statcast (2015–2025),Statcast (EV ≥ 95 mph)
"Conforto, Michael",2019,39.2,Post-Statcast (2015–2025),Statcast (EV ≥ 95 mph)
"Belt, Brandon",2019,35.7,Post-Statcast (2015–2025),Statcast (EV ≥ 95 mph)
"Hoskins, Rhys",2019,38.7,Post-Statcast (2015–2025),Statcast (EV ≥ 95 mph)
"Núñez, Renato",2019,40.9,Post-Statcast (2015–2025),Statcast (EV ≥ 95 mph)
"Bryant, Kris",2019,34.1,Post-Statcast (2015–2025),Statcast (EV ≥ 95 mph)
"Meadows, Austin",2019,42.9,Post-Statcast (2015–2025),Statcast (EV ≥ 95 mph)
"Choo, Shin-Soo",2019,49,Post-Statcast (2015–2025),Statcast (EV ≥ 95 mph)
"Harper, Bryce",2019,45.6,Post-Statcast (2015–2025),Statcast (EV ≥ 95 mph)
"Panik, Joe",2019,25.8,Post-Statcast (2015–2025),Statcast (EV ≥ 95 mph)
"Donaldson, Josh",2019,50.5,Post-Statcast (2015–2025),Statcast (EV ≥ 95 mph)
"Turner, Justin",2019,43,Post-Statcast (2015–2025),Statcast (EV ≥ 95 mph)
"Seager, Corey",2019,38.2,Post-Statcast (2015–2025),Statcast (EV ≥ 95 mph)
"Arcia, Orlando",2019,31.3,Post-Statcast (2015–2025),Statcast (EV ≥ 95 mph)
"Suárez, Eugenio",2019,40.8,Post-Statcast (2015–2025),Statcast (EV ≥ 95 mph)
"Calhoun, Kole",2019,42.6,Post-Statcast (2015–2025),Statcast (EV ≥ 95 mph)
"Anderson, Tim",2019,37.6,Post-Statcast (2015–2025),Statcast (EV ≥ 95 mph)
"Cabrera, Miguel",2019,44.4,Post-Statcast (2015–2025),Statcast (EV ≥ 95 mph)
"Sánchez, Yolmer",2019,27,Post-Statcast (2015–2025),Statcast (EV ≥ 95 mph)
"Profar, Jurickson",2019,31.3,Post-Statcast (2015–2025),Statcast (EV ≥ 95 mph)
"Vázquez, Christian",2019,40.3,Post-Statcast (2015–2025),Statcast (EV ≥ 95 mph)
"Crawford, Brandon",2019,35.1,Post-Statcast (2015–2025),Statcast (EV ≥ 95 mph)
"Jones, Adam",2019,31,Post-Statcast (2015–2025),Statcast (EV ≥ 95 mph)
"Gardner, Brett",2019,32.7,Post-Statcast (2015–2025),Statcast (EV ≥ 95 mph)
"Adames, Willy",2019,35.6,Post-Statcast (2015–2025),Statcast (EV ≥ 95 mph)
"Kipnis, Jason",2019,34.4,Post-Statcast (2015–2025),Statcast (EV ≥ 95 mph)
"Dozier, Hunter",2019,42.9,Post-Statcast (2015–2025),Statcast (EV ≥ 95 mph)
"Grandal, Yasmani",2019,41.8,Post-Statcast (2015–2025),Statcast (EV ≥ 95 mph)
"Schwarber, Kyle",2019,51.2,Post-Statcast (2015–2025),Statcast (EV ≥ 95 mph)
"Báez, Javier",2019,43.6,Post-Statcast (2015–2025),Statcast (EV ≥ 95 mph)
"Walker, Christian",2019,48.8,Post-Statcast (2015–2025),Statcast (EV ≥ 95 mph)
"Guerrero Jr., Vladimir",2019,38.7,Post-Statcast (2015–2025),Statcast (EV ≥ 95 mph)
"Yelich, Christian",2019,49.1,Post-Statcast (2015–2025),Statcast (EV ≥ 95 mph)
"Reynolds, Bryan",2019,41.6,Post-Statcast (2015–2025),Statcast (EV ≥ 95 mph)
"Ozuna, Marcell",2019,49.2,Post-Statcast (2015–2025),Statcast (EV ≥ 95 mph)
"Smith, Mallex",2019,20.1,Post-Statcast (2015–2025),Statcast (EV ≥ 95 mph)
"Springer, George",2019,44.8,Post-Statcast (2015–2025),Statcast (EV ≥ 95 mph)
"Murphy, Daniel",2019,28.3,Post-Statcast (2015–2025),Statcast (EV ≥ 95 mph)
"García, Avisaíl",2019,40.3,Post-Statcast (2015–2025),Statcast (EV ≥ 95 mph)
"Molina, Yadier",2019,35,Post-Statcast (2015–2025),Statcast (EV ≥ 95 mph)
"Mercado, Óscar",2019,34.2,Post-Statcast (2015–2025),Statcast (EV ≥ 95 mph)
"Swanson, Dansby",2019,41.6,Post-Statcast (2015–2025),Statcast (EV ≥ 95 mph)
"Markakis, Nick",2019,44.3,Post-Statcast (2015–2025),Statcast (EV ≥ 95 mph)
"Simmons, Andrelton",2019,33.6,Post-Statcast (2015–2025),Statcast (EV ≥ 95 mph)
"Moncada, Yoán",2019,47.9,Post-Statcast (2015–2025),Statcast (EV ≥ 95 mph)
"Urshela, Gio",2019,41.6,Post-Statcast (2015–2025),Statcast (EV ≥ 95 mph)
"Braun, Ryan",2019,45.3,Post-Statcast (2015–2025),Statcast (EV ≥ 95 mph)
"Trout, Mike",2019,44.4,Post-Statcast (2015–2025),Statcast (EV ≥ 95 mph)
"Cron, C.J.",2019,45,Post-Statcast (2015–2025),Statcast (EV ≥ 95 mph)
"Moran, Colin",2019,34.8,Post-Statcast (2015–2025),Statcast (EV ≥ 95 mph)
"Cabrera, Asdrúbal",2019,35.3,Post-Statcast (2015–2025),Statcast (EV ≥ 95 mph)
"Fowler, Dexter",2019,28.7,Post-Statcast (2015–2025),Statcast (EV ≥ 95 mph)
"Anderson, Brian",2019,46,Post-Statcast (2015–2025),Statcast (EV ≥ 95 mph)
"Odor, Rougned",2019,45.6,Post-Statcast (2015–2025),Statcast (EV ≥ 95 mph)
"Olson, Matt",2019,50.4,Post-Statcast (2015–2025),Statcast (EV ≥ 95 mph)
"Longoria, Evan",2019,40.8,Post-Statcast (2015–2025),Statcast (EV ≥ 95 mph)
"Kiermaier, Kevin",2019,37.7,Post-Statcast (2015–2025),Statcast (EV ≥ 95 mph)
"Reyes, Franmil",2019,51,Post-Statcast (2015–2025),Statcast (EV ≥ 95 mph)
"Bradley Jr., Jackie",2019,44.8,Post-Statcast (2015–2025),Statcast (EV ≥ 95 mph)
"Muncy, Max",2019,43.4,Post-Statcast (2015–2025),Statcast (EV ≥ 95 mph)
"Frazier, Todd",2019,38.3,Post-Statcast (2015–2025),Statcast (EV ≥ 95 mph)
"Strange-Gordon, Dee",2019,19,Post-Statcast (2015–2025),Statcast (EV ≥ 95 mph)
"Pederson, Joc",2019,43.5,Post-Statcast (2015–2025),Statcast (EV ≥ 95 mph)
"Sogard, Eric",2019,20.4,Post-Statcast (2015–2025),Statcast (EV ≥ 95 mph)
"Narváez, Omar",2019,28.1,Post-Statcast (2015–2025),Statcast (EV ≥ 95 mph)
"Cabrera, Melky",2019,33,Post-Statcast (2015–2025),Statcast (EV ≥ 95 mph)
"Davis, Khris",2019,40.4,Post-Statcast (2015–2025),Statcast (EV ≥ 95 mph)
"Grossman, Robbie",2019,30.9,Post-Statcast (2015–2025),Statcast (EV ≥ 95 mph)
"Posey, Buster",2019,36.3,Post-Statcast (2015–2025),Statcast (EV ≥ 95 mph)
"Jiménez, Eloy",2019,47.9,Post-Statcast (2015–2025),Statcast (EV ≥ 95 mph)
"Lopez, Nicky",2019,19.7,Post-Statcast (2015–2025),Statcast (EV ≥ 95 mph)
"Ramírez, Harold",2019,34.7,Post-Statcast (2015–2025),Statcast (EV ≥ 95 mph)
"Franco, Maikel",2019,38.4,Post-Statcast (2015–2025),Statcast (EV ≥ 95 mph)
"Santana, Danny",2019,43.6,Post-Statcast (2015–2025),Statcast (EV ≥ 95 mph)
"Gonzalez, Marwin",2019,44,Post-Statcast (2015–2025),Statcast (EV ≥ 95 mph)
"Mazara, Nomar",2019,39.3,Post-Statcast (2015–2025),Statcast (EV ≥ 95 mph)
"Desmond, Ian",2019,42.5,Post-Statcast (2015–2025),Statcast (EV ≥ 95 mph)
"Tapia, Raimel",2019,31.6,Post-Statcast (2015–2025),Statcast (EV ≥ 95 mph)
"Cruz, Nelson",2019,51.5,Post-Statcast (2015–2025),Statcast (EV ≥ 95 mph)
"Canó, Robinson",2019,46.3,Post-Statcast (2015–2025),Statcast (EV ≥ 95 mph)
"McMahon, Ryan",2019,48,Post-Statcast (2015–2025),Statcast (EV ≥ 95 mph)
"Hernández, Enrique",2019,34.5,Post-Statcast (2015–2025),Statcast (EV ≥ 95 mph)
"Peraza, José",2019,25.6,Post-Statcast (2015–2025),Statcast (EV ≥ 95 mph)
"Laureano, Ramón",2019,40.4,Post-Statcast (2015–2025),Statcast (EV ≥ 95 mph)
"Schoop, Jonathan",2019,38.5,Post-Statcast (2015–2025),Statcast (EV ≥ 95 mph)
"Encarnación, Edwin",2019,42.4,Post-Statcast (2015–2025),Statcast (EV ≥ 95 mph)
"Dyson, Jarrod",2019,21.8,Post-Statcast (2015–2025),Statcast (EV ≥ 95 mph)
"Davis, J.D.",2019,47.9,Post-Statcast (2015–2025),Statcast (EV ≥ 95 mph)
"Vogelbach, Daniel",2019,38,Post-Statcast (2015–2025),Statcast (EV ≥ 95 mph)
"Kingery, Scott",2019,38.9,Post-Statcast (2015–2025),Statcast (EV ≥ 95 mph)
"Margot, Manuel",2019,34.8,Post-Statcast (2015–2025),Statcast (EV ≥ 95 mph)
"Dozier, Brian",2019,35.4,Post-Statcast (2015–2025),Statcast (EV ≥ 95 mph)
"Smoak, Justin",2019,39.8,Post-Statcast (2015–2025),Statcast (EV ≥ 95 mph)
"Seager, Kyle",2019,39.7,Post-Statcast (2015–2025),Statcast (EV ≥ 95 mph)
"Choi, Ji Man",2019,42.7,Post-Statcast (2015–2025),Statcast (EV ≥ 95 mph)
"Drury, Brandon",2019,36.7,Post-Statcast (2015–2025),Statcast (EV ≥ 95 mph)
"Canha, Mark",2019,41.1,Post-Statcast (2015–2025),Statcast (EV ≥ 95 mph)
"McCann, James",2019,44.2,Post-Statcast (2015–2025),Statcast (EV ≥ 95 mph)
"Verdugo, Alex",2019,39.7,Post-Statcast (2015–2025),Statcast (EV ≥ 95 mph)
"Arraez, Luis",2019,22.8,Post-Statcast (2015–2025),Statcast (EV ≥ 95 mph)
"Wolters, Tony",2019,19.7,Post-Statcast (2015–2025),Statcast (EV ≥ 95 mph)
"Santander, Anthony",2019,36.6,Post-Statcast (2015–2025),Statcast (EV ≥ 95 mph)
"Peralta, David",2019,40.9,Post-Statcast (2015–2025),Statcast (EV ≥ 95 mph)
"Carpenter, Matt",2019,31.1,Post-Statcast (2015–2025),Statcast (EV ≥ 95 mph)
"Renfroe, Hunter",2019,39.4,Post-Statcast (2015–2025),Statcast (EV ≥ 95 mph)
"Mondesi, Adalberto",2019,34,Post-Statcast (2015–2025),Statcast (EV ≥ 95 mph)
"Kendrick, Howie",2019,48.3,Post-Statcast (2015–2025),Statcast (EV ≥ 95 mph)
"Santana, Domingo",2019,42.1,Post-Statcast (2015–2025),Statcast (EV ≥ 95 mph)
"Goodwin, Brian",2019,33.3,Post-Statcast (2015–2025),Statcast (EV ≥ 95 mph)
"Voit, Luke",2019,42.4,Post-Statcast (2015–2025),Statcast (EV ≥ 95 mph)
"Goodrum, Niko",2019,41.5,Post-Statcast (2015–2025),Statcast (EV ≥ 95 mph)
"Ruiz, Rio",2019,36.5,Post-Statcast (2015–2025),Statcast (EV ≥ 95 mph)
"Almora Jr., Albert",2019,27.5,Post-Statcast (2015–2025),Statcast (EV ≥ 95 mph)
"Smith Jr., Dwight",2019,39.3,Post-Statcast (2015–2025),Statcast (EV ≥ 95 mph)
"Alfaro, Jorge",2019,44.8,Post-Statcast (2015–2025),Statcast (EV ≥ 95 mph)
"Ohtani, Shohei",2019,47.1,Post-Statcast (2015–2025),Statcast (EV ≥ 95 mph)
"Winker, Jesse",2019,41.1,Post-Statcast (2015–2025),Statcast (EV ≥ 95 mph)
"Piscotty, Stephen",2019,41,Post-Statcast (2015–2025),Statcast (EV ≥ 95 mph)
"Senzel, Nick",2019,38.2,Post-Statcast (2015–2025),Statcast (EV ≥ 95 mph)
"Castro, Harold",2019,28.6,Post-Statcast (2015–2025),Statcast (EV ≥ 95 mph)
"Pérez, Roberto",2019,41.3,Post-Statcast (2015–2025),Statcast (EV ≥ 95 mph)
"Cooper, Garrett",2019,40.3,Post-Statcast (2015–2025),Statcast (EV ≥ 95 mph)
"Gregorius, Didi",2019,35.5,Post-Statcast (2015–2025),Statcast (EV ≥ 95 mph)
"Sánchez, Gary",2019,41.9,Post-Statcast (2015–2025),Statcast (EV ≥ 95 mph)
"d'Arnaud, Travis",2019,39.7,Post-Statcast (2015–2025),Statcast (EV ≥ 95 mph)
"Stewart, Christin",2019,33.8,Post-Statcast (2015–2025),Statcast (EV ≥ 95 mph)
"Dahl, David",2019,39.5,Post-Statcast (2015–2025),Statcast (EV ≥ 95 mph)
"Jansen, Danny",2019,40,Post-Statcast (2015–2025),Statcast (EV ≥ 95 mph)
"Myers, Wil",2019,41.4,Post-Statcast (2015–2025),Statcast (EV ≥ 95 mph)
"Crawford, J.P.",2019,24.8,Post-Statcast (2015–2025),Statcast (EV ≥ 95 mph)
"Yastrzemski, Mike",2019,42.9,Post-Statcast (2015–2025),Statcast (EV ≥ 95 mph)
"Rengifo, Luis",2019,29.9,Post-Statcast (2015–2025),Statcast (EV ≥ 95 mph)
"DeShields, Delino",2019,24.3,Post-Statcast (2015–2025),Statcast (EV ≥ 95 mph)
"Edman, Tommy",2019,33.6,Post-Statcast (2015–2025),Statcast (EV ≥ 95 mph)
"Hernández, Teoscar",2019,42.3,Post-Statcast (2015–2025),Statcast (EV ≥ 95 mph)
"Walker, Neil",2019,31,Post-Statcast (2015–2025),Statcast (EV ≥ 95 mph)
"Contreras, Willson",2019,41.5,Post-Statcast (2015–2025),Statcast (EV ≥ 95 mph)
"Bauers, Jake",2019,33.1,Post-Statcast (2015–2025),Statcast (EV ≥ 95 mph)
"Dixon, Brandon",2019,41.3,Post-Statcast (2015–2025),Statcast (EV ≥ 95 mph)
"Phegley, Josh",2019,24.3,Post-Statcast (2015–2025),Statcast (EV ≥ 95 mph)
"Thames, Eric",2019,44.2,Post-Statcast (2015–2025),Statcast (EV ≥ 95 mph)
"Taylor, Chris",2019,32.3,Post-Statcast (2015–2025),Statcast (EV ≥ 95 mph)
"Tellez, Rowdy",2019,41.6,Post-Statcast (2015–2025),Statcast (EV ≥ 95 mph)
"Pinder, Chad",2019,44.4,Post-Statcast (2015–2025),Statcast (EV ≥ 95 mph)
"Martínez, José A.",2019,39.3,Post-Statcast (2015–2025),Statcast (EV ≥ 95 mph)
"Díaz, Yandy",2019,44.8,Post-Statcast (2015–2025),Statcast (EV ≥ 95 mph)
"Maldonado, Martín",2019,35.1,Post-Statcast (2015–2025),Statcast (EV ≥ 95 mph)
"Chirinos, Robinson",2019,37,Post-Statcast (2015–2025),Statcast (EV ≥ 95 mph)
"Aguilar, Jesús",2019,38.3,Post-Statcast (2015–2025),Statcast (EV ≥ 95 mph)
"Judge, Aaron",2019,58.4,Post-Statcast (2015–2025),Statcast (EV ≥ 95 mph)
"Pollock, AJ",2019,39.9,Post-Statcast (2015–2025),Statcast (EV ≥ 95 mph)
"Candelario, Jeimer",2019,33.8,Post-Statcast (2015–2025),Statcast (EV ≥ 95 mph)
"Kelly, Carson",2019,40.4,Post-Statcast (2015–2025),Statcast (EV ≥ 95 mph)
"Barnhart, Tucker",2019,27.9,Post-Statcast (2015–2025),Statcast (EV ≥ 95 mph)
"Severino, Pedro",2019,33.6,Post-Statcast (2015–2025),Statcast (EV ≥ 95 mph)
"Hamilton, Billy",2019,7.3,Post-Statcast (2015–2025),Statcast (EV ≥ 95 mph)
"Bader, Harrison",2019,35.3,Post-Statcast (2015–2025),Statcast (EV ≥ 95 mph)
"Biggio, Cavan",2019,39.9,Post-Statcast (2015–2025),Statcast (EV ≥ 95 mph)
"Gurriel Jr., Lourdes",2019,45.3,Post-Statcast (2015–2025),Statcast (EV ≥ 95 mph)
"Garcia, Greg",2019,27,Post-Statcast (2015–2025),Statcast (EV ≥ 95 mph)
"Gomes, Yan",2019,36.1,Post-Statcast (2015–2025),Statcast (EV ≥ 95 mph)
"O'Hearn, Ryan",2019,43.7,Post-Statcast (2015–2025),Statcast (EV ≥ 95 mph)
"Tatis Jr., Fernando",2019,44.1,Post-Statcast (2015–2025),Statcast (EV ≥ 95 mph)
"Garver, Mitch",2019,50,Post-Statcast (2015–2025),Statcast (EV ≥ 95 mph)
"Wilkerson, Stevie",2019,30.4,Post-Statcast (2015–2025),Statcast (EV ≥ 95 mph)
"Sanó, Miguel",2019,57.2,Post-Statcast (2015–2025),Statcast (EV ≥ 95 mph)
"Alvarez, Yordan",2019,48.9,Post-Statcast (2015–2025),Statcast (EV ≥ 95 mph)
"Granderson, Curtis",2019,34.8,Post-Statcast (2015–2025),Statcast (EV ≥ 95 mph)
"Chavis, Michael",2019,35.5,Post-Statcast (2015–2025),Statcast (EV ≥ 95 mph)
"Forsythe, Logan",2019,40.1,Post-Statcast (2015–2025),Statcast (EV ≥ 95 mph)
"Bote, David",2019,36.3,Post-Statcast (2015–2025),Statcast (EV ≥ 95 mph)
"Gamel, Ben",2019,38,Post-Statcast (2015–2025),Statcast (EV ≥ 95 mph)
"Hiura, Keston",2019,50,Post-Statcast (2015–2025),Statcast (EV ≥ 95 mph)
"Hedges, Austin",2019,32.5,Post-Statcast (2015–2025),Statcast (EV ≥ 95 mph)
"Davis, Chris",2019,39.2,Post-Statcast (2015–2025),Statcast (EV ≥ 95 mph)
"Merrifield, Whit",2020,27.3,Post-Statcast (2015–2025),Statcast (EV ≥ 95 mph)
"Turner, Trea",2020,40.7,Post-Statcast (2015–2025),Statcast (EV ≥ 95 mph)
"Lindor, Francisco",2020,41.1,Post-Statcast (2015–2025),Statcast (EV ≥ 95 mph)
"Alberto, Hanser",2020,20.7,Post-Statcast (2015–2025),Statcast (EV ≥ 95 mph)
"Machado, Manny",2020,43.5,Post-Statcast (2015–2025),Statcast (EV ≥ 95 mph)
"Gregorius, Didi",2020,27.9,Post-Statcast (2015–2025),Statcast (EV ≥ 95 mph)
"Franco, Maikel",2020,38.6,Post-Statcast (2015–2025),Statcast (EV ≥ 95 mph)
"Gurriel, Yuli",2020,36.5,Post-Statcast (2015–2025),Statcast (EV ≥ 95 mph)
"Marte, Starling",2020,30.3,Post-Statcast (2015–2025),Statcast (EV ≥ 95 mph)
"La Stella, Tommy",2020,28.3,Post-Statcast (2015–2025),Statcast (EV ≥ 95 mph)
"Fletcher, David",2020,17.8,Post-Statcast (2015–2025),Statcast (EV ≥ 95 mph)
"Guerrero Jr., Vladimir",2020,50.8,Post-Statcast (2015–2025),Statcast (EV ≥ 95 mph)
"Blackmon, Charlie",2020,29.7,Post-Statcast (2015–2025),Statcast (EV ≥ 95 mph)
"Abreu, José",2020,53.3,Post-Statcast (2015–2025),Statcast (EV ≥ 95 mph)
"Betts, Mookie",2020,43.4,Post-Statcast (2015–2025),Statcast (EV ≥ 95 mph)
"Kiner-Falefa, Isiah",2020,31.1,Post-Statcast (2015–2025),Statcast (EV ≥ 95 mph)
"Rosario, Eddie",2020,35.4,Post-Statcast (2015–2025),Statcast (EV ≥ 95 mph)
"Polanco, Jorge",2020,33.3,Post-Statcast (2015–2025),Statcast (EV ≥ 95 mph)
"Ramírez, José",2020,35.6,Post-Statcast (2015–2025),Statcast (EV ≥ 95 mph)
"Freeman, Freddie",2020,54.2,Post-Statcast (2015–2025),Statcast (EV ≥ 95 mph)
"Seager, Corey",2020,55.9,Post-Statcast (2015–2025),Statcast (EV ≥ 95 mph)
"Hernández, César",2020,37.3,Post-Statcast (2015–2025),Statcast (EV ≥ 95 mph)
"Seager, Kyle",2020,39.8,Post-Statcast (2015–2025),Statcast (EV ≥ 95 mph)
"Frazier, Adam",2020,25.1,Post-Statcast (2015–2025),Statcast (EV ≥ 95 mph)
"LeMahieu, DJ",2020,45.7,Post-Statcast (2015–2025),Statcast (EV ≥ 95 mph)
"Story, Trevor",2020,41.3,Post-Statcast (2015–2025),Statcast (EV ≥ 95 mph)
"Walker, Christian",2020,48.5,Post-Statcast (2015–2025),Statcast (EV ≥ 95 mph)
"Solak, Nick",2020,40.4,Post-Statcast (2015–2025),Statcast (EV ≥ 95 mph)
"Bellinger, Cody",2020,41.5,Post-Statcast (2015–2025),Statcast (EV ≥ 95 mph)
"McCutchen, Andrew",2020,41.2,Post-Statcast (2015–2025),Statcast (EV ≥ 95 mph)
"Ozuna, Marcell",2020,54.4,Post-Statcast (2015–2025),Statcast (EV ≥ 95 mph)
"Grichuk, Randal",2020,39.6,Post-Statcast (2015–2025),Statcast (EV ≥ 95 mph)
"Swanson, Dansby",2020,40.7,Post-Statcast (2015–2025),Statcast (EV ≥ 95 mph)
"Crawford, J.P.",2020,31.1,Post-Statcast (2015–2025),Statcast (EV ≥ 95 mph)
"Rizzo, Anthony",2020,34.7,Post-Statcast (2015–2025),Statcast (EV ≥ 95 mph)
"Pillar, Kevin",2020,36.5,Post-Statcast (2015–2025),Statcast (EV ≥ 95 mph)
"Arenado, Nolan",2020,33.7,Post-Statcast (2015–2025),Statcast (EV ≥ 95 mph)
"Devers, Rafael",2020,43.6,Post-Statcast (2015–2025),Statcast (EV ≥ 95 mph)
"Santana, Carlos",2020,36.6,Post-Statcast (2015–2025),Statcast (EV ≥ 95 mph)
"Escobar, Eduardo",2020,31.7,Post-Statcast (2015–2025),Statcast (EV ≥ 95 mph)
"Tatis Jr., Fernando",2020,62.2,Post-Statcast (2015–2025),Statcast (EV ≥ 95 mph)
"Tucker, Kyle",2020,44.5,Post-Statcast (2015–2025),Statcast (EV ≥ 95 mph)
"Flores, Wilmer",2020,34.4,Post-Statcast (2015–2025),Statcast (EV ≥ 95 mph)
"Marte, Ketel",2020,40.5,Post-Statcast (2015–2025),Statcast (EV ≥ 95 mph)
"Bogaerts, Xander",2020,36.8,Post-Statcast (2015–2025),Statcast (EV ≥ 95 mph)
"Gurriel Jr., Lourdes",2020,49.4,Post-Statcast (2015–2025),Statcast (EV ≥ 95 mph)
"McNeil, Jeff",2020,26.5,Post-Statcast (2015–2025),Statcast (EV ≥ 95 mph)
"Semien, Marcus",2020,28.6,Post-Statcast (2015–2025),Statcast (EV ≥ 95 mph)
"Peralta, David",2020,36.3,Post-Statcast (2015–2025),Statcast (EV ≥ 95 mph)
"Voit, Luke",2020,40,Post-Statcast (2015–2025),Statcast (EV ≥ 95 mph)
"Anderson, Tim",2020,35.8,Post-Statcast (2015–2025),Statcast (EV ≥ 95 mph)
"Dickerson, Corey",2020,30.8,Post-Statcast (2015–2025),Statcast (EV ≥ 95 mph)
"Biggio, Cavan",2020,30.8,Post-Statcast (2015–2025),Statcast (EV ≥ 95 mph)
"Rendon, Anthony",2020,40.5,Post-Statcast (2015–2025),Statcast (EV ≥ 95 mph)
"Edman, Tommy",2020,33.5,Post-Statcast (2015–2025),Statcast (EV ≥ 95 mph)
"Jiménez, Eloy",2020,55.7,Post-Statcast (2015–2025),Statcast (EV ≥ 95 mph)
"Reyes, Victor",2020,41.4,Post-Statcast (2015–2025),Statcast (EV ≥ 95 mph)
"Longoria, Evan",2020,45.2,Post-Statcast (2015–2025),Statcast (EV ≥ 95 mph)
"Verdugo, Alex",2020,34.4,Post-Statcast (2015–2025),Statcast (EV ≥ 95 mph)
"Cabrera, Miguel",2020,49.7,Post-Statcast (2015–2025),Statcast (EV ≥ 95 mph)
"Profar, Jurickson",2020,27.7,Post-Statcast (2015–2025),Statcast (EV ≥ 95 mph)
"Cabrera, Asdrúbal",2020,38.3,Post-Statcast (2015–2025),Statcast (EV ≥ 95 mph)
"Wong, Kolten",2020,26.6,Post-Statcast (2015–2025),Statcast (EV ≥ 95 mph)
"Martinez, J.D.",2020,41.6,Post-Statcast (2015–2025),Statcast (EV ≥ 95 mph)
"Altuve, Jose",2020,33.3,Post-Statcast (2015–2025),Statcast (EV ≥ 95 mph)
"Springer, George",2020,42.5,Post-Statcast (2015–2025),Statcast (EV ≥ 95 mph)
"Correa, Carlos",2020,42.1,Post-Statcast (2015–2025),Statcast (EV ≥ 95 mph)
"Pollock, AJ",2020,43.1,Post-Statcast (2015–2025),Statcast (EV ≥ 95 mph)
"Grisham, Trent",2020,41.8,Post-Statcast (2015–2025),Statcast (EV ≥ 95 mph)
"Ahmed, Nick",2020,33.3,Post-Statcast (2015–2025),Statcast (EV ≥ 95 mph)
"Aguilar, Jesús",2020,37.5,Post-Statcast (2015–2025),Statcast (EV ≥ 95 mph)
"Solano, Donovan",2020,34.9,Post-Statcast (2015–2025),Statcast (EV ≥ 95 mph)
"Mondesi, Adalberto",2020,39.1,Post-Statcast (2015–2025),Statcast (EV ≥ 95 mph)
"Harper, Bryce",2020,50.7,Post-Statcast (2015–2025),Statcast (EV ≥ 95 mph)
"Tapia, Raimel",2020,30,Post-Statcast (2015–2025),Statcast (EV ≥ 95 mph)
"Castellanos, Nick",2020,46.7,Post-Statcast (2015–2025),Statcast (EV ≥ 95 mph)
"Goldschmidt, Paul",2020,40.9,Post-Statcast (2015–2025),Statcast (EV ≥ 95 mph)
"Báez, Javier",2020,40.3,Post-Statcast (2015–2025),Statcast (EV ≥ 95 mph)
"Alonso, Pete",2020,41.2,Post-Statcast (2015–2025),Statcast (EV ≥ 95 mph)
"Canó, Robinson",2020,46.6,Post-Statcast (2015–2025),Statcast (EV ≥ 95 mph)
"Segura, Jean",2020,38.5,Post-Statcast (2015–2025),Statcast (EV ≥ 95 mph)
"Reyes, Franmil",2020,44.9,Post-Statcast (2015–2025),Statcast (EV ≥ 95 mph)
"Trout, Mike",2020,55.1,Post-Statcast (2015–2025),Statcast (EV ≥ 95 mph)
"Reddick, Josh",2020,29.3,Post-Statcast (2015–2025),Statcast (EV ≥ 95 mph)
"Conforto, Michael",2020,36.6,Post-Statcast (2015–2025),Statcast (EV ≥ 95 mph)
"Muncy, Max",2020,40,Post-Statcast (2015–2025),Statcast (EV ≥ 95 mph)
"Bradley Jr., Jackie",2020,36.4,Post-Statcast (2015–2025),Statcast (EV ≥ 95 mph)
"Calhoun, Kole",2020,38.2,Post-Statcast (2015–2025),Statcast (EV ≥ 95 mph)
"Nimmo, Brandon",2020,32.9,Post-Statcast (2015–2025),Statcast (EV ≥ 95 mph)
"Votto, Joey",2020,35.7,Post-Statcast (2015–2025),Statcast (EV ≥ 95 mph)
"Cronenworth, Jake",2020,42.7,Post-Statcast (2015–2025),Statcast (EV ≥ 95 mph)
"Brantley, Michael",2020,37.3,Post-Statcast (2015–2025),Statcast (EV ≥ 95 mph)
"Myers, Wil",2020,45.8,Post-Statcast (2015–2025),Statcast (EV ≥ 95 mph)
"Arcia, Orlando",2020,38.7,Post-Statcast (2015–2025),Statcast (EV ≥ 95 mph)
"Canha, Mark",2020,39.4,Post-Statcast (2015–2025),Statcast (EV ≥ 95 mph)
"Ruiz, Rio",2020,39,Post-Statcast (2015–2025),Statcast (EV ≥ 95 mph)
"Bell, Josh",2020,42.9,Post-Statcast (2015–2025),Statcast (EV ≥ 95 mph)
"Riley, Austin",2020,42.9,Post-Statcast (2015–2025),Statcast (EV ≥ 95 mph)
"Newman, Kevin",2020,28.3,Post-Statcast (2015–2025),Statcast (EV ≥ 95 mph)
"Gonzalez, Marwin",2020,38.4,Post-Statcast (2015–2025),Statcast (EV ≥ 95 mph)
"Lewis, Kyle",2020,35,Post-Statcast (2015–2025),Statcast (EV ≥ 95 mph)
"Lowe, Brandon",2020,43.1,Post-Statcast (2015–2025),Statcast (EV ≥ 95 mph)
"Duvall, Adam",2020,40.1,Post-Statcast (2015–2025),Statcast (EV ≥ 95 mph)
"Yastrzemski, Mike",2020,42.3,Post-Statcast (2015–2025),Statcast (EV ≥ 95 mph)
"Kepler, Max",2020,38.2,Post-Statcast (2015–2025),Statcast (EV ≥ 95 mph)
"Happ, Ian",2020,48.5,Post-Statcast (2015–2025),Statcast (EV ≥ 95 mph)
"Candelario, Jeimer",2020,47.1,Post-Statcast (2015–2025),Statcast (EV ≥ 95 mph)
"Anderson, Brian",2020,39.3,Post-Statcast (2015–2025),Statcast (EV ≥ 95 mph)
"Davis, J.D.",2020,45.2,Post-Statcast (2015–2025),Statcast (EV ≥ 95 mph)
"Smith, Dominic",2020,46.7,Post-Statcast (2015–2025),Statcast (EV ≥ 95 mph)
"Villar, Jonathan",2020,35.8,Post-Statcast (2015–2025),Statcast (EV ≥ 95 mph)
"Contreras, Willson",2020,47.8,Post-Statcast (2015–2025),Statcast (EV ≥ 95 mph)
"Hiura, Keston",2020,39.6,Post-Statcast (2015–2025),Statcast (EV ≥ 95 mph)
"Wendle, Joey",2020,32.1,Post-Statcast (2015–2025),Statcast (EV ≥ 95 mph)
"González, Erik",2020,44,Post-Statcast (2015–2025),Statcast (EV ≥ 95 mph)
"Olson, Matt",2020,45.9,Post-Statcast (2015–2025),Statcast (EV ≥ 95 mph)
"Núñez, Renato",2020,36.4,Post-Statcast (2015–2025),Statcast (EV ≥ 95 mph)
"Suárez, Eugenio",2020,44.7,Post-Statcast (2015–2025),Statcast (EV ≥ 95 mph)
"García, Avisaíl",2020,37.1,Post-Statcast (2015–2025),Statcast (EV ≥ 95 mph)
"Eaton, Adam",2020,38.2,Post-Statcast (2015–2025),Statcast (EV ≥ 95 mph)
"Robert Jr., Luis",2020,40.5,Post-Statcast (2015–2025),Statcast (EV ≥ 95 mph)
"Taylor, Chris",2020,45,Post-Statcast (2015–2025),Statcast (EV ≥ 95 mph)
"Hicks, Aaron",2020,38.2,Post-Statcast (2015–2025),Statcast (EV ≥ 95 mph)
"Lopez, Nicky",2020,26.7,Post-Statcast (2015–2025),Statcast (EV ≥ 95 mph)
"Moncada, Yoán",2020,33.1,Post-Statcast (2015–2025),Statcast (EV ≥ 95 mph)
"Urshela, Gio",2020,40.8,Post-Statcast (2015–2025),Statcast (EV ≥ 95 mph)
"Vázquez, Christian",2020,40,Post-Statcast (2015–2025),Statcast (EV ≥ 95 mph)
"Nola, Austin",2020,43.4,Post-Statcast (2015–2025),Statcast (EV ≥ 95 mph)
"Reynolds, Bryan",2020,38.3,Post-Statcast (2015–2025),Statcast (EV ≥ 95 mph)
"Laureano, Ramón",2020,34.4,Post-Statcast (2015–2025),Statcast (EV ≥ 95 mph)
"Pujols, Albert",2020,34.4,Post-Statcast (2015–2025),Statcast (EV ≥ 95 mph)
"Bregman, Alex",2020,33.6,Post-Statcast (2015–2025),Statcast (EV ≥ 95 mph)
"Hernández, Teoscar",2020,53.1,Post-Statcast (2015–2025),Statcast (EV ≥ 95 mph)
"Santander, Anthony",2020,36.7,Post-Statcast (2015–2025),Statcast (EV ≥ 95 mph)
"Grossman, Robbie",2020,37.5,Post-Statcast (2015–2025),Statcast (EV ≥ 95 mph)
"Moran, Colin",2020,47.2,Post-Statcast (2015–2025),Statcast (EV ≥ 95 mph)
"Cruz, Nelson",2020,47.2,Post-Statcast (2015–2025),Statcast (EV ≥ 95 mph)
"Crawford, Brandon",2020,39.4,Post-Statcast (2015–2025),Statcast (EV ≥ 95 mph)
"Gordon, Alex",2020,25.4,Post-Statcast (2015–2025),Statcast (EV ≥ 95 mph)
"Molina, Yadier",2020,25.4,Post-Statcast (2015–2025),Statcast (EV ≥ 95 mph)
"Iglesias, Jose",2020,36.5,Post-Statcast (2015–2025),Statcast (EV ≥ 95 mph)
"Soto, Juan",2020,51.6,Post-Statcast (2015–2025),Statcast (EV ≥ 95 mph)
"Bohm, Alec",2020,46.8,Post-Statcast (2015–2025),Statcast (EV ≥ 95 mph)
"Realmuto, J.T.",2020,42.4,Post-Statcast (2015–2025),Statcast (EV ≥ 95 mph)
"Turner, Justin",2020,44,Post-Statcast (2015–2025),Statcast (EV ≥ 95 mph)
"Schwarber, Kyle",2020,47.2,Post-Statcast (2015–2025),Statcast (EV ≥ 95 mph)
"Schoop, Jonathan",2020,33.6,Post-Statcast (2015–2025),Statcast (EV ≥ 95 mph)
"Dubón, Mauricio",2020,30.6,Post-Statcast (2015–2025),Statcast (EV ≥ 95 mph)
"Yelich, Christian",2020,55.6,Post-Statcast (2015–2025),Statcast (EV ≥ 95 mph)
"Dickerson, Alex",2020,44.3,Post-Statcast (2015–2025),Statcast (EV ≥ 95 mph)
"Akiyama, Shogo",2020,26.4,Post-Statcast (2015–2025),Statcast (EV ≥ 95 mph)
"Severino, Pedro",2020,31.4,Post-Statcast (2015–2025),Statcast (EV ≥ 95 mph)
"Margot, Manuel",2020,33.9,Post-Statcast (2015–2025),Statcast (EV ≥ 95 mph)
"Robles, Victor",2020,22.9,Post-Statcast (2015–2025),Statcast (EV ≥ 95 mph)
"Hosmer, Eric",2020,47,Post-Statcast (2015–2025),Statcast (EV ≥ 95 mph)
"d'Arnaud, Travis",2020,57.8,Post-Statcast (2015–2025),Statcast (EV ≥ 95 mph)
"Perez, Salvador",2020,47,Post-Statcast (2015–2025),Statcast (EV ≥ 95 mph)
"Frazier, Todd",2020,31.3,Post-Statcast (2015–2025),Statcast (EV ≥ 95 mph)
"Shaw, Travis",2020,44.7,Post-Statcast (2015–2025),Statcast (EV ≥ 95 mph)
"Gallo, Joey",2020,43.9,Post-Statcast (2015–2025),Statcast (EV ≥ 95 mph)
"Belt, Brandon",2020,46.9,Post-Statcast (2015–2025),Statcast (EV ≥ 95 mph)
"Heyward, Jason",2020,40.2,Post-Statcast (2015–2025),Statcast (EV ≥ 95 mph)
"Ramos, Wilson",2020,42,Post-Statcast (2015–2025),Statcast (EV ≥ 95 mph)
"Hampson, Garrett",2020,23.4,Post-Statcast (2015–2025),Statcast (EV ≥ 95 mph)
"Galvis, Freddy",2020,27.9,Post-Statcast (2015–2025),Statcast (EV ≥ 95 mph)
"Adames, Willy",2020,40.5,Post-Statcast (2015–2025),Statcast (EV ≥ 95 mph)
"Dozier, Hunter",2020,30.9,Post-Statcast (2015–2025),Statcast (EV ≥ 95 mph)
"Hernández, Enrique",2020,43.1,Post-Statcast (2015–2025),Statcast (EV ≥ 95 mph)
"Rosario, Amed",2020,33,Post-Statcast (2015–2025),Statcast (EV ≥ 95 mph)
"Lopes, Tim",2020,39.4,Post-Statcast (2015–2025),Statcast (EV ≥ 95 mph)
"Piscotty, Stephen",2020,39.8,Post-Statcast (2015–2025),Statcast (EV ≥ 95 mph)
"Valaika, Pat",2020,34.3,Post-Statcast (2015–2025),Statcast (EV ≥ 95 mph)
"Hoskins, Rhys",2020,41.7,Post-Statcast (2015–2025),Statcast (EV ≥ 95 mph)
"Torres, Gleyber",2020,38,Post-Statcast (2015–2025),Statcast (EV ≥ 95 mph)
"Tsutsugo, Yoshi",2020,47.2,Post-Statcast (2015–2025),Statcast (EV ≥ 95 mph)
"Mullins, Cedric",2020,31.8,Post-Statcast (2015–2025),Statcast (EV ≥ 95 mph)
"McMahon, Ryan",2020,43,Post-Statcast (2015–2025),Statcast (EV ≥ 95 mph)
"Rojas, Miguel",2020,30.8,Post-Statcast (2015–2025),Statcast (EV ≥ 95 mph)
"Markakis, Nick",2020,42.1,Post-Statcast (2015–2025),Statcast (EV ≥ 95 mph)
"Encarnación, Edwin",2020,33,Post-Statcast (2015–2025),Statcast (EV ≥ 95 mph)
"DeJong, Paul",2020,40.6,Post-Statcast (2015–2025),Statcast (EV ≥ 95 mph)
"Grandal, Yasmani",2020,43.8,Post-Statcast (2015–2025),Statcast (EV ≥ 95 mph)
"Upton, Justin",2020,43.8,Post-Statcast (2015–2025),Statcast (EV ≥ 95 mph)
"García Jr., Luis",2020,29.5,Post-Statcast (2015–2025),Statcast (EV ≥ 95 mph)
"Moustakas, Mike",2020,40,Post-Statcast (2015–2025),Statcast (EV ≥ 95 mph)
"France, Ty",2020,29.8,Post-Statcast (2015–2025),Statcast (EV ≥ 95 mph)
"Winker, Jesse",2020,49,Post-Statcast (2015–2025),Statcast (EV ≥ 95 mph)
"Moreland, Mitch",2020,40.4,Post-Statcast (2015–2025),Statcast (EV ≥ 95 mph)
"Braun, Ryan",2020,40.8,Post-Statcast (2015–2025),Statcast (EV ≥ 95 mph)
"Ohtani, Shohei",2020,42.7,Post-Statcast (2015–2025),Statcast (EV ≥ 95 mph)
"Murphy, Daniel",2020,25.2,Post-Statcast (2015–2025),Statcast (EV ≥ 95 mph)
"Simmons, Andrelton",2020,31.4,Post-Statcast (2015–2025),Statcast (EV ≥ 95 mph)
"Acuña Jr., Ronald",2020,56,Post-Statcast (2015–2025),Statcast (EV ≥ 95 mph)
"Hays, Austin",2020,31.3,Post-Statcast (2015–2025),Statcast (EV ≥ 95 mph)
"White, Evan",2020,52.5,Post-Statcast (2015–2025),Statcast (EV ≥ 95 mph)
"Mountcastle, Ryan",2020,41.8,Post-Statcast (2015–2025),Statcast (EV ≥ 95 mph)
"Chavis, Michael",2020,37.8,Post-Statcast (2015–2025),Statcast (EV ≥ 95 mph)
"O'Neill, Tyler",2020,39.2,Post-Statcast (2015–2025),Statcast (EV ≥ 95 mph)
"Miller, Brad",2020,43.3,Post-Statcast (2015–2025),Statcast (EV ≥ 95 mph)
"Díaz, Yandy",2020,30.9,Post-Statcast (2015–2025),Statcast (EV ≥ 95 mph)
"Sogard, Eric",2020,14.6,Post-Statcast (2015–2025),Statcast (EV ≥ 95 mph)
"Bichette, Bo",2020,40.6,Post-Statcast (2015–2025),Statcast (EV ≥ 95 mph)
"Gardner, Brett",2020,36.5,Post-Statcast (2015–2025),Statcast (EV ≥ 95 mph)
"Sanó, Miguel",2020,57.3,Post-Statcast (2015–2025),Statcast (EV ≥ 95 mph)
"Kiermaier, Kevin",2020,41.7,Post-Statcast (2015–2025),Statcast (EV ≥ 95 mph)
"Buxton, Byron",2020,47.9,Post-Statcast (2015–2025),Statcast (EV ≥ 95 mph)
"Suzuki, Kurt",2020,24.2,Post-Statcast (2015–2025),Statcast (EV ≥ 95 mph)
"Polanco, Gregory",2020,51.6,Post-Statcast (2015–2025),Statcast (EV ≥ 95 mph)
"Tellez, Rowdy",2020,45.3,Post-Statcast (2015–2025),Statcast (EV ≥ 95 mph)
"Naquin, Tyler",2020,51.6,Post-Statcast (2015–2025),Statcast (EV ≥ 95 mph)
"Castro, Willi",2020,31.9,Post-Statcast (2015–2025),Statcast (EV ≥ 95 mph)
"Moore, Dylan",2020,44.7,Post-Statcast (2015–2025),Statcast (EV ≥ 95 mph)
"Inciarte, Ender",2020,6.4,Post-Statcast (2015–2025),Statcast (EV ≥ 95 mph)
"Jansen, Danny",2020,35.5,Post-Statcast (2015–2025),Statcast (EV ≥ 95 mph)
"Smith, Will",2020,47.3,Post-Statcast (2015–2025),Statcast (EV ≥ 95 mph)
"Kelly, Carson",2020,34.4,Post-Statcast (2015–2025),Statcast (EV ≥ 95 mph)
"Panik, Joe",2020,33.3,Post-Statcast (2015–2025),Statcast (EV ≥ 95 mph)
"Odor, Rougned",2020,32.3,Post-Statcast (2015–2025),Statcast (EV ≥ 95 mph)
"Carpenter, Matt",2020,36.3,Post-Statcast (2015–2025),Statcast (EV ≥ 95 mph)
"Sánchez, Gary",2020,50,Post-Statcast (2015–2025),Statcast (EV ≥ 95 mph)
"Goodrum, Niko",2020,40.2,Post-Statcast (2015–2025),Statcast (EV ≥ 95 mph)
"Mazara, Nomar",2020,48.9,Post-Statcast (2015–2025),Statcast (EV ≥ 95 mph)
"Goodwin, Brian",2020,41.3,Post-Statcast (2015–2025),Statcast (EV ≥ 95 mph)
"Giménez, Andrés",2020,26.4,Post-Statcast (2015–2025),Statcast (EV ≥ 95 mph)
"Bryant, Kris",2020,31.9,Post-Statcast (2015–2025),Statcast (EV ≥ 95 mph)
"Soler, Jorge",2020,51.1,Post-Statcast (2015–2025),Statcast (EV ≥ 95 mph)
"Chapman, Matt",2020,51.7,Post-Statcast (2015–2025),Statcast (EV ≥ 95 mph)
"Choi, Ji Man",2020,39.3,Post-Statcast (2015–2025),Statcast (EV ≥ 95 mph)
"Cooper, Garrett",2020,41.6,Post-Statcast (2015–2025),Statcast (EV ≥ 95 mph)
"Stallings, Jacob",2020,37.5,Post-Statcast (2015–2025),Statcast (EV ≥ 95 mph)
"Frazier, Clint",2020,43.2,Post-Statcast (2015–2025),Statcast (EV ≥ 95 mph)
"Pederson, Joc",2020,44.8,Post-Statcast (2015–2025),Statcast (EV ≥ 95 mph)
"Joyce, Matt",2020,32.2,Post-Statcast (2015–2025),Statcast (EV ≥ 95 mph)
"Maldonado, Martín",2020,26.7,Post-Statcast (2015–2025),Statcast (EV ≥ 95 mph)
"Bote, David",2020,52.3,Post-Statcast (2015–2025),Statcast (EV ≥ 95 mph)
"Berti, Jon",2020,33.7,Post-Statcast (2015–2025),Statcast (EV ≥ 95 mph)
"Renfroe, Hunter",2020,39.5,Post-Statcast (2015–2025),Statcast (EV ≥ 95 mph)
"Hoerner, Nico",2020,37.2,Post-Statcast (2015–2025),Statcast (EV ≥ 95 mph)
"Camargo, Johan",2020,32.9,Post-Statcast (2015–2025),Statcast (EV ≥ 95 mph)
"Caratini, Victor",2020,36.5,Post-Statcast (2015–2025),Statcast (EV ≥ 95 mph)
"Romine, Austin",2020,47.6,Post-Statcast (2015–2025),Statcast (EV ≥ 95 mph)
"Meadows, Austin",2020,44,Post-Statcast (2015–2025),Statcast (EV ≥ 95 mph)
"Vogelbach, Daniel",2020,41.5,Post-Statcast (2015–2025),Statcast (EV ≥ 95 mph)
"Gyorko, Jedd",2020,43.2,Post-Statcast (2015–2025),Statcast (EV ≥ 95 mph)
"Thames, Eric",2020,46.9,Post-Statcast (2015–2025),Statcast (EV ≥ 95 mph)
"Long Jr., Shed",2020,32.5,Post-Statcast (2015–2025),Statcast (EV ≥ 95 mph)
"Murphy, Sean",2020,49.4,Post-Statcast (2015–2025),Statcast (EV ≥ 95 mph)
"Choo, Shin-Soo",2020,35.4,Post-Statcast (2015–2025),Statcast (EV ≥ 95 mph)
"Smoak, Justin",2020,39.7,Post-Statcast (2015–2025),Statcast (EV ≥ 95 mph)
"O'Hearn, Ryan",2020,44.2,Post-Statcast (2015–2025),Statcast (EV ≥ 95 mph)
"Taveras, Leody",2020,41.6,Post-Statcast (2015–2025),Statcast (EV ≥ 95 mph)
"Kemp, Matt",2020,28.9,Post-Statcast (2015–2025),Statcast (EV ≥ 95 mph)
"Gamel, Ben",2020,32,Post-Statcast (2015–2025),Statcast (EV ≥ 95 mph)
"Kipnis, Jason",2020,30.7,Post-Statcast (2015–2025),Statcast (EV ≥ 95 mph)
"Narváez, Omar",2020,21.7,Post-Statcast (2015–2025),Statcast (EV ≥ 95 mph)
"Adell, Jo",2020,36.2,Post-Statcast (2015–2025),Statcast (EV ≥ 95 mph)
"Bader, Harrison",2020,35.8,Post-Statcast (2015–2025),Statcast (EV ≥ 95 mph)
"Merrifield, Whit",2021,28.8,Post-Statcast (2015–2025),Statcast (EV ≥ 95 mph)
"Fletcher, David",2021,15.7,Post-Statcast (2015–2025),Statcast (EV ≥ 95 mph)
"Edman, Tommy",2021,35.1,Post-Statcast (2015–2025),Statcast (EV ≥ 95 mph)
"Kiner-Falefa, Isiah",2021,28.8,Post-Statcast (2015–2025),Statcast (EV ≥ 95 mph)
"Altuve, Jose",2021,35,Post-Statcast (2015–2025),Statcast (EV ≥ 95 mph)
"Frazier, Adam",2021,25.2,Post-Statcast (2015–2025),Statcast (EV ≥ 95 mph)
"Crawford, J.P.",2021,30.6,Post-Statcast (2015–2025),Statcast (EV ≥ 95 mph)
"Semien, Marcus",2021,41.3,Post-Statcast (2015–2025),Statcast (EV ≥ 95 mph)
"LeMahieu, DJ",2021,43.5,Post-Statcast (2015–2025),Statcast (EV ≥ 95 mph)
"Albies, Ozzie",2021,37.2,Post-Statcast (2015–2025),Statcast (EV ≥ 95 mph)
"Bichette, Bo",2021,47.5,Post-Statcast (2015–2025),Statcast (EV ≥ 95 mph)
"Arenado, Nolan",2021,37.5,Post-Statcast (2015–2025),Statcast (EV ≥ 95 mph)
"Schoop, Jonathan",2021,40.2,Post-Statcast (2015–2025),Statcast (EV ≥ 95 mph)
"Guerrero Jr., Vladimir",2021,55.2,Post-Statcast (2015–2025),Statcast (EV ≥ 95 mph)
"Freeman, Freddie",2021,46.1,Post-Statcast (2015–2025),Statcast (EV ≥ 95 mph)
"Turner, Trea",2021,46.2,Post-Statcast (2015–2025),Statcast (EV ≥ 95 mph)
"Newman, Kevin",2021,26,Post-Statcast (2015–2025),Statcast (EV ≥ 95 mph)
"Cronenworth, Jake",2021,35,Post-Statcast (2015–2025),Statcast (EV ≥ 95 mph)
"Mullins, Cedric",2021,39.4,Post-Statcast (2015–2025),Statcast (EV ≥ 95 mph)
"Polanco, Jorge",2021,37.4,Post-Statcast (2015–2025),Statcast (EV ≥ 95 mph)
"Gurriel, Yuli",2021,42,Post-Statcast (2015–2025),Statcast (EV ≥ 95 mph)
"Machado, Manny",2021,52.2,Post-Statcast (2015–2025),Statcast (EV ≥ 95 mph)
"Goldschmidt, Paul",2021,50.6,Post-Statcast (2015–2025),Statcast (EV ≥ 95 mph)
"France, Ty",2021,38.9,Post-Statcast (2015–2025),Statcast (EV ≥ 95 mph)
"Ramírez, José",2021,42.4,Post-Statcast (2015–2025),Statcast (EV ≥ 95 mph)
"Santana, Carlos",2021,41.9,Post-Statcast (2015–2025),Statcast (EV ≥ 95 mph)
"Olson, Matt",2021,48.8,Post-Statcast (2015–2025),Statcast (EV ≥ 95 mph)
"Haniger, Mitch",2021,45.1,Post-Statcast (2015–2025),Statcast (EV ≥ 95 mph)
"Perez, Salvador",2021,56.2,Post-Statcast (2015–2025),Statcast (EV ≥ 95 mph)
"Verdugo, Alex",2021,43.3,Post-Statcast (2015–2025),Statcast (EV ≥ 95 mph)
"Devers, Rafael",2021,51.8,Post-Statcast (2015–2025),Statcast (EV ≥ 95 mph)
"Straw, Myles",2021,26.2,Post-Statcast (2015–2025),Statcast (EV ≥ 95 mph)
"Seager, Kyle",2021,40.1,Post-Statcast (2015–2025),Statcast (EV ≥ 95 mph)
"Correa, Carlos",2021,42.7,Post-Statcast (2015–2025),Statcast (EV ≥ 95 mph)
"Reynolds, Bryan",2021,40.8,Post-Statcast (2015–2025),Statcast (EV ≥ 95 mph)
"Turner, Justin",2021,42.4,Post-Statcast (2015–2025),Statcast (EV ≥ 95 mph)
"Segura, Jean",2021,37.4,Post-Statcast (2015–2025),Statcast (EV ≥ 95 mph)
"Hernández, César",2021,33.2,Post-Statcast (2015–2025),Statcast (EV ≥ 95 mph)
"Lopez, Nicky",2021,26.9,Post-Statcast (2015–2025),Statcast (EV ≥ 95 mph)
"Alonso, Pete",2021,47.3,Post-Statcast (2015–2025),Statcast (EV ≥ 95 mph)
"Rosario, Amed",2021,43.5,Post-Statcast (2015–2025),Statcast (EV ≥ 95 mph)
"Harrison, Josh",2021,32.6,Post-Statcast (2015–2025),Statcast (EV ≥ 95 mph)
"Abreu, José",2021,49.3,Post-Statcast (2015–2025),Statcast (EV ≥ 95 mph)
"Riley, Austin",2021,45.6,Post-Statcast (2015–2025),Statcast (EV ≥ 95 mph)
"Swanson, Dansby",2021,42.7,Post-Statcast (2015–2025),Statcast (EV ≥ 95 mph)
"Escobar, Eduardo",2021,34.5,Post-Statcast (2015–2025),Statcast (EV ≥ 95 mph)
"Blackmon, Charlie",2021,38.5,Post-Statcast (2015–2025),Statcast (EV ≥ 95 mph)
"Martinez, J.D.",2021,49.4,Post-Statcast (2015–2025),Statcast (EV ≥ 95 mph)
"Andrus, Elvis",2021,34.8,Post-Statcast (2015–2025),Statcast (EV ≥ 95 mph)
"Bogaerts, Xander",2021,43,Post-Statcast (2015–2025),Statcast (EV ≥ 95 mph)
"Rojas, Miguel",2021,32.9,Post-Statcast (2015–2025),Statcast (EV ≥ 95 mph)
"Tapia, Raimel",2021,31.5,Post-Statcast (2015–2025),Statcast (EV ≥ 95 mph)
"Candelario, Jeimer",2021,39.1,Post-Statcast (2015–2025),Statcast (EV ≥ 95 mph)
"Tucker, Kyle",2021,47.5,Post-Statcast (2015–2025),Statcast (EV ≥ 95 mph)
"Brantley, Michael",2021,42.9,Post-Statcast (2015–2025),Statcast (EV ≥ 95 mph)
"Castellanos, Nick",2021,46.9,Post-Statcast (2015–2025),Statcast (EV ≥ 95 mph)
"Mancini, Trey",2021,42,Post-Statcast (2015–2025),Statcast (EV ≥ 95 mph)
"Soto, Juan",2021,52.7,Post-Statcast (2015–2025),Statcast (EV ≥ 95 mph)
"Rizzo, Anthony",2021,41.1,Post-Statcast (2015–2025),Statcast (EV ≥ 95 mph)
"Hosmer, Eric",2021,47,Post-Statcast (2015–2025),Statcast (EV ≥ 95 mph)
"Grossman, Robbie",2021,34.1,Post-Statcast (2015–2025),Statcast (EV ≥ 95 mph)
"Iglesias, Jose",2021,28.6,Post-Statcast (2015–2025),Statcast (EV ≥ 95 mph)
"Anderson, Tim",2021,42.3,Post-Statcast (2015–2025),Statcast (EV ≥ 95 mph)
"Gurriel Jr., Lourdes",2021,43,Post-Statcast (2015–2025),Statcast (EV ≥ 95 mph)
"Hernández, Enrique",2021,43.2,Post-Statcast (2015–2025),Statcast (EV ≥ 95 mph)
"Hernández, Teoscar",2021,49,Post-Statcast (2015–2025),Statcast (EV ≥ 95 mph)
"Meadows, Austin",2021,37.9,Post-Statcast (2015–2025),Statcast (EV ≥ 95 mph)
"Benintendi, Andrew",2021,43.2,Post-Statcast (2015–2025),Statcast (EV ≥ 95 mph)
"Grichuk, Randal",2021,41.1,Post-Statcast (2015–2025),Statcast (EV ≥ 95 mph)
"Bell, Josh",2021,52,Post-Statcast (2015–2025),Statcast (EV ≥ 95 mph)
"Carlson, Dylan",2021,31.1,Post-Statcast (2015–2025),Statcast (EV ≥ 95 mph)
"Lowe, Nathaniel",2021,45.5,Post-Statcast (2015–2025),Statcast (EV ≥ 95 mph)
"Judge, Aaron",2021,58.4,Post-Statcast (2015–2025),Statcast (EV ≥ 95 mph)
"Peralta, David",2021,41.8,Post-Statcast (2015–2025),Statcast (EV ≥ 95 mph)
"Renfroe, Hunter",2021,44.3,Post-Statcast (2015–2025),Statcast (EV ≥ 95 mph)
"Cruz, Nelson",2021,52.5,Post-Statcast (2015–2025),Statcast (EV ≥ 95 mph)
"India, Jonathan",2021,38.6,Post-Statcast (2015–2025),Statcast (EV ≥ 95 mph)
"Alvarez, Yordan",2021,54.2,Post-Statcast (2015–2025),Statcast (EV ≥ 95 mph)
"Canha, Mark",2021,35.4,Post-Statcast (2015–2025),Statcast (EV ≥ 95 mph)
"Smith, Pavin",2021,42.7,Post-Statcast (2015–2025),Statcast (EV ≥ 95 mph)
"Story, Trevor",2021,42.6,Post-Statcast (2015–2025),Statcast (EV ≥ 95 mph)
"Farmer, Kyle",2021,31.9,Post-Statcast (2015–2025),Statcast (EV ≥ 95 mph)
"García, Adolis",2021,45.5,Post-Statcast (2015–2025),Statcast (EV ≥ 95 mph)
"Arraez, Luis",2021,30.6,Post-Statcast (2015–2025),Statcast (EV ≥ 95 mph)
"McMahon, Ryan",2021,43.5,Post-Statcast (2015–2025),Statcast (EV ≥ 95 mph)
"Betts, Mookie",2021,41,Post-Statcast (2015–2025),Statcast (EV ≥ 95 mph)
"Hays, Austin",2021,39.2,Post-Statcast (2015–2025),Statcast (EV ≥ 95 mph)
"Díaz, Yandy",2021,40.6,Post-Statcast (2015–2025),Statcast (EV ≥ 95 mph)
"Crawford, Brandon",2021,43.3,Post-Statcast (2015–2025),Statcast (EV ≥ 95 mph)
"Walsh, Jared",2021,41.3,Post-Statcast (2015–2025),Statcast (EV ≥ 95 mph)
"Mountcastle, Ryan",2021,39.7,Post-Statcast (2015–2025),Statcast (EV ≥ 95 mph)
"Bryant, Kris",2021,40,Post-Statcast (2015–2025),Statcast (EV ≥ 95 mph)
"Soler, Jorge",2021,47,Post-Statcast (2015–2025),Statcast (EV ≥ 95 mph)
"Herrera, Odúbel",2021,40.1,Post-Statcast (2015–2025),Statcast (EV ≥ 95 mph)
"Vázquez, Christian",2021,31.1,Post-Statcast (2015–2025),Statcast (EV ≥ 95 mph)
"Muncy, Max",2021,46.6,Post-Statcast (2015–2025),Statcast (EV ≥ 95 mph)
"Urías, Luis",2021,40.5,Post-Statcast (2015–2025),Statcast (EV ≥ 95 mph)
"Lowe, Brandon",2021,43.1,Post-Statcast (2015–2025),Statcast (EV ≥ 95 mph)
"Marte, Starling",2021,39.6,Post-Statcast (2015–2025),Statcast (EV ≥ 95 mph)
"Wong, Kolten",2021,34.8,Post-Statcast (2015–2025),Statcast (EV ≥ 95 mph)
"Lindor, Francisco",2021,44.1,Post-Statcast (2015–2025),Statcast (EV ≥ 95 mph)
"Moncada, Yoán",2021,41.2,Post-Statcast (2015–2025),Statcast (EV ≥ 95 mph)
"Arozarena, Randy",2021,42.3,Post-Statcast (2015–2025),Statcast (EV ≥ 95 mph)
"Molina, Yadier",2021,31.6,Post-Statcast (2015–2025),Statcast (EV ≥ 95 mph)
"Aguilar, Jesús",2021,41,Post-Statcast (2015–2025),Statcast (EV ≥ 95 mph)
"Cabrera, Miguel",2021,49,Post-Statcast (2015–2025),Statcast (EV ≥ 95 mph)
"Torres, Gleyber",2021,35.7,Post-Statcast (2015–2025),Statcast (EV ≥ 95 mph)
"Harper, Bryce",2021,49.7,Post-Statcast (2015–2025),Statcast (EV ≥ 95 mph)
"McCutchen, Andrew",2021,39.5,Post-Statcast (2015–2025),Statcast (EV ≥ 95 mph)
"Cron, C.J.",2021,42,Post-Statcast (2015–2025),Statcast (EV ≥ 95 mph)
"Stanton, Giancarlo",2021,56.3,Post-Statcast (2015–2025),Statcast (EV ≥ 95 mph)
"Margot, Manuel",2021,40.2,Post-Statcast (2015–2025),Statcast (EV ≥ 95 mph)
"Solak, Nick",2021,33.5,Post-Statcast (2015–2025),Statcast (EV ≥ 95 mph)
"Simmons, Andrelton",2021,21.8,Post-Statcast (2015–2025),Statcast (EV ≥ 95 mph)
"Lowrie, Jed",2021,45.9,Post-Statcast (2015–2025),Statcast (EV ≥ 95 mph)
"Pham, Tommy",2021,47.6,Post-Statcast (2015–2025),Statcast (EV ≥ 95 mph)
"Donaldson, Josh",2021,52.7,Post-Statcast (2015–2025),Statcast (EV ≥ 95 mph)
"Rojas, Josh",2021,31.1,Post-Statcast (2015–2025),Statcast (EV ≥ 95 mph)
"Ohtani, Shohei",2021,53.6,Post-Statcast (2015–2025),Statcast (EV ≥ 95 mph)
"Wendle, Joey",2021,34.6,Post-Statcast (2015–2025),Statcast (EV ≥ 95 mph)
"Realmuto, J.T.",2021,44.7,Post-Statcast (2015–2025),Statcast (EV ≥ 95 mph)
"Winker, Jesse",2021,47.1,Post-Statcast (2015–2025),Statcast (EV ≥ 95 mph)
"Grisham, Trent",2021,36.8,Post-Statcast (2015–2025),Statcast (EV ≥ 95 mph)
"Taylor, Michael A.",2021,40.2,Post-Statcast (2015–2025),Statcast (EV ≥ 95 mph)
"García, Avisaíl",2021,46.4,Post-Statcast (2015–2025),Statcast (EV ≥ 95 mph)
"Taylor, Chris",2021,38.1,Post-Statcast (2015–2025),Statcast (EV ≥ 95 mph)
"Duvall, Adam",2021,43.9,Post-Statcast (2015–2025),Statcast (EV ≥ 95 mph)
"Adames, Willy",2021,44.7,Post-Statcast (2015–2025),Statcast (EV ≥ 95 mph)
"Yastrzemski, Mike",2021,39.3,Post-Statcast (2015–2025),Statcast (EV ≥ 95 mph)
"Hampson, Garrett",2021,31.2,Post-Statcast (2015–2025),Statcast (EV ≥ 95 mph)
"Smith, Dominic",2021,40.6,Post-Statcast (2015–2025),Statcast (EV ≥ 95 mph)
"Suárez, Eugenio",2021,39.8,Post-Statcast (2015–2025),Statcast (EV ≥ 95 mph)
"Dozier, Hunter",2021,42.2,Post-Statcast (2015–2025),Statcast (EV ≥ 95 mph)
"Flores, Wilmer",2021,35.4,Post-Statcast (2015–2025),Statcast (EV ≥ 95 mph)
"Chapman, Matt",2021,41.7,Post-Statcast (2015–2025),Statcast (EV ≥ 95 mph)
"Kepler, Max",2021,42.5,Post-Statcast (2015–2025),Statcast (EV ≥ 95 mph)
"Ahmed, Nick",2021,27.9,Post-Statcast (2015–2025),Statcast (EV ≥ 95 mph)
"García, Leury",2021,32.5,Post-Statcast (2015–2025),Statcast (EV ≥ 95 mph)
"Tatis Jr., Fernando",2021,55.6,Post-Statcast (2015–2025),Statcast (EV ≥ 95 mph)
"McNeil, Jeff",2021,33.4,Post-Statcast (2015–2025),Statcast (EV ≥ 95 mph)
"Votto, Joey",2021,53.2,Post-Statcast (2015–2025),Statcast (EV ≥ 95 mph)
"Rosario, Eddie",2021,35.8,Post-Statcast (2015–2025),Statcast (EV ≥ 95 mph)
"Smith, Will",2021,43.8,Post-Statcast (2015–2025),Statcast (EV ≥ 95 mph)
"Villar, Jonathan",2021,34.9,Post-Statcast (2015–2025),Statcast (EV ≥ 95 mph)
"Chisholm Jr., Jazz",2021,42,Post-Statcast (2015–2025),Statcast (EV ≥ 95 mph)
"Vaughn, Andrew",2021,47.3,Post-Statcast (2015–2025),Statcast (EV ≥ 95 mph)
"Báez, Javier",2021,45.2,Post-Statcast (2015–2025),Statcast (EV ≥ 95 mph)
"O'Neill, Tyler",2021,52.2,Post-Statcast (2015–2025),Statcast (EV ≥ 95 mph)
"Pederson, Joc",2021,47.6,Post-Statcast (2015–2025),Statcast (EV ≥ 95 mph)
"Narváez, Omar",2021,25.6,Post-Statcast (2015–2025),Statcast (EV ≥ 95 mph)
"Franco, Maikel",2021,33.9,Post-Statcast (2015–2025),Statcast (EV ≥ 95 mph)
"Happ, Ian",2021,41.3,Post-Statcast (2015–2025),Statcast (EV ≥ 95 mph)
"Urshela, Gio",2021,42,Post-Statcast (2015–2025),Statcast (EV ≥ 95 mph)
"Santander, Anthony",2021,43.5,Post-Statcast (2015–2025),Statcast (EV ≥ 95 mph)
"Posey, Buster",2021,39.4,Post-Statcast (2015–2025),Statcast (EV ≥ 95 mph)
"Castro, Willi",2021,29.4,Post-Statcast (2015–2025),Statcast (EV ≥ 95 mph)
"Gregorius, Didi",2021,26.6,Post-Statcast (2015–2025),Statcast (EV ≥ 95 mph)
"Naquin, Tyler",2021,41.6,Post-Statcast (2015–2025),Statcast (EV ≥ 95 mph)
"Pollock, AJ",2021,47.4,Post-Statcast (2015–2025),Statcast (EV ≥ 95 mph)
"Myers, Wil",2021,38,Post-Statcast (2015–2025),Statcast (EV ≥ 95 mph)
"Rodgers, Brendan",2021,40.3,Post-Statcast (2015–2025),Statcast (EV ≥ 95 mph)
"Conforto, Michael",2021,39.5,Post-Statcast (2015–2025),Statcast (EV ≥ 95 mph)
"Bregman, Alex",2021,38.1,Post-Statcast (2015–2025),Statcast (EV ≥ 95 mph)
"Gardner, Brett",2021,33.2,Post-Statcast (2015–2025),Statcast (EV ≥ 95 mph)
"Walker, Christian",2021,41.1,Post-Statcast (2015–2025),Statcast (EV ≥ 95 mph)
"Baddoo, Akil",2021,32.3,Post-Statcast (2015–2025),Statcast (EV ≥ 95 mph)
"Stallings, Jacob",2021,36.4,Post-Statcast (2015–2025),Statcast (EV ≥ 95 mph)
"Profar, Jurickson",2021,30.2,Post-Statcast (2015–2025),Statcast (EV ≥ 95 mph)
"Seager, Corey",2021,49.3,Post-Statcast (2015–2025),Statcast (EV ≥ 95 mph)
"Yelich, Christian",2021,48.8,Post-Statcast (2015–2025),Statcast (EV ≥ 95 mph)
"Kemp, Tony",2021,21.9,Post-Statcast (2015–2025),Statcast (EV ≥ 95 mph)
"Sanó, Miguel",2021,55.9,Post-Statcast (2015–2025),Statcast (EV ≥ 95 mph)
"Ramírez, Harold",2021,47.2,Post-Statcast (2015–2025),Statcast (EV ≥ 95 mph)
"Gallo, Joey",2021,45.8,Post-Statcast (2015–2025),Statcast (EV ≥ 95 mph)
"Bader, Harrison",2021,31.7,Post-Statcast (2015–2025),Statcast (EV ≥ 95 mph)
"Galvis, Freddy",2021,31.7,Post-Statcast (2015–2025),Statcast (EV ≥ 95 mph)
"Torreyes, Ronald",2021,14.1,Post-Statcast (2015–2025),Statcast (EV ≥ 95 mph)
"Hoskins, Rhys",2021,46.3,Post-Statcast (2015–2025),Statcast (EV ≥ 95 mph)
"Toro, Abraham",2021,33.9,Post-Statcast (2015–2025),Statcast (EV ≥ 95 mph)
"Murphy, Sean",2021,42.6,Post-Statcast (2015–2025),Statcast (EV ≥ 95 mph)
"Marte, Ketel",2021,48.4,Post-Statcast (2015–2025),Statcast (EV ≥ 95 mph)
"Stephenson, Tyler",2021,38.2,Post-Statcast (2015–2025),Statcast (EV ≥ 95 mph)
"Contreras, Willson",2021,48.4,Post-Statcast (2015–2025),Statcast (EV ≥ 95 mph)
"Díaz, Elias",2021,37.6,Post-Statcast (2015–2025),Statcast (EV ≥ 95 mph)
"Hayes, Ke'Bryan",2021,45.8,Post-Statcast (2015–2025),Statcast (EV ≥ 95 mph)
"Severino, Pedro",2021,38.5,Post-Statcast (2015–2025),Statcast (EV ≥ 95 mph)
"Schwarber, Kyle",2021,52.2,Post-Statcast (2015–2025),Statcast (EV ≥ 95 mph)
"Bohm, Alec",2021,49.5,Post-Statcast (2015–2025),Statcast (EV ≥ 95 mph)
"Gomes, Yan",2021,38.2,Post-Statcast (2015–2025),Statcast (EV ≥ 95 mph)
"Reyes, Franmil",2021,48.5,Post-Statcast (2015–2025),Statcast (EV ≥ 95 mph)
"Dickerson, Corey",2021,35.7,Post-Statcast (2015–2025),Statcast (EV ≥ 95 mph)
"Escobar, Alcides",2021,21,Post-Statcast (2015–2025),Statcast (EV ≥ 95 mph)
"Gosselin, Phil",2021,35.1,Post-Statcast (2015–2025),Statcast (EV ≥ 95 mph)
"McCann, James",2021,40.7,Post-Statcast (2015–2025),Statcast (EV ≥ 95 mph)
"Dalbec, Bobby",2021,48.1,Post-Statcast (2015–2025),Statcast (EV ≥ 95 mph)
"Sánchez, Gary",2021,42,Post-Statcast (2015–2025),Statcast (EV ≥ 95 mph)
"Bradley Jr., Jackie",2021,40.3,Post-Statcast (2015–2025),Statcast (EV ≥ 95 mph)
"Castro, Starlin",2021,40.1,Post-Statcast (2015–2025),Statcast (EV ≥ 95 mph)
"Heyward, Jason",2021,42.4,Post-Statcast (2015–2025),Statcast (EV ≥ 95 mph)
"DeJong, Paul",2021,35.3,Post-Statcast (2015–2025),Statcast (EV ≥ 95 mph)
"Solano, Donovan",2021,36.6,Post-Statcast (2015–2025),Statcast (EV ≥ 95 mph)
"Lux, Gavin",2021,40.2,Post-Statcast (2015–2025),Statcast (EV ≥ 95 mph)
"Wade Jr., LaMonte",2021,41.7,Post-Statcast (2015–2025),Statcast (EV ≥ 95 mph)
"Kiermaier, Kevin",2021,36.4,Post-Statcast (2015–2025),Statcast (EV ≥ 95 mph)
"Barnhart, Tucker",2021,31.1,Post-Statcast (2015–2025),Statcast (EV ≥ 95 mph)
"Torrens, Luis",2021,43.2,Post-Statcast (2015–2025),Statcast (EV ≥ 95 mph)
"Nimmo, Brandon",2021,41.1,Post-Statcast (2015–2025),Statcast (EV ≥ 95 mph)
"Maldonado, Martín",2021,33.2,Post-Statcast (2015–2025),Statcast (EV ≥ 95 mph)
"Pillar, Kevin",2021,31.8,Post-Statcast (2015–2025),Statcast (EV ≥ 95 mph)
"Laureano, Ramón",2021,40.2,Post-Statcast (2015–2025),Statcast (EV ≥ 95 mph)
"Gamel, Ben",2021,36.5,Post-Statcast (2015–2025),Statcast (EV ≥ 95 mph)
"Polanco, Gregory",2021,48.3,Post-Statcast (2015–2025),Statcast (EV ≥ 95 mph)
"Kelly, Carson",2021,34,Post-Statcast (2015–2025),Statcast (EV ≥ 95 mph)
"Caratini, Victor",2021,44.3,Post-Statcast (2015–2025),Statcast (EV ≥ 95 mph)
"Robles, Victor",2021,27.2,Post-Statcast (2015–2025),Statcast (EV ≥ 95 mph)
"Moran, Colin",2021,37.2,Post-Statcast (2015–2025),Statcast (EV ≥ 95 mph)
"Haase, Eric",2021,47.9,Post-Statcast (2015–2025),Statcast (EV ≥ 95 mph)
"Cabrera, Asdrúbal",2021,30.9,Post-Statcast (2015–2025),Statcast (EV ≥ 95 mph)
"Kelenic, Jarred",2021,39.2,Post-Statcast (2015–2025),Statcast (EV ≥ 95 mph)
"Heredia, Guillermo",2021,34.7,Post-Statcast (2015–2025),Statcast (EV ≥ 95 mph)
"Bellinger, Cody",2021,34.4,Post-Statcast (2015–2025),Statcast (EV ≥ 95 mph)
"Odor, Rougned",2021,38,Post-Statcast (2015–2025),Statcast (EV ≥ 95 mph)
"Belt, Brandon",2021,44.8,Post-Statcast (2015–2025),Statcast (EV ≥ 95 mph)
"Moore, Dylan",2021,33.3,Post-Statcast (2015–2025),Statcast (EV ≥ 95 mph)
"Springer, George",2021,41.6,Post-Statcast (2015–2025),Statcast (EV ≥ 95 mph)
"Miller, Brad",2021,47.9,Post-Statcast (2015–2025),Statcast (EV ≥ 95 mph)
"Acuña Jr., Ronald",2021,54.8,Post-Statcast (2015–2025),Statcast (EV ≥ 95 mph)
"Upton, Justin",2021,41.6,Post-Statcast (2015–2025),Statcast (EV ≥ 95 mph)
"Grandal, Yasmani",2021,53.2,Post-Statcast (2015–2025),Statcast (EV ≥ 95 mph)
"Zunino, Mike",2021,47,Post-Statcast (2015–2025),Statcast (EV ≥ 95 mph)
"Wisdom, Patrick",2021,51.9,Post-Statcast (2015–2025),Statcast (EV ≥ 95 mph)
"Zimmer, Bradley",2021,42.5,Post-Statcast (2015–2025),Statcast (EV ≥ 95 mph)
"Semien, Marcus",2022,34.9,Post-Statcast (2015–2025),Statcast (EV ≥ 95 mph)
"Rosario, Amed",2022,38.3,Post-Statcast (2015–2025),Statcast (EV ≥ 95 mph)
"Ramírez, José",2022,36.9,Post-Statcast (2015–2025),Statcast (EV ≥ 95 mph)
"Turner, Trea",2022,41.6,Post-Statcast (2015–2025),Statcast (EV ≥ 95 mph)
"Guerrero Jr., Vladimir",2022,50.4,Post-Statcast (2015–2025),Statcast (EV ≥ 95 mph)
"Freeman, Freddie",2022,47.8,Post-Statcast (2015–2025),Statcast (EV ≥ 95 mph)
"Verdugo, Alex",2022,38.2,Post-Statcast (2015–2025),Statcast (EV ≥ 95 mph)
"Kwan, Steven",2022,20.8,Post-Statcast (2015–2025),Statcast (EV ≥ 95 mph)
"Arraez, Luis",2022,30.2,Post-Statcast (2015–2025),Statcast (EV ≥ 95 mph)
"Lindor, Francisco",2022,41.3,Post-Statcast (2015–2025),Statcast (EV ≥ 95 mph)
"Bichette, Bo",2022,50.3,Post-Statcast (2015–2025),Statcast (EV ≥ 95 mph)
"Abreu, José",2022,51.8,Post-Statcast (2015–2025),Statcast (EV ≥ 95 mph)
"Seager, Corey",2022,45.5,Post-Statcast (2015–2025),Statcast (EV ≥ 95 mph)
"Arenado, Nolan",2022,38.9,Post-Statcast (2015–2025),Statcast (EV ≥ 95 mph)
"Mullins, Cedric",2022,37.3,Post-Statcast (2015–2025),Statcast (EV ≥ 95 mph)
"Bohm, Alec",2022,43,Post-Statcast (2015–2025),Statcast (EV ≥ 95 mph)
"Bregman, Alex",2022,37.8,Post-Statcast (2015–2025),Statcast (EV ≥ 95 mph)
"Profar, Jurickson",2022,34.3,Post-Statcast (2015–2025),Statcast (EV ≥ 95 mph)
"Frazier, Adam",2022,24.5,Post-Statcast (2015–2025),Statcast (EV ≥ 95 mph)
"Alonso, Pete",2022,44.8,Post-Statcast (2015–2025),Statcast (EV ≥ 95 mph)
"McNeil, Jeff",2022,30.2,Post-Statcast (2015–2025),Statcast (EV ≥ 95 mph)
"Gurriel, Yuli",2022,35.6,Post-Statcast (2015–2025),Statcast (EV ≥ 95 mph)
"Betts, Mookie",2022,44.9,Post-Statcast (2015–2025),Statcast (EV ≥ 95 mph)
"Nimmo, Brandon",2022,39.8,Post-Statcast (2015–2025),Statcast (EV ≥ 95 mph)
"Edman, Tommy",2022,37.8,Post-Statcast (2015–2025),Statcast (EV ≥ 95 mph)
"Cronenworth, Jake",2022,34.1,Post-Statcast (2015–2025),Statcast (EV ≥ 95 mph)
"Swanson, Dansby",2022,46.3,Post-Statcast (2015–2025),Statcast (EV ≥ 95 mph)
"France, Ty",2022,36.8,Post-Statcast (2015–2025),Statcast (EV ≥ 95 mph)
"Witt Jr., Bobby",2022,38.6,Post-Statcast (2015–2025),Statcast (EV ≥ 95 mph)
"Walker, Christian",2022,44,Post-Statcast (2015–2025),Statcast (EV ≥ 95 mph)
"Santander, Anthony",2022,43.3,Post-Statcast (2015–2025),Statcast (EV ≥ 95 mph)
"Bell, Josh",2022,40.8,Post-Statcast (2015–2025),Statcast (EV ≥ 95 mph)
"Straw, Myles",2022,26.5,Post-Statcast (2015–2025),Statcast (EV ≥ 95 mph)
"Hernández, César",2022,29.7,Post-Statcast (2015–2025),Statcast (EV ≥ 95 mph)
"Riley, Austin",2022,50.8,Post-Statcast (2015–2025),Statcast (EV ≥ 95 mph)
"Tucker, Kyle",2022,42.4,Post-Statcast (2015–2025),Statcast (EV ≥ 95 mph)
"Olson, Matt",2022,50.9,Post-Statcast (2015–2025),Statcast (EV ≥ 95 mph)
"Machado, Manny",2022,49,Post-Statcast (2015–2025),Statcast (EV ≥ 95 mph)
"Bogaerts, Xander",2022,39.5,Post-Statcast (2015–2025),Statcast (EV ≥ 95 mph)
"Lowe, Nathaniel",2022,44.8,Post-Statcast (2015–2025),Statcast (EV ≥ 95 mph)
"Crawford, J.P.",2022,29.7,Post-Statcast (2015–2025),Statcast (EV ≥ 95 mph)
"Devers, Rafael",2022,50.9,Post-Statcast (2015–2025),Statcast (EV ≥ 95 mph)
"Andrus, Elvis",2022,34.8,Post-Statcast (2015–2025),Statcast (EV ≥ 95 mph)
"Altuve, Jose",2022,29.7,Post-Statcast (2015–2025),Statcast (EV ≥ 95 mph)
"Kemp, Tony",2022,14.9,Post-Statcast (2015–2025),Statcast (EV ≥ 95 mph)
"Farmer, Kyle",2022,33.8,Post-Statcast (2015–2025),Statcast (EV ≥ 95 mph)
"Arozarena, Randy",2022,41,Post-Statcast (2015–2025),Statcast (EV ≥ 95 mph)
"Rodgers, Brendan",2022,45.9,Post-Statcast (2015–2025),Statcast (EV ≥ 95 mph)
"Flores, Wilmer",2022,35.4,Post-Statcast (2015–2025),Statcast (EV ≥ 95 mph)
"Happ, Ian",2022,40.4,Post-Statcast (2015–2025),Statcast (EV ≥ 95 mph)
"Soto, Juan",2022,47.4,Post-Statcast (2015–2025),Statcast (EV ≥ 95 mph)
"García, Adolis",2022,47.4,Post-Statcast (2015–2025),Statcast (EV ≥ 95 mph)
"Ohtani, Shohei",2022,49.8,Post-Statcast (2015–2025),Statcast (EV ≥ 95 mph)
"Blackmon, Charlie",2022,30.6,Post-Statcast (2015–2025),Statcast (EV ≥ 95 mph)
"Merrifield, Whit",2022,31.1,Post-Statcast (2015–2025),Statcast (EV ≥ 95 mph)
"Hoerner, Nico",2022,33.5,Post-Statcast (2015–2025),Statcast (EV ≥ 95 mph)
"Goldschmidt, Paul",2022,47.4,Post-Statcast (2015–2025),Statcast (EV ≥ 95 mph)
"Hoskins, Rhys",2022,44.3,Post-Statcast (2015–2025),Statcast (EV ≥ 95 mph)
"Kim, Ha-Seong",2022,32.4,Post-Statcast (2015–2025),Statcast (EV ≥ 95 mph)
"Hays, Austin",2022,37.7,Post-Statcast (2015–2025),Statcast (EV ≥ 95 mph)
"Kiner-Falefa, Isiah",2022,30.1,Post-Statcast (2015–2025),Statcast (EV ≥ 95 mph)
"Vaughn, Andrew",2022,48.6,Post-Statcast (2015–2025),Statcast (EV ≥ 95 mph)
"Springer, George",2022,42.3,Post-Statcast (2015–2025),Statcast (EV ≥ 95 mph)
"Murphy, Sean",2022,41.4,Post-Statcast (2015–2025),Statcast (EV ≥ 95 mph)
"Yelich, Christian",2022,48.6,Post-Statcast (2015–2025),Statcast (EV ≥ 95 mph)
"Kirk, Alejandro",2022,45.4,Post-Statcast (2015–2025),Statcast (EV ≥ 95 mph)
"Cron, C.J.",2022,42.3,Post-Statcast (2015–2025),Statcast (EV ≥ 95 mph)
"Smith, Will",2022,43,Post-Statcast (2015–2025),Statcast (EV ≥ 95 mph)
"Rojas, Miguel",2022,27.1,Post-Statcast (2015–2025),Statcast (EV ≥ 95 mph)
"Díaz, Yandy",2022,49,Post-Statcast (2015–2025),Statcast (EV ≥ 95 mph)
"Urshela, Gio",2022,37.6,Post-Statcast (2015–2025),Statcast (EV ≥ 95 mph)
"Báez, Javier",2022,38,Post-Statcast (2015–2025),Statcast (EV ≥ 95 mph)
"Tellez, Rowdy",2022,46,Post-Statcast (2015–2025),Statcast (EV ≥ 95 mph)
"Rengifo, Luis",2022,33.6,Post-Statcast (2015–2025),Statcast (EV ≥ 95 mph)
"Mountcastle, Ryan",2022,46.3,Post-Statcast (2015–2025),Statcast (EV ≥ 95 mph)
"Correa, Carlos",2022,44.7,Post-Statcast (2015–2025),Statcast (EV ≥ 95 mph)
"Estrada, Thairo",2022,31.1,Post-Statcast (2015–2025),Statcast (EV ≥ 95 mph)
"Reynolds, Bryan",2022,42.9,Post-Statcast (2015–2025),Statcast (EV ≥ 95 mph)
"Torres, Gleyber",2022,45.3,Post-Statcast (2015–2025),Statcast (EV ≥ 95 mph)
"Adames, Willy",2022,43.6,Post-Statcast (2015–2025),Statcast (EV ≥ 95 mph)
"Judge, Aaron",2022,61.9,Post-Statcast (2015–2025),Statcast (EV ≥ 95 mph)
"LeMahieu, DJ",2022,41.1,Post-Statcast (2015–2025),Statcast (EV ≥ 95 mph)
"Castellanos, Nick",2022,35.1,Post-Statcast (2015–2025),Statcast (EV ≥ 95 mph)
"Marte, Ketel",2022,41.9,Post-Statcast (2015–2025),Statcast (EV ≥ 95 mph)
"Drury, Brandon",2022,42.2,Post-Statcast (2015–2025),Statcast (EV ≥ 95 mph)
"McCutchen, Andrew",2022,40,Post-Statcast (2015–2025),Statcast (EV ≥ 95 mph)
"Pollock, AJ",2022,42,Post-Statcast (2015–2025),Statcast (EV ≥ 95 mph)
"Varsho, Daulton",2022,35.6,Post-Statcast (2015–2025),Statcast (EV ≥ 95 mph)
"Martinez, J.D.",2022,41.7,Post-Statcast (2015–2025),Statcast (EV ≥ 95 mph)
"Pham, Tommy",2022,48.5,Post-Statcast (2015–2025),Statcast (EV ≥ 95 mph)
"Peña, Jeremy",2022,36.7,Post-Statcast (2015–2025),Statcast (EV ≥ 95 mph)
"Benintendi, Andrew",2022,38.7,Post-Statcast (2015–2025),Statcast (EV ≥ 95 mph)
"Realmuto, J.T.",2022,47.2,Post-Statcast (2015–2025),Statcast (EV ≥ 95 mph)
"Mancini, Trey",2022,40.4,Post-Statcast (2015–2025),Statcast (EV ≥ 95 mph)
"Turner, Justin",2022,40.6,Post-Statcast (2015–2025),Statcast (EV ≥ 95 mph)
"Iglesias, Jose",2022,27.7,Post-Statcast (2015–2025),Statcast (EV ≥ 95 mph)
"Giménez, Andrés",2022,37.8,Post-Statcast (2015–2025),Statcast (EV ≥ 95 mph)
"Hayes, Ke'Bryan",2022,46.8,Post-Statcast (2015–2025),Statcast (EV ≥ 95 mph)
"Espinal, Santiago",2022,31.7,Post-Statcast (2015–2025),Statcast (EV ≥ 95 mph)
"Lopez, Nicky",2022,22.9,Post-Statcast (2015–2025),Statcast (EV ≥ 95 mph)
"Grichuk, Randal",2022,43.6,Post-Statcast (2015–2025),Statcast (EV ≥ 95 mph)
"Ward, Taylor",2022,42.9,Post-Statcast (2015–2025),Statcast (EV ≥ 95 mph)
"Schwarber, Kyle",2022,54.4,Post-Statcast (2015–2025),Statcast (EV ≥ 95 mph)
"Schoop, Jonathan",2022,38.6,Post-Statcast (2015–2025),Statcast (EV ≥ 95 mph)
"Naylor, Josh",2022,42.8,Post-Statcast (2015–2025),Statcast (EV ≥ 95 mph)
"McMahon, Ryan",2022,46.5,Post-Statcast (2015–2025),Statcast (EV ≥ 95 mph)
"Chapman, Matt",2022,51.2,Post-Statcast (2015–2025),Statcast (EV ≥ 95 mph)
"Gurriel Jr., Lourdes",2022,45.7,Post-Statcast (2015–2025),Statcast (EV ≥ 95 mph)
"Escobar, Eduardo",2022,37.6,Post-Statcast (2015–2025),Statcast (EV ≥ 95 mph)
"Alvarez, Yordan",2022,59.8,Post-Statcast (2015–2025),Statcast (EV ≥ 95 mph)
"Thomas, Lane",2022,34.5,Post-Statcast (2015–2025),Statcast (EV ≥ 95 mph)
"Marte, Starling",2022,33.9,Post-Statcast (2015–2025),Statcast (EV ≥ 95 mph)
"Canha, Mark",2022,36.6,Post-Statcast (2015–2025),Statcast (EV ≥ 95 mph)
"Rodríguez, Julio",2022,50.7,Post-Statcast (2015–2025),Statcast (EV ≥ 95 mph)
"Rizzo, Anthony",2022,40.8,Post-Statcast (2015–2025),Statcast (EV ≥ 95 mph)
"Bellinger, Cody",2022,38.1,Post-Statcast (2015–2025),Statcast (EV ≥ 95 mph)
"Renfroe, Hunter",2022,43.6,Post-Statcast (2015–2025),Statcast (EV ≥ 95 mph)
"Winker, Jesse",2022,34.3,Post-Statcast (2015–2025),Statcast (EV ≥ 95 mph)
"Rojas, Josh",2022,36.1,Post-Statcast (2015–2025),Statcast (EV ≥ 95 mph)
"Brown, Seth",2022,41.4,Post-Statcast (2015–2025),Statcast (EV ≥ 95 mph)
"Miranda, Jose F",2022,42.4,Post-Statcast (2015–2025),Statcast (EV ≥ 95 mph)
"Mateo, Jorge",2022,32.7,Post-Statcast (2015–2025),Statcast (EV ≥ 95 mph)
"Suárez, Eugenio",2022,43.5,Post-Statcast (2015–2025),Statcast (EV ≥ 95 mph)
"Ozuna, Marcell",2022,43.8,Post-Statcast (2015–2025),Statcast (EV ≥ 95 mph)
"Yastrzemski, Mike",2022,42.5,Post-Statcast (2015–2025),Statcast (EV ≥ 95 mph)
"Aguilar, Jesús",2022,36,Post-Statcast (2015–2025),Statcast (EV ≥ 95 mph)
"Wong, Kolten",2022,35.5,Post-Statcast (2015–2025),Statcast (EV ≥ 95 mph)
"Ruiz, Keibert",2022,32.3,Post-Statcast (2015–2025),Statcast (EV ≥ 95 mph)
"Hernández, Teoscar",2022,53.3,Post-Statcast (2015–2025),Statcast (EV ≥ 95 mph)
"Castro, Harold",2022,33.3,Post-Statcast (2015–2025),Statcast (EV ≥ 95 mph)
"Santana, Carlos",2022,44.9,Post-Statcast (2015–2025),Statcast (EV ≥ 95 mph)
"Acuña Jr., Ronald",2022,49.7,Post-Statcast (2015–2025),Statcast (EV ≥ 95 mph)
"Carlson, Dylan",2022,27.2,Post-Statcast (2015–2025),Statcast (EV ≥ 95 mph)
"Perdomo, Geraldo",2022,25.1,Post-Statcast (2015–2025),Statcast (EV ≥ 95 mph)
"Stott, Bryson",2022,36.8,Post-Statcast (2015–2025),Statcast (EV ≥ 95 mph)
"Miller, Owen",2022,31.2,Post-Statcast (2015–2025),Statcast (EV ≥ 95 mph)
"Perez, Salvador",2022,49,Post-Statcast (2015–2025),Statcast (EV ≥ 95 mph)
"Dozier, Hunter",2022,38.5,Post-Statcast (2015–2025),Statcast (EV ≥ 95 mph)
"Melendez, MJ",2022,43.5,Post-Statcast (2015–2025),Statcast (EV ≥ 95 mph)
"Donaldson, Josh",2022,43.3,Post-Statcast (2015–2025),Statcast (EV ≥ 95 mph)
"Ramírez, Harold",2022,41.2,Post-Statcast (2015–2025),Statcast (EV ≥ 95 mph)
"Tapia, Raimel",2022,38,Post-Statcast (2015–2025),Statcast (EV ≥ 95 mph)
"Cruz, Nelson",2022,46.1,Post-Statcast (2015–2025),Statcast (EV ≥ 95 mph)
"Vázquez, Christian",2022,36.4,Post-Statcast (2015–2025),Statcast (EV ≥ 95 mph)
"Peralta, David",2022,44.4,Post-Statcast (2015–2025),Statcast (EV ≥ 95 mph)
"Muncy, Max",2022,45.6,Post-Statcast (2015–2025),Statcast (EV ≥ 95 mph)
"Lux, Gavin",2022,39.8,Post-Statcast (2015–2025),Statcast (EV ≥ 95 mph)
"Voit, Luke",2022,44.3,Post-Statcast (2015–2025),Statcast (EV ≥ 95 mph)
"Kepler, Max",2022,39.9,Post-Statcast (2015–2025),Statcast (EV ≥ 95 mph)
"Candelario, Jeimer",2022,34.6,Post-Statcast (2015–2025),Statcast (EV ≥ 95 mph)
"Donovan, Brendan",2022,37.7,Post-Statcast (2015–2025),Statcast (EV ≥ 95 mph)
"Odor, Rougned",2022,33.3,Post-Statcast (2015–2025),Statcast (EV ≥ 95 mph)
"Heim, Jonah",2022,39.9,Post-Statcast (2015–2025),Statcast (EV ≥ 95 mph)
"Daza, Yonathan",2022,25,Post-Statcast (2015–2025),Statcast (EV ≥ 95 mph)
"Harrison, Josh",2022,32.3,Post-Statcast (2015–2025),Statcast (EV ≥ 95 mph)
"Hosmer, Eric",2022,39.7,Post-Statcast (2015–2025),Statcast (EV ≥ 95 mph)
"Rutschman, Adley",2022,36.8,Post-Statcast (2015–2025),Statcast (EV ≥ 95 mph)
"Contreras, Willson",2022,48.6,Post-Statcast (2015–2025),Statcast (EV ≥ 95 mph)
"Crawford, Brandon",2022,35.1,Post-Statcast (2015–2025),Statcast (EV ≥ 95 mph)
"Urías, Ramón",2022,46.5,Post-Statcast (2015–2025),Statcast (EV ≥ 95 mph)
"Urías, Luis",2022,35.3,Post-Statcast (2015–2025),Statcast (EV ≥ 95 mph)
"Thomas, Alek",2022,34.6,Post-Statcast (2015–2025),Statcast (EV ≥ 95 mph)
"Taylor, Michael A.",2022,32.9,Post-Statcast (2015–2025),Statcast (EV ≥ 95 mph)
"Grisham, Trent",2022,35.5,Post-Statcast (2015–2025),Statcast (EV ≥ 95 mph)
"Gordon, Nick",2022,44.7,Post-Statcast (2015–2025),Statcast (EV ≥ 95 mph)
"Harris II, Michael",2022,45.1,Post-Statcast (2015–2025),Statcast (EV ≥ 95 mph)
"Joe, Connor",2022,33.8,Post-Statcast (2015–2025),Statcast (EV ≥ 95 mph)
"d'Arnaud, Travis",2022,38.9,Post-Statcast (2015–2025),Statcast (EV ≥ 95 mph)
"Robert Jr., Luis",2022,42.8,Post-Statcast (2015–2025),Statcast (EV ≥ 95 mph)
"Cabrera, Miguel",2022,38.2,Post-Statcast (2015–2025),Statcast (EV ≥ 95 mph)
"Wendle, Joey",2022,36.2,Post-Statcast (2015–2025),Statcast (EV ≥ 95 mph)
"Trout, Mike",2022,51,Post-Statcast (2015–2025),Statcast (EV ≥ 95 mph)
"Senzel, Nick",2022,33.9,Post-Statcast (2015–2025),Statcast (EV ≥ 95 mph)
"Cooper, Garrett",2022,43.7,Post-Statcast (2015–2025),Statcast (EV ≥ 95 mph)
"Franco, Maikel",2022,34.4,Post-Statcast (2015–2025),Statcast (EV ≥ 95 mph)
"Segura, Jean",2022,38.4,Post-Statcast (2015–2025),Statcast (EV ≥ 95 mph)
"Nola, Austin",2022,39.7,Post-Statcast (2015–2025),Statcast (EV ≥ 95 mph)
"Sheets, Gavin",2022,36.1,Post-Statcast (2015–2025),Statcast (EV ≥ 95 mph)
"Hernández, Enrique",2022,35,Post-Statcast (2015–2025),Statcast (EV ≥ 95 mph)
"India, Jonathan",2022,28.8,Post-Statcast (2015–2025),Statcast (EV ≥ 95 mph)
"Walls, Taylor",2022,28.5,Post-Statcast (2015–2025),Statcast (EV ≥ 95 mph)
"Harper, Bryce",2022,47.9,Post-Statcast (2015–2025),Statcast (EV ≥ 95 mph)
"Suzuki, Seiya",2022,41.3,Post-Statcast (2015–2025),Statcast (EV ≥ 95 mph)
"Gonzalez, Oscar",2022,40.1,Post-Statcast (2015–2025),Statcast (EV ≥ 95 mph)
"Wisdom, Patrick",2022,46.3,Post-Statcast (2015–2025),Statcast (EV ≥ 95 mph)
"Sánchez, Gary",2022,49.3,Post-Statcast (2015–2025),Statcast (EV ≥ 95 mph)
"Castro, Willi",2022,31.4,Post-Statcast (2015–2025),Statcast (EV ≥ 95 mph)
"Grossman, Robbie",2022,30.4,Post-Statcast (2015–2025),Statcast (EV ≥ 95 mph)
"Franco, Wander",2022,35.8,Post-Statcast (2015–2025),Statcast (EV ≥ 95 mph)
"Moncada, Yoán",2022,37.5,Post-Statcast (2015–2025),Statcast (EV ≥ 95 mph)
"Walsh, Jared",2022,42.5,Post-Statcast (2015–2025),Statcast (EV ≥ 95 mph)
"Reyes, Franmil",2022,45.8,Post-Statcast (2015–2025),Statcast (EV ≥ 95 mph)
"Polanco, Jorge",2022,38.7,Post-Statcast (2015–2025),Statcast (EV ≥ 95 mph)
"Pederson, Joc",2022,52.1,Post-Statcast (2015–2025),Statcast (EV ≥ 95 mph)
"García Jr., Luis",2022,36.7,Post-Statcast (2015–2025),Statcast (EV ≥ 95 mph)
"Chavis, Michael",2022,38.7,Post-Statcast (2015–2025),Statcast (EV ≥ 95 mph)
"Hicks, Aaron",2022,33.1,Post-Statcast (2015–2025),Statcast (EV ≥ 95 mph)
"Robles, Victor",2022,23.8,Post-Statcast (2015–2025),Statcast (EV ≥ 95 mph)
"Anderson, Tim",2022,41.2,Post-Statcast (2015–2025),Statcast (EV ≥ 95 mph)
"Gamel, Ben",2022,37.6,Post-Statcast (2015–2025),Statcast (EV ≥ 95 mph)
"Trevino, Jose",2022,35,Post-Statcast (2015–2025),Statcast (EV ≥ 95 mph)
"Taylor, Tyrone",2022,37.6,Post-Statcast (2015–2025),Statcast (EV ≥ 95 mph)
"Vogelbach, Daniel",2022,39.9,Post-Statcast (2015–2025),Statcast (EV ≥ 95 mph)
"Díaz, Elias",2022,39.3,Post-Statcast (2015–2025),Statcast (EV ≥ 95 mph)
"Marsh, Brandon",2022,38.2,Post-Statcast (2015–2025),Statcast (EV ≥ 95 mph)
"Berti, Jon",2022,37,Post-Statcast (2015–2025),Statcast (EV ≥ 95 mph)
"Margot, Manuel",2022,37.9,Post-Statcast (2015–2025),Statcast (EV ≥ 95 mph)
"Bradley Jr., Jackie",2022,37.2,Post-Statcast (2015–2025),Statcast (EV ≥ 95 mph)
"Stallings, Jacob",2022,32.3,Post-Statcast (2015–2025),Statcast (EV ≥ 95 mph)
"Paredes, Isaac",2022,38.7,Post-Statcast (2015–2025),Statcast (EV ≥ 95 mph)
"Stanton, Giancarlo",2022,52.3,Post-Statcast (2015–2025),Statcast (EV ≥ 95 mph)
"Torkelson, Spencer",2022,41.8,Post-Statcast (2015–2025),Statcast (EV ≥ 95 mph)
"Toro, Abraham",2022,29.7,Post-Statcast (2015–2025),Statcast (EV ≥ 95 mph)
"Vierling, Matt",2022,47.1,Post-Statcast (2015–2025),Statcast (EV ≥ 95 mph)
"Greene, Riley",2022,45.2,Post-Statcast (2015–2025),Statcast (EV ≥ 95 mph)
"Pujols, Albert",2022,47.3,Post-Statcast (2015–2025),Statcast (EV ≥ 95 mph)
"Calhoun, Kole",2022,48.2,Post-Statcast (2015–2025),Statcast (EV ≥ 95 mph)
"McCormick, Chas",2022,39,Post-Statcast (2015–2025),Statcast (EV ≥ 95 mph)
"Raleigh, Cal",2022,43.5,Post-Statcast (2015–2025),Statcast (EV ≥ 95 mph)
"Ortega, Rafael",2022,33.7,Post-Statcast (2015–2025),Statcast (EV ≥ 95 mph)
"García, Avisaíl",2022,44.8,Post-Statcast (2015–2025),Statcast (EV ≥ 95 mph)
"Kelly, Carson",2022,36.8,Post-Statcast (2015–2025),Statcast (EV ≥ 95 mph)
"Grandal, Yasmani",2022,40,Post-Statcast (2015–2025),Statcast (EV ≥ 95 mph)
"McCarthy, Jake",2022,33.3,Post-Statcast (2015–2025),Statcast (EV ≥ 95 mph)
"Rivera, Emmanuel",2022,38.3,Post-Statcast (2015–2025),Statcast (EV ≥ 95 mph)
"Morel, Christopher",2022,40.3,Post-Statcast (2015–2025),Statcast (EV ≥ 95 mph)
"Pinder, Chad",2022,40.7,Post-Statcast (2015–2025),Statcast (EV ≥ 95 mph)
"Taylor, Chris",2022,38,Post-Statcast (2015–2025),Statcast (EV ≥ 95 mph)
"De La Cruz, Bryan",2022,47.3,Post-Statcast (2015–2025),Statcast (EV ≥ 95 mph)
"Laureano, Ramón",2022,38.4,Post-Statcast (2015–2025),Statcast (EV ≥ 95 mph)
"González, Luis",2022,31.7,Post-Statcast (2015–2025),Statcast (EV ≥ 95 mph)
"Story, Trevor",2022,40.6,Post-Statcast (2015–2025),Statcast (EV ≥ 95 mph)
"Anderson, Brian",2022,42,Post-Statcast (2015–2025),Statcast (EV ≥ 95 mph)
"O'Neill, Tyler",2022,43.3,Post-Statcast (2015–2025),Statcast (EV ≥ 95 mph)
"Choi, Ji Man",2022,47.5,Post-Statcast (2015–2025),Statcast (EV ≥ 95 mph)
"Celestino, Gilberto",2022,34.3,Post-Statcast (2015–2025),Statcast (EV ≥ 95 mph)
"Maldonado, Martín",2022,40.2,Post-Statcast (2015–2025),Statcast (EV ≥ 95 mph)
"Contreras, William",2022,46.6,Post-Statcast (2015–2025),Statcast (EV ≥ 95 mph)
"Ruf, Darin",2022,40.5,Post-Statcast (2015–2025),Statcast (EV ≥ 95 mph)
"Taveras, Leody",2022,36.1,Post-Statcast (2015–2025),Statcast (EV ≥ 95 mph)
"Haase, Eric",2022,42.4,Post-Statcast (2015–2025),Statcast (EV ≥ 95 mph)
"Buxton, Byron",2022,50.2,Post-Statcast (2015–2025),Statcast (EV ≥ 95 mph)
"Votto, Joey",2022,41.3,Post-Statcast (2015–2025),Statcast (EV ≥ 95 mph)
"Nootbaar, Lars",2022,46,Post-Statcast (2015–2025),Statcast (EV ≥ 95 mph)
"Stassi, Max",2022,39.5,Post-Statcast (2015–2025),Statcast (EV ≥ 95 mph)
"Sánchez, Jesús",2022,40.5,Post-Statcast (2015–2025),Statcast (EV ≥ 95 mph)
"Suwinski, Jack",2022,40.4,Post-Statcast (2015–2025),Statcast (EV ≥ 95 mph)
"Velazquez, Andrew",2022,34,Post-Statcast (2015–2025),Statcast (EV ≥ 95 mph)
"Cruz, Oneil",2022,46.1,Post-Statcast (2015–2025),Statcast (EV ≥ 95 mph)
"Dalbec, Bobby",2022,45.8,Post-Statcast (2015–2025),Statcast (EV ≥ 95 mph)
"Davis, J.D.",2022,56.1,Post-Statcast (2015–2025),Statcast (EV ≥ 95 mph)
"Gallo, Joey",2022,50.5,Post-Statcast (2015–2025),Statcast (EV ≥ 95 mph)
"Kwan, Steven",2023,18.8,Post-Statcast (2015–2025),Statcast (EV ≥ 95 mph)
"Semien, Marcus",2023,37,Post-Statcast (2015–2025),Statcast (EV ≥ 95 mph)
"Acuña Jr., Ronald",2023,55.2,Post-Statcast (2015–2025),Statcast (EV ≥ 95 mph)
"Arraez, Luis",2023,25.7,Post-Statcast (2015–2025),Statcast (EV ≥ 95 mph)
"Ramírez, José",2023,40.4,Post-Statcast (2015–2025),Statcast (EV ≥ 95 mph)
"Hoerner, Nico",2023,33.4,Post-Statcast (2015–2025),Statcast (EV ≥ 95 mph)
"Bregman, Alex",2023,38.2,Post-Statcast (2015–2025),Statcast (EV ≥ 95 mph)
"Witt Jr., Bobby",2023,45.6,Post-Statcast (2015–2025),Statcast (EV ≥ 95 mph)
"McNeil, Jeff",2023,27.4,Post-Statcast (2015–2025),Statcast (EV ≥ 95 mph)
"Freeman, Freddie",2023,42.2,Post-Statcast (2015–2025),Statcast (EV ≥ 95 mph)
"Guerrero Jr., Vladimir",2023,49.2,Post-Statcast (2015–2025),Statcast (EV ≥ 95 mph)
"Torres, Gleyber",2023,40.3,Post-Statcast (2015–2025),Statcast (EV ≥ 95 mph)
"Albies, Ozzie",2023,39,Post-Statcast (2015–2025),Statcast (EV ≥ 95 mph)
"Stott, Bryson",2023,35.2,Post-Statcast (2015–2025),Statcast (EV ≥ 95 mph)
"Rutschman, Adley",2023,38.6,Post-Statcast (2015–2025),Statcast (EV ≥ 95 mph)
"Bogaerts, Xander",2023,34.6,Post-Statcast (2015–2025),Statcast (EV ≥ 95 mph)
"Tucker, Kyle",2023,45.9,Post-Statcast (2015–2025),Statcast (EV ≥ 95 mph)
"Springer, George",2023,39.9,Post-Statcast (2015–2025),Statcast (EV ≥ 95 mph)
"Turner, Trea",2023,42.2,Post-Statcast (2015–2025),Statcast (EV ≥ 95 mph)
"Meneses, Joey",2023,41.7,Post-Statcast (2015–2025),Statcast (EV ≥ 95 mph)
"Betts, Mookie",2023,48.5,Post-Statcast (2015–2025),Statcast (EV ≥ 95 mph)
"Rodríguez, Julio",2023,52,Post-Statcast (2015–2025),Statcast (EV ≥ 95 mph)
"Benintendi, Andrew",2023,27,Post-Statcast (2015–2025),Statcast (EV ≥ 95 mph)
"Riley, Austin",2023,49.2,Post-Statcast (2015–2025),Statcast (EV ≥ 95 mph)
"Lindor, Francisco",2023,43.9,Post-Statcast (2015–2025),Statcast (EV ≥ 95 mph)
"France, Ty",2023,38.6,Post-Statcast (2015–2025),Statcast (EV ≥ 95 mph)
"Bohm, Alec",2023,41.7,Post-Statcast (2015–2025),Statcast (EV ≥ 95 mph)
"Ruiz, Keibert",2023,31.9,Post-Statcast (2015–2025),Statcast (EV ≥ 95 mph)
"Arenado, Nolan",2023,38.1,Post-Statcast (2015–2025),Statcast (EV ≥ 95 mph)
"Marte, Ketel",2023,42.8,Post-Statcast (2015–2025),Statcast (EV ≥ 95 mph)
"Walker, Christian",2023,40.4,Post-Statcast (2015–2025),Statcast (EV ≥ 95 mph)
"Lowe, Nathaniel",2023,41.6,Post-Statcast (2015–2025),Statcast (EV ≥ 95 mph)
"Thomas, Lane",2023,40.7,Post-Statcast (2015–2025),Statcast (EV ≥ 95 mph)
"Yoshida, Masataka",2023,40.6,Post-Statcast (2015–2025),Statcast (EV ≥ 95 mph)
"Verdugo, Alex",2023,37.6,Post-Statcast (2015–2025),Statcast (EV ≥ 95 mph)
"Bichette, Bo",2023,44.9,Post-Statcast (2015–2025),Statcast (EV ≥ 95 mph)
"Devers, Rafael",2023,55.1,Post-Statcast (2015–2025),Statcast (EV ≥ 95 mph)
"Turner, Justin",2023,39,Post-Statcast (2015–2025),Statcast (EV ≥ 95 mph)
"Giménez, Andrés",2023,27,Post-Statcast (2015–2025),Statcast (EV ≥ 95 mph)
"Merrifield, Whit",2023,24.3,Post-Statcast (2015–2025),Statcast (EV ≥ 95 mph)
"Nimmo, Brandon",2023,47.9,Post-Statcast (2015–2025),Statcast (EV ≥ 95 mph)
"Abrams, CJ",2023,35.9,Post-Statcast (2015–2025),Statcast (EV ≥ 95 mph)
"Peña, Jeremy",2023,35.8,Post-Statcast (2015–2025),Statcast (EV ≥ 95 mph)
"Santana, Carlos",2023,36.4,Post-Statcast (2015–2025),Statcast (EV ≥ 95 mph)
"Gurriel Jr., Lourdes",2023,46,Post-Statcast (2015–2025),Statcast (EV ≥ 95 mph)
"Carroll, Corbin",2023,40.9,Post-Statcast (2015–2025),Statcast (EV ≥ 95 mph)
"Castellanos, Nick",2023,43.2,Post-Statcast (2015–2025),Statcast (EV ≥ 95 mph)
"Steer, Spencer",2023,37.1,Post-Statcast (2015–2025),Statcast (EV ≥ 95 mph)
"Soto, Juan",2023,55.3,Post-Statcast (2015–2025),Statcast (EV ≥ 95 mph)
"Olson, Matt",2023,55.5,Post-Statcast (2015–2025),Statcast (EV ≥ 95 mph)
"Santander, Anthony",2023,46,Post-Statcast (2015–2025),Statcast (EV ≥ 95 mph)
"De La Cruz, Bryan",2023,42.5,Post-Statcast (2015–2025),Statcast (EV ≥ 95 mph)
"Reynolds, Bryan",2023,47.3,Post-Statcast (2015–2025),Statcast (EV ≥ 95 mph)
"Torkelson, Spencer",2023,50.9,Post-Statcast (2015–2025),Statcast (EV ≥ 95 mph)
"Machado, Manny",2023,45.9,Post-Statcast (2015–2025),Statcast (EV ≥ 95 mph)
"Vaughn, Andrew",2023,46.5,Post-Statcast (2015–2025),Statcast (EV ≥ 95 mph)
"Smith, Dominic",2023,30.8,Post-Statcast (2015–2025),Statcast (EV ≥ 95 mph)
"Tatis Jr., Fernando",2023,49.3,Post-Statcast (2015–2025),Statcast (EV ≥ 95 mph)
"Goldschmidt, Paul",2023,50.8,Post-Statcast (2015–2025),Statcast (EV ≥ 95 mph)
"Happ, Ian",2023,39,Post-Statcast (2015–2025),Statcast (EV ≥ 95 mph)
"Díaz, Yandy",2023,54,Post-Statcast (2015–2025),Statcast (EV ≥ 95 mph)
"Bellinger, Cody",2023,31.4,Post-Statcast (2015–2025),Statcast (EV ≥ 95 mph)
"Kim, Ha-Seong",2023,26.7,Post-Statcast (2015–2025),Statcast (EV ≥ 95 mph)
"Hernández, Teoscar",2023,49.4,Post-Statcast (2015–2025),Statcast (EV ≥ 95 mph)
"Alonso, Pete",2023,40.1,Post-Statcast (2015–2025),Statcast (EV ≥ 95 mph)
"Tovar, Ezequiel",2023,36.2,Post-Statcast (2015–2025),Statcast (EV ≥ 95 mph)
"Contreras, William",2023,48.7,Post-Statcast (2015–2025),Statcast (EV ≥ 95 mph)
"Abreu, José",2023,41.6,Post-Statcast (2015–2025),Statcast (EV ≥ 95 mph)
"Bell, Josh",2023,43,Post-Statcast (2015–2025),Statcast (EV ≥ 95 mph)
"Rosario, Amed",2023,39.4,Post-Statcast (2015–2025),Statcast (EV ≥ 95 mph)
"Crawford, J.P.",2023,36.2,Post-Statcast (2015–2025),Statcast (EV ≥ 95 mph)
"Swanson, Dansby",2023,39.7,Post-Statcast (2015–2025),Statcast (EV ≥ 95 mph)
"Yelich, Christian",2023,50.1,Post-Statcast (2015–2025),Statcast (EV ≥ 95 mph)
"Perez, Salvador",2023,44,Post-Statcast (2015–2025),Statcast (EV ≥ 95 mph)
"Friedl, TJ",2023,27.6,Post-Statcast (2015–2025),Statcast (EV ≥ 95 mph)
"Harris II, Michael",2023,48.5,Post-Statcast (2015–2025),Statcast (EV ≥ 95 mph)
"Henderson, Gunnar",2023,52,Post-Statcast (2015–2025),Statcast (EV ≥ 95 mph)
"Edman, Tommy",2023,38.8,Post-Statcast (2015–2025),Statcast (EV ≥ 95 mph)
"Taveras, Leody",2023,43.1,Post-Statcast (2015–2025),Statcast (EV ≥ 95 mph)
"Dubón, Mauricio",2023,29.5,Post-Statcast (2015–2025),Statcast (EV ≥ 95 mph)
"Arozarena, Randy",2023,48.4,Post-Statcast (2015–2025),Statcast (EV ≥ 95 mph)
"Ozuna, Marcell",2023,49,Post-Statcast (2015–2025),Statcast (EV ≥ 95 mph)
"Varsho, Daulton",2023,36.1,Post-Statcast (2015–2025),Statcast (EV ≥ 95 mph)
"Suárez, Eugenio",2023,43,Post-Statcast (2015–2025),Statcast (EV ≥ 95 mph)
"García Jr., Luis",2023,36.5,Post-Statcast (2015–2025),Statcast (EV ≥ 95 mph)
"Seager, Corey",2023,53.2,Post-Statcast (2015–2025),Statcast (EV ≥ 95 mph)
"Adames, Willy",2023,36.5,Post-Statcast (2015–2025),Statcast (EV ≥ 95 mph)
"Hayes, Ke'Bryan",2023,48.3,Post-Statcast (2015–2025),Statcast (EV ≥ 95 mph)
"Suzuki, Seiya",2023,48,Post-Statcast (2015–2025),Statcast (EV ≥ 95 mph)
"Naylor, Josh",2023,41.2,Post-Statcast (2015–2025),Statcast (EV ≥ 95 mph)
"Arcia, Orlando",2023,41.1,Post-Statcast (2015–2025),Statcast (EV ≥ 95 mph)
"Paredes, Isaac",2023,28.5,Post-Statcast (2015–2025),Statcast (EV ≥ 95 mph)
"Báez, Javier",2023,39.7,Post-Statcast (2015–2025),Statcast (EV ≥ 95 mph)
"Smith, Will",2023,41.6,Post-Statcast (2015–2025),Statcast (EV ≥ 95 mph)
"Correa, Carlos",2023,45.9,Post-Statcast (2015–2025),Statcast (EV ≥ 95 mph)
"García, Adolis",2023,49.7,Post-Statcast (2015–2025),Statcast (EV ≥ 95 mph)
"Hays, Austin",2023,40.1,Post-Statcast (2015–2025),Statcast (EV ≥ 95 mph)
"Candelario, Jeimer",2023,36.4,Post-Statcast (2015–2025),Statcast (EV ≥ 95 mph)
"Brennan, Will",2023,29.2,Post-Statcast (2015–2025),Statcast (EV ≥ 95 mph)
"Volpe, Anthony",2023,43,Post-Statcast (2015–2025),Statcast (EV ≥ 95 mph)
"Estrada, Thairo",2023,33.7,Post-Statcast (2015–2025),Statcast (EV ≥ 95 mph)
"Franco, Wander",2023,43,Post-Statcast (2015–2025),Statcast (EV ≥ 95 mph)
"Straw, Myles",2023,23.3,Post-Statcast (2015–2025),Statcast (EV ≥ 95 mph)
"Robert Jr., Luis",2023,42.3,Post-Statcast (2015–2025),Statcast (EV ≥ 95 mph)
"Renfroe, Hunter",2023,39.1,Post-Statcast (2015–2025),Statcast (EV ≥ 95 mph)
"Hernández, Enrique",2023,33.7,Post-Statcast (2015–2025),Statcast (EV ≥ 95 mph)
"LeMahieu, DJ",2023,43,Post-Statcast (2015–2025),Statcast (EV ≥ 95 mph)
"Profar, Jurickson",2023,31.8,Post-Statcast (2015–2025),Statcast (EV ≥ 95 mph)
"Anderson, Tim",2023,39.4,Post-Statcast (2015–2025),Statcast (EV ≥ 95 mph)
"Schwarber, Kyle",2023,48.8,Post-Statcast (2015–2025),Statcast (EV ≥ 95 mph)
"Díaz, Elias",2023,38.4,Post-Statcast (2015–2025),Statcast (EV ≥ 95 mph)
"Vierling, Matt",2023,42.8,Post-Statcast (2015–2025),Statcast (EV ≥ 95 mph)
"Melendez, MJ",2023,49.6,Post-Statcast (2015–2025),Statcast (EV ≥ 95 mph)
"Soler, Jorge",2023,48,Post-Statcast (2015–2025),Statcast (EV ≥ 95 mph)
"Cronenworth, Jake",2023,33.2,Post-Statcast (2015–2025),Statcast (EV ≥ 95 mph)
"Jiménez, Eloy",2023,46.8,Post-Statcast (2015–2025),Statcast (EV ≥ 95 mph)
"Heim, Jonah",2023,38.5,Post-Statcast (2015–2025),Statcast (EV ≥ 95 mph)
"Canha, Mark",2023,36.7,Post-Statcast (2015–2025),Statcast (EV ≥ 95 mph)
"McMahon, Ryan",2023,44.2,Post-Statcast (2015–2025),Statcast (EV ≥ 95 mph)
"Garcia, Maikel",2023,50.6,Post-Statcast (2015–2025),Statcast (EV ≥ 95 mph)
"Rosario, Eddie",2023,35.4,Post-Statcast (2015–2025),Statcast (EV ≥ 95 mph)
"Ohtani, Shohei",2023,54.2,Post-Statcast (2015–2025),Statcast (EV ≥ 95 mph)
"McKinstry, Zach",2023,33.5,Post-Statcast (2015–2025),Statcast (EV ≥ 95 mph)
"Raleigh, Cal",2023,41,Post-Statcast (2015–2025),Statcast (EV ≥ 95 mph)
"Realmuto, J.T.",2023,43.3,Post-Statcast (2015–2025),Statcast (EV ≥ 95 mph)
"Ruiz, Esteury",2023,20,Post-Statcast (2015–2025),Statcast (EV ≥ 95 mph)
"Drury, Brandon",2023,46.3,Post-Statcast (2015–2025),Statcast (EV ≥ 95 mph)
"India, Jonathan",2023,38.6,Post-Statcast (2015–2025),Statcast (EV ≥ 95 mph)
"Frazier, Adam",2023,23.4,Post-Statcast (2015–2025),Statcast (EV ≥ 95 mph)
"Burger, Jake",2023,49.6,Post-Statcast (2015–2025),Statcast (EV ≥ 95 mph)
"Chapman, Matt",2023,56.4,Post-Statcast (2015–2025),Statcast (EV ≥ 95 mph)
"Lowe, Josh",2023,39.7,Post-Statcast (2015–2025),Statcast (EV ≥ 95 mph)
"Flores, Wilmer",2023,32.5,Post-Statcast (2015–2025),Statcast (EV ≥ 95 mph)
"Rojas, Miguel",2023,32,Post-Statcast (2015–2025),Statcast (EV ≥ 95 mph)
"Wade Jr., LaMonte",2023,39.8,Post-Statcast (2015–2025),Statcast (EV ≥ 95 mph)
"Harper, Bryce",2023,46.8,Post-Statcast (2015–2025),Statcast (EV ≥ 95 mph)
"Grichuk, Randal",2023,45.3,Post-Statcast (2015–2025),Statcast (EV ≥ 95 mph)
"Perdomo, Geraldo",2023,19.5,Post-Statcast (2015–2025),Statcast (EV ≥ 95 mph)
"Kepler, Max",2023,47.9,Post-Statcast (2015–2025),Statcast (EV ≥ 95 mph)
"Muncy, Max",2023,46.6,Post-Statcast (2015–2025),Statcast (EV ≥ 95 mph)
"Davis, J.D.",2023,45.2,Post-Statcast (2015–2025),Statcast (EV ≥ 95 mph)
"Massey, Michael",2023,39.5,Post-Statcast (2015–2025),Statcast (EV ≥ 95 mph)
"Stephenson, Tyler",2023,43.5,Post-Statcast (2015–2025),Statcast (EV ≥ 95 mph)
"Nootbaar, Lars",2023,37.8,Post-Statcast (2015–2025),Statcast (EV ≥ 95 mph)
"Jung, Josh",2023,47.4,Post-Statcast (2015–2025),Statcast (EV ≥ 95 mph)
"Kemp, Tony",2023,20.4,Post-Statcast (2015–2025),Statcast (EV ≥ 95 mph)
"Kirk, Alejandro",2023,38.3,Post-Statcast (2015–2025),Statcast (EV ≥ 95 mph)
"Peralta, David",2023,44.2,Post-Statcast (2015–2025),Statcast (EV ≥ 95 mph)
"Ramírez, Harold",2023,40.7,Post-Statcast (2015–2025),Statcast (EV ≥ 95 mph)
"Pham, Tommy",2023,49.1,Post-Statcast (2015–2025),Statcast (EV ≥ 95 mph)
"Mountcastle, Ryan",2023,44.9,Post-Statcast (2015–2025),Statcast (EV ≥ 95 mph)
"Alvarez, Yordan",2023,52.2,Post-Statcast (2015–2025),Statcast (EV ≥ 95 mph)
"Contreras, Willson",2023,46.9,Post-Statcast (2015–2025),Statcast (EV ≥ 95 mph)
"Grisham, Trent",2023,40,Post-Statcast (2015–2025),Statcast (EV ≥ 95 mph)
"Walker, Jordan",2023,42.5,Post-Statcast (2015–2025),Statcast (EV ≥ 95 mph)
"Berti, Jon",2023,31.3,Post-Statcast (2015–2025),Statcast (EV ≥ 95 mph)
"Rengifo, Luis",2023,36.9,Post-Statcast (2015–2025),Statcast (EV ≥ 95 mph)
"Turang, Brice",2023,27,Post-Statcast (2015–2025),Statcast (EV ≥ 95 mph)
"Mullins, Cedric",2023,37.1,Post-Statcast (2015–2025),Statcast (EV ≥ 95 mph)
"Blackmon, Charlie",2023,31.5,Post-Statcast (2015–2025),Statcast (EV ≥ 95 mph)
"Langeliers, Shea",2023,44.5,Post-Statcast (2015–2025),Statcast (EV ≥ 95 mph)
"Gomes, Yan",2023,36.4,Post-Statcast (2015–2025),Statcast (EV ≥ 95 mph)
"Andrus, Elvis",2023,31,Post-Statcast (2015–2025),Statcast (EV ≥ 95 mph)
"Outman, James",2023,39.9,Post-Statcast (2015–2025),Statcast (EV ≥ 95 mph)
"Casas, Triston",2023,46.6,Post-Statcast (2015–2025),Statcast (EV ≥ 95 mph)
"Conforto, Michael",2023,39.8,Post-Statcast (2015–2025),Statcast (EV ≥ 95 mph)
"Joe, Connor",2023,41.8,Post-Statcast (2015–2025),Statcast (EV ≥ 95 mph)
"Carpenter, Kerry",2023,44,Post-Statcast (2015–2025),Statcast (EV ≥ 95 mph)
"Call, Alex",2023,30.1,Post-Statcast (2015–2025),Statcast (EV ≥ 95 mph)
"Rooker, Brent",2023,49.5,Post-Statcast (2015–2025),Statcast (EV ≥ 95 mph)
"Solano, Donovan",2023,43.7,Post-Statcast (2015–2025),Statcast (EV ≥ 95 mph)
"McCutchen, Andrew",2023,44.6,Post-Statcast (2015–2025),Statcast (EV ≥ 95 mph)
"Thomas, Alek",2023,41.6,Post-Statcast (2015–2025),Statcast (EV ≥ 95 mph)
"Martinez, J.D.",2023,55.1,Post-Statcast (2015–2025),Statcast (EV ≥ 95 mph)
"Cooper, Garrett",2023,41.1,Post-Statcast (2015–2025),Statcast (EV ≥ 95 mph)
"Olivares, Edward",2023,37.7,Post-Statcast (2015–2025),Statcast (EV ≥ 95 mph)
"Altuve, Jose",2023,31.4,Post-Statcast (2015–2025),Statcast (EV ≥ 95 mph)
"Duran, Ezequiel",2023,43.9,Post-Statcast (2015–2025),Statcast (EV ≥ 95 mph)
"Kiermaier, Kevin",2023,33.2,Post-Statcast (2015–2025),Statcast (EV ≥ 95 mph)
"McCormick, Chas",2023,38.8,Post-Statcast (2015–2025),Statcast (EV ≥ 95 mph)
"Ibáñez, Andy",2023,42.9,Post-Statcast (2015–2025),Statcast (EV ≥ 95 mph)
"Diaz, Yainer",2023,43.9,Post-Statcast (2015–2025),Statcast (EV ≥ 95 mph)
"Ward, Taylor",2023,43.9,Post-Statcast (2015–2025),Statcast (EV ≥ 95 mph)
"Suwinski, Jack",2023,43.4,Post-Statcast (2015–2025),Statcast (EV ≥ 95 mph)
"Grandal, Yasmani",2023,34.4,Post-Statcast (2015–2025),Statcast (EV ≥ 95 mph)
"Peterson, Jace",2023,28.1,Post-Statcast (2015–2025),Statcast (EV ≥ 95 mph)
"Rizzo, Anthony",2023,37.5,Post-Statcast (2015–2025),Statcast (EV ≥ 95 mph)
"Donovan, Brendan",2023,40.6,Post-Statcast (2015–2025),Statcast (EV ≥ 95 mph)
"Alvarez, Francisco",2023,45.1,Post-Statcast (2015–2025),Statcast (EV ≥ 95 mph)
"Heyward, Jason",2023,37.4,Post-Statcast (2015–2025),Statcast (EV ≥ 95 mph)
"Murphy, Sean",2023,45.8,Post-Statcast (2015–2025),Statcast (EV ≥ 95 mph)
"Moreno, Gabriel",2023,41.8,Post-Statcast (2015–2025),Statcast (EV ≥ 95 mph)
"Burleson, Alec",2023,41,Post-Statcast (2015–2025),Statcast (EV ≥ 95 mph)
"Pederson, Joc",2023,52.2,Post-Statcast (2015–2025),Statcast (EV ≥ 95 mph)
"O'Hearn, Ryan",2023,51.5,Post-Statcast (2015–2025),Statcast (EV ≥ 95 mph)
"Fraley, Jake",2023,30.8,Post-Statcast (2015–2025),Statcast (EV ≥ 95 mph)
"Greene, Riley",2023,47.3,Post-Statcast (2015–2025),Statcast (EV ≥ 95 mph)
"Bader, Harrison",2023,31.7,Post-Statcast (2015–2025),Statcast (EV ≥ 95 mph)
"Moustakas, Mike",2023,37.9,Post-Statcast (2015–2025),Statcast (EV ≥ 95 mph)
"Marsh, Brandon",2023,48.7,Post-Statcast (2015–2025),Statcast (EV ≥ 95 mph)
"Castro, Willi",2023,31.8,Post-Statcast (2015–2025),Statcast (EV ≥ 95 mph)
"Grossman, Robbie",2023,37.3,Post-Statcast (2015–2025),Statcast (EV ≥ 95 mph)
"Cabrera, Miguel",2023,37.6,Post-Statcast (2015–2025),Statcast (EV ≥ 95 mph)
"Lowe, Brandon",2023,47.5,Post-Statcast (2015–2025),Statcast (EV ≥ 95 mph)
"Kiner-Falefa, Isiah",2023,39.2,Post-Statcast (2015–2025),Statcast (EV ≥ 95 mph)
"Urías, Ramón",2023,38.1,Post-Statcast (2015–2025),Statcast (EV ≥ 95 mph)
"Gorman, Nolan",2023,48.5,Post-Statcast (2015–2025),Statcast (EV ≥ 95 mph)
"Morel, Christopher",2023,50,Post-Statcast (2015–2025),Statcast (EV ≥ 95 mph)
"Tauchman, Mike",2023,40,Post-Statcast (2015–2025),Statcast (EV ≥ 95 mph)
"Sánchez, Jesús",2023,46.3,Post-Statcast (2015–2025),Statcast (EV ≥ 95 mph)
"Doyle, Brenton",2023,35,Post-Statcast (2015–2025),Statcast (EV ≥ 95 mph)
"Díaz, Aledmys",2023,33.5,Post-Statcast (2015–2025),Statcast (EV ≥ 95 mph)
"Wiemer, Joey",2023,39.1,Post-Statcast (2015–2025),Statcast (EV ≥ 95 mph)
"DeJong, Paul",2023,33.2,Post-Statcast (2015–2025),Statcast (EV ≥ 95 mph)
"Farmer, Kyle",2023,32.9,Post-Statcast (2015–2025),Statcast (EV ≥ 95 mph)
"McLain, Matt",2023,42.4,Post-Statcast (2015–2025),Statcast (EV ≥ 95 mph)
"Sheets, Gavin",2023,32.5,Post-Statcast (2015–2025),Statcast (EV ≥ 95 mph)
"Stanton, Giancarlo",2023,48.4,Post-Statcast (2015–2025),Statcast (EV ≥ 95 mph)
"Marte, Starling",2023,39.5,Post-Statcast (2015–2025),Statcast (EV ≥ 95 mph)
"Laureano, Ramón",2023,35.9,Post-Statcast (2015–2025),Statcast (EV ≥ 95 mph)
"Vázquez, Christian",2023,32.8,Post-Statcast (2015–2025),Statcast (EV ≥ 95 mph)
"Bae, Jihwan",2023,36.8,Post-Statcast (2015–2025),Statcast (EV ≥ 95 mph)
"Baty, Brett",2023,44.3,Post-Statcast (2015–2025),Statcast (EV ≥ 95 mph)
"De La Cruz, Elly",2023,45.9,Post-Statcast (2015–2025),Statcast (EV ≥ 95 mph)
"Brown, Seth",2023,46.5,Post-Statcast (2015–2025),Statcast (EV ≥ 95 mph)
"Mateo, Jorge",2023,38.5,Post-Statcast (2015–2025),Statcast (EV ≥ 95 mph)
"Duran, Jarren",2023,46.3,Post-Statcast (2015–2025),Statcast (EV ≥ 95 mph)
"Kelenic, Jarred",2023,45.5,Post-Statcast (2015–2025),Statcast (EV ≥ 95 mph)
"Jones, Nolan",2023,41.3,Post-Statcast (2015–2025),Statcast (EV ≥ 95 mph)
"Wong, Connor",2023,37.8,Post-Statcast (2015–2025),Statcast (EV ≥ 95 mph)
"Judge, Aaron",2023,64.2,Post-Statcast (2015–2025),Statcast (EV ≥ 95 mph)
"Rojas, Josh",2023,28.9,Post-Statcast (2015–2025),Statcast (EV ≥ 95 mph)
"Noda, Ryan",2023,45,Post-Statcast (2015–2025),Statcast (EV ≥ 95 mph)
"Chisholm Jr., Jazz",2023,41.8,Post-Statcast (2015–2025),Statcast (EV ≥ 95 mph)
"Maldonado, Martín",2023,40,Post-Statcast (2015–2025),Statcast (EV ≥ 95 mph)
"Yastrzemski, Mike",2023,44,Post-Statcast (2015–2025),Statcast (EV ≥ 95 mph)
"Raley, Luke",2023,45.7,Post-Statcast (2015–2025),Statcast (EV ≥ 95 mph)
"Tellez, Rowdy",2023,40.4,Post-Statcast (2015–2025),Statcast (EV ≥ 95 mph)
"Taylor, Michael A.",2023,38,Post-Statcast (2015–2025),Statcast (EV ≥ 95 mph)
"Bailey, Patrick",2023,38.4,Post-Statcast (2015–2025),Statcast (EV ≥ 95 mph)
"Moncada, Yoán",2023,39,Post-Statcast (2015–2025),Statcast (EV ≥ 95 mph)
"Baddoo, Akil",2023,36.8,Post-Statcast (2015–2025),Statcast (EV ≥ 95 mph)
"Meyers, Jake",2023,27.9,Post-Statcast (2015–2025),Statcast (EV ≥ 95 mph)
"Polanco, Jorge",2023,40.6,Post-Statcast (2015–2025),Statcast (EV ≥ 95 mph)
"Rogers, Jake",2023,45.6,Post-Statcast (2015–2025),Statcast (EV ≥ 95 mph)
"Duvall, Adam",2023,39.1,Post-Statcast (2015–2025),Statcast (EV ≥ 95 mph)
"Julien, Edouard",2023,44.9,Post-Statcast (2015–2025),Statcast (EV ≥ 95 mph)
"Taylor, Chris",2023,37.4,Post-Statcast (2015–2025),Statcast (EV ≥ 95 mph)
"Garver, Mitch",2023,42.1,Post-Statcast (2015–2025),Statcast (EV ≥ 95 mph)
"Anderson, Brian",2023,37.1,Post-Statcast (2015–2025),Statcast (EV ≥ 95 mph)
"Siri, Jose",2023,37.7,Post-Statcast (2015–2025),Statcast (EV ≥ 95 mph)
"Walls, Taylor",2023,28.8,Post-Statcast (2015–2025),Statcast (EV ≥ 95 mph)
"Trout, Mike",2023,51.9,Post-Statcast (2015–2025),Statcast (EV ≥ 95 mph)
"Arias, Gabriel",2023,46.3,Post-Statcast (2015–2025),Statcast (EV ≥ 95 mph)
"Belt, Brandon",2023,40,Post-Statcast (2015–2025),Statcast (EV ≥ 95 mph)
"Buxton, Byron",2023,45.7,Post-Statcast (2015–2025),Statcast (EV ≥ 95 mph)
"Sabol, Blake",2023,38.6,Post-Statcast (2015–2025),Statcast (EV ≥ 95 mph)
"Pratto, Nick",2023,41.9,Post-Statcast (2015–2025),Statcast (EV ≥ 95 mph)
"Arraez, Luis",2024,23.7,Post-Statcast (2015–2025),Statcast (EV ≥ 95 mph)
"Semien, Marcus",2024,35.2,Post-Statcast (2015–2025),Statcast (EV ≥ 95 mph)
"Ramírez, José",2024,39.7,Post-Statcast (2015–2025),Statcast (EV ≥ 95 mph)
"Witt Jr., Bobby",2024,48.3,Post-Statcast (2015–2025),Statcast (EV ≥ 95 mph)
"Guerrero Jr., Vladimir",2024,54.9,Post-Statcast (2015–2025),Statcast (EV ≥ 95 mph)
"Hoerner, Nico",2024,27.6,Post-Statcast (2015–2025),Statcast (EV ≥ 95 mph)
"Duran, Jarren",2024,43.9,Post-Statcast (2015–2025),Statcast (EV ≥ 95 mph)
"Donovan, Brendan",2024,37.6,Post-Statcast (2015–2025),Statcast (EV ≥ 95 mph)
"Altuve, Jose",2024,31.2,Post-Statcast (2015–2025),Statcast (EV ≥ 95 mph)
"Peña, Jeremy",2024,38.8,Post-Statcast (2015–2025),Statcast (EV ≥ 95 mph)
"Bregman, Alex",2024,40.5,Post-Statcast (2015–2025),Statcast (EV ≥ 95 mph)
"Giménez, Andrés",2024,28.5,Post-Statcast (2015–2025),Statcast (EV ≥ 95 mph)
"Lindor, Francisco",2024,47.4,Post-Statcast (2015–2025),Statcast (EV ≥ 95 mph)
"Arenado, Nolan",2024,31.6,Post-Statcast (2015–2025),Statcast (EV ≥ 95 mph)
"Diaz, Yainer",2024,47.5,Post-Statcast (2015–2025),Statcast (EV ≥ 95 mph)
"Volpe, Anthony",2024,35.4,Post-Statcast (2015–2025),Statcast (EV ≥ 95 mph)
"Winn, Masyn",2024,32.7,Post-Statcast (2015–2025),Statcast (EV ≥ 95 mph)
"Garcia, Maikel",2024,42.8,Post-Statcast (2015–2025),Statcast (EV ≥ 95 mph)
"Ohtani, Shohei",2024,60.1,Post-Statcast (2015–2025),Statcast (EV ≥ 95 mph)
"Burleson, Alec",2024,41.7,Post-Statcast (2015–2025),Statcast (EV ≥ 95 mph)
"Verdugo, Alex",2024,34.9,Post-Statcast (2015–2025),Statcast (EV ≥ 95 mph)
"Rutschman, Adley",2024,36.6,Post-Statcast (2015–2025),Statcast (EV ≥ 95 mph)
"Henderson, Gunnar",2024,53.9,Post-Statcast (2015–2025),Statcast (EV ≥ 95 mph)
"Bohm, Alec",2024,45.6,Post-Statcast (2015–2025),Statcast (EV ≥ 95 mph)
"Machado, Manny",2024,48.8,Post-Statcast (2015–2025),Statcast (EV ≥ 95 mph)
"Profar, Jurickson",2024,44.4,Post-Statcast (2015–2025),Statcast (EV ≥ 95 mph)
"Díaz, Yandy",2024,48.7,Post-Statcast (2015–2025),Statcast (EV ≥ 95 mph)
"Santander, Anthony",2024,41.6,Post-Statcast (2015–2025),Statcast (EV ≥ 95 mph)
"Carroll, Corbin",2024,40.8,Post-Statcast (2015–2025),Statcast (EV ≥ 95 mph)
"Castellanos, Nick",2024,38.2,Post-Statcast (2015–2025),Statcast (EV ≥ 95 mph)
"Reynolds, Bryan",2024,45.4,Post-Statcast (2015–2025),Statcast (EV ≥ 95 mph)
"Perez, Salvador",2024,44.8,Post-Statcast (2015–2025),Statcast (EV ≥ 95 mph)
"Tovar, Ezequiel",2024,39.8,Post-Statcast (2015–2025),Statcast (EV ≥ 95 mph)
"Cronenworth, Jake",2024,36.7,Post-Statcast (2015–2025),Statcast (EV ≥ 95 mph)
"Naylor, Josh",2024,40.9,Post-Statcast (2015–2025),Statcast (EV ≥ 95 mph)
"Merrill, Jackson",2024,43.9,Post-Statcast (2015–2025),Statcast (EV ≥ 95 mph)
"Turang, Brice",2024,29.7,Post-Statcast (2015–2025),Statcast (EV ≥ 95 mph)
"Alvarez, Yordan",2024,49.7,Post-Statcast (2015–2025),Statcast (EV ≥ 95 mph)
"Torres, Gleyber",2024,35.4,Post-Statcast (2015–2025),Statcast (EV ≥ 95 mph)
"Soto, Juan",2024,57,Post-Statcast (2015–2025),Statcast (EV ≥ 95 mph)
"Contreras, William",2024,49.5,Post-Statcast (2015–2025),Statcast (EV ≥ 95 mph)
"Freeman, Freddie",2024,41.8,Post-Statcast (2015–2025),Statcast (EV ≥ 95 mph)
"Bleday, JJ",2024,36.2,Post-Statcast (2015–2025),Statcast (EV ≥ 95 mph)
"Paredes, Isaac",2024,27.1,Post-Statcast (2015–2025),Statcast (EV ≥ 95 mph)
"Vaughn, Andrew",2024,43.3,Post-Statcast (2015–2025),Statcast (EV ≥ 95 mph)
"Alonso, Pete",2024,46.4,Post-Statcast (2015–2025),Statcast (EV ≥ 95 mph)
"Adames, Willy",2024,40.7,Post-Statcast (2015–2025),Statcast (EV ≥ 95 mph)
"Ozuna, Marcell",2024,53.4,Post-Statcast (2015–2025),Statcast (EV ≥ 95 mph)
"Pasquantino, Vinnie",2024,46.5,Post-Statcast (2015–2025),Statcast (EV ≥ 95 mph)
"Steer, Spencer",2024,39.9,Post-Statcast (2015–2025),Statcast (EV ≥ 95 mph)
"Olson, Matt",2024,47.4,Post-Statcast (2015–2025),Statcast (EV ≥ 95 mph)
"Springer, George",2024,37.4,Post-Statcast (2015–2025),Statcast (EV ≥ 95 mph)
"Bellinger, Cody",2024,32.9,Post-Statcast (2015–2025),Statcast (EV ≥ 95 mph)
"Arcia, Orlando",2024,37.8,Post-Statcast (2015–2025),Statcast (EV ≥ 95 mph)
"Kwan, Steven",2024,23.7,Post-Statcast (2015–2025),Statcast (EV ≥ 95 mph)
"Ward, Taylor",2024,42.6,Post-Statcast (2015–2025),Statcast (EV ≥ 95 mph)
"Goldschmidt, Paul",2024,49.6,Post-Statcast (2015–2025),Statcast (EV ≥ 95 mph)
"Schanuel, Nolan",2024,25.4,Post-Statcast (2015–2025),Statcast (EV ≥ 95 mph)
"Santana, Carlos",2024,39.9,Post-Statcast (2015–2025),Statcast (EV ≥ 95 mph)
"Stott, Bryson",2024,30.8,Post-Statcast (2015–2025),Statcast (EV ≥ 95 mph)
"Bell, Josh",2024,40.1,Post-Statcast (2015–2025),Statcast (EV ≥ 95 mph)
"Chapman, Matt",2024,48.3,Post-Statcast (2015–2025),Statcast (EV ≥ 95 mph)
"De La Cruz, Bryan",2024,41.3,Post-Statcast (2015–2025),Statcast (EV ≥ 95 mph)
"Abrams, CJ",2024,40.7,Post-Statcast (2015–2025),Statcast (EV ≥ 95 mph)
"India, Jonathan",2024,36.5,Post-Statcast (2015–2025),Statcast (EV ≥ 95 mph)
"Gurriel Jr., Lourdes",2024,40,Post-Statcast (2015–2025),Statcast (EV ≥ 95 mph)
"Nimmo, Brandon",2024,47.4,Post-Statcast (2015–2025),Statcast (EV ≥ 95 mph)
"García Jr., Luis",2024,41.7,Post-Statcast (2015–2025),Statcast (EV ≥ 95 mph)
"Harper, Bryce",2024,48.2,Post-Statcast (2015–2025),Statcast (EV ≥ 95 mph)
"Castro, Willi",2024,36.8,Post-Statcast (2015–2025),Statcast (EV ≥ 95 mph)
"Rodríguez, Julio",2024,48.4,Post-Statcast (2015–2025),Statcast (EV ≥ 95 mph)
"Chisholm Jr., Jazz",2024,41.1,Post-Statcast (2015–2025),Statcast (EV ≥ 95 mph)
"Chourio, Jackson",2024,44.9,Post-Statcast (2015–2025),Statcast (EV ≥ 95 mph)
"Ruiz, Keibert",2024,25.6,Post-Statcast (2015–2025),Statcast (EV ≥ 95 mph)
"García, Adolis",2024,48.2,Post-Statcast (2015–2025),Statcast (EV ≥ 95 mph)
"Turner, Trea",2024,40.7,Post-Statcast (2015–2025),Statcast (EV ≥ 95 mph)
"Keith, Colt",2024,35.3,Post-Statcast (2015–2025),Statcast (EV ≥ 95 mph)
"Marte, Ketel",2024,53.8,Post-Statcast (2015–2025),Statcast (EV ≥ 95 mph)
"Neto, Zach",2024,38.8,Post-Statcast (2015–2025),Statcast (EV ≥ 95 mph)
"Smith, Josh",2024,37.1,Post-Statcast (2015–2025),Statcast (EV ≥ 95 mph)
"Suárez, Eugenio",2024,42.4,Post-Statcast (2015–2025),Statcast (EV ≥ 95 mph)
"Happ, Ian",2024,45.2,Post-Statcast (2015–2025),Statcast (EV ≥ 95 mph)
"De La Cruz, Elly",2024,45.7,Post-Statcast (2015–2025),Statcast (EV ≥ 95 mph)
"Vierling, Matt",2024,40.9,Post-Statcast (2015–2025),Statcast (EV ≥ 95 mph)
"Hernández, Teoscar",2024,46.8,Post-Statcast (2015–2025),Statcast (EV ≥ 95 mph)
"Doyle, Brenton",2024,41.4,Post-Statcast (2015–2025),Statcast (EV ≥ 95 mph)
"Frelick, Sal",2024,19.5,Post-Statcast (2015–2025),Statcast (EV ≥ 95 mph)
"Rafaela, Ceddanne",2024,36.9,Post-Statcast (2015–2025),Statcast (EV ≥ 95 mph)
"Betts, Mookie",2024,39.5,Post-Statcast (2015–2025),Statcast (EV ≥ 95 mph)
"Clement, Ernie",2024,24.9,Post-Statcast (2015–2025),Statcast (EV ≥ 95 mph)
"Swanson, Dansby",2024,42.7,Post-Statcast (2015–2025),Statcast (EV ≥ 95 mph)
"Kiner-Falefa, Isiah",2024,29.7,Post-Statcast (2015–2025),Statcast (EV ≥ 95 mph)
"Judge, Aaron",2024,61,Post-Statcast (2015–2025),Statcast (EV ≥ 95 mph)
"Burger, Jake",2024,46.8,Post-Statcast (2015–2025),Statcast (EV ≥ 95 mph)
"Langford, Wyatt",2024,43.4,Post-Statcast (2015–2025),Statcast (EV ≥ 95 mph)
"McMahon, Ryan",2024,49.7,Post-Statcast (2015–2025),Statcast (EV ≥ 95 mph)
"Devers, Rafael",2024,52.6,Post-Statcast (2015–2025),Statcast (EV ≥ 95 mph)
"Benintendi, Andrew",2024,34.4,Post-Statcast (2015–2025),Statcast (EV ≥ 95 mph)
"Arozarena, Randy",2024,43.5,Post-Statcast (2015–2025),Statcast (EV ≥ 95 mph)
"Schwarber, Kyle",2024,55.5,Post-Statcast (2015–2025),Statcast (EV ≥ 95 mph)
"Morel, Christopher",2024,40.4,Post-Statcast (2015–2025),Statcast (EV ≥ 95 mph)
"Seager, Corey",2024,50.7,Post-Statcast (2015–2025),Statcast (EV ≥ 95 mph)
"Smith, Will",2024,42,Post-Statcast (2015–2025),Statcast (EV ≥ 95 mph)
"Young, Jacob",2024,28.9,Post-Statcast (2015–2025),Statcast (EV ≥ 95 mph)
"O'Hearn, Ryan",2024,40.1,Post-Statcast (2015–2025),Statcast (EV ≥ 95 mph)
"Raleigh, Cal",2024,48.1,Post-Statcast (2015–2025),Statcast (EV ≥ 95 mph)
"Taveras, Leody",2024,35.5,Post-Statcast (2015–2025),Statcast (EV ≥ 95 mph)
"Rooker, Brent",2024,49.6,Post-Statcast (2015–2025),Statcast (EV ≥ 95 mph)
"Turner, Justin",2024,32.5,Post-Statcast (2015–2025),Statcast (EV ≥ 95 mph)
"McCarthy, Jake",2024,24.5,Post-Statcast (2015–2025),Statcast (EV ≥ 95 mph)
"Rodgers, Brendan",2024,44.1,Post-Statcast (2015–2025),Statcast (EV ≥ 95 mph)
"Heim, Jonah",2024,36.4,Post-Statcast (2015–2025),Statcast (EV ≥ 95 mph)
"France, Ty",2024,40,Post-Statcast (2015–2025),Statcast (EV ≥ 95 mph)
"Lowe, Nathaniel",2024,40,Post-Statcast (2015–2025),Statcast (EV ≥ 95 mph)
"Urshela, Gio",2024,28.4,Post-Statcast (2015–2025),Statcast (EV ≥ 95 mph)
"Mountcastle, Ryan",2024,45.2,Post-Statcast (2015–2025),Statcast (EV ≥ 95 mph)
"Cruz, Oneil",2024,54.9,Post-Statcast (2015–2025),Statcast (EV ≥ 95 mph)
"Blackmon, Charlie",2024,27.2,Post-Statcast (2015–2025),Statcast (EV ≥ 95 mph)
"McNeil, Jeff",2024,31.1,Post-Statcast (2015–2025),Statcast (EV ≥ 95 mph)
"Greene, Riley",2024,47.1,Post-Statcast (2015–2025),Statcast (EV ≥ 95 mph)
"Suzuki, Seiya",2024,49.2,Post-Statcast (2015–2025),Statcast (EV ≥ 95 mph)
"Soler, Jorge",2024,44.1,Post-Statcast (2015–2025),Statcast (EV ≥ 95 mph)
"Dubón, Mauricio",2024,26.5,Post-Statcast (2015–2025),Statcast (EV ≥ 95 mph)
"Bogaerts, Xander",2024,33.2,Post-Statcast (2015–2025),Statcast (EV ≥ 95 mph)
"Walker, Christian",2024,48,Post-Statcast (2015–2025),Statcast (EV ≥ 95 mph)
"Sánchez, Jesús",2024,51.3,Post-Statcast (2015–2025),Statcast (EV ≥ 95 mph)
"Meyers, Jake",2024,37,Post-Statcast (2015–2025),Statcast (EV ≥ 95 mph)
"Mullins, Cedric",2024,33.4,Post-Statcast (2015–2025),Statcast (EV ≥ 95 mph)
"Harris II, Michael",2024,47,Post-Statcast (2015–2025),Statcast (EV ≥ 95 mph)
"Sheets, Gavin",2024,35.3,Post-Statcast (2015–2025),Statcast (EV ≥ 95 mph)
"Ortiz, Joey",2024,38.4,Post-Statcast (2015–2025),Statcast (EV ≥ 95 mph)
"Ramos, Heliot",2024,47.5,Post-Statcast (2015–2025),Statcast (EV ≥ 95 mph)
"Langeliers, Shea",2024,44,Post-Statcast (2015–2025),Statcast (EV ≥ 95 mph)
"Stephenson, Tyler",2024,43.9,Post-Statcast (2015–2025),Statcast (EV ≥ 95 mph)
"Thomas, Lane",2024,40.6,Post-Statcast (2015–2025),Statcast (EV ≥ 95 mph)
"Miranda, Jose F",2024,38.9,Post-Statcast (2015–2025),Statcast (EV ≥ 95 mph)
"Albies, Ozzie",2024,32,Post-Statcast (2015–2025),Statcast (EV ≥ 95 mph)
"Busch, Michael",2024,39.9,Post-Statcast (2015–2025),Statcast (EV ≥ 95 mph)
"Lopez, Nicky",2024,16.9,Post-Statcast (2015–2025),Statcast (EV ≥ 95 mph)
"Wong, Connor",2024,34.5,Post-Statcast (2015–2025),Statcast (EV ≥ 95 mph)
"Pham, Tommy",2024,42.7,Post-Statcast (2015–2025),Statcast (EV ≥ 95 mph)
"Kim, Ha-Seong",2024,35.4,Post-Statcast (2015–2025),Statcast (EV ≥ 95 mph)
"Lopez, Otto",2024,38.9,Post-Statcast (2015–2025),Statcast (EV ≥ 95 mph)
"Lux, Gavin",2024,41.1,Post-Statcast (2015–2025),Statcast (EV ≥ 95 mph)
"Cowser, Colton",2024,46.1,Post-Statcast (2015–2025),Statcast (EV ≥ 95 mph)
"Winker, Jesse",2024,37.4,Post-Statcast (2015–2025),Statcast (EV ≥ 95 mph)
"Yoshida, Masataka",2024,37.5,Post-Statcast (2015–2025),Statcast (EV ≥ 95 mph)
"O'Hoppe, Logan",2024,46.3,Post-Statcast (2015–2025),Statcast (EV ≥ 95 mph)
"Jeffers, Ryan",2024,33.8,Post-Statcast (2015–2025),Statcast (EV ≥ 95 mph)
"Varsho, Daulton",2024,34,Post-Statcast (2015–2025),Statcast (EV ≥ 95 mph)
"Conforto, Michael",2024,46,Post-Statcast (2015–2025),Statcast (EV ≥ 95 mph)
"Westburg, Jordan",2024,46.1,Post-Statcast (2015–2025),Statcast (EV ≥ 95 mph)
"McCutchen, Andrew",2024,36.9,Post-Statcast (2015–2025),Statcast (EV ≥ 95 mph)
"Rojas, Josh",2024,38.2,Post-Statcast (2015–2025),Statcast (EV ≥ 95 mph)
"Gelof, Zack",2024,37.2,Post-Statcast (2015–2025),Statcast (EV ≥ 95 mph)
"Candelario, Jeimer",2024,34.5,Post-Statcast (2015–2025),Statcast (EV ≥ 95 mph)
"Caballero, José",2024,25.2,Post-Statcast (2015–2025),Statcast (EV ≥ 95 mph)
"Bader, Harrison",2024,35.5,Post-Statcast (2015–2025),Statcast (EV ≥ 95 mph)
"Espinal, Santiago",2024,24.1,Post-Statcast (2015–2025),Statcast (EV ≥ 95 mph)
"Riley, Austin",2024,53.4,Post-Statcast (2015–2025),Statcast (EV ≥ 95 mph)
"Bailey, Patrick",2024,43,Post-Statcast (2015–2025),Statcast (EV ≥ 95 mph)
"Butler, Lawrence",2024,47.4,Post-Statcast (2015–2025),Statcast (EV ≥ 95 mph)
"Yastrzemski, Mike",2024,41,Post-Statcast (2015–2025),Statcast (EV ≥ 95 mph)
"Hoskins, Rhys",2024,42.2,Post-Statcast (2015–2025),Statcast (EV ≥ 95 mph)
"Isbel, Kyle",2024,36.3,Post-Statcast (2015–2025),Statcast (EV ≥ 95 mph)
"Tatis Jr., Fernando",2024,55.8,Post-Statcast (2015–2025),Statcast (EV ≥ 95 mph)
"Canha, Mark",2024,37.4,Post-Statcast (2015–2025),Statcast (EV ≥ 95 mph)
"Renfroe, Hunter",2024,39.4,Post-Statcast (2015–2025),Statcast (EV ≥ 95 mph)
"Pérez, Wenceel",2024,30.6,Post-Statcast (2015–2025),Statcast (EV ≥ 95 mph)
"Rocchio, Brayan",2024,22.3,Post-Statcast (2015–2025),Statcast (EV ≥ 95 mph)
"Pages, Andy",2024,40.1,Post-Statcast (2015–2025),Statcast (EV ≥ 95 mph)
"Melendez, MJ",2024,45.2,Post-Statcast (2015–2025),Statcast (EV ≥ 95 mph)
"Tellez, Rowdy",2024,36.5,Post-Statcast (2015–2025),Statcast (EV ≥ 95 mph)
"Kirk, Alejandro",2024,40.9,Post-Statcast (2015–2025),Statcast (EV ≥ 95 mph)
"Martinez, J.D.",2024,46.1,Post-Statcast (2015–2025),Statcast (EV ≥ 95 mph)
"DeJong, Paul",2024,41.5,Post-Statcast (2015–2025),Statcast (EV ≥ 95 mph)
"Hayes, Ke'Bryan",2024,42.9,Post-Statcast (2015–2025),Statcast (EV ≥ 95 mph)
"Kepler, Max",2024,36.8,Post-Statcast (2015–2025),Statcast (EV ≥ 95 mph)
"Perdomo, Geraldo",2024,25.8,Post-Statcast (2015–2025),Statcast (EV ≥ 95 mph)
"Crawford, J.P.",2024,37.8,Post-Statcast (2015–2025),Statcast (EV ≥ 95 mph)
"Estrada, Thairo",2024,31.7,Post-Statcast (2015–2025),Statcast (EV ≥ 95 mph)
"Gonzales, Nick",2024,36.9,Post-Statcast (2015–2025),Statcast (EV ≥ 95 mph)
"Hernández, Enrique",2024,41.5,Post-Statcast (2015–2025),Statcast (EV ≥ 95 mph)
"Schuemann, Max",2024,37.4,Post-Statcast (2015–2025),Statcast (EV ≥ 95 mph)
"Crow-Armstrong, Pete",2024,36.8,Post-Statcast (2015–2025),Statcast (EV ≥ 95 mph)
"Freeman, Tyler",2024,34.6,Post-Statcast (2015–2025),Statcast (EV ≥ 95 mph)
"Vientos, Mark",2024,46.6,Post-Statcast (2015–2025),Statcast (EV ≥ 95 mph)
"Kelenic, Jarred",2024,45.2,Post-Statcast (2015–2025),Statcast (EV ≥ 95 mph)
"Fraley, Jake",2024,24.7,Post-Statcast (2015–2025),Statcast (EV ≥ 95 mph)
"Brennan, Will",2024,32.5,Post-Statcast (2015–2025),Statcast (EV ≥ 95 mph)
"Polanco, Jorge",2024,37.2,Post-Statcast (2015–2025),Statcast (EV ≥ 95 mph)
"Massey, Michael",2024,36.9,Post-Statcast (2015–2025),Statcast (EV ≥ 95 mph)
"Adell, Jo",2024,44.7,Post-Statcast (2015–2025),Statcast (EV ≥ 95 mph)
"Perkins, Blake",2024,37.7,Post-Statcast (2015–2025),Statcast (EV ≥ 95 mph)
"Triolo, Jared",2024,39.1,Post-Statcast (2015–2025),Statcast (EV ≥ 95 mph)
"Realmuto, J.T.",2024,46.6,Post-Statcast (2015–2025),Statcast (EV ≥ 95 mph)
"Abreu, Wilyer",2024,50.5,Post-Statcast (2015–2025),Statcast (EV ≥ 95 mph)
"Moniak, Mickey",2024,34.4,Post-Statcast (2015–2025),Statcast (EV ≥ 95 mph)
"Fermin, Freddy",2024,33.9,Post-Statcast (2015–2025),Statcast (EV ≥ 95 mph)
"Rojas, Johan",2024,27.4,Post-Statcast (2015–2025),Statcast (EV ≥ 95 mph)
"Sosa, Lenyn",2024,41.2,Post-Statcast (2015–2025),Statcast (EV ≥ 95 mph)
"Toro, Abraham",2024,29.6,Post-Statcast (2015–2025),Statcast (EV ≥ 95 mph)
"Stanton, Giancarlo",2024,55.3,Post-Statcast (2015–2025),Statcast (EV ≥ 95 mph)
"Joe, Connor",2024,32.7,Post-Statcast (2015–2025),Statcast (EV ≥ 95 mph)
"Wells, Austin",2024,38.9,Post-Statcast (2015–2025),Statcast (EV ≥ 95 mph)
"Lowe, Brandon",2024,44.7,Post-Statcast (2015–2025),Statcast (EV ≥ 95 mph)
"Amaya, Miguel",2024,33.9,Post-Statcast (2015–2025),Statcast (EV ≥ 95 mph)
"Rizzo, Anthony",2024,33.2,Post-Statcast (2015–2025),Statcast (EV ≥ 95 mph)
"Nootbaar, Lars",2024,49.5,Post-Statcast (2015–2025),Statcast (EV ≥ 95 mph)
"Raley, Luke",2024,41.8,Post-Statcast (2015–2025),Statcast (EV ≥ 95 mph)
"Marsh, Brandon",2024,47.4,Post-Statcast (2015–2025),Statcast (EV ≥ 95 mph)
"Larnach, Trevor",2024,45.1,Post-Statcast (2015–2025),Statcast (EV ≥ 95 mph)
"Pederson, Joc",2024,46.2,Post-Statcast (2015–2025),Statcast (EV ≥ 95 mph)
"Margot, Manuel",2024,33.6,Post-Statcast (2015–2025),Statcast (EV ≥ 95 mph)
"Horwitz, Spencer",2024,36.6,Post-Statcast (2015–2025),Statcast (EV ≥ 95 mph)
"Correa, Carlos",2024,44.7,Post-Statcast (2015–2025),Statcast (EV ≥ 95 mph)
"Brown, Seth",2024,40.6,Post-Statcast (2015–2025),Statcast (EV ≥ 95 mph)
"Rosario, Amed",2024,36.2,Post-Statcast (2015–2025),Statcast (EV ≥ 95 mph)
"Marte, Starling",2024,42.9,Post-Statcast (2015–2025),Statcast (EV ≥ 95 mph)
"Buxton, Byron",2024,48.1,Post-Statcast (2015–2025),Statcast (EV ≥ 95 mph)
"Schneider, Davis",2024,38,Post-Statcast (2015–2025),Statcast (EV ≥ 95 mph)
"Díaz, Elias",2024,34.5,Post-Statcast (2015–2025),Statcast (EV ≥ 95 mph)
"DeLuca, Jonny",2024,28,Post-Statcast (2015–2025),Statcast (EV ≥ 95 mph)
"Moreno, Gabriel",2024,41,Post-Statcast (2015–2025),Statcast (EV ≥ 95 mph)
"Lee, Korey",2024,37.6,Post-Statcast (2015–2025),Statcast (EV ≥ 95 mph)
"Haniger, Mitch",2024,45.9,Post-Statcast (2015–2025),Statcast (EV ≥ 95 mph)
"Fry, David",2024,37.6,Post-Statcast (2015–2025),Statcast (EV ≥ 95 mph)
"Toglia, Michael",2024,50.2,Post-Statcast (2015–2025),Statcast (EV ≥ 95 mph)
"Jiménez, Eloy",2024,49,Post-Statcast (2015–2025),Statcast (EV ≥ 95 mph)
"O'Neill, Tyler",2024,48.8,Post-Statcast (2015–2025),Statcast (EV ≥ 95 mph)
"Robert Jr., Luis",2024,40.7,Post-Statcast (2015–2025),Statcast (EV ≥ 95 mph)
"Friedl, TJ",2024,31.5,Post-Statcast (2015–2025),Statcast (EV ≥ 95 mph)
"Moore, Dylan",2024,36.3,Post-Statcast (2015–2025),Statcast (EV ≥ 95 mph)
"Singleton, Jon",2024,37.2,Post-Statcast (2015–2025),Statcast (EV ≥ 95 mph)
"Drury, Brandon",2024,35.6,Post-Statcast (2015–2025),Statcast (EV ≥ 95 mph)
"Wade Jr., LaMonte",2024,44.1,Post-Statcast (2015–2025),Statcast (EV ≥ 95 mph)
"Taylor, Tyrone",2024,35.3,Post-Statcast (2015–2025),Statcast (EV ≥ 95 mph)
"Siri, Jose",2024,41.6,Post-Statcast (2015–2025),Statcast (EV ≥ 95 mph)
"Torkelson, Spencer",2024,39.7,Post-Statcast (2015–2025),Statcast (EV ≥ 95 mph)
"Garver, Mitch",2024,39.7,Post-Statcast (2015–2025),Statcast (EV ≥ 95 mph)
"Naylor, Bo",2024,37.7,Post-Statcast (2015–2025),Statcast (EV ≥ 95 mph)
"Lowe, Josh",2024,46.1,Post-Statcast (2015–2025),Statcast (EV ≥ 95 mph)
"Cave, Jake",2024,37.1,Post-Statcast (2015–2025),Statcast (EV ≥ 95 mph)
"Tauchman, Mike",2024,41,Post-Statcast (2015–2025),Statcast (EV ≥ 95 mph)
"Tucker, Kyle",2024,44.9,Post-Statcast (2015–2025),Statcast (EV ≥ 95 mph)
"Alvarez, Francisco",2024,42,Post-Statcast (2015–2025),Statcast (EV ≥ 95 mph)
"d'Arnaud, Travis",2024,41,Post-Statcast (2015–2025),Statcast (EV ≥ 95 mph)
"Gorman, Nolan",2024,38.6,Post-Statcast (2015–2025),Statcast (EV ≥ 95 mph)
"Fitzgerald, Tyler",2024,31.9,Post-Statcast (2015–2025),Statcast (EV ≥ 95 mph)
"Contreras, Willson",2024,46.8,Post-Statcast (2015–2025),Statcast (EV ≥ 95 mph)
"Benson, Will",2024,40.1,Post-Statcast (2015–2025),Statcast (EV ≥ 95 mph)
"Bauers, Jake",2024,42.9,Post-Statcast (2015–2025),Statcast (EV ≥ 95 mph)
"Arraez, Luis",2025,16.7,Post-Statcast (2015–2025),Statcast (EV ≥ 95 mph)
"Kwan, Steven",2025,19.3,Post-Statcast (2015–2025),Statcast (EV ≥ 95 mph)
"Hoerner, Nico",2025,30.3,Post-Statcast (2015–2025),Statcast (EV ≥ 95 mph)
"Perdomo, Geraldo",2025,31.9,Post-Statcast (2015–2025),Statcast (EV ≥ 95 mph)
"Betts, Mookie",2025,35.8,Post-Statcast (2015–2025),Statcast (EV ≥ 95 mph)
"Ramírez, José",2025,37,Post-Statcast (2015–2025),Statcast (EV ≥ 95 mph)
"Lindor, Francisco",2025,44.4,Post-Statcast (2015–2025),Statcast (EV ≥ 95 mph)
"Pasquantino, Vinnie",2025,44.7,Post-Statcast (2015–2025),Statcast (EV ≥ 95 mph)
"Garcia, Maikel",2025,45.1,Post-Statcast (2015–2025),Statcast (EV ≥ 95 mph)
"Albies, Ozzie",2025,30.7,Post-Statcast (2015–2025),Statcast (EV ≥ 95 mph)
"Bellinger, Cody",2025,37.9,Post-Statcast (2015–2025),Statcast (EV ≥ 95 mph)
"Witt Jr., Bobby",2025,48.5,Post-Statcast (2015–2025),Statcast (EV ≥ 95 mph)
"Rodríguez, Julio",2025,48,Post-Statcast (2015–2025),Statcast (EV ≥ 95 mph)
"Guerrero Jr., Vladimir",2025,50.7,Post-Statcast (2015–2025),Statcast (EV ≥ 95 mph)
"Clement, Ernie",2025,26,Post-Statcast (2015–2025),Statcast (EV ≥ 95 mph)
"Díaz, Yandy",2025,52.5,Post-Statcast (2015–2025),Statcast (EV ≥ 95 mph)
"Bichette, Bo",2025,48.8,Post-Statcast (2015–2025),Statcast (EV ≥ 95 mph)
"Harris II, Michael",2025,43.4,Post-Statcast (2015–2025),Statcast (EV ≥ 95 mph)
"Lee, Jung Hoo",2025,32,Post-Statcast (2015–2025),Statcast (EV ≥ 95 mph)
"Machado, Manny",2025,51.5,Post-Statcast (2015–2025),Statcast (EV ≥ 95 mph)
"Altuve, Jose",2025,30.9,Post-Statcast (2015–2025),Statcast (EV ≥ 95 mph)
"Turner, Trea",2025,42.1,Post-Statcast (2015–2025),Statcast (EV ≥ 95 mph)
"Caminero, Junior",2025,51.4,Post-Statcast (2015–2025),Statcast (EV ≥ 95 mph)
"Edwards, Xavier",2025,29.4,Post-Statcast (2015–2025),Statcast (EV ≥ 95 mph)
"Friedl, TJ",2025,32.1,Post-Statcast (2015–2025),Statcast (EV ≥ 95 mph)
"Rooker, Brent",2025,44.8,Post-Statcast (2015–2025),Statcast (EV ≥ 95 mph)
"Perez, Salvador",2025,46.7,Post-Statcast (2015–2025),Statcast (EV ≥ 95 mph)
"Alonso, Pete",2025,54.4,Post-Statcast (2015–2025),Statcast (EV ≥ 95 mph)
"Ramos, Heliot",2025,47.4,Post-Statcast (2015–2025),Statcast (EV ≥ 95 mph)
"Tatis Jr., Fernando",2025,51.8,Post-Statcast (2015–2025),Statcast (EV ≥ 95 mph)
"Lopez, Otto",2025,38.3,Post-Statcast (2015–2025),Statcast (EV ≥ 95 mph)
"Naylor, Josh",2025,41.9,Post-Statcast (2015–2025),Statcast (EV ≥ 95 mph)
"Abrams, CJ",2025,39.2,Post-Statcast (2015–2025),Statcast (EV ≥ 95 mph)
"Frelick, Sal",2025,27.4,Post-Statcast (2015–2025),Statcast (EV ≥ 95 mph)
"Duran, Jarren",2025,46.8,Post-Statcast (2015–2025),Statcast (EV ≥ 95 mph)
"Crawford, J.P.",2025,34.7,Post-Statcast (2015–2025),Statcast (EV ≥ 95 mph)
"Crow-Armstrong, Pete",2025,41.6,Post-Statcast (2015–2025),Statcast (EV ≥ 95 mph)
"Nimmo, Brandon",2025,50.2,Post-Statcast (2015–2025),Statcast (EV ≥ 95 mph)
"Olson, Matt",2025,53.3,Post-Statcast (2015–2025),Statcast (EV ≥ 95 mph)
"Pages, Andy",2025,37.2,Post-Statcast (2015–2025),Statcast (EV ≥ 95 mph)
"Contreras, William",2025,48.5,Post-Statcast (2015–2025),Statcast (EV ≥ 95 mph)
"Wilson, Jacob",2025,24.7,Post-Statcast (2015–2025),Statcast (EV ≥ 95 mph)
"Diaz, Yainer",2025,42.2,Post-Statcast (2015–2025),Statcast (EV ≥ 95 mph)
"De La Cruz, Elly",2025,44.2,Post-Statcast (2015–2025),Statcast (EV ≥ 95 mph)
"Soto, Juan",2025,55.3,Post-Statcast (2015–2025),Statcast (EV ≥ 95 mph)
"Holliday, Jackson",2025,40.8,Post-Statcast (2015–2025),Statcast (EV ≥ 95 mph)
"Henderson, Gunnar",2025,49.2,Post-Statcast (2015–2025),Statcast (EV ≥ 95 mph)
"Turang, Brice",2025,47.4,Post-Statcast (2015–2025),Statcast (EV ≥ 95 mph)
"Torres, Gleyber",2025,39,Post-Statcast (2015–2025),Statcast (EV ≥ 95 mph)
"Story, Trevor",2025,47,Post-Statcast (2015–2025),Statcast (EV ≥ 95 mph)
"Chourio, Jackson",2025,42.3,Post-Statcast (2015–2025),Statcast (EV ≥ 95 mph)
"Rafaela, Ceddanne",2025,38.7,Post-Statcast (2015–2025),Statcast (EV ≥ 95 mph)
"Gurriel Jr., Lourdes",2025,38.3,Post-Statcast (2015–2025),Statcast (EV ≥ 95 mph)
"Freeman, Freddie",2025,45.7,Post-Statcast (2015–2025),Statcast (EV ≥ 95 mph)
"Ramírez, Agustín",2025,47,Post-Statcast (2015–2025),Statcast (EV ≥ 95 mph)
"Swanson, Dansby",2025,47.8,Post-Statcast (2015–2025),Statcast (EV ≥ 95 mph)
"Arozarena, Randy",2025,50.6,Post-Statcast (2015–2025),Statcast (EV ≥ 95 mph)
"Ohtani, Shohei",2025,58.7,Post-Statcast (2015–2025),Statcast (EV ≥ 95 mph)
"Correa, Carlos",2025,45.9,Post-Statcast (2015–2025),Statcast (EV ≥ 95 mph)
"Schanuel, Nolan",2025,29,Post-Statcast (2015–2025),Statcast (EV ≥ 95 mph)
"Burleson, Alec",2025,43,Post-Statcast (2015–2025),Statcast (EV ≥ 95 mph)
"Happ, Ian",2025,44.4,Post-Statcast (2015–2025),Statcast (EV ≥ 95 mph)
"Soderstrom, Tyler",2025,49.8,Post-Statcast (2015–2025),Statcast (EV ≥ 95 mph)
"Adames, Willy",2025,42.8,Post-Statcast (2015–2025),Statcast (EV ≥ 95 mph)
"Castellanos, Nick",2025,34.5,Post-Statcast (2015–2025),Statcast (EV ≥ 95 mph)
"Devers, Rafael",2025,56.1,Post-Statcast (2015–2025),Statcast (EV ≥ 95 mph)
"Hayes, Ke'Bryan",2025,42.5,Post-Statcast (2015–2025),Statcast (EV ≥ 95 mph)
"Reynolds, Bryan",2025,46,Post-Statcast (2015–2025),Statcast (EV ≥ 95 mph)
"Tucker, Kyle",2025,40.4,Post-Statcast (2015–2025),Statcast (EV ≥ 95 mph)
"Carroll, Corbin",2025,49.9,Post-Statcast (2015–2025),Statcast (EV ≥ 95 mph)
"Suzuki, Seiya",2025,48.7,Post-Statcast (2015–2025),Statcast (EV ≥ 95 mph)
"Stott, Bryson",2025,29.5,Post-Statcast (2015–2025),Statcast (EV ≥ 95 mph)
"García Jr., Luis",2025,45.8,Post-Statcast (2015–2025),Statcast (EV ≥ 95 mph)
"Walker, Christian",2025,46.1,Post-Statcast (2015–2025),Statcast (EV ≥ 95 mph)
"Raleigh, Cal",2025,49.6,Post-Statcast (2015–2025),Statcast (EV ≥ 95 mph)
"Ward, Taylor",2025,42.7,Post-Statcast (2015–2025),Statcast (EV ≥ 95 mph)
"Schwarber, Kyle",2025,59.6,Post-Statcast (2015–2025),Statcast (EV ≥ 95 mph)
"Vargas, Miguel",2025,40.5,Post-Statcast (2015–2025),Statcast (EV ≥ 95 mph)
"Yelich, Christian",2025,46.4,Post-Statcast (2015–2025),Statcast (EV ≥ 95 mph)
"Bogaerts, Xander",2025,39.2,Post-Statcast (2015–2025),Statcast (EV ≥ 95 mph)
"Greene, Riley",2025,45.5,Post-Statcast (2015–2025),Statcast (EV ≥ 95 mph)
"Peña, Jeremy",2025,42.9,Post-Statcast (2015–2025),Statcast (EV ≥ 95 mph)
"Ortiz, Joey",2025,32.8,Post-Statcast (2015–2025),Statcast (EV ≥ 95 mph)
"Durbin, Caleb",2025,26.9,Post-Statcast (2015–2025),Statcast (EV ≥ 95 mph)
"Rengifo, Luis",2025,32.7,Post-Statcast (2015–2025),Statcast (EV ≥ 95 mph)
"Lee, Brooks",2025,38.5,Post-Statcast (2015–2025),Statcast (EV ≥ 95 mph)
"Marte, Ketel",2025,47,Post-Statcast (2015–2025),Statcast (EV ≥ 95 mph)
"Donovan, Brendan",2025,40.9,Post-Statcast (2015–2025),Statcast (EV ≥ 95 mph)
"Torkelson, Spencer",2025,45.1,Post-Statcast (2015–2025),Statcast (EV ≥ 95 mph)
"Suárez, Eugenio",2025,47.6,Post-Statcast (2015–2025),Statcast (EV ≥ 95 mph)
"Smith, Josh",2025,31.1,Post-Statcast (2015–2025),Statcast (EV ≥ 95 mph)
"Volpe, Anthony",2025,41.9,Post-Statcast (2015–2025),Statcast (EV ≥ 95 mph)
"Kirk, Alejandro",2025,50.8,Post-Statcast (2015–2025),Statcast (EV ≥ 95 mph)
"Polanco, Jorge",2025,45.8,Post-Statcast (2015–2025),Statcast (EV ≥ 95 mph)
"Sosa, Lenyn",2025,43.8,Post-Statcast (2015–2025),Statcast (EV ≥ 95 mph)
"India, Jonathan",2025,36.8,Post-Statcast (2015–2025),Statcast (EV ≥ 95 mph)
"Nootbaar, Lars",2025,50,Post-Statcast (2015–2025),Statcast (EV ≥ 95 mph)
"Winn, Masyn",2025,34.6,Post-Statcast (2015–2025),Statcast (EV ≥ 95 mph)
"Butler, Lawrence",2025,44.4,Post-Statcast (2015–2025),Statcast (EV ≥ 95 mph)
"Goldschmidt, Paul",2025,43.7,Post-Statcast (2015–2025),Statcast (EV ≥ 95 mph)
"Springer, George",2025,47.6,Post-Statcast (2015–2025),Statcast (EV ≥ 95 mph)
"Goodman, Hunter",2025,46.9,Post-Statcast (2015–2025),Statcast (EV ≥ 95 mph)
"Sheets, Gavin",2025,46.5,Post-Statcast (2015–2025),Statcast (EV ≥ 95 mph)
"Judge, Aaron",2025,58.2,Post-Statcast (2015–2025),Statcast (EV ≥ 95 mph)
"Bohm, Alec",2025,46.4,Post-Statcast (2015–2025),Statcast (EV ≥ 95 mph)
"Busch, Michael",2025,47.3,Post-Statcast (2015–2025),Statcast (EV ≥ 95 mph)
"Larnach, Trevor",2025,45.7,Post-Statcast (2015–2025),Statcast (EV ≥ 95 mph)
"Semien, Marcus",2025,35,Post-Statcast (2015–2025),Statcast (EV ≥ 95 mph)
"Lowe, Nathaniel",2025,41.5,Post-Statcast (2015–2025),Statcast (EV ≥ 95 mph)
"Langeliers, Shea",2025,44.9,Post-Statcast (2015–2025),Statcast (EV ≥ 95 mph)
"Harper, Bryce",2025,47.5,Post-Statcast (2015–2025),Statcast (EV ≥ 95 mph)
"Bell, Josh",2025,47,Post-Statcast (2015–2025),Statcast (EV ≥ 95 mph)
"Steer, Spencer",2025,33.2,Post-Statcast (2015–2025),Statcast (EV ≥ 95 mph)
"Meidroth, Chase",2025,36.1,Post-Statcast (2015–2025),Statcast (EV ≥ 95 mph)
"Hernández, Teoscar",2025,46.1,Post-Statcast (2015–2025),Statcast (EV ≥ 95 mph)
"Wagaman, Eric",2025,46.5,Post-Statcast (2015–2025),Statcast (EV ≥ 95 mph)
"Wood, James",2025,56.3,Post-Statcast (2015–2025),Statcast (EV ≥ 95 mph)
"García, Adolis",2025,46.7,Post-Statcast (2015–2025),Statcast (EV ≥ 95 mph)
"Adell, Jo",2025,50,Post-Statcast (2015–2025),Statcast (EV ≥ 95 mph)
"Simpson, Chandler",2025,17.3,Post-Statcast (2015–2025),Statcast (EV ≥ 95 mph)
"Realmuto, J.T.",2025,45.5,Post-Statcast (2015–2025),Statcast (EV ≥ 95 mph)
"Yastrzemski, Mike",2025,42.6,Post-Statcast (2015–2025),Statcast (EV ≥ 95 mph)
"Doyle, Brenton",2025,44.6,Post-Statcast (2015–2025),Statcast (EV ≥ 95 mph)
"Rice, Ben",2025,56.1,Post-Statcast (2015–2025),Statcast (EV ≥ 95 mph)
"O'Hearn, Ryan",2025,42.5,Post-Statcast (2015–2025),Statcast (EV ≥ 95 mph)
"Beck, Jordan",2025,38.5,Post-Statcast (2015–2025),Statcast (EV ≥ 95 mph)
"Bregman, Alex",2025,44.4,Post-Statcast (2015–2025),Statcast (EV ≥ 95 mph)
"France, Ty",2025,44.2,Post-Statcast (2015–2025),Statcast (EV ≥ 95 mph)
"Lowe, Brandon",2025,46.6,Post-Statcast (2015–2025),Statcast (EV ≥ 95 mph)
"McCutchen, Andrew",2025,42.5,Post-Statcast (2015–2025),Statcast (EV ≥ 95 mph)
"Kiner-Falefa, Isiah",2025,27.5,Post-Statcast (2015–2025),Statcast (EV ≥ 95 mph)
"Grisham, Trent",2025,46.4,Post-Statcast (2015–2025),Statcast (EV ≥ 95 mph)
"Neto, Zach",2025,46.6,Post-Statcast (2015–2025),Statcast (EV ≥ 95 mph)
"Arenado, Nolan",2025,32.6,Post-Statcast (2015–2025),Statcast (EV ≥ 95 mph)
"Jung, Josh",2025,46.7,Post-Statcast (2015–2025),Statcast (EV ≥ 95 mph)
"Contreras, Willson",2025,49,Post-Statcast (2015–2025),Statcast (EV ≥ 95 mph)
"McLain, Matt",2025,40.7,Post-Statcast (2015–2025),Statcast (EV ≥ 95 mph)
"Ozuna, Marcell",2025,44.6,Post-Statcast (2015–2025),Statcast (EV ≥ 95 mph)
"McNeil, Jeff",2025,32.9,Post-Statcast (2015–2025),Statcast (EV ≥ 95 mph)
"McKinstry, Zach",2025,30.5,Post-Statcast (2015–2025),Statcast (EV ≥ 95 mph)
"Buxton, Byron",2025,53.8,Post-Statcast (2015–2025),Statcast (EV ≥ 95 mph)
"Martínez, Angel",2025,29.3,Post-Statcast (2015–2025),Statcast (EV ≥ 95 mph)
"Benintendi, Andrew",2025,36.9,Post-Statcast (2015–2025),Statcast (EV ≥ 95 mph)
"Frazier, Adam",2025,20.6,Post-Statcast (2015–2025),Statcast (EV ≥ 95 mph)
"Langford, Wyatt",2025,48.4,Post-Statcast (2015–2025),Statcast (EV ≥ 95 mph)
"Mangum, Jake",2025,33.4,Post-Statcast (2015–2025),Statcast (EV ≥ 95 mph)
"Sánchez, Jesús",2025,43.4,Post-Statcast (2015–2025),Statcast (EV ≥ 95 mph)
"Barger, Addison",2025,51,Post-Statcast (2015–2025),Statcast (EV ≥ 95 mph)
"Manzardo, Kyle",2025,43.8,Post-Statcast (2015–2025),Statcast (EV ≥ 95 mph)
"Lukes, Nathan",2025,37,Post-Statcast (2015–2025),Statcast (EV ≥ 95 mph)
"Merrill, Jackson",2025,42.9,Post-Statcast (2015–2025),Statcast (EV ≥ 95 mph)
"Baldwin, Drake",2025,49.6,Post-Statcast (2015–2025),Statcast (EV ≥ 95 mph)
"Flores, Wilmer",2025,26.9,Post-Statcast (2015–2025),Statcast (EV ≥ 95 mph)
"Vaughn, Andrew",2025,47.7,Post-Statcast (2015–2025),Statcast (EV ≥ 95 mph)
"Lux, Gavin",2025,36.9,Post-Statcast (2015–2025),Statcast (EV ≥ 95 mph)
"Freeman, Tyler",2025,40.4,Post-Statcast (2015–2025),Statcast (EV ≥ 95 mph)
"Chapman, Matt",2025,47.6,Post-Statcast (2015–2025),Statcast (EV ≥ 95 mph)
"Dubón, Mauricio",2025,26.3,Post-Statcast (2015–2025),Statcast (EV ≥ 95 mph)
"Carpenter, Kerry",2025,46.8,Post-Statcast (2015–2025),Statcast (EV ≥ 95 mph)
"Kepler, Max",2025,44.7,Post-Statcast (2015–2025),Statcast (EV ≥ 95 mph)
"Santana, Carlos",2025,37.8,Post-Statcast (2015–2025),Statcast (EV ≥ 95 mph)
"Moniak, Mickey",2025,45.3,Post-Statcast (2015–2025),Statcast (EV ≥ 95 mph)
"Dingler, Dillon",2025,45.7,Post-Statcast (2015–2025),Statcast (EV ≥ 95 mph)
"Laureano, Ramón",2025,49.1,Post-Statcast (2015–2025),Statcast (EV ≥ 95 mph)
"Mullins, Cedric",2025,35.9,Post-Statcast (2015–2025),Statcast (EV ≥ 95 mph)
"Cronenworth, Jake",2025,39,Post-Statcast (2015–2025),Statcast (EV ≥ 95 mph)
"McMahon, Ryan",2025,50.5,Post-Statcast (2015–2025),Statcast (EV ≥ 95 mph)
"Thomas, Alek",2025,39.3,Post-Statcast (2015–2025),Statcast (EV ≥ 95 mph)
"Chisholm Jr., Jazz",2025,43.3,Post-Statcast (2015–2025),Statcast (EV ≥ 95 mph)
"Keith, Colt",2025,43.7,Post-Statcast (2015–2025),Statcast (EV ≥ 95 mph)
"Jeffers, Ryan",2025,42.1,Post-Statcast (2015–2025),Statcast (EV ≥ 95 mph)
"Bader, Harrison",2025,40.3,Post-Statcast (2015–2025),Statcast (EV ≥ 95 mph)
"Vientos, Mark",2025,50.5,Post-Statcast (2015–2025),Statcast (EV ≥ 95 mph)
"Gonzales, Nick",2025,38.8,Post-Statcast (2015–2025),Statcast (EV ≥ 95 mph)
"Heim, Jonah",2025,35.9,Post-Statcast (2015–2025),Statcast (EV ≥ 95 mph)
"Báez, Javier",2025,39.9,Post-Statcast (2015–2025),Statcast (EV ≥ 95 mph)
"Isbel, Kyle",2025,36.1,Post-Statcast (2015–2025),Statcast (EV ≥ 95 mph)
"Herrera, Iván",2025,47.7,Post-Statcast (2015–2025),Statcast (EV ≥ 95 mph)
"Smith, Cam",2025,40.8,Post-Statcast (2015–2025),Statcast (EV ≥ 95 mph)
"Paredes, Isaac",2025,33.6,Post-Statcast (2015–2025),Statcast (EV ≥ 95 mph)
"Pham, Tommy",2025,47.2,Post-Statcast (2015–2025),Statcast (EV ≥ 95 mph)
"Shaw, Matt",2025,29.4,Post-Statcast (2015–2025),Statcast (EV ≥ 95 mph)
"Cruz, Oneil",2025,56.6,Post-Statcast (2015–2025),Statcast (EV ≥ 95 mph)
"Scott II, Victor",2025,26,Post-Statcast (2015–2025),Statcast (EV ≥ 95 mph)
"Conforto, Michael",2025,44,Post-Statcast (2015–2025),Statcast (EV ≥ 95 mph)
"Lewis, Royce",2025,40.3,Post-Statcast (2015–2025),Statcast (EV ≥ 95 mph)
"Narváez, Carlos",2025,44.6,Post-Statcast (2015–2025),Statcast (EV ≥ 95 mph)
"Quero, Edgar",2025,46.3,Post-Statcast (2015–2025),Statcast (EV ≥ 95 mph)
"Seager, Corey",2025,53.6,Post-Statcast (2015–2025),Statcast (EV ≥ 95 mph)
"Wells, Austin",2025,45.2,Post-Statcast (2015–2025),Statcast (EV ≥ 95 mph)
"Kelly, Carson",2025,40.3,Post-Statcast (2015–2025),Statcast (EV ≥ 95 mph)
"Horwitz, Spencer",2025,36,Post-Statcast (2015–2025),Statcast (EV ≥ 95 mph)
"Castro, Willi",2025,37.3,Post-Statcast (2015–2025),Statcast (EV ≥ 95 mph)
"Edman, Tommy",2025,39.9,Post-Statcast (2015–2025),Statcast (EV ≥ 95 mph)
"Lowe, Josh",2025,39.6,Post-Statcast (2015–2025),Statcast (EV ≥ 95 mph)
"Riley, Austin",2025,50.2,Post-Statcast (2015–2025),Statcast (EV ≥ 95 mph)
"Baty, Brett",2025,46.9,Post-Statcast (2015–2025),Statcast (EV ≥ 95 mph)
"O'Hoppe, Logan",2025,46.9,Post-Statcast (2015–2025),Statcast (EV ≥ 95 mph)
"Bailey, Patrick",2025,36.4,Post-Statcast (2015–2025),Statcast (EV ≥ 95 mph)
"Collins, Isaac",2025,38.9,Post-Statcast (2015–2025),Statcast (EV ≥ 95 mph)
"Caratini, Victor",2025,40.7,Post-Statcast (2015–2025),Statcast (EV ≥ 95 mph)
"Trout, Mike",2025,49.3,Post-Statcast (2015–2025),Statcast (EV ≥ 95 mph)
"Allen, Nick",2025,21.6,Post-Statcast (2015–2025),Statcast (EV ≥ 95 mph)
"Hicks, Liam",2025,27.7,Post-Statcast (2015–2025),Statcast (EV ≥ 95 mph)
"Sanoja, Javier",2025,35,Post-Statcast (2015–2025),Statcast (EV ≥ 95 mph)
"Meyers, Jake",2025,38.9,Post-Statcast (2015–2025),Statcast (EV ≥ 95 mph)
"Stowers, Kyle",2025,52,Post-Statcast (2015–2025),Statcast (EV ≥ 95 mph)
"Hays, Austin",2025,38.4,Post-Statcast (2015–2025),Statcast (EV ≥ 95 mph)
"Smith, Will",2025,47.1,Post-Statcast (2015–2025),Statcast (EV ≥ 95 mph)
"Marsh, Brandon",2025,46.4,Post-Statcast (2015–2025),Statcast (EV ≥ 95 mph)
"Abreu, Wilyer",2025,44.9,Post-Statcast (2015–2025),Statcast (EV ≥ 95 mph)
"Rocchio, Brayan",2025,35.5,Post-Statcast (2015–2025),Statcast (EV ≥ 95 mph)
"Arias, Gabriel",2025,43.3,Post-Statcast (2015–2025),Statcast (EV ≥ 95 mph)
"Urías, Ramón",2025,41.8,Post-Statcast (2015–2025),Statcast (EV ≥ 95 mph)
"Andujar, Miguel",2025,35.4,Post-Statcast (2015–2025),Statcast (EV ≥ 95 mph)
"Robert Jr., Luis",2025,41.6,Post-Statcast (2015–2025),Statcast (EV ≥ 95 mph)
"Kurtz, Nick",2025,51.1,Post-Statcast (2015–2025),Statcast (EV ≥ 95 mph)
"Domínguez, Jasson",2025,49.6,Post-Statcast (2015–2025),Statcast (EV ≥ 95 mph)
"Tovar, Ezequiel",2025,38.9,Post-Statcast (2015–2025),Statcast (EV ≥ 95 mph)
"Lile, Daylen",2025,40.1,Post-Statcast (2015–2025),Statcast (EV ≥ 95 mph)
"Young, Jacob",2025,34.2,Post-Statcast (2015–2025),Statcast (EV ≥ 95 mph)
"Naylor, Bo",2025,38.3,Post-Statcast (2015–2025),Statcast (EV ≥ 95 mph)
"Rutschman, Adley",2025,38.6,Post-Statcast (2015–2025),Statcast (EV ≥ 95 mph)
"Giménez, Andrés",2025,27.7,Post-Statcast (2015–2025),Statcast (EV ≥ 95 mph)
"Aranda, Jonathan",2025,54.5,Post-Statcast (2015–2025),Statcast (EV ≥ 95 mph)
"Burger, Jake",2025,48.5,Post-Statcast (2015–2025),Statcast (EV ≥ 95 mph)
"Schneemann, Daniel",2025,41.7,Post-Statcast (2015–2025),Statcast (EV ≥ 95 mph)
"Pérez, Wenceel",2025,40.1,Post-Statcast (2015–2025),Statcast (EV ≥ 95 mph)
"Fermin, Freddy",2025,34.1,Post-Statcast (2015–2025),Statcast (EV ≥ 95 mph)
"Pagés, Pedro",2025,36.5,Post-Statcast (2015–2025),Statcast (EV ≥ 95 mph)
"Clemens, Kody",2025,48.3,Post-Statcast (2015–2025),Statcast (EV ≥ 95 mph)
"Triolo, Jared",2025,38.2,Post-Statcast (2015–2025),Statcast (EV ≥ 95 mph)
"Profar, Jurickson",2025,40.3,Post-Statcast (2015–2025),Statcast (EV ≥ 95 mph)
"Iglesias, Jose",2025,28.5,Post-Statcast (2015–2025),Statcast (EV ≥ 95 mph)
"Marte, Noelvi",2025,36.3,Post-Statcast (2015–2025),Statcast (EV ≥ 95 mph)
"Tauchman, Mike",2025,38.8,Post-Statcast (2015–2025),Statcast (EV ≥ 95 mph)
"Westburg, Jordan",2025,43.4,Post-Statcast (2015–2025),Statcast (EV ≥ 95 mph)
"Jones, Nolan",2025,46.7,Post-Statcast (2015–2025),Statcast (EV ≥ 95 mph)
"Mountcastle, Ryan",2025,47.1,Post-Statcast (2015–2025),Statcast (EV ≥ 95 mph)
"Taylor, Tyrone",2025,35.1,Post-Statcast (2015–2025),Statcast (EV ≥ 95 mph)
"Gonzalez, Romy",2025,57.3,Post-Statcast (2015–2025),Statcast (EV ≥ 95 mph)
"Walker, Jordan",2025,50,Post-Statcast (2015–2025),Statcast (EV ≥ 95 mph)
"Acuña Jr., Ronald",2025,52.5,Post-Statcast (2015–2025),Statcast (EV ≥ 95 mph)
"Muncy, Max",2025,51.5,Post-Statcast (2015–2025),Statcast (EV ≥ 95 mph)
"Schmitt, Casey",2025,43.8,Post-Statcast (2015–2025),Statcast (EV ≥ 95 mph)
"Wallner, Matt",2025,45.5,Post-Statcast (2015–2025),Statcast (EV ≥ 95 mph)
"Caballero, José",2025,30.6,Post-Statcast (2015–2025),Statcast (EV ≥ 95 mph)
"Gorman, Nolan",2025,41.1,Post-Statcast (2015–2025),Statcast (EV ≥ 95 mph)
"Bleday, JJ",2025,38.7,Post-Statcast (2015–2025),Statcast (EV ≥ 95 mph)
"Cowser, Colton",2025,46,Post-Statcast (2015–2025),Statcast (EV ≥ 95 mph)
"Stephenson, Tyler",2025,49.2,Post-Statcast (2015–2025),Statcast (EV ≥ 95 mph)
