playerID,yearID,IPouts,SO,IP,so9,era
aardsda01,2006,159,49,53,8.32,Pre-Statcast (2005–2014)
aardsda01,2007,97,36,32.3,10.02,Pre-Statcast (2005–2014)
aardsda01,2008,146,49,48.7,9.06,Pre-Statcast (2005–2014)
aardsda01,2009,214,80,71.3,10.09,Pre-Statcast (2005–2014)
aardsda01,2010,149,49,49.7,8.88,Pre-Statcast (2005–2014)
aardsda01,2013,119,36,39.7,8.17,Pre-Statcast (2005–2014)
aardsda01,2015,92,35,30.7,10.27,Post-Statcast (2015–2025)
abadfe01,2012,138,38,46,7.43,Pre-Statcast (2005–2014)
abadfe01,2013,113,32,37.7,7.65,Pre-Statcast (2005–2014)
abadfe01,2014,172,51,57.3,8.01,Pre-Statcast (2005–2014)
abadfe01,2015,143,45,47.7,8.5,Post-Statcast (2015–2025)
abadfe01,2016,140,41,46.7,7.91,Post-Statcast (2015–2025)
abadfe01,2017,131,37,43.7,7.63,Post-Statcast (2015–2025)
abbotan01,2023,328,120,109.3,9.88,Post-Statcast (2015–2025)
abbotan01,2024,414,114,138,7.43,Post-Statcast (2015–2025)
abbotan01,2025,499,149,166.3,8.06,Post-Statcast (2015–2025)
abbotco01,2022,144,45,48,8.44,Post-Statcast (2015–2025)
abbotco01,2023,118,40,39.3,9.15,Post-Statcast (2015–2025)
abelmi01,2025,117,39,39,9,Post-Statcast (2015–2025)
abreual01,2021,110,35,36.7,8.59,Post-Statcast (2015–2025)
abreual01,2022,116,38,38.7,8.84,Post-Statcast (2015–2025)
abreual01,2023,177,61,59,9.31,Post-Statcast (2015–2025)
abreubr01,2021,108,36,36,9,Post-Statcast (2015–2025)
abreubr01,2022,181,88,60.3,13.13,Post-Statcast (2015–2025)
abreubr01,2023,216,100,72,12.5,Post-Statcast (2015–2025)
abreubr01,2024,235,103,78.3,11.83,Post-Statcast (2015–2025)
abreubr01,2025,213,105,71,13.31,Post-Statcast (2015–2025)
abreuwi01,2007,91,26,30.3,7.71,Pre-Statcast (2005–2014)
accarje01,2006,207,54,69,7.04,Pre-Statcast (2005–2014)
accarje01,2007,202,57,67.3,7.62,Pre-Statcast (2005–2014)
accarje01,2011,113,23,37.7,5.5,Pre-Statcast (2005–2014)
accarje01,2012,112,29,37.3,6.99,Pre-Statcast (2005–2014)
aceveal01,2008,90,16,30,4.8,Pre-Statcast (2005–2014)
aceveal01,2009,252,69,84,7.39,Pre-Statcast (2005–2014)
aceveal01,2011,342,80,114,6.32,Pre-Statcast (2005–2014)
aceveal01,2012,252,75,84,8.04,Pre-Statcast (2005–2014)
aceveal01,2013,111,24,37,5.84,Pre-Statcast (2005–2014)
acevedo01,2022,203,58,67.7,7.71,Post-Statcast (2015–2025)
acevejo01,2005,192,31,64,4.36,Pre-Statcast (2005–2014)
achteaj01,2016,113,14,37.7,3.35,Post-Statcast (2015–2025)
acostma01,2008,159,31,53,5.26,Pre-Statcast (2005–2014)
acostma01,2009,112,32,37.3,7.71,Pre-Statcast (2005–2014)
acostma01,2010,119,42,39.7,9.53,Pre-Statcast (2005–2014)
acostma01,2011,141,46,47,8.81,Pre-Statcast (2005–2014)
acostma01,2012,142,46,47.3,8.75,Pre-Statcast (2005–2014)
adamja01,2018,97,37,32.3,10.3,Post-Statcast (2015–2025)
adamja01,2022,190,75,63.3,10.66,Post-Statcast (2015–2025)
adamja01,2023,163,69,54.3,11.43,Post-Statcast (2015–2025)
adamja01,2024,221,81,73.7,9.9,Post-Statcast (2015–2025)
adamja01,2025,196,70,65.3,9.64,Post-Statcast (2015–2025)
adamsau01,2015,100,23,33.3,6.21,Post-Statcast (2015–2025)
adamsau02,2019,96,53,32,14.91,Post-Statcast (2015–2025)
adamsau02,2021,158,76,52.7,12.99,Post-Statcast (2015–2025)
adamsau02,2024,124,53,41.3,11.54,Post-Statcast (2015–2025)
adamsmi03,2008,196,74,65.3,10.19,Pre-Statcast (2005–2014)
adamsmi03,2009,111,45,37,10.95,Pre-Statcast (2005–2014)
adamsmi03,2010,200,73,66.7,9.86,Pre-Statcast (2005–2014)
adamsmi03,2011,221,74,73.7,9.04,Pre-Statcast (2005–2014)
adamsmi03,2012,157,45,52.3,7.74,Pre-Statcast (2005–2014)
adamstr01,2025,101,31,33.7,8.29,Post-Statcast (2015–2025)
adcocna01,2011,181,36,60.3,5.37,Pre-Statcast (2005–2014)
adcocna01,2012,104,22,34.7,5.71,Pre-Statcast (2005–2014)
adkinjo01,2006,163,30,54.3,4.97,Pre-Statcast (2005–2014)
adlemti01,2016,209,47,69.7,6.07,Post-Statcast (2015–2025)
adlemti01,2017,367,108,122.3,7.95,Post-Statcast (2015–2025)
adonjo01,2022,194,55,64.7,7.65,Post-Statcast (2015–2025)
adonjo01,2023,155,48,51.7,8.36,Post-Statcast (2015–2025)
affelje01,2005,149,39,49.7,7.07,Pre-Statcast (2005–2014)
affelje01,2006,292,48,97.3,4.44,Pre-Statcast (2005–2014)
affelje01,2007,177,46,59,7.02,Pre-Statcast (2005–2014)
affelje01,2008,235,80,78.3,9.19,Pre-Statcast (2005–2014)
affelje01,2009,187,55,62.3,7.94,Pre-Statcast (2005–2014)
affelje01,2010,150,44,50,7.92,Pre-Statcast (2005–2014)
affelje01,2011,185,54,61.7,7.88,Pre-Statcast (2005–2014)
affelje01,2012,190,57,63.3,8.1,Pre-Statcast (2005–2014)
affelje01,2013,101,21,33.7,5.61,Pre-Statcast (2005–2014)
affelje01,2014,166,41,55.3,6.67,Pre-Statcast (2005–2014)
affelje01,2015,106,21,35.3,5.35,Post-Statcast (2015–2025)
agnosza01,2025,94,19,31.3,5.46,Post-Statcast (2015–2025)
agrazda01,2019,220,41,73.3,5.03,Post-Statcast (2015–2025)
aguiaju01,2024,95,19,31.7,5.4,Post-Statcast (2015–2025)
akinke01,2021,285,82,95,7.77,Post-Statcast (2015–2025)
akinke01,2022,245,77,81.7,8.49,Post-Statcast (2015–2025)
akinke01,2024,236,97,78.7,11.1,Post-Statcast (2015–2025)
akinke01,2025,190,59,63.3,8.38,Post-Statcast (2015–2025)
albaljo01,2009,103,21,34.3,5.5,Pre-Statcast (2005–2014)
alberan01,2013,180,25,60,3.75,Pre-Statcast (2005–2014)
alberan01,2017,123,37,41,8.12,Post-Statcast (2015–2025)
alberma01,2007,332,71,110.7,5.77,Pre-Statcast (2005–2014)
alberma01,2008,147,26,49,4.78,Pre-Statcast (2005–2014)
alberma01,2009,201,49,67,6.58,Pre-Statcast (2005–2014)
alberma01,2010,227,49,75.7,5.83,Pre-Statcast (2005–2014)
alberma01,2011,194,68,64.7,9.46,Pre-Statcast (2005–2014)
alberma01,2012,181,44,60.3,6.56,Pre-Statcast (2005–2014)
alberma01,2013,189,35,63,5,Pre-Statcast (2005–2014)
alberma01,2015,112,28,37.3,6.75,Post-Statcast (2015–2025)
alberma01,2016,154,30,51.3,5.26,Post-Statcast (2015–2025)
alberma01,2017,183,63,61,9.3,Post-Statcast (2015–2025)
alberma01,2018,103,32,34.3,8.39,Post-Statcast (2015–2025)
alberma01,2019,179,57,59.7,8.6,Post-Statcast (2015–2025)
albural01,2011,130,67,43.3,13.92,Pre-Statcast (2005–2014)
albural01,2013,147,70,49,12.86,Pre-Statcast (2005–2014)
albural01,2014,172,63,57.3,9.89,Pre-Statcast (2005–2014)
albural01,2015,186,58,62,8.42,Post-Statcast (2015–2025)
alcaljo01,2021,179,61,59.7,9.2,Post-Statcast (2015–2025)
alcaljo01,2024,175,58,58.3,8.95,Post-Statcast (2015–2025)
alcaljo01,2025,165,61,55,9.98,Post-Statcast (2015–2025)
alcansa01,2018,102,30,34,7.94,Post-Statcast (2015–2025)
alcansa01,2019,592,151,197.3,6.89,Post-Statcast (2015–2025)
alcansa01,2020,126,39,42,8.36,Post-Statcast (2015–2025)
alcansa01,2021,617,201,205.7,8.8,Post-Statcast (2015–2025)
alcansa01,2022,686,207,228.7,8.15,Post-Statcast (2015–2025)
alcansa01,2023,554,151,184.7,7.36,Post-Statcast (2015–2025)
alcansa01,2025,524,142,174.7,7.32,Post-Statcast (2015–2025)
alcanvi01,2018,90,21,30,6.3,Post-Statcast (2015–2025)
alcanvi01,2019,128,24,42.7,5.06,Post-Statcast (2015–2025)
alexaja01,2022,215,46,71.7,5.78,Post-Statcast (2015–2025)
alexaja01,2025,232,65,77.3,7.56,Post-Statcast (2015–2025)
alexasc01,2017,207,59,69,7.7,Post-Statcast (2015–2025)
alexasc01,2018,198,56,66,7.64,Post-Statcast (2015–2025)
alexasc01,2023,145,31,48.3,5.77,Post-Statcast (2015–2025)
alexasc01,2024,116,31,38.7,7.22,Post-Statcast (2015–2025)
alexaty01,2019,161,47,53.7,7.88,Post-Statcast (2015–2025)
alexaty01,2020,109,34,36.3,8.42,Post-Statcast (2015–2025)
alexaty01,2021,319,87,106.3,7.36,Post-Statcast (2015–2025)
alexaty01,2022,303,61,101,5.44,Post-Statcast (2015–2025)
alexaty01,2023,132,44,44,9,Post-Statcast (2015–2025)
alexaty01,2024,323,90,107.7,7.52,Post-Statcast (2015–2025)
alexaty01,2025,293,82,97.7,7.56,Post-Statcast (2015–2025)
alfonan01,2007,149,24,49.7,4.35,Pre-Statcast (2005–2014)
allarko01,2019,136,33,45.3,6.55,Post-Statcast (2015–2025)
allarko01,2020,101,32,33.7,8.55,Post-Statcast (2015–2025)
allarko01,2021,374,104,124.7,7.51,Post-Statcast (2015–2025)
allarko01,2025,195,42,65,5.82,Post-Statcast (2015–2025)
allenco01,2013,211,88,70.3,11.26,Pre-Statcast (2005–2014)
allenco01,2014,209,91,69.7,11.76,Pre-Statcast (2005–2014)
allenco01,2015,208,99,69.3,12.85,Post-Statcast (2015–2025)
allenco01,2016,204,87,68,11.51,Post-Statcast (2015–2025)
allenco01,2017,202,92,67.3,12.3,Post-Statcast (2015–2025)
allenco01,2018,201,80,67,10.75,Post-Statcast (2015–2025)
allenlo01,2021,151,37,50.3,6.62,Post-Statcast (2015–2025)
allenlo02,2023,376,119,125.3,8.55,Post-Statcast (2015–2025)
allenlo02,2024,292,79,97.3,7.3,Post-Statcast (2015–2025)
allenlo02,2025,470,122,156.7,7.01,Post-Statcast (2015–2025)
almonye01,2019,102,29,34,7.68,Post-Statcast (2015–2025)
almonye01,2021,143,47,47.7,8.87,Post-Statcast (2015–2025)
almonye01,2022,106,33,35.3,8.41,Post-Statcast (2015–2025)
almonye01,2023,144,49,48,9.19,Post-Statcast (2015–2025)
altavda01,2017,140,52,46.7,10.03,Post-Statcast (2015–2025)
alvarel01,2025,127,50,42.3,10.63,Post-Statcast (2015–2025)
alvarhe01,2011,191,40,63.7,5.65,Pre-Statcast (2005–2014)
alvarhe01,2012,562,79,187.3,3.8,Pre-Statcast (2005–2014)
alvarhe01,2013,308,57,102.7,5,Pre-Statcast (2005–2014)
alvarhe01,2014,561,111,187,5.34,Pre-Statcast (2005–2014)
alvarjo02,2013,116,31,38.7,7.22,Pre-Statcast (2005–2014)
alvarjo02,2015,201,59,67,7.93,Post-Statcast (2015–2025)
alvarjo02,2016,172,51,57.3,8.01,Post-Statcast (2015–2025)
alvarjo02,2017,146,45,48.7,8.32,Post-Statcast (2015–2025)
alvarjo02,2018,189,59,63,8.43,Post-Statcast (2015–2025)
alvarjo02,2019,177,51,59,7.78,Post-Statcast (2015–2025)
alvarjo02,2021,194,42,64.7,5.85,Post-Statcast (2015–2025)
alvarjo03,2018,192,80,64,11.25,Post-Statcast (2015–2025)
alvarjo03,2019,90,39,30,11.7,Post-Statcast (2015–2025)
alvarjo03,2021,167,68,55.7,10.99,Post-Statcast (2015–2025)
alvarjo03,2022,153,81,51,14.29,Post-Statcast (2015–2025)
alvarjo03,2023,124,64,41.3,13.94,Post-Statcast (2015–2025)
alvarjo03,2024,185,63,61.7,9.19,Post-Statcast (2015–2025)
alzolad01,2021,377,128,125.7,9.17,Post-Statcast (2015–2025)
alzolad01,2023,192,67,64,9.42,Post-Statcast (2015–2025)
ambrihe01,2010,145,37,48.3,6.89,Pre-Statcast (2005–2014)
ambrihe01,2013,109,27,36.3,6.69,Pre-Statcast (2005–2014)
anderbr02,2005,92,17,30.7,4.99,Pre-Statcast (2005–2014)
anderbr04,2009,526,150,175.3,7.7,Pre-Statcast (2005–2014)
anderbr04,2010,337,75,112.3,6.01,Pre-Statcast (2005–2014)
anderbr04,2011,250,61,83.3,6.59,Pre-Statcast (2005–2014)
anderbr04,2012,105,25,35,6.43,Pre-Statcast (2005–2014)
anderbr04,2013,134,46,44.7,9.27,Pre-Statcast (2005–2014)
anderbr04,2014,130,29,43.3,6.02,Pre-Statcast (2005–2014)
anderbr04,2015,541,116,180.3,5.79,Post-Statcast (2015–2025)
anderbr04,2017,166,38,55.3,6.18,Post-Statcast (2015–2025)
anderbr04,2018,241,47,80.3,5.27,Post-Statcast (2015–2025)
anderbr04,2019,528,90,176,4.6,Post-Statcast (2015–2025)
anderbr04,2020,141,32,47,6.13,Post-Statcast (2015–2025)
anderbr04,2021,288,58,96,5.44,Post-Statcast (2015–2025)
anderch01,2014,343,105,114.3,8.27,Pre-Statcast (2005–2014)
anderch01,2015,458,111,152.7,6.54,Post-Statcast (2015–2025)
anderch01,2016,455,120,151.7,7.12,Post-Statcast (2015–2025)
anderch01,2017,424,133,141.3,8.47,Post-Statcast (2015–2025)
anderch01,2018,474,128,158,7.29,Post-Statcast (2015–2025)
anderch01,2019,417,124,139,8.03,Post-Statcast (2015–2025)
anderch01,2020,101,38,33.7,10.16,Post-Statcast (2015–2025)
anderch01,2021,144,35,48,6.56,Post-Statcast (2015–2025)
anderch01,2023,259,64,86.3,6.67,Post-Statcast (2015–2025)
anderch01,2024,175,42,58.3,6.48,Post-Statcast (2015–2025)
anderco01,2015,274,44,91.3,4.34,Post-Statcast (2015–2025)
anderco01,2016,182,54,60.7,8.01,Post-Statcast (2015–2025)
andergr01,2023,107,30,35.7,7.57,Post-Statcast (2015–2025)
andergr01,2025,209,74,69.7,9.56,Post-Statcast (2015–2025)
anderia01,2020,97,41,32.3,11.41,Post-Statcast (2015–2025)
anderia01,2021,385,124,128.3,8.7,Post-Statcast (2015–2025)
anderia01,2022,335,97,111.7,7.82,Post-Statcast (2015–2025)
anderju01,2018,166,67,55.3,10.9,Post-Statcast (2015–2025)
anderju01,2019,141,60,47,11.49,Post-Statcast (2015–2025)
anderju01,2024,160,57,53.3,9.62,Post-Statcast (2015–2025)
anderni01,2019,195,110,65,15.23,Post-Statcast (2015–2025)
anderni01,2023,106,36,35.3,9.17,Post-Statcast (2015–2025)
anderni01,2024,107,29,35.7,7.32,Post-Statcast (2015–2025)
andersh01,2019,288,70,96,6.56,Post-Statcast (2015–2025)
anderty01,2016,343,99,114.3,7.79,Post-Statcast (2015–2025)
anderty01,2017,258,81,86,8.48,Post-Statcast (2015–2025)
anderty01,2018,528,164,176,8.39,Post-Statcast (2015–2025)
anderty01,2020,179,41,59.7,6.18,Post-Statcast (2015–2025)
anderty01,2021,501,134,167,7.22,Post-Statcast (2015–2025)
anderty01,2022,536,138,178.7,6.95,Post-Statcast (2015–2025)
anderty01,2023,423,119,141,7.6,Post-Statcast (2015–2025)
anderty01,2024,538,142,179.3,7.13,Post-Statcast (2015–2025)
anderty01,2025,409,104,136.3,6.87,Post-Statcast (2015–2025)
andrima01,2015,197,49,65.7,6.72,Post-Statcast (2015–2025)
andrima01,2016,383,109,127.7,7.68,Post-Statcast (2015–2025)
andrima01,2017,258,76,86,7.95,Post-Statcast (2015–2025)
andrima01,2018,236,78,78.7,8.92,Post-Statcast (2015–2025)
andrima01,2019,212,79,70.7,10.06,Post-Statcast (2015–2025)
andrima01,2020,96,33,32,9.28,Post-Statcast (2015–2025)
andrima01,2021,145,50,48.3,9.31,Post-Statcast (2015–2025)
antonte01,2020,106,45,35.3,11.46,Post-Statcast (2015–2025)
antonte01,2021,101,42,33.7,11.23,Post-Statcast (2015–2025)
aquingr01,2005,94,34,31.3,9.77,Pre-Statcast (2005–2014)
aquingr01,2006,145,51,48.3,9.5,Pre-Statcast (2005–2014)
aranovi01,2018,178,60,59.3,9.1,Post-Statcast (2015–2025)
aranovi01,2022,126,44,42,9.43,Post-Statcast (2015–2025)
araujel01,2015,104,34,34.7,8.83,Post-Statcast (2015–2025)
archech01,2013,386,101,128.7,7.06,Pre-Statcast (2005–2014)
archech01,2014,584,173,194.7,8,Pre-Statcast (2005–2014)
archech01,2015,636,252,212,10.7,Post-Statcast (2015–2025)
archech01,2016,604,233,201.3,10.42,Post-Statcast (2015–2025)
archech01,2017,603,249,201,11.15,Post-Statcast (2015–2025)
archech01,2018,445,162,148.3,9.83,Post-Statcast (2015–2025)
archech01,2019,359,143,119.7,10.75,Post-Statcast (2015–2025)
archech01,2022,308,84,102.7,7.36,Post-Statcast (2015–2025)
ariasal02,2009,137,39,45.7,7.69,Pre-Statcast (2005–2014)
arihako01,2021,122,24,40.7,5.31,Post-Statcast (2015–2025)
armasto02,2005,304,59,101.3,5.24,Pre-Statcast (2005–2014)
armasto02,2006,462,97,154,5.67,Pre-Statcast (2005–2014)
armasto02,2007,291,73,97,6.77,Pre-Statcast (2005–2014)
armstsh01,2019,174,63,58,9.78,Post-Statcast (2015–2025)
armstsh01,2021,108,44,36,11,Post-Statcast (2015–2025)
armstsh01,2022,185,66,61.7,9.63,Post-Statcast (2015–2025)
armstsh01,2023,156,54,52,9.35,Post-Statcast (2015–2025)
armstsh01,2024,200,66,66.7,8.91,Post-Statcast (2015–2025)
armstsh01,2025,222,74,74,9,Post-Statcast (2015–2025)
arredjo01,2008,183,55,61,8.11,Pre-Statcast (2005–2014)
arredjo01,2009,135,47,45,9.4,Pre-Statcast (2005–2014)
arredjo01,2011,159,48,53,8.15,Pre-Statcast (2005–2014)
arredjo01,2012,183,62,61,9.15,Pre-Statcast (2005–2014)
arrieja01,2010,301,52,100.3,4.66,Pre-Statcast (2005–2014)
arrieja01,2011,358,93,119.3,7.01,Pre-Statcast (2005–2014)
arrieja01,2012,344,109,114.7,8.56,Pre-Statcast (2005–2014)
arrieja01,2013,226,60,75.3,7.17,Pre-Statcast (2005–2014)
arrieja01,2014,470,167,156.7,9.59,Pre-Statcast (2005–2014)
arrieja01,2015,687,236,229,9.28,Post-Statcast (2015–2025)
arrieja01,2016,592,190,197.3,8.67,Post-Statcast (2015–2025)
arrieja01,2017,505,163,168.3,8.71,Post-Statcast (2015–2025)
arrieja01,2018,518,138,172.7,7.19,Post-Statcast (2015–2025)
arrieja01,2019,407,110,135.7,7.3,Post-Statcast (2015–2025)
arrieja01,2020,133,32,44.3,6.5,Post-Statcast (2015–2025)
arrieja01,2021,296,83,98.7,7.57,Post-Statcast (2015–2025)
arrigsp01,2024,435,171,145,10.61,Post-Statcast (2015–2025)
arrigsp01,2025,106,31,35.3,7.9,Post-Statcast (2015–2025)
arroybr01,2005,616,100,205.3,4.38,Pre-Statcast (2005–2014)
arroybr01,2006,722,184,240.7,6.88,Pre-Statcast (2005–2014)
arroybr01,2007,632,156,210.7,6.66,Pre-Statcast (2005–2014)
arroybr01,2008,600,163,200,7.33,Pre-Statcast (2005–2014)
arroybr01,2009,661,127,220.3,5.19,Pre-Statcast (2005–2014)
arroybr01,2010,647,121,215.7,5.05,Pre-Statcast (2005–2014)
arroybr01,2011,597,108,199,4.88,Pre-Statcast (2005–2014)
arroybr01,2012,606,129,202,5.75,Pre-Statcast (2005–2014)
arroybr01,2013,606,124,202,5.52,Pre-Statcast (2005–2014)
arroybr01,2014,258,47,86,4.92,Pre-Statcast (2005–2014)
arroybr01,2017,213,45,71,5.7,Post-Statcast (2015–2025)
ashbyaa01,2021,95,39,31.7,11.08,Post-Statcast (2015–2025)
ashbyaa01,2022,322,126,107.3,10.57,Post-Statcast (2015–2025)
ashbyaa01,2025,200,76,66.7,10.26,Post-Statcast (2015–2025)
ashcrbr01,2025,209,71,69.7,9.17,Post-Statcast (2015–2025)
ashcrgr01,2022,315,71,105,6.09,Post-Statcast (2015–2025)
ashcrgr01,2023,437,111,145.7,6.86,Post-Statcast (2015–2025)
ashcrgr01,2024,232,57,77.3,6.63,Post-Statcast (2015–2025)
ashcrgr01,2025,196,64,65.3,8.82,Post-Statcast (2015–2025)
asheral01,2017,180,47,60,7.05,Post-Statcast (2015–2025)
assadja01,2022,113,30,37.7,7.17,Post-Statcast (2015–2025)
assadja01,2023,328,94,109.3,7.74,Post-Statcast (2015–2025)
assadja01,2024,441,124,147,7.59,Post-Statcast (2015–2025)
assadja01,2025,111,23,37,5.59,Post-Statcast (2015–2025)
astacez01,2005,243,66,81,7.33,Pre-Statcast (2005–2014)
astacpe01,2005,380,78,126.7,5.54,Pre-Statcast (2005–2014)
astacpe01,2006,271,42,90.3,4.18,Pre-Statcast (2005–2014)
atchisc01,2007,92,25,30.7,7.34,Pre-Statcast (2005–2014)
atchisc01,2010,180,41,60,6.15,Pre-Statcast (2005–2014)
atchisc01,2011,91,17,30.3,5.04,Pre-Statcast (2005–2014)
atchisc01,2012,154,36,51.3,6.31,Pre-Statcast (2005–2014)
atchisc01,2013,136,28,45.3,5.56,Pre-Statcast (2005–2014)
atchisc01,2014,216,49,72,6.12,Pre-Statcast (2005–2014)
atilalu01,2010,257,40,85.7,4.2,Pre-Statcast (2005–2014)
avilalu01,2012,108,33,36,8.25,Pre-Statcast (2005–2014)
avilalu01,2013,195,38,65,5.26,Pre-Statcast (2005–2014)
avilalu01,2014,130,25,43.3,5.19,Pre-Statcast (2005–2014)
avilalu01,2015,160,49,53.3,8.27,Post-Statcast (2015–2025)
avilalu01,2017,138,52,46,10.17,Post-Statcast (2015–2025)
avilalu01,2018,136,51,45.3,10.12,Post-Statcast (2015–2025)
avilalu01,2019,96,30,32,8.44,Post-Statcast (2015–2025)
avilape01,2023,151,54,50.3,9.66,Post-Statcast (2015–2025)
avilape01,2024,248,82,82.7,8.93,Post-Statcast (2015–2025)
axelrdy01,2012,153,40,51,7.06,Pre-Statcast (2005–2014)
axelrdy01,2013,385,73,128.3,5.12,Pre-Statcast (2005–2014)
axforjo01,2010,174,76,58,11.79,Pre-Statcast (2005–2014)
axforjo01,2011,221,86,73.7,10.51,Pre-Statcast (2005–2014)
axforjo01,2012,208,93,69.3,12.07,Pre-Statcast (2005–2014)
axforjo01,2013,195,65,65,9,Pre-Statcast (2005–2014)
axforjo01,2014,164,63,54.7,10.37,Pre-Statcast (2005–2014)
axforjo01,2015,167,62,55.7,10.02,Post-Statcast (2015–2025)
axforjo01,2016,197,60,65.7,8.22,Post-Statcast (2015–2025)
axforjo01,2018,164,54,54.7,8.89,Post-Statcast (2015–2025)
ayalalu01,2005,213,40,71,5.07,Pre-Statcast (2005–2014)
ayalalu01,2007,127,28,42.3,5.95,Pre-Statcast (2005–2014)
ayalalu01,2008,227,50,75.7,5.95,Pre-Statcast (2005–2014)
ayalalu01,2009,120,28,40,6.3,Pre-Statcast (2005–2014)
ayalalu01,2011,168,39,56,6.27,Pre-Statcast (2005–2014)
ayalalu01,2012,225,51,75,6.12,Pre-Statcast (2005–2014)
ayalalu01,2013,99,22,33,6,Pre-Statcast (2005–2014)
bachala01,2025,213,75,71,9.51,Post-Statcast (2015–2025)
backebr01,2005,448,97,149.3,5.85,Pre-Statcast (2005–2014)
backebr01,2006,129,19,43,3.98,Pre-Statcast (2005–2014)
backebr01,2008,500,127,166.7,6.86,Pre-Statcast (2005–2014)
bacsimi02,2007,354,45,118,3.43,Pre-Statcast (2005–2014)
badenbu01,2008,142,35,47.3,6.65,Pre-Statcast (2005–2014)
badenbu01,2009,216,57,72,7.12,Pre-Statcast (2005–2014)
badenbu01,2010,203,47,67.7,6.25,Pre-Statcast (2005–2014)
badenbu01,2011,191,51,63.7,7.21,Pre-Statcast (2005–2014)
badenbu01,2012,187,42,62.3,6.06,Pre-Statcast (2005–2014)
badenbu01,2013,187,42,62.3,6.06,Pre-Statcast (2005–2014)
badenbu01,2014,212,40,70.7,5.09,Pre-Statcast (2005–2014)
badenbu01,2015,199,36,66.3,4.88,Post-Statcast (2015–2025)
baekch01,2006,103,23,34.3,6.03,Pre-Statcast (2005–2014)
baekch01,2007,220,49,73.3,6.01,Pre-Statcast (2005–2014)
baekch01,2008,423,92,141,5.87,Pre-Statcast (2005–2014)
baezda01,2005,217,51,72.3,6.35,Pre-Statcast (2005–2014)
baezda01,2006,179,39,59.7,5.88,Pre-Statcast (2005–2014)
baezda01,2007,151,29,50.3,5.19,Pre-Statcast (2005–2014)
baezda01,2009,215,40,71.7,5.02,Pre-Statcast (2005–2014)
baezda01,2010,143,28,47.7,5.29,Pre-Statcast (2005–2014)
baezda01,2011,108,18,36,4.5,Pre-Statcast (2005–2014)
baezpe01,2015,153,60,51,10.59,Post-Statcast (2015–2025)
baezpe01,2016,222,83,74,10.09,Post-Statcast (2015–2025)
baezpe01,2017,192,64,64,9,Post-Statcast (2015–2025)
baezpe01,2018,169,62,56.3,9.91,Post-Statcast (2015–2025)
baezpe01,2019,209,69,69.7,8.91,Post-Statcast (2015–2025)
bailean01,2009,250,91,83.3,9.83,Pre-Statcast (2005–2014)
bailean01,2010,147,42,49,7.71,Pre-Statcast (2005–2014)
bailean01,2011,125,41,41.7,8.86,Pre-Statcast (2005–2014)
bailean01,2016,131,41,43.7,8.45,Post-Statcast (2015–2025)
baileho02,2007,136,28,45.3,5.56,Pre-Statcast (2005–2014)
baileho02,2008,109,18,36.3,4.46,Pre-Statcast (2005–2014)
baileho02,2009,340,86,113.3,6.83,Pre-Statcast (2005–2014)
baileho02,2010,327,100,109,8.26,Pre-Statcast (2005–2014)
baileho02,2011,396,106,132,7.23,Pre-Statcast (2005–2014)
baileho02,2012,624,168,208,7.27,Pre-Statcast (2005–2014)
baileho02,2013,627,199,209,8.57,Pre-Statcast (2005–2014)
baileho02,2014,437,124,145.7,7.66,Pre-Statcast (2005–2014)
baileho02,2017,273,67,91,6.63,Post-Statcast (2015–2025)
baileho02,2018,319,75,106.3,6.35,Post-Statcast (2015–2025)
baileho02,2019,490,149,163.3,8.21,Post-Statcast (2015–2025)
bakerbr01,2022,209,76,69.7,9.82,Post-Statcast (2015–2025)
bakerbr01,2023,135,51,45,10.2,Post-Statcast (2015–2025)
bakerbr01,2025,206,83,68.7,10.88,Post-Statcast (2015–2025)
bakersc02,2005,161,32,53.7,5.37,Pre-Statcast (2005–2014)
bakersc02,2006,250,62,83.3,6.7,Pre-Statcast (2005–2014)
bakersc02,2007,431,102,143.7,6.39,Pre-Statcast (2005–2014)
bakersc02,2008,517,141,172.3,7.36,Pre-Statcast (2005–2014)
bakersc02,2009,600,162,200,7.29,Pre-Statcast (2005–2014)
bakersc02,2010,511,148,170.3,7.82,Pre-Statcast (2005–2014)
bakersc02,2011,404,123,134.7,8.22,Pre-Statcast (2005–2014)
bakersc02,2014,242,55,80.7,6.14,Pre-Statcast (2005–2014)
baldwja01,2005,170,29,56.7,4.61,Pre-Statcast (2005–2014)
balejo01,2007,120,42,40,9.45,Pre-Statcast (2005–2014)
balesco01,2008,240,50,80,5.62,Pre-Statcast (2005–2014)
balesco01,2009,91,20,30.3,5.93,Pre-Statcast (2005–2014)
balesco01,2011,107,34,35.7,8.58,Pre-Statcast (2005–2014)
balfogr01,2008,175,82,58.3,12.65,Pre-Statcast (2005–2014)
balfogr01,2009,202,69,67.3,9.22,Pre-Statcast (2005–2014)
balfogr01,2010,166,56,55.3,9.11,Pre-Statcast (2005–2014)
balfogr01,2011,186,59,62,8.56,Pre-Statcast (2005–2014)
balfogr01,2012,224,72,74.7,8.68,Pre-Statcast (2005–2014)
balfogr01,2013,188,72,62.7,10.34,Pre-Statcast (2005–2014)
balfogr01,2014,187,57,62.3,8.23,Pre-Statcast (2005–2014)
bandaan01,2021,101,32,33.7,8.55,Post-Statcast (2015–2025)
bandaan01,2024,149,50,49.7,9.06,Post-Statcast (2015–2025)
bandaan01,2025,195,61,65,8.45,Post-Statcast (2015–2025)
banksjo01,2008,256,43,85.3,4.54,Pre-Statcast (2005–2014)
banksta01,2022,159,49,53,8.32,Post-Statcast (2015–2025)
banksta01,2023,183,51,61,7.52,Post-Statcast (2015–2025)
banksta01,2024,217,78,72.3,9.71,Post-Statcast (2015–2025)
banksta01,2025,202,61,67.3,8.15,Post-Statcast (2015–2025)
bannibr01,2006,114,19,38,4.5,Pre-Statcast (2005–2014)
bannibr01,2007,495,77,165,4.2,Pre-Statcast (2005–2014)
bannibr01,2008,548,113,182.7,5.57,Pre-Statcast (2005–2014)
bannibr01,2009,462,98,154,5.73,Pre-Statcast (2005–2014)
bannibr01,2010,383,77,127.7,5.43,Pre-Statcast (2005–2014)
banuema01,2019,152,44,50.7,7.82,Post-Statcast (2015–2025)
banuema01,2022,123,42,41,9.22,Post-Statcast (2015–2025)
bardda01,2009,148,63,49.3,11.49,Pre-Statcast (2005–2014)
bardda01,2010,224,76,74.7,9.16,Pre-Statcast (2005–2014)
bardda01,2011,219,74,73,9.12,Pre-Statcast (2005–2014)
bardda01,2012,178,38,59.3,5.76,Pre-Statcast (2005–2014)
bardda01,2021,197,80,65.7,10.96,Post-Statcast (2015–2025)
bardda01,2022,181,69,60.3,10.29,Post-Statcast (2015–2025)
bardda01,2023,148,47,49.3,8.57,Post-Statcast (2015–2025)
bardlu01,2019,147,40,49,7.35,Post-Statcast (2015–2025)
barlojo01,2022,105,28,35,7.2,Post-Statcast (2015–2025)
barlosc01,2019,211,92,70.3,11.77,Post-Statcast (2015–2025)
barlosc01,2020,90,39,30,11.7,Post-Statcast (2015–2025)
barlosc01,2021,223,91,74.3,11.02,Post-Statcast (2015–2025)
barlosc01,2022,223,77,74.3,9.32,Post-Statcast (2015–2025)
barlosc01,2023,204,79,68,10.46,Post-Statcast (2015–2025)
barlosc01,2024,165,68,55,11.13,Post-Statcast (2015–2025)
barlosc01,2025,205,75,68.3,9.88,Post-Statcast (2015–2025)
barnech01,2021,114,20,38,4.74,Post-Statcast (2015–2025)
barneda02,2017,198,62,66,8.45,Post-Statcast (2015–2025)
barneda02,2018,123,38,41,8.34,Post-Statcast (2015–2025)
barneja01,2017,216,80,72,10,Post-Statcast (2015–2025)
barneja01,2018,146,47,48.7,8.69,Post-Statcast (2015–2025)
barneja01,2019,98,32,32.7,8.82,Post-Statcast (2015–2025)
barneja01,2024,198,55,66,7.5,Post-Statcast (2015–2025)
barnema01,2015,129,39,43,8.16,Post-Statcast (2015–2025)
barnema01,2016,200,71,66.7,9.58,Post-Statcast (2015–2025)
barnema01,2017,209,83,69.7,10.72,Post-Statcast (2015–2025)
barnema01,2018,185,96,61.7,14.01,Post-Statcast (2015–2025)
barnema01,2019,193,110,64.3,15.39,Post-Statcast (2015–2025)
barnema01,2021,164,84,54.7,13.83,Post-Statcast (2015–2025)
barnema01,2022,119,34,39.7,7.71,Post-Statcast (2015–2025)
barneto01,2016,181,49,60.3,7.31,Post-Statcast (2015–2025)
barneto01,2017,172,57,57.3,8.95,Post-Statcast (2015–2025)
baronda01,2007,123,18,41,3.95,Pre-Statcast (2005–2014)
barraky01,2016,218,113,72.7,14,Post-Statcast (2015–2025)
barraky01,2017,198,76,66,10.36,Post-Statcast (2015–2025)
barraky01,2018,167,60,55.7,9.7,Post-Statcast (2015–2025)
barraky01,2019,101,40,33.7,10.69,Post-Statcast (2015–2025)
barreaa01,2014,122,49,40.7,10.84,Pre-Statcast (2005–2014)
barreja01,2016,178,56,59.3,8.49,Post-Statcast (2015–2025)
barrija01,2018,388,98,129.3,6.82,Post-Statcast (2015–2025)
barrija01,2019,248,75,82.7,8.17,Post-Statcast (2015–2025)
barrija01,2020,97,27,32.3,7.52,Post-Statcast (2015–2025)
barrija01,2021,170,35,56.7,5.56,Post-Statcast (2015–2025)
barrija01,2022,238,54,79.3,6.13,Post-Statcast (2015–2025)
barrija01,2023,247,62,82.3,6.78,Post-Statcast (2015–2025)
bashlty01,2018,96,25,32,7.03,Post-Statcast (2015–2025)
bassan01,2011,145,24,48.3,4.47,Pre-Statcast (2005–2014)
bassan01,2012,291,80,97,7.42,Pre-Statcast (2005–2014)
bassan01,2013,126,31,42,6.64,Pre-Statcast (2005–2014)
bassan01,2015,192,45,64,6.33,Post-Statcast (2015–2025)
bassan01,2019,144,43,48,8.06,Post-Statcast (2015–2025)
bassan01,2021,184,58,61.3,8.51,Post-Statcast (2015–2025)
bassan01,2022,211,73,70.3,9.34,Post-Statcast (2015–2025)
bassbr01,2008,268,45,89.3,4.53,Pre-Statcast (2005–2014)
bassbr01,2009,259,54,86.3,5.63,Pre-Statcast (2005–2014)
bassich01,2015,258,64,86,6.7,Post-Statcast (2015–2025)
bassich01,2018,143,41,47.7,7.74,Post-Statcast (2015–2025)
bassich01,2019,432,141,144,8.81,Post-Statcast (2015–2025)
bassich01,2020,189,55,63,7.86,Post-Statcast (2015–2025)
bassich01,2021,472,159,157.3,9.1,Post-Statcast (2015–2025)
bassich01,2022,545,167,181.7,8.27,Post-Statcast (2015–2025)
bassich01,2023,600,186,200,8.37,Post-Statcast (2015–2025)
bassich01,2024,513,168,171,8.84,Post-Statcast (2015–2025)
bassich01,2025,511,166,170.3,8.77,Post-Statcast (2015–2025)
bastaan01,2011,174,70,58,10.86,Pre-Statcast (2005–2014)
bastaan01,2012,156,81,52,14.02,Pre-Statcast (2005–2014)
bastaan01,2013,128,47,42.7,9.91,Pre-Statcast (2005–2014)
bastaan01,2014,192,81,64,11.39,Pre-Statcast (2005–2014)
bastaan01,2015,172,64,57.3,10.05,Post-Statcast (2015–2025)
bastaan01,2016,203,74,67.7,9.84,Post-Statcast (2015–2025)
batismi01,2005,224,54,74.7,6.51,Pre-Statcast (2005–2014)
batismi01,2006,619,110,206.3,4.8,Pre-Statcast (2005–2014)
batismi01,2007,579,133,193,6.2,Pre-Statcast (2005–2014)
batismi01,2008,345,73,115,5.71,Pre-Statcast (2005–2014)
batismi01,2009,214,52,71.3,6.56,Pre-Statcast (2005–2014)
batismi01,2010,248,55,82.7,5.99,Pre-Statcast (2005–2014)
batismi01,2011,180,31,60,4.65,Pre-Statcast (2005–2014)
batismi01,2012,158,36,52.7,6.15,Pre-Statcast (2005–2014)
battepe01,2023,104,27,34.7,7.01,Post-Statcast (2015–2025)
bauerri01,2006,213,35,71,4.44,Pre-Statcast (2005–2014)
bauertr01,2014,459,143,153,8.41,Pre-Statcast (2005–2014)
bauertr01,2015,528,170,176,8.69,Post-Statcast (2015–2025)
bauertr01,2016,570,168,190,7.96,Post-Statcast (2015–2025)
bauertr01,2017,529,196,176.3,10,Post-Statcast (2015–2025)
bauertr01,2018,526,221,175.3,11.34,Post-Statcast (2015–2025)
bauertr01,2019,639,253,213,10.69,Post-Statcast (2015–2025)
bauertr01,2020,219,100,73,12.33,Post-Statcast (2015–2025)
bauertr01,2021,323,137,107.7,11.45,Post-Statcast (2015–2025)
baumami01,2022,103,23,34.3,6.03,Post-Statcast (2015–2025)
baumami01,2023,194,61,64.7,8.49,Post-Statcast (2015–2025)
baumami01,2024,175,58,58.3,8.95,Post-Statcast (2015–2025)
bautide01,2005,107,23,35.7,5.8,Pre-Statcast (2005–2014)
bautide01,2006,125,27,41.7,5.83,Pre-Statcast (2005–2014)
bautide01,2008,181,44,60.3,6.56,Pre-Statcast (2005–2014)
bautide01,2010,101,44,33.7,11.76,Pre-Statcast (2005–2014)
bautife01,2022,197,88,65.7,12.06,Post-Statcast (2015–2025)
bautife01,2023,183,110,61,16.23,Post-Statcast (2015–2025)
bautife01,2025,104,50,34.7,12.98,Post-Statcast (2015–2025)
baylijo01,2007,113,29,37.7,6.93,Pre-Statcast (2005–2014)
bazared01,2025,236,82,78.7,9.38,Post-Statcast (2015–2025)
bazaryo01,2009,96,17,32,4.78,Pre-Statcast (2005–2014)
bazsh01,2024,238,69,79.3,7.83,Post-Statcast (2015–2025)
bazsh01,2025,499,176,166.3,9.52,Post-Statcast (2015–2025)
beachbr01,2011,425,169,141.7,10.74,Pre-Statcast (2005–2014)
beachbr01,2012,243,68,81,7.56,Pre-Statcast (2005–2014)
beachbr01,2013,90,23,30,6.9,Pre-Statcast (2005–2014)
beamtj01,2008,137,24,45.7,4.73,Pre-Statcast (2005–2014)
beatope01,2011,201,39,67,5.24,Pre-Statcast (2005–2014)
beavabl01,2011,291,42,97,3.9,Pre-Statcast (2005–2014)
beavabl01,2012,457,67,152.3,3.96,Pre-Statcast (2005–2014)
beavabl01,2013,119,27,39.7,6.13,Pre-Statcast (2005–2014)
beckch02,2017,194,42,64.7,5.85,Post-Statcast (2015–2025)
beckch02,2018,102,21,34,5.56,Post-Statcast (2015–2025)
beckejo02,2005,536,166,178.7,8.36,Pre-Statcast (2005–2014)
beckejo02,2006,614,158,204.7,6.95,Pre-Statcast (2005–2014)
beckejo02,2007,602,194,200.7,8.7,Pre-Statcast (2005–2014)
beckejo02,2008,523,172,174.3,8.88,Pre-Statcast (2005–2014)
beckejo02,2009,637,199,212.3,8.43,Pre-Statcast (2005–2014)
beckejo02,2010,383,116,127.7,8.18,Pre-Statcast (2005–2014)
beckejo02,2011,579,175,193,8.16,Pre-Statcast (2005–2014)
beckejo02,2012,511,132,170.3,6.97,Pre-Statcast (2005–2014)
beckejo02,2013,130,41,43.3,8.52,Pre-Statcast (2005–2014)
beckejo02,2014,347,107,115.7,8.33,Pre-Statcast (2005–2014)
becktr01,2023,255,68,85,7.2,Post-Statcast (2015–2025)
becktr01,2025,170,41,56.7,6.51,Post-Statcast (2015–2025)
bedarer01,2005,425,125,141.7,7.94,Pre-Statcast (2005–2014)
bedarer01,2006,589,171,196.3,7.84,Pre-Statcast (2005–2014)
bedarer01,2007,546,221,182,10.93,Pre-Statcast (2005–2014)
bedarer01,2008,243,72,81,8,Pre-Statcast (2005–2014)
bedarer01,2009,249,90,83,9.76,Pre-Statcast (2005–2014)
bedarer01,2011,388,125,129.3,8.7,Pre-Statcast (2005–2014)
bedarer01,2012,377,118,125.7,8.45,Pre-Statcast (2005–2014)
bedarer01,2013,453,138,151,8.23,Pre-Statcast (2005–2014)
bedarer01,2014,227,64,75.7,7.61,Pre-Statcast (2005–2014)
bednada01,2021,182,77,60.7,11.42,Post-Statcast (2015–2025)
bednada01,2022,155,69,51.7,12.02,Post-Statcast (2015–2025)
bednada01,2023,202,80,67.3,10.69,Post-Statcast (2015–2025)
bednada01,2024,173,58,57.7,9.05,Post-Statcast (2015–2025)
bednada01,2025,188,86,62.7,12.35,Post-Statcast (2015–2025)
bedroca01,2015,100,34,33.3,9.18,Post-Statcast (2015–2025)
bedroca01,2016,121,51,40.3,11.38,Post-Statcast (2015–2025)
bedroca01,2017,134,53,44.7,10.68,Post-Statcast (2015–2025)
bedroca01,2018,192,57,64,8.02,Post-Statcast (2015–2025)
bedroca01,2019,184,64,61.3,9.39,Post-Statcast (2015–2025)
beedety01,2019,351,113,117,8.69,Post-Statcast (2015–2025)
beedety01,2022,184,39,61.3,5.72,Post-Statcast (2015–2025)
beeksja01,2018,152,42,50.7,7.46,Post-Statcast (2015–2025)
beeksja01,2019,313,89,104.3,7.68,Post-Statcast (2015–2025)
beeksja01,2022,183,70,61,10.33,Post-Statcast (2015–2025)
beeksja01,2023,127,47,42.3,9.99,Post-Statcast (2015–2025)
beeksja01,2024,210,55,70,7.07,Post-Statcast (2015–2025)
beeksja01,2025,172,47,57.3,7.38,Post-Statcast (2015–2025)
beimejo01,2006,210,30,70,3.86,Pre-Statcast (2005–2014)
beimejo01,2007,202,39,67.3,5.21,Pre-Statcast (2005–2014)
beimejo01,2008,147,32,49,5.88,Pre-Statcast (2005–2014)
beimejo01,2009,166,35,55.3,5.69,Pre-Statcast (2005–2014)
beimejo01,2010,135,21,45,4.2,Pre-Statcast (2005–2014)
beimejo01,2014,135,25,45,5,Pre-Statcast (2005–2014)
beimejo01,2015,142,22,47.3,4.18,Post-Statcast (2015–2025)
belisma01,2005,257,59,85.7,6.2,Pre-Statcast (2005–2014)
belisma01,2006,120,26,40,5.85,Pre-Statcast (2005–2014)
belisma01,2007,533,125,177.7,6.33,Pre-Statcast (2005–2014)
belisma01,2009,93,22,31,6.39,Pre-Statcast (2005–2014)
belisma01,2010,276,91,92,8.9,Pre-Statcast (2005–2014)
belisma01,2011,216,58,72,7.25,Pre-Statcast (2005–2014)
belisma01,2012,240,69,80,7.76,Pre-Statcast (2005–2014)
belisma01,2013,219,62,73,7.64,Pre-Statcast (2005–2014)
belisma01,2014,194,43,64.7,5.98,Pre-Statcast (2005–2014)
belisma01,2015,101,25,33.7,6.68,Post-Statcast (2015–2025)
belisma01,2016,138,32,46,6.26,Post-Statcast (2015–2025)
belisma01,2017,181,54,60.3,8.06,Post-Statcast (2015–2025)
belisma01,2018,103,25,34.3,6.55,Post-Statcast (2015–2025)
belisro01,2009,212,64,70.7,8.15,Pre-Statcast (2005–2014)
belisro01,2010,166,38,55.3,6.18,Pre-Statcast (2005–2014)
belisro01,2012,213,69,71,8.75,Pre-Statcast (2005–2014)
belisro01,2013,204,49,68,6.49,Pre-Statcast (2005–2014)
belisro01,2014,199,47,66.3,6.38,Pre-Statcast (2005–2014)
bellaan01,2022,163,78,54.3,12.92,Post-Statcast (2015–2025)
bellch02,2017,187,57,62.3,8.23,Post-Statcast (2015–2025)
bellhe01,2005,140,43,46.7,8.29,Pre-Statcast (2005–2014)
bellhe01,2006,111,35,37,8.51,Pre-Statcast (2005–2014)
bellhe01,2007,281,102,93.7,9.8,Pre-Statcast (2005–2014)
bellhe01,2008,234,71,78,8.19,Pre-Statcast (2005–2014)
bellhe01,2009,209,79,69.7,10.21,Pre-Statcast (2005–2014)
bellhe01,2010,210,86,70,11.06,Pre-Statcast (2005–2014)
bellhe01,2011,188,51,62.7,7.32,Pre-Statcast (2005–2014)
bellhe01,2012,191,59,63.7,8.34,Pre-Statcast (2005–2014)
bellhe01,2013,197,72,65.7,9.87,Pre-Statcast (2005–2014)
bellobr01,2022,172,55,57.3,8.63,Post-Statcast (2015–2025)
bellobr01,2023,471,132,157,7.57,Post-Statcast (2015–2025)
bellobr01,2024,487,153,162.3,8.48,Post-Statcast (2015–2025)
bellobr01,2025,500,124,166.7,6.7,Post-Statcast (2015–2025)
bellova01,2024,206,44,68.7,5.77,Post-Statcast (2015–2025)
bellova01,2025,244,54,81.3,5.98,Post-Statcast (2015–2025)
bellro01,2007,159,28,53,4.75,Pre-Statcast (2005–2014)
belltr01,2010,183,45,61,6.64,Pre-Statcast (2005–2014)
belltr01,2011,103,17,34.3,4.46,Pre-Statcast (2005–2014)
belowdu01,2012,139,29,46.3,5.63,Pre-Statcast (2005–2014)
bendean01,2021,184,71,61.3,10.42,Post-Statcast (2015–2025)
bendean01,2024,159,59,53,10.02,Post-Statcast (2015–2025)
bendean01,2025,150,42,50,7.56,Post-Statcast (2015–2025)
benitar01,2005,90,23,30,6.9,Pre-Statcast (2005–2014)
benitar01,2006,115,31,38.3,7.28,Pre-Statcast (2005–2014)
benitar01,2007,151,57,50.3,10.19,Pre-Statcast (2005–2014)
benneje01,2008,292,68,97.3,6.29,Pre-Statcast (2005–2014)
benneje01,2009,140,27,46.7,5.21,Pre-Statcast (2005–2014)
benoijo01,2005,261,78,87,8.07,Pre-Statcast (2005–2014)
benoijo01,2006,239,85,79.7,9.6,Pre-Statcast (2005–2014)
benoijo01,2007,246,87,82,9.55,Pre-Statcast (2005–2014)
benoijo01,2008,135,43,45,8.6,Pre-Statcast (2005–2014)
benoijo01,2010,181,75,60.3,11.19,Pre-Statcast (2005–2014)
benoijo01,2011,183,63,61,9.3,Pre-Statcast (2005–2014)
benoijo01,2012,213,84,71,10.65,Pre-Statcast (2005–2014)
benoijo01,2013,201,73,67,9.81,Pre-Statcast (2005–2014)
benoijo01,2014,163,64,54.3,10.6,Pre-Statcast (2005–2014)
benoijo01,2015,196,63,65.3,8.68,Post-Statcast (2015–2025)
benoijo01,2016,144,52,48,9.75,Post-Statcast (2015–2025)
benoijo01,2017,151,46,50.3,8.23,Post-Statcast (2015–2025)
bensokr01,2005,523,95,174.3,4.9,Pre-Statcast (2005–2014)
bensokr01,2006,549,88,183,4.33,Pre-Statcast (2005–2014)
bergebr02,2009,370,65,123.3,4.74,Pre-Statcast (2005–2014)
bergebr02,2010,510,81,170,4.29,Pre-Statcast (2005–2014)
bergebr02,2011,303,61,101,5.44,Pre-Statcast (2005–2014)
bergery01,2025,229,73,76.3,8.61,Post-Statcast (2015–2025)
bergju01,2010,120,14,40,3.15,Pre-Statcast (2005–2014)
bergmch01,2014,164,31,54.7,5.1,Pre-Statcast (2005–2014)
bergmch01,2015,205,37,68.3,4.87,Post-Statcast (2015–2025)
bergmch01,2017,162,33,54,5.5,Post-Statcast (2015–2025)
bergmja01,2006,194,54,64.7,7.52,Pre-Statcast (2005–2014)
bergmja01,2007,346,86,115.3,6.71,Pre-Statcast (2005–2014)
bergmja01,2008,419,96,139.7,6.19,Pre-Statcast (2005–2014)
bergmja01,2009,144,40,48,7.5,Pre-Statcast (2005–2014)
berkeja01,2009,359,66,119.7,4.96,Pre-Statcast (2005–2014)
berkeja01,2010,187,45,62.3,6.5,Pre-Statcast (2005–2014)
berkeja01,2011,141,41,47,7.85,Pre-Statcast (2005–2014)
bernabr01,2023,152,58,50.7,10.3,Post-Statcast (2015–2025)
bernabr01,2024,153,56,51,9.88,Post-Statcast (2015–2025)
bernabr01,2025,155,43,51.7,7.49,Post-Statcast (2015–2025)
bernead01,2005,141,37,47,7.09,Pre-Statcast (2005–2014)
berrijo01,2016,175,49,58.3,7.56,Post-Statcast (2015–2025)
berrijo01,2017,437,139,145.7,8.59,Post-Statcast (2015–2025)
berrijo01,2018,577,202,192.3,9.45,Post-Statcast (2015–2025)
berrijo01,2019,601,195,200.3,8.76,Post-Statcast (2015–2025)
berrijo01,2020,189,68,63,9.71,Post-Statcast (2015–2025)
berrijo01,2021,576,204,192,9.56,Post-Statcast (2015–2025)
berrijo01,2022,516,149,172,7.8,Post-Statcast (2015–2025)
berrijo01,2023,569,184,189.7,8.73,Post-Statcast (2015–2025)
berrijo01,2024,577,153,192.3,7.16,Post-Statcast (2015–2025)
berrijo01,2025,498,138,166,7.48,Post-Statcast (2015–2025)
betande01,2014,270,135,90,13.5,Pre-Statcast (2005–2014)
betande01,2015,252,131,84,14.04,Post-Statcast (2015–2025)
betande01,2016,219,126,73,15.53,Post-Statcast (2015–2025)
betande01,2017,179,100,59.7,15.08,Post-Statcast (2015–2025)
betande01,2018,200,115,66.7,15.52,Post-Statcast (2015–2025)
betanra01,2005,203,73,67.7,9.71,Pre-Statcast (2005–2014)
betanra01,2006,170,48,56.7,7.62,Pre-Statcast (2005–2014)
betanra01,2007,238,80,79.3,9.08,Pre-Statcast (2005–2014)
betanra01,2008,213,64,71,8.11,Pre-Statcast (2005–2014)
betanra01,2009,168,61,56,9.8,Pre-Statcast (2005–2014)
betanra01,2010,187,89,62.3,12.85,Pre-Statcast (2005–2014)
betanra01,2011,187,73,62.3,10.54,Pre-Statcast (2005–2014)
betanra01,2012,173,57,57.7,8.9,Pre-Statcast (2005–2014)
betanra01,2015,118,40,39.3,9.15,Post-Statcast (2015–2025)
bettich01,2013,134,30,44.7,6.04,Pre-Statcast (2005–2014)
bettich01,2015,345,98,115,7.67,Post-Statcast (2015–2025)
bettich01,2016,558,138,186,6.68,Post-Statcast (2015–2025)
bettich01,2017,139,30,46.3,5.83,Post-Statcast (2015–2025)
bettich01,2018,361,80,120.3,5.98,Post-Statcast (2015–2025)
bettich01,2019,191,42,63.7,5.94,Post-Statcast (2015–2025)
biagijo01,2016,203,62,67.7,8.25,Post-Statcast (2015–2025)
biagijo01,2017,359,97,119.7,7.3,Post-Statcast (2015–2025)
biagijo01,2018,216,53,72,6.62,Post-Statcast (2015–2025)
biagijo01,2019,194,60,64.7,8.35,Post-Statcast (2015–2025)
bibeeta01,2023,426,141,142,8.94,Post-Statcast (2015–2025)
bibeeta01,2024,521,187,173.7,9.69,Post-Statcast (2015–2025)
bibeeta01,2025,547,162,182.3,8,Post-Statcast (2015–2025)
bibenau01,2017,208,38,69.3,4.93,Post-Statcast (2015–2025)
bibenau01,2018,135,33,45,6.6,Post-Statcast (2015–2025)
bickfph01,2021,154,59,51.3,10.34,Post-Statcast (2015–2025)
bickfph01,2022,183,67,61,9.89,Post-Statcast (2015–2025)
bickfph01,2023,202,76,67.3,10.16,Post-Statcast (2015–2025)
biddlje01,2018,191,67,63.7,9.47,Post-Statcast (2015–2025)
bidoos01,2023,152,48,50.7,8.53,Post-Statcast (2015–2025)
bidoos01,2024,190,63,63.3,8.95,Post-Statcast (2015–2025)
bidoos01,2025,239,68,79.7,7.68,Post-Statcast (2015–2025)
biebesh01,2018,344,118,114.7,9.26,Post-Statcast (2015–2025)
biebesh01,2019,643,259,214.3,10.88,Post-Statcast (2015–2025)
biebesh01,2020,232,122,77.3,14.2,Post-Statcast (2015–2025)
biebesh01,2021,290,134,96.7,12.48,Post-Statcast (2015–2025)
biebesh01,2022,600,198,200,8.91,Post-Statcast (2015–2025)
biebesh01,2023,384,107,128,7.52,Post-Statcast (2015–2025)
biebesh01,2025,121,37,40.3,8.26,Post-Statcast (2015–2025)
bielabr01,2020,96,26,32,7.31,Post-Statcast (2015–2025)
bielabr01,2021,150,46,50,8.28,Post-Statcast (2015–2025)
bielabr01,2023,240,62,80,6.98,Post-Statcast (2015–2025)
bierdra01,2008,110,25,36.7,6.14,Pre-Statcast (2005–2014)
billich01,2006,270,59,90,5.9,Pre-Statcast (2005–2014)
billich01,2007,441,141,147,8.63,Pre-Statcast (2005–2014)
billich01,2008,602,201,200.7,9.01,Pre-Statcast (2005–2014)
billich01,2009,589,179,196.3,8.21,Pre-Statcast (2005–2014)
billich01,2010,575,171,191.7,8.03,Pre-Statcast (2005–2014)
billich01,2011,564,152,188,7.28,Pre-Statcast (2005–2014)
billich01,2012,449,128,149.7,7.7,Pre-Statcast (2005–2014)
billich01,2015,111,15,37,3.65,Post-Statcast (2015–2025)
birdja01,2022,143,42,47.7,7.93,Post-Statcast (2015–2025)
birdja01,2023,268,77,89.3,7.76,Post-Statcast (2015–2025)
birdja01,2024,120,31,40,6.98,Post-Statcast (2015–2025)
birdja01,2025,166,66,55.3,10.73,Post-Statcast (2015–2025)
birdsha01,2024,216,88,72,11,Post-Statcast (2015–2025)
birdsha01,2025,197,68,65.7,9.32,Post-Statcast (2015–2025)
birkiku01,2006,93,27,31,7.84,Pre-Statcast (2005–2014)
birkiku01,2007,103,30,34.3,7.86,Pre-Statcast (2005–2014)
bivensp01,2024,146,37,48.7,6.84,Post-Statcast (2015–2025)
bivensp01,2025,243,61,81,6.78,Post-Statcast (2015–2025)
blachty01,2017,491,73,163.7,4.01,Post-Statcast (2015–2025)
blachty01,2018,356,75,118.7,5.69,Post-Statcast (2015–2025)
blachty01,2022,133,29,44.3,5.89,Post-Statcast (2015–2025)
blachty01,2023,234,50,78,5.77,Post-Statcast (2015–2025)
blachty01,2024,214,36,71.3,4.54,Post-Statcast (2015–2025)
blackma01,2024,109,31,36.3,7.68,Post-Statcast (2015–2025)
blackni01,2008,580,96,193.3,4.47,Pre-Statcast (2005–2014)
blackni01,2009,617,98,205.7,4.29,Pre-Statcast (2005–2014)
blackni01,2010,483,68,161,3.8,Pre-Statcast (2005–2014)
blackni01,2011,445,76,148.3,4.61,Pre-Statcast (2005–2014)
blackni01,2012,296,42,98.7,3.83,Pre-Statcast (2005–2014)
blackpa01,2017,176,22,58.7,3.38,Post-Statcast (2015–2025)
blackpa01,2021,115,26,38.3,6.1,Post-Statcast (2015–2025)
blackpa01,2022,334,89,111.3,7.19,Post-Statcast (2015–2025)
blackpa01,2023,311,104,103.7,9.03,Post-Statcast (2015–2025)
blackpa01,2024,226,59,75.3,7.05,Post-Statcast (2015–2025)
blackpa01,2025,117,34,39,7.85,Post-Statcast (2015–2025)
blacktr01,2012,323,71,107.7,5.93,Pre-Statcast (2005–2014)
blacktr01,2013,151,40,50.3,7.15,Pre-Statcast (2005–2014)
blackvi01,2014,104,32,34.7,8.31,Pre-Statcast (2005–2014)
blairaa01,2016,210,46,70,5.91,Post-Statcast (2015–2025)
blalobr01,2024,92,20,30.7,5.87,Post-Statcast (2015–2025)
blalobr01,2025,176,27,58.7,4.14,Post-Statcast (2015–2025)
blancro01,2023,156,52,52,9,Post-Statcast (2015–2025)
blancro01,2024,502,166,167.3,8.93,Post-Statcast (2015–2025)
blancro01,2025,145,48,48.3,8.94,Post-Statcast (2015–2025)
blantjo01,2005,604,116,201.3,5.19,Pre-Statcast (2005–2014)
blantjo01,2006,583,107,194.3,4.96,Pre-Statcast (2005–2014)
blantjo01,2007,690,140,230,5.48,Pre-Statcast (2005–2014)
blantjo01,2008,593,111,197.7,5.05,Pre-Statcast (2005–2014)
blantjo01,2009,586,163,195.3,7.51,Pre-Statcast (2005–2014)
blantjo01,2010,527,134,175.7,6.87,Pre-Statcast (2005–2014)
blantjo01,2011,124,35,41.3,7.62,Pre-Statcast (2005–2014)
blantjo01,2012,573,166,191,7.82,Pre-Statcast (2005–2014)
blantjo01,2013,398,108,132.7,7.33,Pre-Statcast (2005–2014)
blantjo01,2015,228,79,76,9.36,Post-Statcast (2015–2025)
blantjo01,2016,240,80,80,9,Post-Statcast (2015–2025)
blantjo01,2017,133,39,44.3,7.92,Post-Statcast (2015–2025)
blazemi01,2015,167,47,55.7,7.6,Post-Statcast (2015–2025)
blazemi01,2016,124,36,41.3,7.84,Post-Statcast (2015–2025)
bleieri01,2017,190,26,63.3,3.69,Post-Statcast (2015–2025)
bleieri01,2018,98,15,32.7,4.13,Post-Statcast (2015–2025)
bleieri01,2019,166,30,55.3,4.88,Post-Statcast (2015–2025)
bleieri01,2021,174,44,58,6.83,Post-Statcast (2015–2025)
bleieri01,2022,152,32,50.7,5.68,Post-Statcast (2015–2025)
bleieri01,2023,92,16,30.7,4.7,Post-Statcast (2015–2025)
blevije01,2008,113,35,37.7,8.36,Pre-Statcast (2005–2014)
blevije01,2010,146,46,48.7,8.51,Pre-Statcast (2005–2014)
blevije01,2012,196,54,65.3,7.44,Pre-Statcast (2005–2014)
blevije01,2013,180,52,60,7.8,Pre-Statcast (2005–2014)
blevije01,2014,172,66,57.3,10.36,Pre-Statcast (2005–2014)
blevije01,2016,126,52,42,11.14,Post-Statcast (2015–2025)
blevije01,2017,147,69,49,12.67,Post-Statcast (2015–2025)
blevije01,2018,128,41,42.7,8.65,Post-Statcast (2015–2025)
blevije01,2019,97,37,32.3,10.3,Post-Statcast (2015–2025)
blewesc01,2025,133,35,44.3,7.11,Post-Statcast (2015–2025)
blubaaj01,2025,96,35,32,9.84,Post-Statcast (2015–2025)
boggsmi01,2008,102,13,34,3.44,Pre-Statcast (2005–2014)
boggsmi01,2009,174,46,58,7.14,Pre-Statcast (2005–2014)
boggsmi01,2010,202,52,67.3,6.95,Pre-Statcast (2005–2014)
boggsmi01,2011,182,48,60.7,7.12,Pre-Statcast (2005–2014)
boggsmi01,2012,220,58,73.3,7.12,Pre-Statcast (2005–2014)
bolsimi01,2014,157,48,52.3,8.25,Pre-Statcast (2005–2014)
bolsimi01,2015,328,98,109.3,8.07,Post-Statcast (2015–2025)
bolsimi01,2017,124,39,41.3,8.49,Post-Statcast (2015–2025)
bondeje01,2005,567,145,189,6.9,Pre-Statcast (2005–2014)
bondeje01,2006,642,202,214,8.5,Pre-Statcast (2005–2014)
bondeje01,2007,523,145,174.3,7.49,Pre-Statcast (2005–2014)
bondeje01,2008,214,44,71.3,5.55,Pre-Statcast (2005–2014)
bondeje01,2010,513,112,171,5.89,Pre-Statcast (2005–2014)
bondeje01,2013,165,32,55,5.24,Pre-Statcast (2005–2014)
bonilli01,2017,110,28,36.7,6.87,Post-Statcast (2015–2025)
bonined01,2009,103,19,34.3,4.98,Pre-Statcast (2005–2014)
bonined01,2010,204,26,68,3.44,Pre-Statcast (2005–2014)
bonsebo01,2006,301,84,100.3,7.53,Pre-Statcast (2005–2014)
bonsebo01,2007,519,136,173,7.08,Pre-Statcast (2005–2014)
bonsebo01,2008,355,97,118.3,7.38,Pre-Statcast (2005–2014)
booseca01,2024,128,43,42.7,9.07,Post-Statcast (2015–2025)
booseca01,2025,93,35,31,10.16,Post-Statcast (2015–2025)
bootcch01,2007,232,56,77.3,6.52,Pre-Statcast (2005–2014)
borkoda01,2006,213,52,71,6.59,Pre-Statcast (2005–2014)
borkoda01,2007,215,63,71.7,7.91,Pre-Statcast (2005–2014)
borkoda01,2008,108,24,36,6,Pre-Statcast (2005–2014)
borowjo01,2005,139,27,46.3,5.24,Pre-Statcast (2005–2014)
borowjo01,2006,209,64,69.7,8.27,Pre-Statcast (2005–2014)
borowjo01,2007,197,58,65.7,7.95,Pre-Statcast (2005–2014)
borucry01,2018,293,67,97.7,6.17,Post-Statcast (2015–2025)
borucry01,2023,121,33,40.3,7.36,Post-Statcast (2015–2025)
borucry01,2025,105,32,35,8.23,Post-Statcast (2015–2025)
boshebu01,2016,108,37,36,9.25,Post-Statcast (2015–2025)
boshebu01,2017,105,28,35,7.2,Post-Statcast (2015–2025)
bottari01,2005,125,29,41.7,6.26,Pre-Statcast (2005–2014)
boushca01,2025,130,41,43.3,8.52,Post-Statcast (2015–2025)
bowdebe01,2021,107,42,35.7,10.6,Post-Statcast (2015–2025)
bowdemi01,2012,119,32,39.7,7.26,Pre-Statcast (2005–2014)
bowdemi01,2013,113,23,37.7,5.5,Pre-Statcast (2005–2014)
bowiemi01,2007,172,42,57.3,6.59,Pre-Statcast (2005–2014)
bowlajo01,2025,133,46,44.3,9.34,Post-Statcast (2015–2025)
bowmama01,2016,203,52,67.7,6.92,Post-Statcast (2015–2025)
bowmama01,2017,176,46,58.7,7.06,Post-Statcast (2015–2025)
bowmama01,2019,96,25,32,7.03,Post-Statcast (2015–2025)
bowmama01,2024,92,24,30.7,7.04,Post-Statcast (2015–2025)
boxbebr01,2014,194,104,64.7,14.47,Pre-Statcast (2005–2014)
boxbebr01,2015,189,74,63,10.57,Post-Statcast (2015–2025)
boxbebr01,2018,160,71,53.3,11.98,Post-Statcast (2015–2025)
boxbebr01,2021,194,83,64.7,11.55,Post-Statcast (2015–2025)
boxbebr01,2022,192,68,64,9.56,Post-Statcast (2015–2025)
boydma01,2015,172,43,57.3,6.75,Post-Statcast (2015–2025)
boydma01,2016,292,82,97.3,7.58,Post-Statcast (2015–2025)
boydma01,2017,405,110,135,7.33,Post-Statcast (2015–2025)
boydma01,2018,511,159,170.3,8.4,Post-Statcast (2015–2025)
boydma01,2019,556,238,185.3,11.56,Post-Statcast (2015–2025)
boydma01,2020,181,60,60.3,8.95,Post-Statcast (2015–2025)
boydma01,2021,236,67,78.7,7.67,Post-Statcast (2015–2025)
boydma01,2023,213,73,71,9.25,Post-Statcast (2015–2025)
boydma01,2024,119,46,39.7,10.44,Post-Statcast (2015–2025)
boydma01,2025,539,154,179.7,7.71,Post-Statcast (2015–2025)
boyerbl01,2005,113,33,37.7,7.88,Pre-Statcast (2005–2014)
boyerbl01,2008,216,67,72,8.38,Pre-Statcast (2005–2014)
boyerbl01,2009,164,29,54.7,4.77,Pre-Statcast (2005–2014)
boyerbl01,2010,171,29,57,4.58,Pre-Statcast (2005–2014)
boyerbl01,2014,121,29,40.3,6.47,Pre-Statcast (2005–2014)
boyerbl01,2015,195,33,65,4.57,Post-Statcast (2015–2025)
boyerbl01,2016,198,26,66,3.55,Post-Statcast (2015–2025)
boyerbl01,2017,124,33,41.3,7.19,Post-Statcast (2015–2025)
boylejo01,2024,143,56,47.7,10.57,Post-Statcast (2015–2025)
boylejo01,2025,156,58,52,10.04,Post-Statcast (2015–2025)
brachbr01,2012,200,75,66.7,10.12,Pre-Statcast (2005–2014)
brachbr01,2013,93,31,31,9,Pre-Statcast (2005–2014)
brachbr01,2014,187,54,62.3,7.8,Pre-Statcast (2005–2014)
brachbr01,2015,238,89,79.3,10.1,Post-Statcast (2015–2025)
brachbr01,2016,237,92,79,10.48,Post-Statcast (2015–2025)
brachbr01,2017,204,70,68,9.26,Post-Statcast (2015–2025)
brachbr01,2018,188,60,62.7,8.62,Post-Statcast (2015–2025)
brachbr01,2019,163,60,54.3,9.94,Post-Statcast (2015–2025)
brachbr01,2021,90,33,30,9.9,Post-Statcast (2015–2025)
brachsi01,2018,93,34,31,9.87,Post-Statcast (2015–2025)
braddza01,2010,101,41,33.7,10.96,Pre-Statcast (2005–2014)
bradeda01,2007,217,55,72.3,6.84,Pre-Statcast (2005–2014)
bradeda01,2008,215,41,71.7,5.15,Pre-Statcast (2005–2014)
bradeda01,2009,410,81,136.7,5.33,Pre-Statcast (2005–2014)
bradeda01,2010,578,113,192.7,5.28,Pre-Statcast (2005–2014)
bradfch01,2006,186,45,62,6.53,Pre-Statcast (2005–2014)
bradfch01,2007,194,29,64.7,4.04,Pre-Statcast (2005–2014)
bradfch01,2008,178,17,59.3,2.58,Pre-Statcast (2005–2014)
bradfch02,2017,101,27,33.7,7.22,Post-Statcast (2015–2025)
bradfch02,2018,161,38,53.7,6.37,Post-Statcast (2015–2025)
bradfco01,2023,168,51,56,8.2,Post-Statcast (2015–2025)
bradfco01,2024,229,70,76.3,8.25,Post-Statcast (2015–2025)
bradiky01,2022,353,111,117.7,8.49,Post-Statcast (2015–2025)
bradiky01,2023,506,168,168.7,8.96,Post-Statcast (2015–2025)
bradiky01,2024,118,53,39.3,12.13,Post-Statcast (2015–2025)
bradiky01,2025,96,47,32,13.22,Post-Statcast (2015–2025)
bradlar01,2015,107,23,35.7,5.8,Post-Statcast (2015–2025)
bradlar01,2016,425,143,141.7,9.08,Post-Statcast (2015–2025)
bradlar01,2017,219,79,73,9.74,Post-Statcast (2015–2025)
bradlar01,2018,215,75,71.7,9.42,Post-Statcast (2015–2025)
bradlar01,2019,215,87,71.7,10.93,Post-Statcast (2015–2025)
bradlar01,2021,153,40,51,7.06,Post-Statcast (2015–2025)
bradlta01,2023,314,129,104.7,11.09,Post-Statcast (2015–2025)
bradlta01,2024,414,154,138,10.04,Post-Statcast (2015–2025)
bradlta01,2025,428,127,142.7,8.01,Post-Statcast (2015–2025)
bradymi01,2017,95,24,31.7,6.82,Post-Statcast (2015–2025)
brashma01,2022,152,62,50.7,11.01,Post-Statcast (2015–2025)
brashma01,2023,212,107,70.7,13.63,Post-Statcast (2015–2025)
brashma01,2025,142,58,47.3,11.03,Post-Statcast (2015–2025)
brasiry01,2018,101,29,33.7,7.75,Post-Statcast (2015–2025)
brasiry01,2019,167,61,55.7,9.86,Post-Statcast (2015–2025)
brasiry01,2022,187,64,62.3,9.24,Post-Statcast (2015–2025)
brasiry01,2023,179,56,59.7,8.45,Post-Statcast (2015–2025)
braulst01,2016,100,29,33.3,7.83,Post-Statcast (2015–2025)
braulst01,2017,104,23,34.7,5.97,Post-Statcast (2015–2025)
braulst01,2018,275,82,91.7,8.05,Post-Statcast (2015–2025)
braulst01,2019,340,100,113.3,7.94,Post-Statcast (2015–2025)
braulst01,2020,128,38,42.7,8.02,Post-Statcast (2015–2025)
braunry01,2007,118,24,39.3,5.49,Pre-Statcast (2005–2014)
braybi01,2006,152,39,50.7,6.93,Pre-Statcast (2005–2014)
braybi01,2008,141,54,47,10.34,Pre-Statcast (2005–2014)
braybi01,2011,145,44,48.3,8.19,Pre-Statcast (2005–2014)
brazede01,2005,213,43,71,5.45,Pre-Statcast (2005–2014)
brazohu01,2022,96,40,32,11.25,Post-Statcast (2015–2025)
brazohu01,2023,176,65,58.7,9.97,Post-Statcast (2015–2025)
brazohu01,2024,155,51,51.7,8.88,Post-Statcast (2015–2025)
brazohu01,2025,189,57,63,8.14,Post-Statcast (2015–2025)
brazoyh01,2005,218,61,72.7,7.56,Pre-Statcast (2005–2014)
brebbjo01,2017,155,51,51.7,8.88,Post-Statcast (2015–2025)
brebbjo01,2018,152,60,50.7,10.66,Post-Statcast (2015–2025)
brebbjo01,2019,218,87,72.7,10.78,Post-Statcast (2015–2025)
brebbjo01,2022,204,54,68,7.15,Post-Statcast (2015–2025)
brebbjo01,2023,115,47,38.3,11.03,Post-Statcast (2015–2025)
brebbjo01,2024,166,67,55.3,10.9,Post-Statcast (2015–2025)
brennbr01,2019,142,47,47.3,8.94,Post-Statcast (2015–2025)
brentja01,2021,192,76,64,10.69,Post-Statcast (2015–2025)
breslcr01,2008,141,39,47,7.47,Pre-Statcast (2005–2014)
breslcr01,2009,209,55,69.7,7.11,Pre-Statcast (2005–2014)
breslcr01,2010,224,71,74.7,8.56,Pre-Statcast (2005–2014)
breslcr01,2011,178,44,59.3,6.67,Pre-Statcast (2005–2014)
breslcr01,2012,190,61,63.3,8.67,Pre-Statcast (2005–2014)
breslcr01,2013,179,33,59.7,4.98,Pre-Statcast (2005–2014)
breslcr01,2014,163,37,54.3,6.13,Pre-Statcast (2005–2014)
breslcr01,2015,195,46,65,6.37,Post-Statcast (2015–2025)
breslcr01,2017,106,23,35.3,5.86,Post-Statcast (2015–2025)
breweco01,2019,164,52,54.7,8.56,Post-Statcast (2015–2025)
briceau01,2017,98,26,32.7,7.16,Post-Statcast (2015–2025)
briceau01,2018,112,32,37.3,7.71,Post-Statcast (2015–2025)
briceau01,2019,134,46,44.7,9.27,Post-Statcast (2015–2025)
bridwpa01,2017,363,73,121,5.43,Post-Statcast (2015–2025)
briesbe01,2022,245,54,81.7,5.95,Post-Statcast (2015–2025)
briesbe01,2023,105,31,35,7.97,Post-Statcast (2015–2025)
briesbe01,2024,203,69,67.7,9.18,Post-Statcast (2015–2025)
brighje01,2019,115,39,38.3,9.16,Post-Statcast (2015–2025)
brighje01,2023,113,42,37.7,10.04,Post-Statcast (2015–2025)
britojh01,2023,271,72,90.3,7.17,Post-Statcast (2015–2025)
britojh01,2024,131,29,43.7,5.98,Post-Statcast (2015–2025)
brittch01,2006,161,41,53.7,6.88,Pre-Statcast (2005–2014)
brittza01,2011,463,97,154.3,5.66,Pre-Statcast (2005–2014)
brittza01,2012,181,53,60.3,7.91,Pre-Statcast (2005–2014)
brittza01,2013,120,18,40,4.05,Pre-Statcast (2005–2014)
brittza01,2014,229,62,76.3,7.31,Pre-Statcast (2005–2014)
brittza01,2015,197,79,65.7,10.83,Post-Statcast (2015–2025)
brittza01,2016,201,74,67,9.94,Post-Statcast (2015–2025)
brittza01,2017,112,29,37.3,6.99,Post-Statcast (2015–2025)
brittza01,2018,122,34,40.7,7.52,Post-Statcast (2015–2025)
brittza01,2019,184,53,61.3,7.78,Post-Statcast (2015–2025)
broadla01,2009,92,18,30.7,5.28,Pre-Statcast (2005–2014)
brocado01,2005,220,61,73.3,7.49,Pre-Statcast (2005–2014)
brocado01,2007,230,43,76.7,5.05,Pre-Statcast (2005–2014)
brocado01,2008,206,64,68.7,8.39,Pre-Statcast (2005–2014)
brogdco01,2021,173,50,57.7,7.8,Post-Statcast (2015–2025)
brogdco01,2022,132,50,44,10.23,Post-Statcast (2015–2025)
brogdco01,2025,141,49,47,9.38,Post-Statcast (2015–2025)
brookaa01,2015,166,38,55.3,6.18,Post-Statcast (2015–2025)
brookaa01,2019,330,82,110,6.71,Post-Statcast (2015–2025)
brothre01,2011,122,59,40.7,13.06,Pre-Statcast (2005–2014)
brothre01,2012,203,83,67.7,11.04,Pre-Statcast (2005–2014)
brothre01,2013,202,76,67.3,10.16,Pre-Statcast (2005–2014)
brothre01,2014,169,55,56.3,8.79,Pre-Statcast (2005–2014)
brothre01,2021,159,75,53,12.74,Post-Statcast (2015–2025)
broweji01,2005,181,53,60.3,7.91,Pre-Statcast (2005–2014)
brownan01,2007,125,43,41.7,9.29,Pre-Statcast (2005–2014)
brownan01,2008,105,28,35,7.2,Pre-Statcast (2005–2014)
brownbe01,2024,166,64,55.3,10.41,Post-Statcast (2015–2025)
brownbe01,2025,319,121,106.3,10.24,Post-Statcast (2015–2025)
brownbr02,2015,99,20,33,5.45,Post-Statcast (2015–2025)
brownhu01,2023,467,178,155.7,10.29,Post-Statcast (2015–2025)
brownhu01,2024,510,179,170,9.48,Post-Statcast (2015–2025)
brownhu01,2025,556,206,185.3,10,Post-Statcast (2015–2025)
brownke01,2005,220,50,73.3,6.14,Pre-Statcast (2005–2014)
broxtjo01,2006,229,97,76.3,11.44,Pre-Statcast (2005–2014)
broxtjo01,2007,246,99,82,10.87,Pre-Statcast (2005–2014)
broxtjo01,2008,207,88,69,11.48,Pre-Statcast (2005–2014)
broxtjo01,2009,228,114,76,13.5,Pre-Statcast (2005–2014)
broxtjo01,2010,187,73,62.3,10.54,Pre-Statcast (2005–2014)
broxtjo01,2012,174,45,58,6.98,Pre-Statcast (2005–2014)
broxtjo01,2013,92,25,30.7,7.34,Pre-Statcast (2005–2014)
broxtjo01,2014,176,49,58.7,7.52,Pre-Statcast (2005–2014)
broxtjo01,2015,181,63,60.3,9.4,Post-Statcast (2015–2025)
broxtjo01,2016,182,57,60.7,8.46,Post-Statcast (2015–2025)
brubajt01,2020,142,48,47.3,9.13,Post-Statcast (2015–2025)
brubajt01,2021,373,129,124.3,9.34,Post-Statcast (2015–2025)
brubajt01,2022,432,147,144,9.19,Post-Statcast (2015–2025)
brunebr01,2005,138,51,46,9.98,Pre-Statcast (2005–2014)
brunebr01,2007,150,39,50,7.02,Pre-Statcast (2005–2014)
brunebr01,2008,103,33,34.3,8.65,Pre-Statcast (2005–2014)
brunebr01,2009,117,36,39,8.31,Pre-Statcast (2005–2014)
bubickr01,2020,150,49,50,8.82,Post-Statcast (2015–2025)
bubickr01,2021,390,114,130,7.89,Post-Statcast (2015–2025)
bubickr01,2022,387,110,129,7.67,Post-Statcast (2015–2025)
bubickr01,2024,91,39,30.3,11.57,Post-Statcast (2015–2025)
bubickr01,2025,349,116,116.3,8.97,Post-Statcast (2015–2025)
buchada01,2014,353,71,117.7,5.43,Pre-Statcast (2005–2014)
buchada01,2015,224,44,74.7,5.3,Post-Statcast (2015–2025)
buchaja01,2014,106,20,35.3,5.09,Pre-Statcast (2005–2014)
buchhcl01,2008,228,72,76,8.53,Pre-Statcast (2005–2014)
buchhcl01,2009,276,68,92,6.65,Pre-Statcast (2005–2014)
buchhcl01,2010,521,120,173.7,6.22,Pre-Statcast (2005–2014)
buchhcl01,2011,248,60,82.7,6.53,Pre-Statcast (2005–2014)
buchhcl01,2012,568,129,189.3,6.13,Pre-Statcast (2005–2014)
buchhcl01,2013,325,96,108.3,7.98,Pre-Statcast (2005–2014)
buchhcl01,2014,511,132,170.3,6.97,Pre-Statcast (2005–2014)
buchhcl01,2015,340,107,113.3,8.5,Post-Statcast (2015–2025)
buchhcl01,2016,418,93,139.3,6.01,Post-Statcast (2015–2025)
buchhcl01,2018,295,81,98.3,7.41,Post-Statcast (2015–2025)
buchhcl01,2019,177,39,59,5.95,Post-Statcast (2015–2025)
buchhta01,2006,339,77,113,6.13,Pre-Statcast (2005–2014)
buchhta01,2007,281,61,93.7,5.86,Pre-Statcast (2005–2014)
buchhta01,2008,199,56,66.3,7.6,Pre-Statcast (2005–2014)
buchtry01,2016,189,78,63,11.14,Post-Statcast (2015–2025)
buchtry01,2017,196,65,65.3,8.95,Post-Statcast (2015–2025)
buchtry01,2018,118,41,39.3,9.38,Post-Statcast (2015–2025)
buchtry01,2019,136,50,45.3,9.93,Post-Statcast (2015–2025)
bucknbi02,2007,102,17,34,4.5,Pre-Statcast (2005–2014)
bucknbi02,2009,232,64,77.3,7.45,Pre-Statcast (2005–2014)
buehlwa01,2018,412,151,137.3,9.9,Post-Statcast (2015–2025)
buehlwa01,2019,547,215,182.3,10.61,Post-Statcast (2015–2025)
buehlwa01,2020,110,42,36.7,10.31,Post-Statcast (2015–2025)
buehlwa01,2021,623,212,207.7,9.19,Post-Statcast (2015–2025)
buehlwa01,2022,195,58,65,8.03,Post-Statcast (2015–2025)
buehlwa01,2024,226,64,75.3,7.65,Post-Statcast (2015–2025)
buehlwa01,2025,378,92,126,6.57,Post-Statcast (2015–2025)
buehrma01,2005,710,149,236.7,5.67,Pre-Statcast (2005–2014)
buehrma01,2006,612,98,204,4.32,Pre-Statcast (2005–2014)
buehrma01,2007,603,115,201,5.15,Pre-Statcast (2005–2014)
buehrma01,2008,656,140,218.7,5.76,Pre-Statcast (2005–2014)
buehrma01,2009,640,105,213.3,4.43,Pre-Statcast (2005–2014)
buehrma01,2010,631,99,210.3,4.24,Pre-Statcast (2005–2014)
buehrma01,2011,616,109,205.3,4.78,Pre-Statcast (2005–2014)
buehrma01,2012,607,125,202.3,5.56,Pre-Statcast (2005–2014)
buehrma01,2013,611,139,203.7,6.14,Pre-Statcast (2005–2014)
buehrma01,2014,606,119,202,5.3,Pre-Statcast (2005–2014)
buehrma01,2015,596,91,198.7,4.12,Post-Statcast (2015–2025)
buenofr01,2014,97,20,32.3,5.57,Pre-Statcast (2005–2014)
bukviry01,2007,107,18,35.7,4.54,Pre-Statcast (2005–2014)
bulgeja01,2009,197,68,65.7,9.32,Pre-Statcast (2005–2014)
bullibr01,2010,128,29,42.7,6.12,Pre-Statcast (2005–2014)
bumgama01,2010,333,86,111,6.97,Pre-Statcast (2005–2014)
bumgama01,2011,614,191,204.7,8.4,Pre-Statcast (2005–2014)
bumgama01,2012,625,191,208.3,8.25,Pre-Statcast (2005–2014)
bumgama01,2013,604,199,201.3,8.9,Pre-Statcast (2005–2014)
bumgama01,2014,652,219,217.3,9.07,Pre-Statcast (2005–2014)
bumgama01,2015,655,234,218.3,9.65,Post-Statcast (2015–2025)
bumgama01,2016,680,251,226.7,9.97,Post-Statcast (2015–2025)
bumgama01,2017,333,101,111,8.19,Post-Statcast (2015–2025)
bumgama01,2018,389,109,129.7,7.57,Post-Statcast (2015–2025)
bumgama01,2019,623,203,207.7,8.8,Post-Statcast (2015–2025)
bumgama01,2020,125,30,41.7,6.48,Post-Statcast (2015–2025)
bumgama01,2021,439,124,146.3,7.63,Post-Statcast (2015–2025)
bumgama01,2022,476,112,158.7,6.35,Post-Statcast (2015–2025)
bummeaa01,2018,95,35,31.7,9.95,Post-Statcast (2015–2025)
bummeaa01,2019,203,60,67.7,7.98,Post-Statcast (2015–2025)
bummeaa01,2021,169,75,56.3,11.98,Post-Statcast (2015–2025)
bummeaa01,2023,175,78,58.3,12.03,Post-Statcast (2015–2025)
bummeaa01,2024,166,69,55.3,11.22,Post-Statcast (2015–2025)
bummeaa01,2025,163,51,54.3,8.45,Post-Statcast (2015–2025)
bumpna01,2005,114,18,38,4.26,Pre-Statcast (2005–2014)
bundydy01,2016,329,104,109.7,8.53,Post-Statcast (2015–2025)
bundydy01,2017,509,152,169.7,8.06,Post-Statcast (2015–2025)
bundydy01,2018,515,184,171.7,9.65,Post-Statcast (2015–2025)
bundydy01,2019,485,162,161.7,9.02,Post-Statcast (2015–2025)
bundydy01,2020,197,72,65.7,9.87,Post-Statcast (2015–2025)
bundydy01,2021,272,84,90.7,8.34,Post-Statcast (2015–2025)
bundydy01,2022,420,94,140,6.04,Post-Statcast (2015–2025)
burgoam01,2005,190,65,63.3,9.24,Pre-Statcast (2005–2014)
burgoam01,2006,220,72,73.3,8.84,Pre-Statcast (2005–2014)
burgoen02,2016,124,43,41.3,9.36,Post-Statcast (2015–2025)
burkebr01,2022,247,90,82.3,9.84,Post-Statcast (2015–2025)
burkebr01,2023,179,52,59.7,7.84,Post-Statcast (2015–2025)
burkebr01,2024,102,41,34,10.85,Post-Statcast (2015–2025)
burkebr01,2025,185,52,61.7,7.59,Post-Statcast (2015–2025)
burkegr01,2009,137,33,45.7,6.5,Pre-Statcast (2005–2014)
burkegr01,2013,95,28,31.7,7.96,Pre-Statcast (2005–2014)
burkese01,2025,403,133,134.3,8.91,Post-Statcast (2015–2025)
burneaj01,2005,627,198,209,8.53,Pre-Statcast (2005–2014)
burneaj01,2006,407,118,135.7,7.83,Pre-Statcast (2005–2014)
burneaj01,2007,497,176,165.7,9.56,Pre-Statcast (2005–2014)
burneaj01,2008,664,231,221.3,9.39,Pre-Statcast (2005–2014)
burneaj01,2009,621,195,207,8.48,Pre-Statcast (2005–2014)
burneaj01,2010,560,145,186.7,6.99,Pre-Statcast (2005–2014)
burneaj01,2011,571,173,190.3,8.18,Pre-Statcast (2005–2014)
burneaj01,2012,607,180,202.3,8.01,Pre-Statcast (2005–2014)
burneaj01,2013,573,209,191,9.85,Pre-Statcast (2005–2014)
burneaj01,2014,641,190,213.7,8,Pre-Statcast (2005–2014)
burneaj01,2015,492,143,164,7.85,Post-Statcast (2015–2025)
burneal01,2010,143,37,47.7,6.99,Pre-Statcast (2005–2014)
burneal01,2011,152,33,50.7,5.86,Pre-Statcast (2005–2014)
burneal01,2012,215,36,71.7,4.52,Pre-Statcast (2005–2014)
burneco01,2018,114,35,38,8.29,Post-Statcast (2015–2025)
burneco01,2019,147,70,49,12.86,Post-Statcast (2015–2025)
burneco01,2020,179,88,59.7,13.27,Post-Statcast (2015–2025)
burneco01,2021,501,234,167,12.61,Post-Statcast (2015–2025)
burneco01,2022,606,243,202,10.83,Post-Statcast (2015–2025)
burneco01,2023,581,200,193.7,9.29,Post-Statcast (2015–2025)
burneco01,2024,583,181,194.3,8.38,Post-Statcast (2015–2025)
burneco01,2025,193,63,64.3,8.81,Post-Statcast (2015–2025)
burnese01,2008,170,42,56.7,6.67,Pre-Statcast (2005–2014)
burnese01,2009,173,43,57.7,6.71,Pre-Statcast (2005–2014)
burnese01,2010,189,62,63,8.86,Pre-Statcast (2005–2014)
burnese01,2011,170,33,56.7,5.24,Pre-Statcast (2005–2014)
burnese01,2012,170,57,56.7,9.05,Pre-Statcast (2005–2014)
burnsch01,2025,130,67,43.3,13.92,Post-Statcast (2015–2025)
burnsmi01,2005,93,20,31,5.81,Pre-Statcast (2005–2014)
burnsmi01,2009,155,39,51.7,6.79,Pre-Statcast (2005–2014)
burrebr01,2007,363,96,121,7.14,Pre-Statcast (2005–2014)
burrebr01,2008,389,63,129.7,4.37,Pre-Statcast (2005–2014)
burrebr01,2010,238,45,79.3,5.11,Pre-Statcast (2005–2014)
burromi01,2025,288,97,96,9.09,Post-Statcast (2015–2025)
burrry01,2021,110,33,36.7,8.1,Post-Statcast (2015–2025)
burrry01,2024,98,47,32.7,12.95,Post-Statcast (2015–2025)
burtoja01,2007,129,36,43,7.53,Pre-Statcast (2005–2014)
burtoja01,2008,176,58,58.7,8.9,Pre-Statcast (2005–2014)
burtoja01,2009,178,45,59.3,6.83,Pre-Statcast (2005–2014)
burtoja01,2012,186,55,62,7.98,Pre-Statcast (2005–2014)
burtoja01,2013,198,61,66,8.32,Pre-Statcast (2005–2014)
burtoja01,2014,192,46,64,6.47,Pre-Statcast (2005–2014)
busenal01,2017,95,23,31.7,6.54,Post-Statcast (2015–2025)
bushda01,2005,409,75,136.3,4.95,Pre-Statcast (2005–2014)
bushda01,2006,630,166,210,7.11,Pre-Statcast (2005–2014)
bushda01,2007,559,134,186.3,6.47,Pre-Statcast (2005–2014)
bushda01,2008,555,109,185,5.3,Pre-Statcast (2005–2014)
bushda01,2009,343,89,114.3,7.01,Pre-Statcast (2005–2014)
bushda01,2010,523,107,174.3,5.52,Pre-Statcast (2005–2014)
bushda01,2011,112,23,37.3,5.54,Pre-Statcast (2005–2014)
bushma01,2016,185,61,61.7,8.9,Post-Statcast (2015–2025)
bushma01,2017,157,58,52.3,9.97,Post-Statcast (2015–2025)
bushma01,2022,179,74,59.7,11.16,Post-Statcast (2015–2025)
butleed01,2015,238,44,79.3,4.99,Post-Statcast (2015–2025)
butleed01,2016,192,47,64,6.61,Post-Statcast (2015–2025)
butleed01,2017,164,30,54.7,4.94,Post-Statcast (2015–2025)
butleed01,2018,149,29,49.7,5.26,Post-Statcast (2015–2025)
buttojo01,2023,126,38,42,8.14,Post-Statcast (2015–2025)
buttojo01,2024,222,79,74,9.61,Post-Statcast (2015–2025)
buttojo01,2025,201,58,67,7.79,Post-Statcast (2015–2025)
buttrty01,2019,217,84,72.3,10.45,Post-Statcast (2015–2025)
byrdati01,2007,135,49,45,9.8,Pre-Statcast (2005–2014)
byrdati01,2008,166,47,55.3,7.64,Pre-Statcast (2005–2014)
byrdati01,2009,184,58,61.3,8.51,Pre-Statcast (2005–2014)
byrdati01,2010,116,29,38.7,6.75,Pre-Statcast (2005–2014)
byrdati01,2011,113,47,37.7,11.23,Pre-Statcast (2005–2014)
byrdati01,2012,92,34,30.7,9.98,Pre-Statcast (2005–2014)
byrdpa01,2005,613,102,204.3,4.49,Pre-Statcast (2005–2014)
byrdpa01,2006,537,88,179,4.42,Pre-Statcast (2005–2014)
byrdpa01,2007,577,88,192.3,4.12,Pre-Statcast (2005–2014)
byrdpa01,2008,540,82,180,4.1,Pre-Statcast (2005–2014)
byrdpa01,2009,102,11,34,2.91,Pre-Statcast (2005–2014)
cabreda01,2005,484,157,161.3,8.76,Pre-Statcast (2005–2014)
cabreda01,2006,444,157,148,9.55,Pre-Statcast (2005–2014)
cabreda01,2007,613,166,204.3,7.31,Pre-Statcast (2005–2014)
cabreda01,2008,540,95,180,4.75,Pre-Statcast (2005–2014)
cabreda01,2009,153,23,51,4.06,Pre-Statcast (2005–2014)
cabreed02,2022,215,75,71.7,9.42,Post-Statcast (2015–2025)
cabreed02,2023,299,118,99.7,10.66,Post-Statcast (2015–2025)
cabreed02,2024,289,107,96.3,10,Post-Statcast (2015–2025)
cabreed02,2025,413,150,137.7,9.81,Post-Statcast (2015–2025)
cabrefe01,2005,92,29,30.7,8.51,Pre-Statcast (2005–2014)
cabrefe01,2006,182,71,60.7,10.53,Pre-Statcast (2005–2014)
cabrefe01,2007,131,48,43.7,9.89,Pre-Statcast (2005–2014)
cabrege01,2021,210,77,70,9.9,Post-Statcast (2015–2025)
cabrege01,2022,134,32,44.7,6.45,Post-Statcast (2015–2025)
cabrege01,2023,167,58,55.7,9.38,Post-Statcast (2015–2025)
cabrege01,2024,188,50,62.7,7.18,Post-Statcast (2015–2025)
cabrege01,2025,128,35,42.7,7.38,Post-Statcast (2015–2025)
cabrema01,2016,115,32,38.3,7.51,Post-Statcast (2015–2025)
cahiltr01,2009,536,90,178.7,4.53,Pre-Statcast (2005–2014)
cahiltr01,2010,590,118,196.7,5.4,Pre-Statcast (2005–2014)
cahiltr01,2011,623,147,207.7,6.37,Pre-Statcast (2005–2014)
cahiltr01,2012,600,156,200,7.02,Pre-Statcast (2005–2014)
cahiltr01,2013,440,102,146.7,6.26,Pre-Statcast (2005–2014)
cahiltr01,2014,332,105,110.7,8.54,Pre-Statcast (2005–2014)
cahiltr01,2015,130,36,43.3,7.48,Post-Statcast (2015–2025)
cahiltr01,2016,197,66,65.7,9.05,Post-Statcast (2015–2025)
cahiltr01,2017,252,87,84,9.32,Post-Statcast (2015–2025)
cahiltr01,2018,330,100,110,8.18,Post-Statcast (2015–2025)
cahiltr01,2019,307,81,102.3,7.12,Post-Statcast (2015–2025)
cahiltr01,2021,111,32,37,7.78,Post-Statcast (2015–2025)
cainma01,2005,139,30,46.3,5.83,Pre-Statcast (2005–2014)
cainma01,2006,572,179,190.7,8.45,Pre-Statcast (2005–2014)
cainma01,2007,600,163,200,7.33,Pre-Statcast (2005–2014)
cainma01,2008,653,186,217.7,7.69,Pre-Statcast (2005–2014)
cainma01,2009,653,171,217.7,7.07,Pre-Statcast (2005–2014)
cainma01,2010,670,177,223.3,7.13,Pre-Statcast (2005–2014)
cainma01,2011,665,179,221.7,7.27,Pre-Statcast (2005–2014)
cainma01,2012,658,193,219.3,7.92,Pre-Statcast (2005–2014)
cainma01,2013,553,158,184.3,7.71,Pre-Statcast (2005–2014)
cainma01,2014,271,70,90.3,6.97,Pre-Statcast (2005–2014)
cainma01,2015,182,41,60.7,6.08,Post-Statcast (2015–2025)
cainma01,2016,268,72,89.3,7.25,Post-Statcast (2015–2025)
cainma01,2017,373,75,124.3,5.43,Post-Statcast (2015–2025)
calerki01,2005,167,52,55.7,8.41,Pre-Statcast (2005–2014)
calerki01,2006,174,67,58,10.4,Pre-Statcast (2005–2014)
calerki01,2007,122,31,40.7,6.86,Pre-Statcast (2005–2014)
calerki01,2009,180,69,60,10.35,Pre-Statcast (2005–2014)
camerke01,2007,174,50,58,7.76,Pre-Statcast (2005–2014)
camerno01,2025,415,114,138.3,7.42,Post-Statcast (2015–2025)
caminar01,2015,224,73,74.7,8.8,Post-Statcast (2015–2025)
caminar01,2016,182,50,60.7,7.42,Post-Statcast (2015–2025)
campijo01,2008,476,107,158.7,6.07,Pre-Statcast (2005–2014)
campsh01,2005,147,28,49,5.14,Pre-Statcast (2005–2014)
campsh01,2006,225,53,75,6.36,Pre-Statcast (2005–2014)
campsh01,2007,120,36,40,8.1,Pre-Statcast (2005–2014)
campsh01,2008,118,31,39.3,7.09,Pre-Statcast (2005–2014)
campsh01,2009,239,58,79.7,6.55,Pre-Statcast (2005–2014)
campsh01,2010,217,46,72.3,5.72,Pre-Statcast (2005–2014)
campsh01,2011,199,32,66.3,4.34,Pre-Statcast (2005–2014)
campsh01,2012,233,54,77.7,6.26,Pre-Statcast (2005–2014)
cannigr01,2019,271,96,90.3,9.56,Post-Statcast (2015–2025)
cannigr01,2020,169,56,56.3,8.95,Post-Statcast (2015–2025)
cannigr01,2021,188,62,62.7,8.9,Post-Statcast (2015–2025)
cannigr01,2023,381,139,127,9.85,Post-Statcast (2015–2025)
cannigr01,2024,515,130,171.7,6.82,Post-Statcast (2015–2025)
cannigr01,2025,229,70,76.3,8.25,Post-Statcast (2015–2025)
cannojo02,2024,373,91,124.3,6.59,Post-Statcast (2015–2025)
cannojo02,2025,311,86,103.7,7.47,Post-Statcast (2015–2025)
canoye01,2023,218,65,72.7,8.05,Post-Statcast (2015–2025)
canoye01,2024,180,65,60,9.75,Post-Statcast (2015–2025)
canoye01,2025,174,53,58,8.22,Post-Statcast (2015–2025)
cantijo01,2024,116,44,38.7,10.24,Post-Statcast (2015–2025)
cantijo01,2025,286,108,95.3,10.2,Post-Statcast (2015–2025)
capeljo01,2006,215,58,71.7,7.28,Pre-Statcast (2005–2014)
cappsca01,2013,177,66,59,10.07,Pre-Statcast (2005–2014)
cappsca01,2015,93,58,31,16.84,Post-Statcast (2015–2025)
cappsma01,2006,242,56,80.7,6.25,Pre-Statcast (2005–2014)
cappsma01,2007,237,64,79,7.29,Pre-Statcast (2005–2014)
cappsma01,2008,161,39,53.7,6.54,Pre-Statcast (2005–2014)
cappsma01,2009,163,46,54.3,7.62,Pre-Statcast (2005–2014)
cappsma01,2010,219,59,73,7.27,Pre-Statcast (2005–2014)
cappsma01,2011,197,34,65.7,4.66,Pre-Statcast (2005–2014)
capuach01,2005,657,176,219,7.23,Pre-Statcast (2005–2014)
capuach01,2006,664,174,221.3,7.08,Pre-Statcast (2005–2014)
capuach01,2007,450,132,150,7.92,Pre-Statcast (2005–2014)
capuach01,2010,198,54,66,7.36,Pre-Statcast (2005–2014)
capuach01,2011,558,168,186,8.13,Pre-Statcast (2005–2014)
capuach01,2012,595,162,198.3,7.35,Pre-Statcast (2005–2014)
capuach01,2013,317,81,105.7,6.9,Pre-Statcast (2005–2014)
capuach01,2014,292,84,97.3,7.77,Pre-Statcast (2005–2014)
capuach01,2015,122,38,40.7,8.41,Post-Statcast (2015–2025)
carlesh01,2018,189,43,63,6.14,Post-Statcast (2015–2025)
carlsje01,2008,180,55,60,8.25,Pre-Statcast (2005–2014)
carlsje01,2009,203,51,67.7,6.78,Pre-Statcast (2005–2014)
carlybu01,2007,321,74,107,6.22,Pre-Statcast (2005–2014)
carlybu01,2008,188,59,62.7,8.47,Pre-Statcast (2005–2014)
carlybu01,2014,93,28,31,8.13,Pre-Statcast (2005–2014)
carmofa01,2006,224,58,74.7,6.99,Pre-Statcast (2005–2014)
carmofa01,2007,645,137,215,5.73,Pre-Statcast (2005–2014)
carmofa01,2008,362,58,120.7,4.33,Pre-Statcast (2005–2014)
carmofa01,2009,376,79,125.3,5.67,Pre-Statcast (2005–2014)
carmofa01,2010,631,124,210.3,5.31,Pre-Statcast (2005–2014)
carmofa01,2011,566,109,188.7,5.2,Pre-Statcast (2005–2014)
carmofa01,2013,453,113,151,6.74,Pre-Statcast (2005–2014)
carmofa01,2014,494,105,164.7,5.74,Pre-Statcast (2005–2014)
carmofa01,2015,254,42,84.7,4.46,Post-Statcast (2015–2025)
carpech01,2005,725,213,241.7,7.93,Pre-Statcast (2005–2014)
carpech01,2006,665,184,221.7,7.47,Pre-Statcast (2005–2014)
carpech01,2009,578,144,192.7,6.73,Pre-Statcast (2005–2014)
carpech01,2010,705,179,235,6.86,Pre-Statcast (2005–2014)
carpech01,2011,712,191,237.3,7.24,Pre-Statcast (2005–2014)
carpeda01,2012,97,31,32.3,8.63,Pre-Statcast (2005–2014)
carpeda01,2013,197,74,65.7,10.14,Pre-Statcast (2005–2014)
carpeda01,2014,183,67,61,9.89,Pre-Statcast (2005–2014)
carpeda02,2012,119,28,39.7,6.35,Pre-Statcast (2005–2014)
carpery01,2019,122,25,40.7,5.53,Post-Statcast (2015–2025)
carraca01,2010,134,38,44.7,7.66,Pre-Statcast (2005–2014)
carraca01,2011,374,85,124.7,6.14,Pre-Statcast (2005–2014)
carraca01,2013,140,30,46.7,5.79,Pre-Statcast (2005–2014)
carraca01,2014,402,140,134,9.4,Pre-Statcast (2005–2014)
carraca01,2015,551,216,183.7,10.58,Post-Statcast (2015–2025)
carraca01,2016,439,150,146.3,9.23,Post-Statcast (2015–2025)
carraca01,2017,600,226,200,10.17,Post-Statcast (2015–2025)
carraca01,2018,576,231,192,10.83,Post-Statcast (2015–2025)
carraca01,2019,240,96,80,10.8,Post-Statcast (2015–2025)
carraca01,2020,204,82,68,10.85,Post-Statcast (2015–2025)
carraca01,2021,161,50,53.7,8.39,Post-Statcast (2015–2025)
carraca01,2022,456,152,152,9,Post-Statcast (2015–2025)
carraca01,2023,270,66,90,6.6,Post-Statcast (2015–2025)
carraca01,2024,311,89,103.7,7.73,Post-Statcast (2015–2025)
carraca01,2025,137,34,45.7,6.7,Post-Statcast (2015–2025)
carradj01,2005,344,49,114.7,3.85,Pre-Statcast (2005–2014)
carradj01,2008,116,30,38.7,6.98,Pre-Statcast (2005–2014)
carradj01,2009,280,62,93.3,5.98,Pre-Statcast (2005–2014)
carradj01,2010,235,65,78.3,7.47,Pre-Statcast (2005–2014)
carradj01,2011,148,27,49.3,4.93,Pre-Statcast (2005–2014)
carragi01,2005,227,56,75.7,6.66,Pre-Statcast (2005–2014)
carrahe01,2005,265,75,88.3,7.64,Pre-Statcast (2005–2014)
carrahe01,2006,301,72,100.3,6.46,Pre-Statcast (2005–2014)
carrahe01,2007,115,33,38.3,7.75,Pre-Statcast (2005–2014)
carrosc02,2014,388,64,129.3,4.45,Pre-Statcast (2005–2014)
carrosc02,2015,110,27,36.7,6.63,Post-Statcast (2015–2025)
cartela02,2005,171,22,57,3.47,Pre-Statcast (2005–2014)
carvama01,2005,159,47,53,7.98,Pre-Statcast (2005–2014)
cashnan01,2010,163,50,54.3,8.28,Pre-Statcast (2005–2014)
cashnan01,2012,139,52,46.3,10.1,Pre-Statcast (2005–2014)
cashnan01,2013,525,128,175,6.58,Pre-Statcast (2005–2014)
cashnan01,2014,370,93,123.3,6.79,Pre-Statcast (2005–2014)
cashnan01,2015,554,165,184.7,8.04,Post-Statcast (2015–2025)
cashnan01,2016,396,112,132,7.64,Post-Statcast (2015–2025)
cashnan01,2017,500,86,166.7,4.64,Post-Statcast (2015–2025)
cashnan01,2018,459,99,153,5.82,Post-Statcast (2015–2025)
cashnan01,2019,450,108,150,6.48,Post-Statcast (2015–2025)
caspabe01,2025,233,71,77.7,8.23,Post-Statcast (2015–2025)
cassebo01,2011,119,24,39.7,5.45,Pre-Statcast (2005–2014)
casseja01,2008,91,14,30.3,4.15,Pre-Statcast (2005–2014)
cassisc01,2006,128,49,42.7,10.34,Pre-Statcast (2005–2014)
castada01,2022,107,20,35.7,5.05,Post-Statcast (2015–2025)
castehu01,2021,137,29,45.7,5.72,Post-Statcast (2015–2025)
castehu01,2022,133,32,44.3,6.5,Post-Statcast (2015–2025)
castery01,2020,130,25,43.3,5.19,Post-Statcast (2015–2025)
castidi01,2018,170,65,56.7,10.32,Post-Statcast (2015–2025)
castidi01,2019,206,81,68.7,10.62,Post-Statcast (2015–2025)
castidi01,2021,175,75,58.3,11.57,Post-Statcast (2015–2025)
castidi01,2022,163,53,54.3,8.78,Post-Statcast (2015–2025)
castijo03,2018,115,52,38.3,12.21,Post-Statcast (2015–2025)
castijo03,2025,96,30,32,8.44,Post-Statcast (2015–2025)
castilu02,2017,268,98,89.3,9.87,Post-Statcast (2015–2025)
castilu02,2018,509,165,169.7,8.75,Post-Statcast (2015–2025)
castilu02,2019,572,226,190.7,10.67,Post-Statcast (2015–2025)
castilu02,2020,210,89,70,11.44,Post-Statcast (2015–2025)
castilu02,2021,563,192,187.7,9.21,Post-Statcast (2015–2025)
castilu02,2022,451,167,150.3,10,Post-Statcast (2015–2025)
castilu02,2023,591,219,197,10.01,Post-Statcast (2015–2025)
castilu02,2024,526,175,175.3,8.98,Post-Statcast (2015–2025)
castilu02,2025,542,162,180.7,8.07,Post-Statcast (2015–2025)
castima03,2022,118,37,39.3,8.47,Post-Statcast (2015–2025)
castrfa01,2006,95,18,31.7,5.12,Pre-Statcast (2005–2014)
castrmi01,2017,199,38,66.3,5.16,Post-Statcast (2015–2025)
castrmi01,2018,259,57,86.3,5.94,Post-Statcast (2015–2025)
castrmi01,2019,220,71,73.3,8.71,Post-Statcast (2015–2025)
castrmi01,2021,211,77,70.3,9.85,Post-Statcast (2015–2025)
castrmi01,2023,194,60,64.7,8.35,Post-Statcast (2015–2025)
castrsi01,2017,111,35,37,8.51,Post-Statcast (2015–2025)
cavalca01,2025,146,40,48.7,7.4,Post-Statcast (2015–2025)
ceasedy01,2019,219,81,73,9.99,Post-Statcast (2015–2025)
ceasedy01,2020,175,44,58.3,6.79,Post-Statcast (2015–2025)
ceasedy01,2021,497,226,165.7,12.28,Post-Statcast (2015–2025)
ceasedy01,2022,552,227,184,11.1,Post-Statcast (2015–2025)
ceasedy01,2023,531,214,177,10.88,Post-Statcast (2015–2025)
ceasedy01,2024,568,224,189.3,10.65,Post-Statcast (2015–2025)
ceasedy01,2025,504,215,168,11.52,Post-Statcast (2015–2025)
ceccosl01,2024,231,64,77,7.48,Post-Statcast (2015–2025)
ceccosl01,2025,396,109,132,7.43,Post-Statcast (2015–2025)
cecilbr01,2009,280,69,93.3,6.65,Pre-Statcast (2005–2014)
cecilbr01,2010,518,117,172.7,6.1,Pre-Statcast (2005–2014)
cecilbr01,2011,371,87,123.7,6.33,Pre-Statcast (2005–2014)
cecilbr01,2012,184,51,61.3,7.48,Pre-Statcast (2005–2014)
cecilbr01,2013,182,70,60.7,10.38,Pre-Statcast (2005–2014)
cecilbr01,2014,160,76,53.3,12.83,Pre-Statcast (2005–2014)
cecilbr01,2015,163,70,54.3,11.6,Post-Statcast (2015–2025)
cecilbr01,2016,110,45,36.7,11.05,Post-Statcast (2015–2025)
cecilbr01,2017,202,66,67.3,8.82,Post-Statcast (2015–2025)
cecilbr01,2018,98,19,32.7,5.23,Post-Statcast (2015–2025)
cedenxa01,2012,93,36,31,10.45,Pre-Statcast (2005–2014)
cedenxa01,2015,138,47,46,9.2,Post-Statcast (2015–2025)
cedenxa01,2016,124,43,41.3,9.36,Post-Statcast (2015–2025)
cedenxa01,2018,100,34,33.3,9.18,Post-Statcast (2015–2025)
cervehu01,2016,130,42,43.3,8.72,Post-Statcast (2015–2025)
cessalu01,2016,211,46,70.3,5.89,Post-Statcast (2015–2025)
cessalu01,2017,108,30,36,7.5,Post-Statcast (2015–2025)
cessalu01,2018,134,39,44.7,7.86,Post-Statcast (2015–2025)
cessalu01,2019,243,75,81,8.33,Post-Statcast (2015–2025)
cessalu01,2021,194,54,64.7,7.52,Post-Statcast (2015–2025)
cessalu01,2022,242,59,80.7,6.58,Post-Statcast (2015–2025)
chacigu01,2005,609,121,203,5.36,Pre-Statcast (2005–2014)
chacigu01,2006,262,47,87.3,4.84,Pre-Statcast (2005–2014)
chacigu01,2010,115,31,38.3,7.28,Pre-Statcast (2005–2014)
chacijh01,2010,412,138,137.3,9.04,Pre-Statcast (2005–2014)
chacijh01,2011,582,150,194,6.96,Pre-Statcast (2005–2014)
chacijh01,2012,207,45,69,5.87,Pre-Statcast (2005–2014)
chacijh01,2013,592,126,197.3,5.75,Pre-Statcast (2005–2014)
chacijh01,2014,190,42,63.3,5.97,Pre-Statcast (2005–2014)
chacijh01,2016,432,119,144,7.44,Post-Statcast (2015–2025)
chacijh01,2017,541,153,180.3,7.64,Post-Statcast (2015–2025)
chacijh01,2018,578,156,192.7,7.29,Post-Statcast (2015–2025)
chacijh01,2019,310,101,103.3,8.8,Post-Statcast (2015–2025)
chacijh01,2021,193,47,64.3,6.58,Post-Statcast (2015–2025)
chacijh01,2022,142,37,47.3,7.04,Post-Statcast (2015–2025)
chacosh01,2005,455,79,151.7,4.69,Pre-Statcast (2005–2014)
chacosh01,2006,327,62,109,5.12,Pre-Statcast (2005–2014)
chacosh01,2007,288,79,96,7.41,Pre-Statcast (2005–2014)
chacosh01,2008,257,53,85.7,5.57,Pre-Statcast (2005–2014)
chafian01,2015,225,58,75,6.96,Post-Statcast (2015–2025)
chafian01,2017,154,61,51.3,10.69,Post-Statcast (2015–2025)
chafian01,2018,148,53,49.3,9.67,Post-Statcast (2015–2025)
chafian01,2019,158,68,52.7,11.62,Post-Statcast (2015–2025)
chafian01,2021,206,64,68.7,8.39,Post-Statcast (2015–2025)
chafian01,2022,172,67,57.3,10.52,Post-Statcast (2015–2025)
chafian01,2023,154,63,51.3,11.05,Post-Statcast (2015–2025)
chafian01,2024,169,70,56.3,11.18,Post-Statcast (2015–2025)
chafian01,2025,101,36,33.7,9.62,Post-Statcast (2015–2025)
chambjo03,2008,301,118,100.3,10.58,Pre-Statcast (2005–2014)
chambjo03,2009,472,133,157.3,7.61,Pre-Statcast (2005–2014)
chambjo03,2010,215,77,71.7,9.67,Pre-Statcast (2005–2014)
chambjo03,2013,126,38,42,8.14,Pre-Statcast (2005–2014)
chambjo03,2014,189,59,63,8.43,Pre-Statcast (2005–2014)
chandbu01,2025,94,31,31.3,8.9,Post-Statcast (2015–2025)
chapmar01,2011,150,71,50,12.78,Pre-Statcast (2005–2014)
chapmar01,2012,215,122,71.7,15.32,Pre-Statcast (2005–2014)
chapmar01,2013,191,112,63.7,15.83,Pre-Statcast (2005–2014)
chapmar01,2014,162,106,54,17.67,Pre-Statcast (2005–2014)
chapmar01,2015,199,116,66.3,15.74,Post-Statcast (2015–2025)
chapmar01,2016,174,90,58,13.97,Post-Statcast (2015–2025)
chapmar01,2017,151,69,50.3,12.34,Post-Statcast (2015–2025)
chapmar01,2018,154,93,51.3,16.31,Post-Statcast (2015–2025)
chapmar01,2019,171,85,57,13.42,Post-Statcast (2015–2025)
chapmar01,2021,169,97,56.3,15.5,Post-Statcast (2015–2025)
chapmar01,2022,109,43,36.3,10.65,Post-Statcast (2015–2025)
chapmar01,2023,175,103,58.3,15.89,Post-Statcast (2015–2025)
chapmar01,2024,185,98,61.7,14.3,Post-Statcast (2015–2025)
chapmar01,2025,184,85,61.3,12.47,Post-Statcast (2015–2025)
chargjt01,2018,97,40,32.3,11.13,Post-Statcast (2015–2025)
chargjt01,2021,161,53,53.7,8.89,Post-Statcast (2015–2025)
chargjt01,2023,127,35,42.3,7.44,Post-Statcast (2015–2025)
chargjt01,2024,109,30,36.3,7.43,Post-Statcast (2015–2025)
chatwty01,2011,426,74,142,4.69,Pre-Statcast (2005–2014)
chatwty01,2012,194,41,64.7,5.71,Pre-Statcast (2005–2014)
chatwty01,2013,334,66,111.3,5.34,Pre-Statcast (2005–2014)
chatwty01,2016,474,117,158,6.66,Post-Statcast (2015–2025)
chatwty01,2017,443,120,147.7,7.31,Post-Statcast (2015–2025)
chatwty01,2018,311,85,103.7,7.38,Post-Statcast (2015–2025)
chatwty01,2019,230,74,76.7,8.69,Post-Statcast (2015–2025)
chatwty01,2021,96,38,32,10.69,Post-Statcast (2015–2025)
chaveje01,2009,202,47,67.3,6.28,Pre-Statcast (2005–2014)
chaveje01,2010,188,45,62.7,6.46,Pre-Statcast (2005–2014)
chaveje01,2013,172,55,57.3,8.63,Pre-Statcast (2005–2014)
chaveje01,2014,438,136,146,8.38,Pre-Statcast (2005–2014)
chaveje01,2015,471,136,157,7.8,Post-Statcast (2015–2025)
chaveje01,2016,201,63,67,8.46,Post-Statcast (2015–2025)
chaveje01,2017,414,119,138,7.76,Post-Statcast (2015–2025)
chaveje01,2018,286,92,95.3,8.69,Post-Statcast (2015–2025)
chaveje01,2019,234,72,78,8.31,Post-Statcast (2015–2025)
chaveje01,2021,101,36,33.7,9.62,Post-Statcast (2015–2025)
chaveje01,2022,208,74,69.3,9.61,Post-Statcast (2015–2025)
chaveje01,2023,104,39,34.7,10.12,Post-Statcast (2015–2025)
chaveje01,2024,190,55,63.3,7.82,Post-Statcast (2015–2025)
chenbr01,2005,592,133,197.3,6.07,Pre-Statcast (2005–2014)
chenbr01,2006,296,70,98.7,6.39,Pre-Statcast (2005–2014)
chenbr01,2009,187,45,62.3,6.5,Pre-Statcast (2005–2014)
chenbr01,2010,421,98,140.3,6.29,Pre-Statcast (2005–2014)
chenbr01,2011,465,97,155,5.63,Pre-Statcast (2005–2014)
chenbr01,2012,575,140,191.7,6.57,Pre-Statcast (2005–2014)
chenbr01,2013,363,78,121,5.8,Pre-Statcast (2005–2014)
chenbr01,2014,145,36,48.3,6.7,Pre-Statcast (2005–2014)
chenwe02,2012,578,154,192.7,7.19,Pre-Statcast (2005–2014)
chenwe02,2013,411,104,137,6.83,Pre-Statcast (2005–2014)
chenwe02,2014,557,136,185.7,6.59,Pre-Statcast (2005–2014)
chenwe02,2015,574,153,191.3,7.2,Post-Statcast (2015–2025)
chenwe02,2016,370,100,123.3,7.3,Post-Statcast (2015–2025)
chenwe02,2017,99,25,33,6.82,Post-Statcast (2015–2025)
chenwe02,2018,400,111,133.3,7.49,Post-Statcast (2015–2025)
chenwe02,2019,205,63,68.3,8.3,Post-Statcast (2015–2025)
cherrro01,2007,94,23,31.3,6.61,Pre-Statcast (2005–2014)
chicoma01,2007,501,94,167,5.07,Pre-Statcast (2005–2014)
chicoma01,2008,144,31,48,5.81,Pre-Statcast (2005–2014)
chiriyo01,2018,269,75,89.7,7.53,Post-Statcast (2015–2025)
chiriyo01,2019,400,114,133.3,7.7,Post-Statcast (2015–2025)
chiriyo01,2023,255,53,85,5.61,Post-Statcast (2015–2025)
chiriyo01,2024,90,25,30,7.5,Post-Statcast (2015–2025)
chivian01,2024,95,28,31.7,7.96,Post-Statcast (2015–2025)
chivian01,2025,176,43,58.7,6.6,Post-Statcast (2015–2025)
choatra01,2009,109,28,36.3,6.94,Pre-Statcast (2005–2014)
choatra01,2010,134,40,44.7,8.06,Pre-Statcast (2005–2014)
choatra01,2012,116,38,38.7,8.84,Pre-Statcast (2005–2014)
choatra01,2013,106,28,35.3,7.13,Pre-Statcast (2005–2014)
choatra01,2014,108,32,36,8,Pre-Statcast (2005–2014)
chrisja01,2005,137,21,45.7,4.14,Pre-Statcast (2005–2014)
chulkvi01,2005,216,39,72,4.88,Pre-Statcast (2005–2014)
chulkvi01,2006,139,43,46.3,8.35,Pre-Statcast (2005–2014)
chulkvi01,2007,159,41,53,6.96,Pre-Statcast (2005–2014)
chulkvi01,2008,95,16,31.7,4.55,Pre-Statcast (2005–2014)
cimbead01,2018,205,58,68.3,7.64,Post-Statcast (2015–2025)
cimbead01,2019,170,41,56.7,6.51,Post-Statcast (2015–2025)
cimbead01,2021,215,51,71.7,6.4,Post-Statcast (2015–2025)
cimbead01,2022,212,58,70.7,7.39,Post-Statcast (2015–2025)
cingrto01,2013,314,120,104.7,10.32,Pre-Statcast (2005–2014)
cingrto01,2014,190,61,63.3,8.67,Pre-Statcast (2005–2014)
cingrto01,2015,100,39,33.3,10.53,Post-Statcast (2015–2025)
cingrto01,2016,189,49,63,7,Post-Statcast (2015–2025)
cingrto01,2017,128,52,42.7,10.97,Post-Statcast (2015–2025)
cishest01,2011,164,55,54.7,9.05,Pre-Statcast (2005–2014)
cishest01,2012,191,68,63.7,9.61,Pre-Statcast (2005–2014)
cishest01,2013,209,74,69.7,9.56,Pre-Statcast (2005–2014)
cishest01,2014,196,84,65.3,11.57,Pre-Statcast (2005–2014)
cishest01,2015,166,48,55.3,7.81,Post-Statcast (2015–2025)
cishest01,2016,192,76,64,10.69,Post-Statcast (2015–2025)
cishest01,2017,134,41,44.7,8.26,Post-Statcast (2015–2025)
cishest01,2018,211,78,70.3,9.98,Post-Statcast (2015–2025)
cishest01,2019,192,57,64,8.02,Post-Statcast (2015–2025)
cishest01,2021,205,64,68.3,8.43,Post-Statcast (2015–2025)
cishest01,2022,199,74,66.3,10.04,Post-Statcast (2015–2025)
cisnejo01,2013,131,41,43.7,8.45,Pre-Statcast (2005–2014)
cisnejo01,2019,106,40,35.3,10.19,Post-Statcast (2015–2025)
cisnejo01,2021,185,62,61.7,9.05,Post-Statcast (2015–2025)
cisnejo01,2023,178,70,59.3,10.62,Post-Statcast (2015–2025)
civalaa01,2019,173,46,57.7,7.18,Post-Statcast (2015–2025)
civalaa01,2020,222,69,74,8.39,Post-Statcast (2015–2025)
civalaa01,2021,373,99,124.3,7.17,Post-Statcast (2015–2025)
civalaa01,2022,291,98,97,9.09,Post-Statcast (2015–2025)
civalaa01,2023,367,116,122.3,8.53,Post-Statcast (2015–2025)
civalaa01,2024,483,149,161,8.33,Post-Statcast (2015–2025)
civalaa01,2025,306,88,102,7.76,Post-Statcast (2015–2025)
claibpr01,2013,151,42,50.3,7.51,Pre-Statcast (2005–2014)
clarkta01,2019,254,68,84.7,7.23,Post-Statcast (2015–2025)
clarkta01,2020,130,40,43.3,8.31,Post-Statcast (2015–2025)
clarkta01,2021,130,39,43.3,8.1,Post-Statcast (2015–2025)
clarkta01,2022,147,48,49,8.82,Post-Statcast (2015–2025)
clarkta01,2023,177,65,59,9.92,Post-Statcast (2015–2025)
clarkta01,2025,166,44,55.3,7.16,Post-Statcast (2015–2025)
claseem01,2021,209,74,69.7,9.56,Post-Statcast (2015–2025)
claseem01,2022,218,77,72.7,9.54,Post-Statcast (2015–2025)
claseem01,2023,218,64,72.7,7.93,Post-Statcast (2015–2025)
claseem01,2024,223,66,74.3,7.99,Post-Statcast (2015–2025)
claseem01,2025,142,47,47.3,8.94,Post-Statcast (2015–2025)
claudal01,2016,155,34,51.7,5.92,Post-Statcast (2015–2025)
claudal01,2017,248,56,82.7,6.1,Post-Statcast (2015–2025)
claudal01,2018,205,41,68.3,5.4,Post-Statcast (2015–2025)
claudal01,2019,186,44,62,6.39,Post-Statcast (2015–2025)
claudal01,2021,98,30,32.7,8.27,Post-Statcast (2015–2025)
clausbr01,2005,500,121,166.7,6.53,Pre-Statcast (2005–2014)
clausbr01,2006,231,57,77,6.66,Pre-Statcast (2005–2014)
claysa01,2021,135,34,45,6.8,Post-Statcast (2015–2025)
cleavga01,2024,180,71,60,10.65,Post-Statcast (2015–2025)
cleavga01,2025,184,82,61.3,12.03,Post-Statcast (2015–2025)
clemema01,2005,573,146,191,6.88,Pre-Statcast (2005–2014)
clemema01,2006,196,43,65.3,5.92,Pre-Statcast (2005–2014)
clemepa02,2013,220,49,73.3,6.01,Pre-Statcast (2005–2014)
clemepa02,2016,214,53,71.3,6.69,Post-Statcast (2015–2025)
clemero02,2005,634,185,211.3,7.88,Pre-Statcast (2005–2014)
clemero02,2006,340,102,113.3,8.1,Pre-Statcast (2005–2014)
clemero02,2007,297,68,99,6.18,Pre-Statcast (2005–2014)
clevimi01,2016,159,50,53,8.49,Post-Statcast (2015–2025)
clevimi01,2017,365,137,121.7,10.13,Post-Statcast (2015–2025)
clevimi01,2018,600,207,200,9.31,Post-Statcast (2015–2025)
clevimi01,2019,378,169,126,12.07,Post-Statcast (2015–2025)
clevimi01,2020,125,40,41.7,8.64,Post-Statcast (2015–2025)
clevimi01,2022,343,91,114.3,7.16,Post-Statcast (2015–2025)
clevimi01,2023,394,110,131.3,7.54,Post-Statcast (2015–2025)
clippty01,2009,181,67,60.3,9.99,Pre-Statcast (2005–2014)
clippty01,2010,273,112,91,11.08,Pre-Statcast (2005–2014)
clippty01,2011,265,104,88.3,10.6,Pre-Statcast (2005–2014)
clippty01,2012,218,84,72.7,10.4,Pre-Statcast (2005–2014)
clippty01,2013,213,73,71,9.25,Pre-Statcast (2005–2014)
clippty01,2014,211,82,70.3,10.49,Pre-Statcast (2005–2014)
clippty01,2015,213,64,71,8.11,Post-Statcast (2015–2025)
clippty01,2016,189,72,63,10.29,Post-Statcast (2015–2025)
clippty01,2017,181,72,60.3,10.74,Post-Statcast (2015–2025)
clippty01,2018,206,85,68.7,11.14,Post-Statcast (2015–2025)
clippty01,2019,186,64,62,9.29,Post-Statcast (2015–2025)
cloydty01,2012,99,30,33,8.18,Pre-Statcast (2005–2014)
cloydty01,2013,181,41,60.3,6.12,Pre-Statcast (2005–2014)
cobbal01,2011,158,37,52.7,6.32,Pre-Statcast (2005–2014)
cobbal01,2012,409,106,136.3,7,Pre-Statcast (2005–2014)
cobbal01,2013,430,134,143.3,8.41,Pre-Statcast (2005–2014)
cobbal01,2014,499,149,166.3,8.06,Pre-Statcast (2005–2014)
cobbal01,2017,538,128,179.3,6.42,Post-Statcast (2015–2025)
cobbal01,2018,457,102,152.3,6.03,Post-Statcast (2015–2025)
cobbal01,2020,157,38,52.3,6.54,Post-Statcast (2015–2025)
cobbal01,2021,280,98,93.3,9.45,Post-Statcast (2015–2025)
cobbal01,2022,449,151,149.7,9.08,Post-Statcast (2015–2025)
cobbal01,2023,454,131,151.3,7.79,Post-Statcast (2015–2025)
coffeto01,2005,174,26,58,4.03,Pre-Statcast (2005–2014)
coffeto01,2006,234,60,78,6.92,Pre-Statcast (2005–2014)
coffeto01,2007,153,43,51,7.59,Pre-Statcast (2005–2014)
coffeto01,2009,251,65,83.7,6.99,Pre-Statcast (2005–2014)
coffeto01,2010,187,56,62.3,8.09,Pre-Statcast (2005–2014)
coffeto01,2011,179,46,59.7,6.94,Pre-Statcast (2005–2014)
cokeph01,2009,180,49,60,7.35,Pre-Statcast (2005–2014)
cokeph01,2010,194,53,64.7,7.38,Pre-Statcast (2005–2014)
cokeph01,2011,326,69,108.7,5.71,Pre-Statcast (2005–2014)
cokeph01,2012,162,51,54,8.5,Pre-Statcast (2005–2014)
cokeph01,2013,115,30,38.3,7.04,Pre-Statcast (2005–2014)
cokeph01,2014,174,41,58,6.36,Pre-Statcast (2005–2014)
coleaj01,2016,115,39,38.3,9.16,Post-Statcast (2015–2025)
coleaj01,2017,156,44,52,7.62,Post-Statcast (2015–2025)
coleaj01,2018,145,59,48.3,10.99,Post-Statcast (2015–2025)
colege01,2013,352,100,117.3,7.67,Pre-Statcast (2005–2014)
colege01,2014,414,138,138,9,Pre-Statcast (2005–2014)
colege01,2015,624,202,208,8.74,Post-Statcast (2015–2025)
colege01,2016,348,98,116,7.6,Post-Statcast (2015–2025)
colege01,2017,609,196,203,8.69,Post-Statcast (2015–2025)
colege01,2018,601,276,200.3,12.4,Post-Statcast (2015–2025)
colege01,2019,637,326,212.3,13.82,Post-Statcast (2015–2025)
colege01,2020,219,94,73,11.59,Post-Statcast (2015–2025)
colege01,2021,544,243,181.3,12.06,Post-Statcast (2015–2025)
colege01,2022,602,257,200.7,11.53,Post-Statcast (2015–2025)
colege01,2023,627,222,209,9.56,Post-Statcast (2015–2025)
colege01,2024,285,99,95,9.38,Post-Statcast (2015–2025)
colemca01,2010,171,27,57,4.26,Pre-Statcast (2005–2014)
colemca01,2011,253,75,84.3,8,Pre-Statcast (2005–2014)
colemdy01,2022,204,71,68,9.4,Post-Statcast (2015–2025)
colemlo01,2011,179,64,59.7,9.65,Pre-Statcast (2005–2014)
colemlo01,2012,153,65,51,11.47,Pre-Statcast (2005–2014)
colemlo01,2014,102,24,34,6.35,Pre-Statcast (2005–2014)
colemlo01,2016,144,45,48,8.44,Post-Statcast (2015–2025)
colemlo01,2018,154,41,51.3,7.19,Post-Statcast (2015–2025)
coleta01,2018,108,39,36,9.75,Post-Statcast (2015–2025)
coleta01,2019,155,50,51.7,8.71,Post-Statcast (2015–2025)
colliti01,2011,201,60,67,8.06,Pre-Statcast (2005–2014)
colliti01,2012,209,93,69.7,12.01,Pre-Statcast (2005–2014)
colliti01,2013,160,52,53.3,8.78,Pre-Statcast (2005–2014)
collmjo01,2011,463,100,154.3,5.83,Pre-Statcast (2005–2014)
collmjo01,2012,271,80,90.3,7.97,Pre-Statcast (2005–2014)
collmjo01,2013,276,85,92,8.32,Pre-Statcast (2005–2014)
collmjo01,2014,538,115,179.3,5.77,Pre-Statcast (2005–2014)
collmjo01,2015,363,63,121,4.69,Post-Statcast (2015–2025)
collmjo01,2016,124,33,41.3,7.19,Post-Statcast (2015–2025)
colomal01,2015,329,88,109.7,7.22,Post-Statcast (2015–2025)
colomal01,2016,170,71,56.7,11.28,Post-Statcast (2015–2025)
colomal01,2017,200,58,66.7,7.83,Post-Statcast (2015–2025)
colomal01,2018,204,72,68,9.53,Post-Statcast (2015–2025)
colomal01,2019,183,55,61,8.11,Post-Statcast (2015–2025)
colomal01,2021,195,58,65,8.03,Post-Statcast (2015–2025)
colomal01,2022,141,32,47,6.13,Post-Statcast (2015–2025)
colomje01,2005,136,28,45.3,5.56,Pre-Statcast (2005–2014)
colomje01,2007,198,43,66,5.86,Pre-Statcast (2005–2014)
colomje01,2008,213,55,71,6.97,Pre-Statcast (2005–2014)
colonba01,2005,668,157,222.7,6.35,Pre-Statcast (2005–2014)
colonba01,2006,169,31,56.3,4.95,Pre-Statcast (2005–2014)
colonba01,2007,298,76,99.3,6.89,Pre-Statcast (2005–2014)
colonba01,2008,117,27,39,6.23,Pre-Statcast (2005–2014)
colonba01,2009,187,38,62.3,5.49,Pre-Statcast (2005–2014)
colonba01,2011,493,135,164.3,7.39,Pre-Statcast (2005–2014)
colonba01,2012,457,91,152.3,5.38,Pre-Statcast (2005–2014)
colonba01,2013,571,117,190.3,5.53,Pre-Statcast (2005–2014)
colonba01,2014,607,151,202.3,6.72,Pre-Statcast (2005–2014)
colonba01,2015,584,136,194.7,6.29,Post-Statcast (2015–2025)
colonba01,2016,575,128,191.7,6.01,Post-Statcast (2015–2025)
colonba01,2017,429,89,143,5.6,Post-Statcast (2015–2025)
colonba01,2018,439,81,146.3,4.98,Post-Statcast (2015–2025)
colonro01,2005,208,47,69.3,6.1,Pre-Statcast (2005–2014)
colonro01,2006,116,25,38.7,5.82,Pre-Statcast (2005–2014)
colonro01,2009,151,29,50.3,5.19,Pre-Statcast (2005–2014)
condrcl01,2007,150,27,50,4.86,Pre-Statcast (2005–2014)
condrcl01,2008,207,34,69,4.43,Pre-Statcast (2005–2014)
condrcl01,2009,126,25,42,5.36,Pre-Statcast (2005–2014)
conlead01,2015,201,59,67,7.93,Post-Statcast (2015–2025)
conlead01,2016,400,124,133.3,8.37,Post-Statcast (2015–2025)
conlead01,2017,308,72,102.7,6.31,Post-Statcast (2015–2025)
conlead01,2018,152,50,50.7,8.88,Post-Statcast (2015–2025)
conlead01,2019,182,53,60.7,7.86,Post-Statcast (2015–2025)
contrjo01,2005,614,154,204.7,6.77,Pre-Statcast (2005–2014)
contrjo01,2006,588,134,196,6.15,Pre-Statcast (2005–2014)
contrjo01,2007,567,113,189,5.38,Pre-Statcast (2005–2014)
contrjo01,2008,363,70,121,5.21,Pre-Statcast (2005–2014)
contrjo01,2009,395,106,131.7,7.25,Pre-Statcast (2005–2014)
contrjo01,2010,170,57,56.7,9.05,Pre-Statcast (2005–2014)
contrro01,2022,285,86,95,8.15,Post-Statcast (2015–2025)
contrro01,2023,205,55,68.3,7.24,Post-Statcast (2015–2025)
contrro01,2024,205,56,68.3,7.38,Post-Statcast (2015–2025)
cookaa01,2005,250,24,83.3,2.59,Pre-Statcast (2005–2014)
cookaa01,2006,638,92,212.7,3.89,Pre-Statcast (2005–2014)
cookaa01,2007,498,61,166,3.31,Pre-Statcast (2005–2014)
cookaa01,2008,634,96,211.3,4.09,Pre-Statcast (2005–2014)
cookaa01,2009,474,78,158,4.44,Pre-Statcast (2005–2014)
cookaa01,2010,383,62,127.7,4.37,Pre-Statcast (2005–2014)
cookaa01,2011,291,48,97,4.45,Pre-Statcast (2005–2014)
cookaa01,2012,282,20,94,1.91,Pre-Statcast (2005–2014)
cookry01,2012,220,80,73.3,9.82,Pre-Statcast (2005–2014)
cookry01,2013,202,67,67.3,8.96,Pre-Statcast (2005–2014)
cookry01,2014,150,50,50,9,Pre-Statcast (2005–2014)
cooneti01,2015,94,29,31.3,8.33,Post-Statcast (2015–2025)
coonrsa01,2021,127,48,42.3,10.2,Post-Statcast (2015–2025)
corbipa01,2012,321,86,107,7.23,Pre-Statcast (2005–2014)
corbipa01,2013,625,178,208.3,7.69,Pre-Statcast (2005–2014)
corbipa01,2015,255,78,85,8.26,Post-Statcast (2015–2025)
corbipa01,2016,467,131,155.7,7.57,Post-Statcast (2015–2025)
corbipa01,2017,569,178,189.7,8.45,Post-Statcast (2015–2025)
corbipa01,2018,600,246,200,11.07,Post-Statcast (2015–2025)
corbipa01,2019,606,238,202,10.6,Post-Statcast (2015–2025)
corbipa01,2020,197,60,65.7,8.22,Post-Statcast (2015–2025)
corbipa01,2021,515,143,171.7,7.5,Post-Statcast (2015–2025)
corbipa01,2022,458,128,152.7,7.55,Post-Statcast (2015–2025)
corbipa01,2023,540,124,180,6.2,Post-Statcast (2015–2025)
corbipa01,2024,524,139,174.7,7.16,Post-Statcast (2015–2025)
corbipa01,2025,466,131,155.3,7.59,Post-Statcast (2015–2025)
corcoro01,2008,218,39,72.7,4.83,Pre-Statcast (2005–2014)
corcoti02,2006,271,59,90.3,5.88,Pre-Statcast (2005–2014)
cordech01,2005,223,61,74.3,7.39,Pre-Statcast (2005–2014)
cordech01,2006,220,69,73.3,8.47,Pre-Statcast (2005–2014)
cordech01,2007,225,62,75,7.44,Pre-Statcast (2005–2014)
cordefr01,2005,207,79,69,10.3,Pre-Statcast (2005–2014)
cordefr01,2006,226,84,75.3,10.04,Pre-Statcast (2005–2014)
cordefr01,2007,190,86,63.3,12.22,Pre-Statcast (2005–2014)
cordefr01,2008,211,78,70.3,9.98,Pre-Statcast (2005–2014)
cordefr01,2009,200,58,66.7,7.83,Pre-Statcast (2005–2014)
cordefr01,2010,218,59,72.7,7.31,Pre-Statcast (2005–2014)
cordefr01,2011,209,42,69.7,5.43,Pre-Statcast (2005–2014)
cordefr01,2012,118,31,39.3,7.09,Pre-Statcast (2005–2014)
cordeji01,2019,112,31,37.3,7.47,Post-Statcast (2015–2025)
cordeji01,2023,98,34,32.7,9.37,Post-Statcast (2015–2025)
coreybr01,2006,117,28,39,6.46,Pre-Statcast (2005–2014)
coreybr01,2008,135,22,45,4.4,Pre-Statcast (2005–2014)
cormila01,2005,238,63,79.3,7.15,Pre-Statcast (2005–2014)
cormila01,2006,221,43,73.7,5.25,Pre-Statcast (2005–2014)
cormila01,2007,137,27,45.7,5.32,Pre-Statcast (2005–2014)
cormila01,2008,215,46,71.7,5.78,Pre-Statcast (2005–2014)
cormila01,2009,232,36,77.3,4.19,Pre-Statcast (2005–2014)
cormila01,2010,186,30,62,4.35,Pre-Statcast (2005–2014)
cormirh01,2005,142,34,47.3,6.46,Pre-Statcast (2005–2014)
cormirh01,2006,144,19,48,3.56,Pre-Statcast (2005–2014)
corpama01,2006,97,27,32.3,7.52,Pre-Statcast (2005–2014)
corpama01,2007,234,58,78,6.69,Pre-Statcast (2005–2014)
corpama01,2008,239,50,79.7,5.65,Pre-Statcast (2005–2014)
corpama01,2009,101,24,33.7,6.42,Pre-Statcast (2005–2014)
corpama01,2010,187,47,62.3,6.79,Pre-Statcast (2005–2014)
corpama01,2012,140,28,46.7,5.4,Pre-Statcast (2005–2014)
corpama01,2013,125,30,41.7,6.48,Pre-Statcast (2005–2014)
correke01,2005,175,44,58.3,6.79,Pre-Statcast (2005–2014)
correke01,2006,209,57,69.7,7.36,Pre-Statcast (2005–2014)
correke01,2007,305,80,101.7,7.08,Pre-Statcast (2005–2014)
correke01,2008,330,66,110,5.4,Pre-Statcast (2005–2014)
correke01,2009,594,142,198,6.45,Pre-Statcast (2005–2014)
correke01,2010,435,115,145,7.14,Pre-Statcast (2005–2014)
correke01,2011,462,77,154,4.5,Pre-Statcast (2005–2014)
correke01,2012,513,89,171,4.68,Pre-Statcast (2005–2014)
correke01,2013,556,101,185.3,4.9,Pre-Statcast (2005–2014)
correke01,2014,462,79,154,4.62,Pre-Statcast (2005–2014)
corteda01,2005,158,36,52.7,6.15,Pre-Statcast (2005–2014)
cortene01,2019,200,69,66.7,9.31,Post-Statcast (2015–2025)
cortene01,2021,279,103,93,9.97,Post-Statcast (2015–2025)
cortene01,2022,475,163,158.3,9.27,Post-Statcast (2015–2025)
cortene01,2023,190,67,63.3,9.52,Post-Statcast (2015–2025)
cortene01,2024,523,162,174.3,8.36,Post-Statcast (2015–2025)
cortene01,2025,103,29,34.3,7.6,Post-Statcast (2015–2025)
cosarja01,2013,180,33,60,4.95,Pre-Statcast (2005–2014)
cosarja01,2014,541,115,180.3,5.74,Pre-Statcast (2005–2014)
cosarja01,2015,209,47,69.7,6.07,Post-Statcast (2015–2025)
cosarja01,2016,171,38,57,6,Post-Statcast (2015–2025)
cosgrto01,2023,154,44,51.3,7.71,Post-Statcast (2015–2025)
cottojh01,2017,387,105,129,7.33,Post-Statcast (2015–2025)
cottojh01,2021,92,30,30.7,8.8,Post-Statcast (2015–2025)
cottojh01,2022,129,39,43,8.16,Post-Statcast (2015–2025)
cottsne01,2005,181,58,60.3,8.65,Pre-Statcast (2005–2014)
cottsne01,2006,162,43,54,7.17,Pre-Statcast (2005–2014)
cottsne01,2008,107,43,35.7,10.85,Pre-Statcast (2005–2014)
cottsne01,2013,171,65,57,10.26,Pre-Statcast (2005–2014)
cottsne01,2014,200,63,66.7,8.5,Pre-Statcast (2005–2014)
cottsne01,2015,190,58,63.3,8.24,Post-Statcast (2015–2025)
couloda01,2016,143,54,47.7,10.2,Post-Statcast (2015–2025)
couloda01,2017,155,39,51.7,6.79,Post-Statcast (2015–2025)
couloda01,2021,103,33,34.3,8.65,Post-Statcast (2015–2025)
couloda01,2023,154,58,51.3,10.17,Post-Statcast (2015–2025)
couloda01,2025,129,43,43,9,Post-Statcast (2015–2025)
cousija01,2021,90,44,30,13.2,Post-Statcast (2015–2025)
cousija01,2024,114,53,38,12.55,Post-Statcast (2015–2025)
coutljo01,2007,123,38,41,8.34,Pre-Statcast (2005–2014)
coveydy01,2017,210,41,70,5.27,Post-Statcast (2015–2025)
coveydy01,2018,365,91,121.7,6.73,Post-Statcast (2015–2025)
coveydy01,2019,176,41,58.7,6.29,Post-Statcast (2015–2025)
coveydy01,2023,129,30,43,6.28,Post-Statcast (2015–2025)
coxau01,2023,107,33,35.7,8.33,Post-Statcast (2015–2025)
crainje01,2005,239,25,79.7,2.82,Pre-Statcast (2005–2014)
crainje01,2006,230,60,76.7,7.04,Pre-Statcast (2005–2014)
crainje01,2008,188,50,62.7,7.18,Pre-Statcast (2005–2014)
crainje01,2009,155,43,51.7,7.49,Pre-Statcast (2005–2014)
crainje01,2010,204,62,68,8.21,Pre-Statcast (2005–2014)
crainje01,2011,196,70,65.3,9.64,Pre-Statcast (2005–2014)
crainje01,2012,144,60,48,11.25,Pre-Statcast (2005–2014)
crainje01,2013,110,46,36.7,11.29,Pre-Statcast (2005–2014)
cravyty01,2015,128,35,42.7,7.38,Post-Statcast (2015–2025)
crawfku01,2022,232,77,77.3,8.96,Post-Statcast (2015–2025)
crawfku01,2023,388,135,129.3,9.39,Post-Statcast (2015–2025)
crawfku01,2024,551,175,183.7,8.58,Post-Statcast (2015–2025)
crichst01,2019,91,33,30.3,9.79,Post-Statcast (2015–2025)
crickky01,2017,97,28,32.3,7.79,Post-Statcast (2015–2025)
crickky01,2018,181,65,60.3,9.7,Post-Statcast (2015–2025)
crickky01,2019,147,61,49,11.2,Post-Statcast (2015–2025)
crismna01,2021,244,71,81.3,7.86,Post-Statcast (2015–2025)
crismna01,2022,202,65,67.3,8.69,Post-Statcast (2015–2025)
crismna01,2025,102,25,34,6.62,Post-Statcast (2015–2025)
criswco01,2023,99,27,33,7.36,Post-Statcast (2015–2025)
criswco01,2024,298,73,99.3,6.61,Post-Statcast (2015–2025)
crochga01,2021,163,65,54.3,10.77,Post-Statcast (2015–2025)
crochga01,2024,438,209,146,12.88,Post-Statcast (2015–2025)
crochga01,2025,616,255,205.3,11.18,Post-Statcast (2015–2025)
crockky01,2014,90,28,30,8.4,Pre-Statcast (2005–2014)
cronide01,2024,211,72,70.3,9.21,Post-Statcast (2015–2025)
crowaa01,2011,186,65,62,9.44,Pre-Statcast (2005–2014)
crowaa01,2012,194,65,64.7,9.05,Pre-Statcast (2005–2014)
crowaa01,2013,144,44,48,8.25,Pre-Statcast (2005–2014)
crowaa01,2014,177,34,59,5.19,Pre-Statcast (2005–2014)
crowewi01,2021,350,111,116.7,8.56,Post-Statcast (2015–2025)
crowewi01,2022,228,68,76,8.05,Post-Statcast (2015–2025)
cruzfe01,2023,198,98,66,13.36,Post-Statcast (2015–2025)
cruzfe01,2024,200,109,66.7,14.71,Post-Statcast (2015–2025)
cruzfe01,2025,144,72,48,13.5,Post-Statcast (2015–2025)
cruzju02,2005,98,34,32.7,9.37,Pre-Statcast (2005–2014)
cruzju02,2006,284,88,94.7,8.37,Pre-Statcast (2005–2014)
cruzju02,2007,183,87,61,12.84,Pre-Statcast (2005–2014)
cruzju02,2008,155,71,51.7,12.37,Pre-Statcast (2005–2014)
cruzju02,2009,151,38,50.3,6.79,Pre-Statcast (2005–2014)
cruzju02,2011,146,46,48.7,8.51,Pre-Statcast (2005–2014)
cruzju02,2012,107,33,35.7,8.33,Pre-Statcast (2005–2014)
cruzrh01,2012,165,46,55,7.53,Pre-Statcast (2005–2014)
cruzst01,2025,137,38,45.7,7.49,Post-Statcast (2015–2025)
cuasjo01,2022,113,34,37.7,8.12,Post-Statcast (2015–2025)
cuasjo01,2023,196,71,65.3,9.78,Post-Statcast (2015–2025)
cuetojo01,2008,522,158,174,8.17,Pre-Statcast (2005–2014)
cuetojo01,2009,514,132,171.3,6.93,Pre-Statcast (2005–2014)
cuetojo01,2010,557,138,185.7,6.69,Pre-Statcast (2005–2014)
cuetojo01,2011,468,104,156,6,Pre-Statcast (2005–2014)
cuetojo01,2012,651,170,217,7.05,Pre-Statcast (2005–2014)
cuetojo01,2013,182,51,60.7,7.57,Pre-Statcast (2005–2014)
cuetojo01,2014,731,242,243.7,8.94,Pre-Statcast (2005–2014)
cuetojo01,2015,636,176,212,7.47,Post-Statcast (2015–2025)
cuetojo01,2016,659,198,219.7,8.11,Post-Statcast (2015–2025)
cuetojo01,2017,442,136,147.3,8.31,Post-Statcast (2015–2025)
cuetojo01,2018,159,38,53,6.45,Post-Statcast (2015–2025)
cuetojo01,2020,190,56,63.3,7.96,Post-Statcast (2015–2025)
cuetojo01,2021,344,98,114.7,7.69,Post-Statcast (2015–2025)
cuetojo01,2022,475,102,158.3,5.8,Post-Statcast (2015–2025)
cuetojo01,2023,157,39,52.3,6.71,Post-Statcast (2015–2025)
cumptbr01,2013,92,22,30.7,6.46,Pre-Statcast (2005–2014)
cumptbr01,2014,210,46,70,5.91,Pre-Statcast (2005–2014)
cunnibr02,2015,105,37,35,9.51,Post-Statcast (2015–2025)
curryxz01,2023,285,67,95,6.35,Post-Statcast (2015–2025)
curryxz01,2024,128,28,42.7,5.91,Post-Statcast (2015–2025)
curtijo02,2021,133,44,44.3,8.93,Post-Statcast (2015–2025)
curtijo02,2025,110,24,36.7,5.89,Post-Statcast (2015–2025)
daleyma01,2009,153,55,51,9.71,Pre-Statcast (2005–2014)
danaca01,2025,97,33,32.3,9.19,Post-Statcast (2015–2025)
danieda01,2024,91,28,30.3,8.31,Post-Statcast (2015–2025)
danisty01,2022,121,32,40.3,7.14,Post-Statcast (2015–2025)
danksjo01,2007,417,109,139,7.06,Pre-Statcast (2005–2014)
danksjo01,2008,585,159,195,7.34,Pre-Statcast (2005–2014)
danksjo01,2009,601,149,200.3,6.69,Pre-Statcast (2005–2014)
danksjo01,2010,639,162,213,6.85,Pre-Statcast (2005–2014)
danksjo01,2011,511,135,170.3,7.13,Pre-Statcast (2005–2014)
danksjo01,2012,161,30,53.7,5.03,Pre-Statcast (2005–2014)
danksjo01,2013,415,89,138.3,5.79,Pre-Statcast (2005–2014)
danksjo01,2014,581,129,193.7,5.99,Pre-Statcast (2005–2014)
danksjo01,2015,533,124,177.7,6.28,Post-Statcast (2015–2025)
darviyu01,2012,574,221,191.3,10.4,Pre-Statcast (2005–2014)
darviyu01,2013,629,277,209.7,11.89,Pre-Statcast (2005–2014)
darviyu01,2014,433,182,144.3,11.35,Pre-Statcast (2005–2014)
darviyu01,2016,301,132,100.3,11.84,Post-Statcast (2015–2025)
darviyu01,2017,560,209,186.7,10.08,Post-Statcast (2015–2025)
darviyu01,2018,120,49,40,11.03,Post-Statcast (2015–2025)
darviyu01,2019,536,229,178.7,11.54,Post-Statcast (2015–2025)
darviyu01,2020,228,93,76,11.01,Post-Statcast (2015–2025)
darviyu01,2021,499,199,166.3,10.77,Post-Statcast (2015–2025)
darviyu01,2022,584,197,194.7,9.11,Post-Statcast (2015–2025)
darviyu01,2023,409,141,136.3,9.31,Post-Statcast (2015–2025)
darviyu01,2024,245,78,81.7,8.6,Post-Statcast (2015–2025)
darviyu01,2025,216,68,72,8.5,Post-Statcast (2015–2025)
davidtu01,2022,156,33,52,5.71,Post-Statcast (2015–2025)
davidtu01,2023,154,46,51.3,8.06,Post-Statcast (2015–2025)
davieky01,2005,263,62,87.7,6.37,Pre-Statcast (2005–2014)
davieky01,2006,190,51,63.3,7.25,Pre-Statcast (2005–2014)
davieky01,2007,408,99,136,6.55,Pre-Statcast (2005–2014)
davieky01,2008,339,71,113,5.65,Pre-Statcast (2005–2014)
davieky01,2009,369,86,123,6.29,Pre-Statcast (2005–2014)
davieky01,2010,551,126,183.7,6.17,Pre-Statcast (2005–2014)
davieky01,2011,184,50,61.3,7.34,Pre-Statcast (2005–2014)
davieza01,2015,102,24,34,6.35,Post-Statcast (2015–2025)
davieza01,2016,490,135,163.3,7.44,Post-Statcast (2015–2025)
davieza01,2017,574,124,191.3,5.83,Post-Statcast (2015–2025)
davieza01,2018,198,49,66,6.68,Post-Statcast (2015–2025)
davieza01,2019,479,102,159.7,5.75,Post-Statcast (2015–2025)
davieza01,2020,208,63,69.3,8.18,Post-Statcast (2015–2025)
davieza01,2021,444,114,148,6.93,Post-Statcast (2015–2025)
davieza01,2022,403,102,134.3,6.83,Post-Statcast (2015–2025)
davieza01,2023,247,72,82.3,7.87,Post-Statcast (2015–2025)
davisau01,2018,104,38,34.7,9.87,Post-Statcast (2015–2025)
davisau01,2022,168,64,56,10.29,Post-Statcast (2015–2025)
davisdo02,2005,668,208,222.7,8.41,Pre-Statcast (2005–2014)
davisdo02,2006,610,159,203.3,7.04,Pre-Statcast (2005–2014)
davisdo02,2007,578,144,192.7,6.73,Pre-Statcast (2005–2014)
davisdo02,2008,438,112,146,6.9,Pre-Statcast (2005–2014)
davisdo02,2009,610,146,203.3,6.46,Pre-Statcast (2005–2014)
davisdo02,2010,115,34,38.3,7.98,Pre-Statcast (2005–2014)
davisdo02,2011,137,36,45.7,7.09,Pre-Statcast (2005–2014)
davisja02,2005,121,32,40.3,7.14,Pre-Statcast (2005–2014)
davisja02,2006,166,37,55.3,6.02,Pre-Statcast (2005–2014)
davisja02,2007,111,19,37,4.62,Pre-Statcast (2005–2014)
davisja02,2008,102,13,34,3.44,Pre-Statcast (2005–2014)
davisno01,2023,90,26,30,7.8,Post-Statcast (2015–2025)
daviswa01,2009,109,36,36.3,8.92,Pre-Statcast (2005–2014)
daviswa01,2010,504,113,168,6.05,Pre-Statcast (2005–2014)
daviswa01,2011,552,105,184,5.14,Pre-Statcast (2005–2014)
daviswa01,2012,211,87,70.3,11.13,Pre-Statcast (2005–2014)
daviswa01,2013,406,114,135.3,7.58,Pre-Statcast (2005–2014)
daviswa01,2014,216,109,72,13.62,Pre-Statcast (2005–2014)
daviswa01,2015,202,78,67.3,10.43,Post-Statcast (2015–2025)
daviswa01,2016,130,47,43.3,9.76,Post-Statcast (2015–2025)
daviswa01,2017,176,79,58.7,12.12,Post-Statcast (2015–2025)
daviswa01,2018,196,78,65.3,10.74,Post-Statcast (2015–2025)
daviswa01,2019,128,42,42.7,8.86,Post-Statcast (2015–2025)
daviswa01,2021,128,38,42.7,8.02,Post-Statcast (2015–2025)
dayza01,2005,142,23,47.3,4.37,Pre-Statcast (2005–2014)
dayza01,2006,120,19,40,4.27,Pre-Statcast (2005–2014)
deanpa02,2016,202,50,67.3,6.68,Post-Statcast (2015–2025)
dedunsa01,2012,237,57,79,6.49,Pre-Statcast (2005–2014)
dedunsa01,2013,324,67,108,5.58,Pre-Statcast (2005–2014)
dedunsa01,2014,302,83,100.7,7.42,Pre-Statcast (2005–2014)
defraju01,2013,140,42,46.7,8.1,Pre-Statcast (2005–2014)
defraju01,2014,158,49,52.7,8.37,Pre-Statcast (2005–2014)
defraju01,2015,240,68,80,7.65,Post-Statcast (2015–2025)
degeubr01,2021,150,41,50,7.38,Post-Statcast (2015–2025)
degroja01,2014,421,144,140.3,9.24,Pre-Statcast (2005–2014)
degroja01,2015,573,205,191,9.66,Post-Statcast (2015–2025)
degroja01,2016,444,143,148,8.7,Post-Statcast (2015–2025)
degroja01,2017,604,239,201.3,10.68,Post-Statcast (2015–2025)
degroja01,2018,651,269,217,11.16,Post-Statcast (2015–2025)
degroja01,2019,612,255,204,11.25,Post-Statcast (2015–2025)
degroja01,2020,204,104,68,13.76,Post-Statcast (2015–2025)
degroja01,2021,276,146,92,14.28,Post-Statcast (2015–2025)
degroja01,2022,193,102,64.3,14.27,Post-Statcast (2015–2025)
degroja01,2023,91,45,30.3,13.35,Post-Statcast (2015–2025)
degroja01,2025,518,185,172.7,9.64,Post-Statcast (2015–2025)
dejeami01,2005,187,52,62.3,7.51,Pre-Statcast (2005–2014)
dejonch01,2021,131,39,43.7,8.04,Post-Statcast (2015–2025)
dejonch01,2022,215,59,71.7,7.41,Post-Statcast (2015–2025)
delabst01,2012,198,92,66,12.55,Pre-Statcast (2005–2014)
delabst01,2013,176,82,58.7,12.58,Pre-Statcast (2005–2014)
delacjo01,2016,188,37,62.7,5.31,Post-Statcast (2015–2025)
delarda01,2013,217,65,72.3,8.09,Pre-Statcast (2005–2014)
delareu01,2014,110,32,36.7,7.85,Pre-Statcast (2005–2014)
delarjo01,2005,127,42,42.3,8.93,Pre-Statcast (2005–2014)
delarjo01,2006,237,67,79,7.63,Pre-Statcast (2005–2014)
delarjo01,2007,390,82,130,5.68,Pre-Statcast (2005–2014)
delarjo01,2008,390,128,130,8.86,Pre-Statcast (2005–2014)
delarjo01,2009,555,193,185,9.39,Pre-Statcast (2005–2014)
delarjo01,2010,365,113,121.7,8.36,Pre-Statcast (2005–2014)
delarjo01,2011,177,52,59,7.93,Pre-Statcast (2005–2014)
delarjo01,2013,503,112,167.7,6.01,Pre-Statcast (2005–2014)
delarjo01,2014,553,139,184.3,6.79,Pre-Statcast (2005–2014)
delarjo01,2015,447,134,149,8.09,Post-Statcast (2015–2025)
delarjo01,2016,402,108,134,7.25,Post-Statcast (2015–2025)
delarjo01,2017,154,45,51.3,7.89,Post-Statcast (2015–2025)
delarjo01,2018,168,47,56,7.55,Post-Statcast (2015–2025)
delarru01,2011,182,60,60.7,8.9,Pre-Statcast (2005–2014)
delarru01,2014,305,74,101.7,6.55,Pre-Statcast (2005–2014)
delarru01,2015,566,150,188.7,7.16,Post-Statcast (2015–2025)
delarru01,2016,152,54,50.7,9.59,Post-Statcast (2015–2025)
delcama01,2006,160,45,53.3,7.59,Pre-Statcast (2005–2014)
delcama01,2007,132,41,44,8.39,Pre-Statcast (2005–2014)
delcama01,2008,223,72,74.3,8.72,Pre-Statcast (2005–2014)
delcama01,2009,179,44,59.7,6.64,Pre-Statcast (2005–2014)
delcama01,2010,157,38,52.3,6.54,Pre-Statcast (2005–2014)
delgara01,2011,105,18,35,4.63,Pre-Statcast (2005–2014)
delgara01,2012,278,76,92.7,7.38,Pre-Statcast (2005–2014)
delgara01,2013,349,79,116.3,6.11,Pre-Statcast (2005–2014)
delgara01,2014,233,86,77.7,9.97,Pre-Statcast (2005–2014)
delgara01,2015,216,73,72,9.12,Post-Statcast (2015–2025)
delgara01,2016,225,68,75,8.16,Post-Statcast (2015–2025)
delgara01,2017,188,60,62.7,8.62,Post-Statcast (2015–2025)
delosen01,2021,106,48,35.3,12.23,Post-Statcast (2015–2025)
delosen01,2022,160,61,53.3,10.29,Post-Statcast (2015–2025)
delosen01,2023,197,62,65.7,8.5,Post-Statcast (2015–2025)
delosen01,2024,192,66,64,9.28,Post-Statcast (2015–2025)
delosen01,2025,198,62,66,8.45,Post-Statcast (2015–2025)
delosfa01,2011,100,43,33.3,11.61,Pre-Statcast (2005–2014)
delosye01,2025,107,28,35.7,7.07,Post-Statcast (2015–2025)
delroen01,2011,159,31,53,5.26,Pre-Statcast (2005–2014)
demelsa01,2010,111,33,37,8.03,Pre-Statcast (2005–2014)
dempsry01,2005,276,89,92,8.71,Pre-Statcast (2005–2014)
dempsry01,2006,225,67,75,8.04,Pre-Statcast (2005–2014)
dempsry01,2007,200,55,66.7,7.42,Pre-Statcast (2005–2014)
dempsry01,2008,620,187,206.7,8.14,Pre-Statcast (2005–2014)
dempsry01,2009,600,172,200,7.74,Pre-Statcast (2005–2014)
dempsry01,2010,646,208,215.3,8.69,Pre-Statcast (2005–2014)
dempsry01,2011,607,191,202.3,8.5,Pre-Statcast (2005–2014)
dempsry01,2012,519,153,173,7.96,Pre-Statcast (2005–2014)
dempsry01,2013,514,157,171.3,8.25,Pre-Statcast (2005–2014)
desclan01,2014,99,26,33,7.09,Pre-Statcast (2005–2014)
desclan01,2015,554,151,184.7,7.36,Post-Statcast (2015–2025)
desclan01,2016,370,105,123.3,7.66,Post-Statcast (2015–2025)
desclan01,2018,345,108,115,8.45,Post-Statcast (2015–2025)
desclan01,2019,500,167,166.7,9.02,Post-Statcast (2015–2025)
desclan01,2020,101,25,33.7,6.68,Post-Statcast (2015–2025)
desclan01,2021,503,152,167.7,8.16,Post-Statcast (2015–2025)
desclan01,2023,299,79,99.7,7.13,Post-Statcast (2015–2025)
desclan01,2025,116,36,38.7,8.38,Post-Statcast (2015–2025)
despaod01,2014,289,65,96.3,6.07,Pre-Statcast (2005–2014)
despaod01,2015,377,69,125.7,4.94,Post-Statcast (2015–2025)
despaod01,2016,91,17,30.3,5.04,Post-Statcast (2015–2025)
despaod01,2017,175,31,58.3,4.78,Post-Statcast (2015–2025)
despaod01,2018,117,35,39,8.08,Post-Statcast (2015–2025)
desseel01,2005,197,37,65.7,5.07,Pre-Statcast (2005–2014)
desseel01,2006,231,52,77,6.08,Pre-Statcast (2005–2014)
desseel01,2007,102,22,34,5.82,Pre-Statcast (2005–2014)
desseel01,2009,98,14,32.7,3.86,Pre-Statcast (2005–2014)
desseel01,2010,141,16,47,3.06,Pre-Statcast (2005–2014)
detmere01,2022,387,122,129,8.51,Post-Statcast (2015–2025)
detmere01,2023,446,168,148.7,10.17,Post-Statcast (2015–2025)
detmere01,2024,262,109,87.3,11.23,Post-Statcast (2015–2025)
detmere01,2025,191,80,63.7,11.31,Post-Statcast (2015–2025)
detwiro01,2009,227,43,75.7,5.11,Pre-Statcast (2005–2014)
detwiro01,2011,198,41,66,5.59,Pre-Statcast (2005–2014)
detwiro01,2012,493,105,164.3,5.75,Pre-Statcast (2005–2014)
detwiro01,2013,214,39,71.3,4.92,Pre-Statcast (2005–2014)
detwiro01,2014,189,39,63,5.57,Pre-Statcast (2005–2014)
detwiro01,2015,175,41,58.3,6.33,Post-Statcast (2015–2025)
detwiro01,2016,146,26,48.7,4.81,Post-Statcast (2015–2025)
detwiro01,2019,209,46,69.7,5.94,Post-Statcast (2015–2025)
detwiro01,2021,157,62,52.3,10.66,Post-Statcast (2015–2025)
devench02,2016,325,104,108.3,8.64,Post-Statcast (2015–2025)
devench02,2017,242,100,80.7,11.16,Post-Statcast (2015–2025)
devench02,2018,142,51,47.3,9.7,Post-Statcast (2015–2025)
devench02,2019,207,72,69,9.39,Post-Statcast (2015–2025)
devench02,2023,127,42,42.3,8.93,Post-Statcast (2015–2025)
devinjo01,2008,137,49,45.7,9.66,Pre-Statcast (2005–2014)
devrico01,2012,263,58,87.7,5.95,Pre-Statcast (2005–2014)
diamosc01,2011,117,19,39,4.38,Pre-Statcast (2005–2014)
diamosc01,2012,519,90,173,4.68,Pre-Statcast (2005–2014)
diamosc01,2013,393,52,131,3.57,Pre-Statcast (2005–2014)
diazal03,2022,191,83,63.7,11.73,Post-Statcast (2015–2025)
diazal03,2023,202,86,67.3,11.5,Post-Statcast (2015–2025)
diazal03,2024,169,55,56.3,8.79,Post-Statcast (2015–2025)
diazed04,2016,155,88,51.7,15.33,Post-Statcast (2015–2025)
diazed04,2017,198,89,66,12.14,Post-Statcast (2015–2025)
diazed04,2018,220,124,73.3,15.22,Post-Statcast (2015–2025)
diazed04,2019,174,99,58,15.36,Post-Statcast (2015–2025)
diazed04,2021,188,89,62.7,12.78,Post-Statcast (2015–2025)
diazed04,2022,186,118,62,17.13,Post-Statcast (2015–2025)
diazed04,2024,161,84,53.7,14.09,Post-Statcast (2015–2025)
diazed04,2025,199,98,66.3,13.3,Post-Statcast (2015–2025)
diazja01,2019,173,63,57.7,9.83,Post-Statcast (2015–2025)
diazju03,2014,104,37,34.7,9.61,Pre-Statcast (2005–2014)
diazju03,2015,181,70,60.3,10.44,Post-Statcast (2015–2025)
diazju03,2016,129,37,43,7.74,Post-Statcast (2015–2025)
diazju03,2017,90,28,30,8.4,Post-Statcast (2015–2025)
diazmi02,2017,125,33,41.7,7.13,Post-Statcast (2015–2025)
diazmi02,2021,126,46,42,9.86,Post-Statcast (2015–2025)
dickera01,2008,337,58,112.3,4.65,Pre-Statcast (2005–2014)
dickera01,2009,193,42,64.3,5.88,Pre-Statcast (2005–2014)
dickera01,2010,523,104,174.3,5.37,Pre-Statcast (2005–2014)
dickera01,2011,626,134,208.7,5.78,Pre-Statcast (2005–2014)
dickera01,2012,701,230,233.7,8.86,Pre-Statcast (2005–2014)
dickera01,2013,674,177,224.7,7.09,Pre-Statcast (2005–2014)
dickera01,2014,647,173,215.7,7.22,Pre-Statcast (2005–2014)
dickera01,2015,643,126,214.3,5.29,Post-Statcast (2015–2025)
dickera01,2016,509,126,169.7,6.68,Post-Statcast (2015–2025)
dickera01,2017,570,136,190,6.44,Post-Statcast (2015–2025)
diekmja01,2013,115,41,38.3,9.63,Pre-Statcast (2005–2014)
diekmja01,2014,213,100,71,12.68,Pre-Statcast (2005–2014)
diekmja01,2015,175,69,58.3,10.65,Post-Statcast (2015–2025)
diekmja01,2016,159,59,53,10.02,Post-Statcast (2015–2025)
diekmja01,2018,160,66,53.3,11.14,Post-Statcast (2015–2025)
diekmja01,2019,186,84,62,12.19,Post-Statcast (2015–2025)
diekmja01,2021,182,83,60.7,12.31,Post-Statcast (2015–2025)
diekmja01,2022,173,79,57.7,12.33,Post-Statcast (2015–2025)
diekmja01,2023,170,64,56.7,10.16,Post-Statcast (2015–2025)
diekmja01,2024,96,40,32,11.25,Post-Statcast (2015–2025)
difelma01,2009,155,48,51.7,8.36,Pre-Statcast (2005–2014)
dillati01,2012,111,29,37,7.05,Pre-Statcast (2005–2014)
dinarle01,2006,117,17,39,3.92,Pre-Statcast (2005–2014)
dinarle01,2007,394,59,131.3,4.04,Pre-Statcast (2005–2014)
dingmcr01,2005,96,24,32,6.75,Pre-Statcast (2005–2014)
diplama01,2021,90,24,30,7.2,Post-Statcast (2015–2025)
dobbihu01,2025,183,45,61,6.64,Post-Statcast (2015–2025)
dobnara01,2020,140,27,46.7,5.21,Post-Statcast (2015–2025)
dobnara01,2021,152,27,50.7,4.8,Post-Statcast (2015–2025)
dodddy01,2023,103,15,34.3,3.93,Post-Statcast (2015–2025)
dodddy01,2025,105,30,35,7.71,Post-Statcast (2015–2025)
dohmasc01,2005,93,35,31,10.16,Pre-Statcast (2005–2014)
dohmasc01,2006,145,44,48.3,8.19,Pre-Statcast (2005–2014)
dohmasc01,2007,98,26,32.7,7.16,Pre-Statcast (2005–2014)
dolisra01,2012,114,24,38,5.68,Pre-Statcast (2005–2014)
dolisra01,2021,96,39,32,10.97,Post-Statcast (2015–2025)
dollach01,2025,294,82,98,7.53,Post-Statcast (2015–2025)
dolsifr01,2008,143,29,47.7,5.48,Pre-Statcast (2005–2014)
dominjo01,2016,107,20,35.7,5.05,Post-Statcast (2015–2025)
dominju01,2005,211,45,70.3,5.76,Pre-Statcast (2005–2014)
dominse01,2018,174,74,58,11.48,Post-Statcast (2015–2025)
dominse01,2022,153,61,51,10.76,Post-Statcast (2015–2025)
dominse01,2023,150,48,50,8.64,Post-Statcast (2015–2025)
dominse01,2024,176,68,58.7,10.43,Post-Statcast (2015–2025)
dominse01,2025,188,79,62.7,11.35,Post-Statcast (2015–2025)
donnebr01,2005,196,53,65.3,7.3,Pre-Statcast (2005–2014)
donnebr01,2006,192,53,64,7.45,Pre-Statcast (2005–2014)
donnebr01,2010,92,26,30.7,7.63,Pre-Statcast (2005–2014)
doolise01,2012,142,60,47.3,11.41,Pre-Statcast (2005–2014)
doolise01,2013,207,60,69,7.83,Pre-Statcast (2005–2014)
doolise01,2014,188,89,62.7,12.78,Pre-Statcast (2005–2014)
doolise01,2016,117,45,39,10.38,Post-Statcast (2015–2025)
doolise01,2017,154,62,51.3,10.87,Post-Statcast (2015–2025)
doolise01,2018,135,60,45,12,Post-Statcast (2015–2025)
doolise01,2019,180,66,60,9.9,Post-Statcast (2015–2025)
doolise01,2021,149,53,49.7,9.6,Post-Statcast (2015–2025)
doteloc01,2007,92,41,30.7,12.03,Pre-Statcast (2005–2014)
doteloc01,2008,201,92,67,12.36,Pre-Statcast (2005–2014)
doteloc01,2009,187,75,62.3,10.83,Pre-Statcast (2005–2014)
doteloc01,2010,192,75,64,10.55,Pre-Statcast (2005–2014)
doteloc01,2011,162,62,54,10.33,Pre-Statcast (2005–2014)
doteloc01,2012,174,62,58,9.62,Pre-Statcast (2005–2014)
doubrfe01,2012,483,167,161,9.34,Pre-Statcast (2005–2014)
doubrfe01,2013,487,139,162.3,7.71,Pre-Statcast (2005–2014)
doubrfe01,2014,239,51,79.7,5.76,Pre-Statcast (2005–2014)
doubrfe01,2015,226,56,75.3,6.69,Post-Statcast (2015–2025)
douglse01,2005,262,55,87.3,5.67,Pre-Statcast (2005–2014)
dovalca01,2022,203,80,67.7,10.64,Post-Statcast (2015–2025)
dovalca01,2023,203,87,67.7,11.57,Post-Statcast (2015–2025)
dovalca01,2024,177,78,59,11.9,Post-Statcast (2015–2025)
dovalca01,2025,196,72,65.3,9.92,Post-Statcast (2015–2025)
downsda02,2013,106,37,35.3,9.42,Pre-Statcast (2005–2014)
downsda02,2014,104,27,34.7,7.01,Pre-Statcast (2005–2014)
downssc01,2005,282,75,94,7.18,Pre-Statcast (2005–2014)
downssc01,2006,231,61,77,7.13,Pre-Statcast (2005–2014)
downssc01,2007,174,57,58,8.84,Pre-Statcast (2005–2014)
downssc01,2008,212,57,70.7,7.26,Pre-Statcast (2005–2014)
downssc01,2009,140,43,46.7,8.29,Pre-Statcast (2005–2014)
downssc01,2010,184,48,61.3,7.04,Pre-Statcast (2005–2014)
downssc01,2011,161,35,53.7,5.87,Pre-Statcast (2005–2014)
downssc01,2012,137,32,45.7,6.31,Pre-Statcast (2005–2014)
downssc01,2013,130,37,43.3,7.68,Pre-Statcast (2005–2014)
downssc01,2014,114,25,38,5.92,Pre-Statcast (2005–2014)
drabeky01,2011,236,51,78.7,5.83,Pre-Statcast (2005–2014)
drabeky01,2012,214,47,71.3,5.93,Pre-Statcast (2005–2014)
drakeol01,2017,168,62,56,9.96,Post-Statcast (2015–2025)
drakeol01,2018,143,51,47.7,9.63,Post-Statcast (2015–2025)
drakeol01,2019,168,70,56,11.25,Post-Statcast (2015–2025)
dresery01,2005,388,46,129.3,3.2,Pre-Statcast (2005–2014)
dreyeja01,2025,229,74,76.3,8.72,Post-Statcast (2015–2025)
duartda01,2023,95,23,31.7,6.54,Post-Statcast (2015–2025)
dubinsh01,2024,136,49,45.3,9.73,Post-Statcast (2015–2025)
dubinsh01,2025,101,28,33.7,7.49,Post-Statcast (2015–2025)
duchsju01,2005,257,85,85.7,8.93,Pre-Statcast (2005–2014)
duchsju01,2006,167,51,55.7,8.25,Pre-Statcast (2005–2014)
duchsju01,2008,425,95,141.7,6.04,Pre-Statcast (2005–2014)
duckwbr01,2006,137,27,45.7,5.32,Pre-Statcast (2005–2014)
duckwbr01,2007,140,21,46.7,4.05,Pre-Statcast (2005–2014)
duckwbr01,2008,114,20,38,4.74,Pre-Statcast (2005–2014)
duensbr01,2009,252,53,84,5.68,Pre-Statcast (2005–2014)
duensbr01,2010,392,78,130.7,5.37,Pre-Statcast (2005–2014)
duensbr01,2011,485,115,161.7,6.4,Pre-Statcast (2005–2014)
duensbr01,2012,327,69,109,5.7,Pre-Statcast (2005–2014)
duensbr01,2013,183,56,61,8.26,Pre-Statcast (2005–2014)
duensbr01,2014,163,33,54.3,5.47,Pre-Statcast (2005–2014)
duensbr01,2015,146,24,48.7,4.44,Post-Statcast (2015–2025)
duensbr01,2017,187,61,62.3,8.81,Post-Statcast (2015–2025)
duensbr01,2018,113,24,37.7,5.73,Post-Statcast (2015–2025)
duffety01,2015,174,53,58,8.22,Post-Statcast (2015–2025)
duffety01,2016,399,114,133,7.71,Post-Statcast (2015–2025)
duffety01,2017,213,67,71,8.49,Post-Statcast (2015–2025)
duffety01,2019,173,82,57.7,12.8,Post-Statcast (2015–2025)
duffety01,2021,187,61,62.3,8.81,Post-Statcast (2015–2025)
duffety01,2022,132,39,44,7.98,Post-Statcast (2015–2025)
duffyda01,2011,316,87,105.3,7.43,Pre-Statcast (2005–2014)
duffyda01,2014,448,113,149.3,6.81,Pre-Statcast (2005–2014)
duffyda01,2015,410,102,136.7,6.72,Post-Statcast (2015–2025)
duffyda01,2016,539,188,179.7,9.42,Post-Statcast (2015–2025)
duffyda01,2017,439,130,146.3,8,Post-Statcast (2015–2025)
duffyda01,2018,465,141,155,8.19,Post-Statcast (2015–2025)
duffyda01,2019,392,115,130.7,7.92,Post-Statcast (2015–2025)
duffyda01,2020,169,57,56.3,9.11,Post-Statcast (2015–2025)
duffyda01,2021,183,65,61,9.59,Post-Statcast (2015–2025)
duggero01,2019,103,25,34.3,6.55,Post-Statcast (2015–2025)
dukeza01,2005,254,58,84.7,6.17,Pre-Statcast (2005–2014)
dukeza01,2006,646,117,215.3,4.89,Pre-Statcast (2005–2014)
dukeza01,2007,322,41,107.3,3.44,Pre-Statcast (2005–2014)
dukeza01,2008,555,87,185,4.23,Pre-Statcast (2005–2014)
dukeza01,2009,639,106,213,4.48,Pre-Statcast (2005–2014)
dukeza01,2010,477,96,159,5.43,Pre-Statcast (2005–2014)
dukeza01,2011,230,32,76.7,3.76,Pre-Statcast (2005–2014)
dukeza01,2013,94,18,31.3,5.17,Pre-Statcast (2005–2014)
dukeza01,2014,176,74,58.7,11.35,Pre-Statcast (2005–2014)
dukeza01,2015,182,66,60.7,9.79,Post-Statcast (2015–2025)
dukeza01,2016,183,68,61,10.03,Post-Statcast (2015–2025)
dukeza01,2018,156,51,52,8.83,Post-Statcast (2015–2025)
dullry01,2016,223,73,74.3,8.84,Post-Statcast (2015–2025)
dullry01,2017,126,45,42,9.64,Post-Statcast (2015–2025)
dumatph01,2008,236,52,78.7,5.95,Pre-Statcast (2005–2014)
dumatph01,2011,124,29,41.3,6.31,Pre-Statcast (2005–2014)
dunnida01,2020,102,35,34,9.26,Post-Statcast (2015–2025)
dunnida01,2021,353,114,117.7,8.72,Post-Statcast (2015–2025)
dunnida01,2022,460,137,153.3,8.04,Post-Statcast (2015–2025)
dunnida01,2023,518,140,172.7,7.3,Post-Statcast (2015–2025)
dunnida01,2024,285,91,95,8.62,Post-Statcast (2015–2025)
dunnju01,2020,137,38,45.7,7.49,Post-Statcast (2015–2025)
dunnju01,2021,151,49,50.3,8.76,Post-Statcast (2015–2025)
dunnju01,2022,93,21,31,6.1,Post-Statcast (2015–2025)
dunnmi01,2011,189,68,63,9.71,Pre-Statcast (2005–2014)
dunnmi01,2012,132,47,44,9.61,Pre-Statcast (2005–2014)
dunnmi01,2013,203,72,67.7,9.58,Pre-Statcast (2005–2014)
dunnmi01,2014,171,67,57,10.58,Pre-Statcast (2005–2014)
dunnmi01,2015,162,65,54,10.83,Post-Statcast (2015–2025)
dunnmi01,2016,127,38,42.3,8.08,Post-Statcast (2015–2025)
dunnmi01,2017,151,57,50.3,10.19,Post-Statcast (2015–2025)
duplajo01,2019,110,34,36.7,8.35,Post-Statcast (2015–2025)
duranjh01,2022,203,89,67.7,11.84,Post-Statcast (2015–2025)
duranjh01,2023,187,84,62.3,12.13,Post-Statcast (2015–2025)
duranjh01,2024,163,66,54.3,10.93,Post-Statcast (2015–2025)
duranjh01,2025,210,80,70,10.29,Post-Statcast (2015–2025)
durbich01,2007,383,66,127.7,4.65,Pre-Statcast (2005–2014)
durbich01,2008,263,63,87.7,6.47,Pre-Statcast (2005–2014)
durbich01,2009,209,62,69.7,8.01,Pre-Statcast (2005–2014)
durbich01,2010,206,63,68.7,8.26,Pre-Statcast (2005–2014)
durbich01,2011,205,59,68.3,7.77,Pre-Statcast (2005–2014)
durbich01,2012,183,49,61,7.23,Pre-Statcast (2005–2014)
durbijd01,2007,196,40,65.3,5.51,Pre-Statcast (2005–2014)
dysonsa01,2014,126,33,42,7.07,Pre-Statcast (2005–2014)
dysonsa01,2015,226,71,75.3,8.48,Post-Statcast (2015–2025)
dysonsa01,2016,211,55,70.3,7.04,Post-Statcast (2015–2025)
dysonsa01,2017,164,34,54.7,5.6,Post-Statcast (2015–2025)
dysonsa01,2018,211,56,70.3,7.17,Post-Statcast (2015–2025)
dysonsa01,2019,187,55,62.3,7.94,Post-Statcast (2015–2025)
eatonad01,2005,386,100,128.7,6.99,Pre-Statcast (2005–2014)
eatonad01,2006,195,43,65,5.95,Pre-Statcast (2005–2014)
eatonad01,2007,485,97,161.7,5.4,Pre-Statcast (2005–2014)
eatonad01,2008,321,57,107,4.79,Pre-Statcast (2005–2014)
eatonad01,2009,147,35,49,6.43,Pre-Statcast (2005–2014)
edginjo01,2017,111,27,37,6.57,Post-Statcast (2015–2025)
edwarca01,2016,108,52,36,13,Post-Statcast (2015–2025)
edwarca01,2017,199,94,66.3,12.75,Post-Statcast (2015–2025)
edwarca01,2018,156,67,52,11.6,Post-Statcast (2015–2025)
edwarca01,2022,186,56,62,8.13,Post-Statcast (2015–2025)
edwarca01,2023,95,24,31.7,6.82,Post-Statcast (2015–2025)
effrosc01,2022,170,62,56.7,9.85,Post-Statcast (2015–2025)
eflinza01,2016,190,31,63.3,4.41,Post-Statcast (2015–2025)
eflinza01,2017,193,35,64.3,4.9,Post-Statcast (2015–2025)
eflinza01,2018,384,123,128,8.65,Post-Statcast (2015–2025)
eflinza01,2019,490,129,163.3,7.11,Post-Statcast (2015–2025)
eflinza01,2020,177,70,59,10.68,Post-Statcast (2015–2025)
eflinza01,2021,317,99,105.7,8.43,Post-Statcast (2015–2025)
eflinza01,2022,227,65,75.7,7.73,Post-Statcast (2015–2025)
eflinza01,2023,533,186,177.7,9.42,Post-Statcast (2015–2025)
eflinza01,2024,496,134,165.3,7.29,Post-Statcast (2015–2025)
eflinza01,2025,214,50,71.3,6.31,Post-Statcast (2015–2025)
eickhje01,2015,153,49,51,8.65,Post-Statcast (2015–2025)
eickhje01,2016,592,167,197.3,7.62,Post-Statcast (2015–2025)
eickhje01,2017,384,118,128,8.3,Post-Statcast (2015–2025)
eickhje01,2019,175,51,58.3,7.87,Post-Statcast (2015–2025)
eischjo01,2005,109,30,36.3,7.43,Pre-Statcast (2005–2014)
eiserbr01,2025,209,74,69.7,9.56,Post-Statcast (2015–2025)
elartsc01,2005,545,103,181.7,5.1,Pre-Statcast (2005–2014)
elartsc01,2006,344,49,114.7,3.85,Pre-Statcast (2005–2014)
elartsc01,2007,111,13,37,3.16,Pre-Statcast (2005–2014)
elbersc01,2011,100,34,33.3,9.18,Pre-Statcast (2005–2014)
elbersc01,2012,98,29,32.7,7.99,Pre-Statcast (2005–2014)
elderbr01,2022,162,47,54,7.83,Post-Statcast (2015–2025)
elderbr01,2023,524,128,174.7,6.6,Post-Statcast (2015–2025)
elderbr01,2024,149,46,49.7,8.34,Post-Statcast (2015–2025)
elderbr01,2025,469,131,156.3,7.54,Post-Statcast (2015–2025)
eldreca01,2005,111,29,37,7.05,Pre-Statcast (2005–2014)
eliasro01,2014,491,143,163.7,7.86,Pre-Statcast (2005–2014)
eliasro01,2015,346,97,115.3,7.57,Post-Statcast (2015–2025)
eliasro01,2018,153,34,51,6,Post-Statcast (2015–2025)
eliasro01,2019,150,47,50,8.46,Post-Statcast (2015–2025)
ellinbr02,2016,99,32,33,8.73,Post-Statcast (2015–2025)
ellinbr02,2017,134,48,44.7,9.67,Post-Statcast (2015–2025)
elyjo01,2010,300,76,100,6.84,Pre-Statcast (2005–2014)
embreal01,2005,156,38,52,6.58,Pre-Statcast (2005–2014)
embreal01,2006,157,53,52.3,9.11,Pre-Statcast (2005–2014)
embreal01,2007,204,51,68,6.75,Pre-Statcast (2005–2014)
embreal01,2008,185,57,61.7,8.32,Pre-Statcast (2005–2014)
englema01,2023,168,41,56,6.59,Post-Statcast (2015–2025)
englema01,2025,134,44,44.7,8.87,Post-Statcast (2015–2025)
ennsdi01,2025,139,49,46.3,9.52,Post-Statcast (2015–2025)
enrigba01,2010,297,49,99,4.45,Pre-Statcast (2005–2014)
enrigba01,2011,113,21,37.7,5.02,Pre-Statcast (2005–2014)
enrigni01,2025,93,30,31,8.71,Post-Statcast (2015–2025)
eovalna01,2011,104,23,34.7,5.97,Pre-Statcast (2005–2014)
eovalna01,2012,358,78,119.3,5.88,Pre-Statcast (2005–2014)
eovalna01,2013,319,78,106.3,6.6,Pre-Statcast (2005–2014)
eovalna01,2014,599,142,199.7,6.4,Pre-Statcast (2005–2014)
eovalna01,2015,463,121,154.3,7.06,Post-Statcast (2015–2025)
eovalna01,2016,374,97,124.7,7,Post-Statcast (2015–2025)
eovalna01,2018,333,101,111,8.19,Post-Statcast (2015–2025)
eovalna01,2019,203,70,67.7,9.31,Post-Statcast (2015–2025)
eovalna01,2020,145,52,48.3,9.68,Post-Statcast (2015–2025)
eovalna01,2021,547,195,182.3,9.63,Post-Statcast (2015–2025)
eovalna01,2022,328,103,109.3,8.48,Post-Statcast (2015–2025)
eovalna01,2023,432,132,144,8.25,Post-Statcast (2015–2025)
eovalna01,2024,512,166,170.7,8.75,Post-Statcast (2015–2025)
eovalna01,2025,390,129,130,8.93,Post-Statcast (2015–2025)
eppleco01,2012,138,32,46,6.26,Pre-Statcast (2005–2014)
erceglu01,2023,165,68,55,11.13,Post-Statcast (2015–2025)
erceglu01,2024,185,72,61.7,10.51,Post-Statcast (2015–2025)
erceglu01,2025,184,48,61.3,7.04,Post-Statcast (2015–2025)
ericksc01,2005,166,15,55.3,2.44,Pre-Statcast (2005–2014)
erlinro01,2013,164,40,54.7,6.59,Pre-Statcast (2005–2014)
erlinro01,2014,184,46,61.3,6.75,Pre-Statcast (2005–2014)
erlinro01,2018,327,88,109,7.27,Post-Statcast (2015–2025)
erlinro01,2019,166,52,55.3,8.46,Post-Statcast (2015–2025)
escaled01,2013,138,34,46,6.65,Pre-Statcast (2005–2014)
escobke01,2005,179,63,59.7,9.5,Pre-Statcast (2005–2014)
escobke01,2006,568,147,189.3,6.99,Pre-Statcast (2005–2014)
escobke01,2007,587,160,195.7,7.36,Pre-Statcast (2005–2014)
eshelto01,2019,108,22,36,5.5,Post-Statcast (2015–2025)
eshelto01,2020,104,16,34.7,4.15,Post-Statcast (2015–2025)
espinpa01,2021,329,92,109.7,7.55,Post-Statcast (2015–2025)
espinpa01,2022,340,92,113.3,7.31,Post-Statcast (2015–2025)
estesjo01,2024,383,92,127.7,6.49,Post-Statcast (2015–2025)
estessh01,2005,371,63,123.7,4.58,Pre-Statcast (2005–2014)
estessh01,2008,131,19,43.7,3.92,Pre-Statcast (2005–2014)
estevca01,2016,165,59,55,9.65,Post-Statcast (2015–2025)
estevca01,2017,97,31,32.3,8.63,Post-Statcast (2015–2025)
estevca01,2019,216,81,72,10.12,Post-Statcast (2015–2025)
estevca01,2021,185,60,61.7,8.76,Post-Statcast (2015–2025)
estevca01,2022,171,54,57,8.53,Post-Statcast (2015–2025)
estevca01,2023,187,78,62.3,11.26,Post-Statcast (2015–2025)
estevca01,2024,165,50,55,8.18,Post-Statcast (2015–2025)
estevca01,2025,198,54,66,7.36,Post-Statcast (2015–2025)
estraje01,2024,183,94,61,13.87,Post-Statcast (2015–2025)
estraje01,2025,219,108,73,13.32,Post-Statcast (2015–2025)
estrama01,2011,278,88,92.7,8.55,Pre-Statcast (2005–2014)
estrama01,2012,415,143,138.3,9.3,Pre-Statcast (2005–2014)
estrama01,2013,384,118,128,8.3,Pre-Statcast (2005–2014)
estrama01,2014,452,127,150.7,7.59,Pre-Statcast (2005–2014)
estrama01,2015,543,131,181,6.51,Post-Statcast (2015–2025)
estrama01,2016,528,165,176,8.44,Post-Statcast (2015–2025)
estrama01,2017,558,176,186,8.52,Post-Statcast (2015–2025)
estrama01,2018,431,103,143.7,6.45,Post-Statcast (2015–2025)
evanslo01,2025,244,59,81.3,6.53,Post-Statcast (2015–2025)
evelada01,2005,95,23,31.7,6.54,Pre-Statcast (2005–2014)
evelada01,2008,504,118,168,6.32,Pre-Statcast (2005–2014)
evelada01,2009,132,22,44,4.5,Pre-Statcast (2005–2014)
evelada01,2010,163,24,54.3,3.98,Pre-Statcast (2005–2014)
evelada01,2012,97,18,32.3,5.01,Pre-Statcast (2005–2014)
eyresc01,2005,205,65,68.3,8.56,Pre-Statcast (2005–2014)
eyresc01,2006,184,73,61.3,10.71,Pre-Statcast (2005–2014)
eyresc01,2007,157,45,52.3,7.74,Pre-Statcast (2005–2014)
eyresc01,2009,90,22,30,6.6,Pre-Statcast (2005–2014)
eyrewi01,2006,178,26,59.3,3.94,Pre-Statcast (2005–2014)
eyrewi01,2007,204,42,68,5.56,Pre-Statcast (2005–2014)
faedoal01,2022,161,44,53.7,7.38,Post-Statcast (2015–2025)
faedoal01,2023,194,58,64.7,8.07,Post-Statcast (2015–2025)
faedoal01,2024,172,55,57.3,8.63,Post-Statcast (2015–2025)
fairbpe01,2021,128,56,42.7,11.81,Post-Statcast (2015–2025)
fairbpe01,2023,136,68,45.3,13.5,Post-Statcast (2015–2025)
fairbpe01,2024,136,44,45.3,8.74,Post-Statcast (2015–2025)
fairbpe01,2025,181,59,60.3,8.8,Post-Statcast (2015–2025)
falteba01,2021,101,34,33.7,9.09,Post-Statcast (2015–2025)
falteba01,2022,252,74,84,7.93,Post-Statcast (2015–2025)
falteba01,2023,242,60,80.7,6.69,Post-Statcast (2015–2025)
falteba01,2024,427,97,142.3,6.13,Post-Statcast (2015–2025)
falteba01,2025,376,81,125.3,5.82,Post-Statcast (2015–2025)
familje01,2014,232,73,77.3,8.5,Pre-Statcast (2005–2014)
familje01,2015,234,86,78,9.92,Post-Statcast (2015–2025)
familje01,2016,233,84,77.7,9.73,Post-Statcast (2015–2025)
familje01,2018,216,83,72,10.38,Post-Statcast (2015–2025)
familje01,2019,180,63,60,9.45,Post-Statcast (2015–2025)
familje01,2021,178,72,59.3,10.92,Post-Statcast (2015–2025)
familje01,2022,133,41,44.3,8.32,Post-Statcast (2015–2025)
fariaja01,2017,260,84,86.7,8.72,Post-Statcast (2015–2025)
fariaja01,2018,195,50,65,6.92,Post-Statcast (2015–2025)
fariaja01,2021,98,32,32.7,8.82,Post-Statcast (2015–2025)
farmebu01,2015,121,24,40.3,5.36,Post-Statcast (2015–2025)
farmebu01,2017,144,49,48,9.19,Post-Statcast (2015–2025)
farmebu01,2018,208,57,69.3,7.4,Post-Statcast (2015–2025)
farmebu01,2019,203,73,67.7,9.71,Post-Statcast (2015–2025)
farmebu01,2021,106,37,35.3,9.42,Post-Statcast (2015–2025)
farmebu01,2022,141,54,47,10.34,Post-Statcast (2015–2025)
farmebu01,2023,225,70,75,8.4,Post-Statcast (2015–2025)
farmebu01,2024,213,70,71,8.87,Post-Statcast (2015–2025)
farnsky01,2005,210,87,70,11.19,Pre-Statcast (2005–2014)
farnsky01,2006,198,75,66,10.23,Pre-Statcast (2005–2014)
farnsky01,2007,180,48,60,7.2,Pre-Statcast (2005–2014)
farnsky01,2008,181,61,60.3,9.1,Pre-Statcast (2005–2014)
farnsky01,2009,112,42,37.3,10.12,Pre-Statcast (2005–2014)
farnsky01,2010,194,61,64.7,8.49,Pre-Statcast (2005–2014)
farnsky01,2011,173,51,57.7,7.96,Pre-Statcast (2005–2014)
farnsky01,2013,115,28,38.3,6.57,Pre-Statcast (2005–2014)
farquda01,2013,167,79,55.7,12.77,Pre-Statcast (2005–2014)
farquda01,2014,213,81,71,10.27,Pre-Statcast (2005–2014)
farquda01,2015,153,48,51,8.47,Post-Statcast (2015–2025)
farquda01,2016,106,46,35.3,11.72,Post-Statcast (2015–2025)
farquda01,2017,148,45,49.3,8.21,Post-Statcast (2015–2025)
farrelu01,2018,94,39,31.3,11.2,Post-Statcast (2015–2025)
fasseje01,2005,273,60,91,5.93,Pre-Statcast (2005–2014)
fauchca01,2024,161,63,53.7,10.57,Post-Statcast (2015–2025)
fauchca01,2025,181,59,60.3,8.8,Post-Statcast (2015–2025)
feddeer01,2018,151,46,50.3,8.23,Post-Statcast (2015–2025)
feddeer01,2019,234,41,78,4.73,Post-Statcast (2015–2025)
feddeer01,2020,151,28,50.3,5.01,Post-Statcast (2015–2025)
feddeer01,2021,400,128,133.3,8.64,Post-Statcast (2015–2025)
feddeer01,2022,381,94,127,6.66,Post-Statcast (2015–2025)
feddeer01,2024,532,154,177.3,7.82,Post-Statcast (2015–2025)
feddeer01,2025,423,83,141,5.3,Post-Statcast (2015–2025)
feierry01,2007,148,27,49.3,4.93,Pre-Statcast (2005–2014)
feierry01,2008,119,26,39.7,5.9,Pre-Statcast (2005–2014)
feldmsc01,2006,124,30,41.3,6.53,Pre-Statcast (2005–2014)
feldmsc01,2007,117,19,39,4.38,Pre-Statcast (2005–2014)
feldmsc01,2008,454,74,151.3,4.4,Pre-Statcast (2005–2014)
feldmsc01,2009,569,113,189.7,5.36,Pre-Statcast (2005–2014)
feldmsc01,2010,424,75,141.3,4.78,Pre-Statcast (2005–2014)
feldmsc01,2011,96,22,32,6.19,Pre-Statcast (2005–2014)
feldmsc01,2012,371,96,123.7,6.99,Pre-Statcast (2005–2014)
feldmsc01,2013,545,132,181.7,6.54,Pre-Statcast (2005–2014)
feldmsc01,2014,541,107,180.3,5.34,Pre-Statcast (2005–2014)
feldmsc01,2015,325,61,108.3,5.07,Post-Statcast (2015–2025)
feldmsc01,2016,231,56,77,6.55,Post-Statcast (2015–2025)
feldmsc01,2017,334,93,111.3,7.52,Post-Statcast (2015–2025)
felicpe01,2006,181,54,60.3,8.06,Pre-Statcast (2005–2014)
felicpe01,2007,192,61,64,8.58,Pre-Statcast (2005–2014)
felicpe01,2008,160,50,53.3,8.44,Pre-Statcast (2005–2014)
felicpe01,2009,178,59,59.3,8.95,Pre-Statcast (2005–2014)
felicpe01,2010,188,56,62.7,8.04,Pre-Statcast (2005–2014)
felizmi01,2016,195,95,65,13.15,Post-Statcast (2015–2025)
felizmi01,2017,144,70,48,13.12,Post-Statcast (2015–2025)
felizmi01,2018,143,55,47.7,10.38,Post-Statcast (2015–2025)
felizmi01,2019,169,73,56.3,11.66,Post-Statcast (2015–2025)
felizne01,2009,93,39,31,11.32,Pre-Statcast (2005–2014)
felizne01,2010,208,71,69.3,9.22,Pre-Statcast (2005–2014)
felizne01,2011,187,54,62.3,7.8,Pre-Statcast (2005–2014)
felizne01,2012,128,37,42.7,7.8,Pre-Statcast (2005–2014)
felizne01,2014,95,21,31.7,5.97,Pre-Statcast (2005–2014)
felizne01,2015,144,39,48,7.31,Post-Statcast (2015–2025)
felizne01,2016,161,61,53.7,10.23,Post-Statcast (2015–2025)
felizne01,2017,138,37,46,7.24,Post-Statcast (2015–2025)
feltnry01,2022,292,84,97.3,7.77,Post-Statcast (2015–2025)
feltnry01,2023,130,38,43.3,7.89,Post-Statcast (2015–2025)
feltnry01,2024,487,138,162.3,7.65,Post-Statcast (2015–2025)
feltnry01,2025,91,25,30.3,7.42,Post-Statcast (2015–2025)
ferguca01,2018,147,59,49,10.84,Post-Statcast (2015–2025)
ferguca01,2019,134,54,44.7,10.88,Post-Statcast (2015–2025)
ferguca01,2022,104,37,34.7,9.61,Post-Statcast (2015–2025)
ferguca01,2023,181,70,60.3,10.44,Post-Statcast (2015–2025)
ferguca01,2024,163,67,54.3,11.1,Post-Statcast (2015–2025)
ferguca01,2025,196,51,65.3,7.03,Post-Statcast (2015–2025)
ferguty01,2024,154,62,51.3,10.87,Post-Statcast (2015–2025)
ferguty01,2025,174,54,58,8.38,Post-Statcast (2015–2025)
fermijo02,2025,103,39,34.3,10.22,Post-Statcast (2015–2025)
fernajo02,2013,518,187,172.7,9.75,Pre-Statcast (2005–2014)
fernajo02,2014,155,70,51.7,12.19,Pre-Statcast (2005–2014)
fernajo02,2015,194,79,64.7,10.99,Post-Statcast (2015–2025)
fernajo02,2016,547,253,182.3,12.49,Post-Statcast (2015–2025)
fernary01,2024,200,71,66.7,9.58,Post-Statcast (2015–2025)
fernary01,2025,91,34,30.3,10.09,Post-Statcast (2015–2025)
ferrejo01,2023,102,25,34,6.62,Post-Statcast (2015–2025)
ferrejo01,2024,96,25,32,7.03,Post-Statcast (2015–2025)
ferrejo01,2025,229,71,76.3,8.37,Post-Statcast (2015–2025)
festada01,2024,193,77,64.3,10.77,Post-Statcast (2015–2025)
festada01,2025,160,53,53.3,8.94,Post-Statcast (2015–2025)
festama01,2022,162,64,54,10.67,Post-Statcast (2015–2025)
festama01,2025,164,56,54.7,9.22,Post-Statcast (2015–2025)
feyerjo01,2021,168,53,56,8.52,Post-Statcast (2015–2025)
fieldjo03,2013,114,40,38,9.47,Pre-Statcast (2005–2014)
fieldjo03,2014,164,70,54.7,11.52,Pre-Statcast (2005–2014)
fieldjo03,2015,152,67,50.7,11.9,Post-Statcast (2015–2025)
fieldjo03,2016,105,42,35,10.8,Post-Statcast (2015–2025)
fieldjo03,2017,171,60,57,9.47,Post-Statcast (2015–2025)
fieldjo03,2018,123,33,41,7.24,Post-Statcast (2015–2025)
fienca01,2012,105,32,35,8.23,Pre-Statcast (2005–2014)
fienca01,2013,186,73,62,10.6,Pre-Statcast (2005–2014)
fienca01,2014,190,51,63.3,7.25,Pre-Statcast (2005–2014)
fienca01,2015,190,41,63.3,5.83,Post-Statcast (2015–2025)
fienca01,2016,118,35,39.3,8.01,Post-Statcast (2015–2025)
fiersmi01,2012,383,135,127.7,9.52,Pre-Statcast (2005–2014)
fiersmi01,2014,215,76,71.7,9.54,Pre-Statcast (2005–2014)
fiersmi01,2015,541,180,180.3,8.98,Post-Statcast (2015–2025)
fiersmi01,2016,506,134,168.7,7.15,Post-Statcast (2015–2025)
fiersmi01,2017,460,146,153.3,8.57,Post-Statcast (2015–2025)
fiersmi01,2018,516,139,172,7.27,Post-Statcast (2015–2025)
fiersmi01,2019,554,126,184.7,6.14,Post-Statcast (2015–2025)
fiersmi01,2020,177,37,59,5.64,Post-Statcast (2015–2025)
fifest01,2013,175,45,58.3,6.94,Pre-Statcast (2005–2014)
figaral01,2013,222,54,74,6.57,Pre-Statcast (2005–2014)
figuene01,2008,136,36,45.3,7.15,Pre-Statcast (2005–2014)
figuene01,2009,211,59,70.3,7.55,Pre-Statcast (2005–2014)
figuene01,2010,279,73,93,7.06,Pre-Statcast (2005–2014)
fillmhe01,2018,247,57,82.3,6.23,Post-Statcast (2015–2025)
finnebr01,2015,144,45,48,8.44,Post-Statcast (2015–2025)
finnebr01,2016,516,145,172,7.59,Post-Statcast (2015–2025)
finneky01,2021,198,68,66,9.27,Post-Statcast (2015–2025)
finneky01,2022,200,70,66.7,9.45,Post-Statcast (2015–2025)
finneky01,2023,208,63,69.3,8.18,Post-Statcast (2015–2025)
finneky01,2024,191,60,63.7,8.48,Post-Statcast (2015–2025)
finneky01,2025,171,55,57,8.68,Post-Statcast (2015–2025)
fishebr02,2025,150,62,50,11.16,Post-Statcast (2015–2025)
fisheca01,2009,157,48,52.3,8.25,Pre-Statcast (2005–2014)
fistedo01,2009,183,36,61,5.31,Pre-Statcast (2005–2014)
fistedo01,2010,513,93,171,4.89,Pre-Statcast (2005–2014)
fistedo01,2011,649,146,216.3,6.07,Pre-Statcast (2005–2014)
fistedo01,2012,485,137,161.7,7.63,Pre-Statcast (2005–2014)
fistedo01,2013,626,159,208.7,6.86,Pre-Statcast (2005–2014)
fistedo01,2014,492,98,164,5.38,Pre-Statcast (2005–2014)
fistedo01,2015,309,63,103,5.5,Post-Statcast (2015–2025)
fistedo01,2016,541,115,180.3,5.74,Post-Statcast (2015–2025)
fistedo01,2017,271,83,90.3,8.27,Post-Statcast (2015–2025)
fistedo01,2018,198,40,66,5.45,Post-Statcast (2015–2025)
fittsri01,2025,135,40,45,8,Post-Statcast (2015–2025)
flaheja01,2018,453,182,151,10.85,Post-Statcast (2015–2025)
flaheja01,2019,589,231,196.3,10.59,Post-Statcast (2015–2025)
flaheja01,2020,121,49,40.3,10.93,Post-Statcast (2015–2025)
flaheja01,2021,235,85,78.3,9.77,Post-Statcast (2015–2025)
flaheja01,2022,108,33,36,8.25,Post-Statcast (2015–2025)
flaheja01,2023,433,148,144.3,9.23,Post-Statcast (2015–2025)
flaheja01,2024,486,194,162,10.78,Post-Statcast (2015–2025)
flaheja01,2025,483,188,161,10.51,Post-Statcast (2015–2025)
flandyo01,2014,177,34,59,5.19,Pre-Statcast (2005–2014)
flandyo01,2015,205,43,68.3,5.66,Post-Statcast (2015–2025)
flemijo01,2020,97,25,32.3,6.96,Post-Statcast (2015–2025)
flemijo01,2021,313,65,104.3,5.61,Post-Statcast (2015–2025)
flemijo01,2022,105,29,35,7.46,Post-Statcast (2015–2025)
flemijo01,2023,155,25,51.7,4.35,Post-Statcast (2015–2025)
flemijo01,2024,94,17,31.3,4.88,Post-Statcast (2015–2025)
flexech01,2017,144,36,48,6.75,Post-Statcast (2015–2025)
flexech01,2021,539,125,179.7,6.26,Post-Statcast (2015–2025)
flexech01,2022,413,95,137.7,6.21,Post-Statcast (2015–2025)
flexech01,2023,307,74,102.3,6.51,Post-Statcast (2015–2025)
flexech01,2024,480,123,160,6.92,Post-Statcast (2015–2025)
flexech01,2025,131,22,43.7,4.53,Post-Statcast (2015–2025)
florera01,2005,125,43,41.7,9.29,Pre-Statcast (2005–2014)
florera01,2006,125,40,41.7,8.64,Pre-Statcast (2005–2014)
florera01,2007,165,47,55,7.69,Pre-Statcast (2005–2014)
florera01,2010,93,20,31,5.81,Pre-Statcast (2005–2014)
florody01,2018,192,58,64,8.16,Post-Statcast (2015–2025)
florody01,2019,140,42,46.7,8.1,Post-Statcast (2015–2025)
florody01,2021,192,62,64,8.72,Post-Statcast (2015–2025)
florody01,2022,161,48,53.7,8.05,Post-Statcast (2015–2025)
florody01,2023,170,58,56.7,9.21,Post-Statcast (2015–2025)
florody01,2024,206,48,68.7,6.29,Post-Statcast (2015–2025)
floydga01,2006,163,34,54.3,5.63,Pre-Statcast (2005–2014)
floydga01,2007,210,49,70,6.3,Pre-Statcast (2005–2014)
floydga01,2008,619,145,206.3,6.32,Pre-Statcast (2005–2014)
floydga01,2009,579,163,193,7.6,Pre-Statcast (2005–2014)
floydga01,2010,562,151,187.3,7.25,Pre-Statcast (2005–2014)
floydga01,2011,581,151,193.7,7.02,Pre-Statcast (2005–2014)
floydga01,2012,504,144,168,7.71,Pre-Statcast (2005–2014)
floydga01,2014,163,45,54.3,7.45,Pre-Statcast (2005–2014)
floydga01,2016,93,30,31,8.71,Post-Statcast (2015–2025)
fluhama01,2025,158,56,52.7,9.57,Post-Statcast (2015–2025)
flynnbr01,2016,166,44,55.3,7.16,Post-Statcast (2015–2025)
flynnbr01,2018,227,47,75.7,5.59,Post-Statcast (2015–2025)
foggjo01,2005,508,85,169.3,4.52,Pre-Statcast (2005–2014)
foggjo01,2006,516,93,172,4.87,Pre-Statcast (2005–2014)
foggjo01,2007,497,94,165.7,5.11,Pre-Statcast (2005–2014)
foggjo01,2008,235,45,78.3,5.17,Pre-Statcast (2005–2014)
foggjo01,2009,137,27,45.7,5.32,Pre-Statcast (2005–2014)
foleyja01,2022,181,43,60.3,6.41,Post-Statcast (2015–2025)
foleyja01,2023,207,55,69,7.17,Post-Statcast (2015–2025)
foleyja01,2024,180,46,60,6.9,Post-Statcast (2015–2025)
foltymi01,2015,260,77,86.7,8,Post-Statcast (2015–2025)
foltymi01,2016,370,111,123.3,8.1,Post-Statcast (2015–2025)
foltymi01,2017,462,143,154,8.36,Post-Statcast (2015–2025)
foltymi01,2018,549,202,183,9.93,Post-Statcast (2015–2025)
foltymi01,2019,351,105,117,8.08,Post-Statcast (2015–2025)
foltymi01,2021,417,97,139,6.28,Post-Statcast (2015–2025)
fontwi01,2018,132,36,44,7.36,Post-Statcast (2015–2025)
fontwi01,2019,253,95,84.3,10.14,Post-Statcast (2015–2025)
fossuca01,2005,488,128,162.7,7.08,Pre-Statcast (2005–2014)
fossuca01,2006,390,88,130,6.09,Pre-Statcast (2005–2014)
fossuca01,2007,228,53,76,6.28,Pre-Statcast (2005–2014)
fossuca01,2008,124,28,41.3,6.1,Pre-Statcast (2005–2014)
fostejo01,2005,104,32,34.7,8.31,Pre-Statcast (2005–2014)
fostema01,2021,117,40,39,9.23,Post-Statcast (2015–2025)
fostema01,2022,135,42,45,8.4,Post-Statcast (2015–2025)
foulkke01,2005,137,34,45.7,6.7,Pre-Statcast (2005–2014)
foulkke01,2006,149,36,49.7,6.52,Pre-Statcast (2005–2014)
foulkke01,2008,93,23,31,6.68,Pre-Statcast (2005–2014)
francbo01,2023,109,35,36.3,8.67,Post-Statcast (2015–2025)
francbo01,2024,311,92,103.7,7.99,Post-Statcast (2015–2025)
francbo01,2025,192,54,64,7.59,Post-Statcast (2015–2025)
francfr01,2007,178,49,59.3,7.43,Pre-Statcast (2005–2014)
francfr01,2008,190,83,63.3,11.79,Pre-Statcast (2005–2014)
francfr01,2009,148,57,49.3,10.4,Pre-Statcast (2005–2014)
francfr01,2010,158,60,52.7,10.25,Pre-Statcast (2005–2014)
francfr01,2011,152,53,50.7,9.41,Pre-Statcast (2005–2014)
francfr01,2012,127,47,42.3,9.99,Pre-Statcast (2005–2014)
francje01,2005,551,128,183.7,6.27,Pre-Statcast (2005–2014)
francje01,2006,597,117,199,5.29,Pre-Statcast (2005–2014)
francje01,2007,646,165,215.3,6.9,Pre-Statcast (2005–2014)
francje01,2008,431,94,143.7,5.89,Pre-Statcast (2005–2014)
francje01,2010,313,67,104.3,5.78,Pre-Statcast (2005–2014)
francje01,2011,549,91,183,4.48,Pre-Statcast (2005–2014)
francje01,2012,339,76,113,6.05,Pre-Statcast (2005–2014)
francje01,2013,211,63,70.3,8.06,Pre-Statcast (2005–2014)
francjp01,2023,409,101,136.3,6.67,Post-Statcast (2015–2025)
frankry01,2005,572,93,190.7,4.39,Pre-Statcast (2005–2014)
frankry01,2006,232,43,77.3,5,Pre-Statcast (2005–2014)
frankry01,2007,240,44,80,4.95,Pre-Statcast (2005–2014)
frankry01,2008,236,51,78.7,5.83,Pre-Statcast (2005–2014)
frankry01,2009,183,44,61,6.49,Pre-Statcast (2005–2014)
frankry01,2010,195,42,65,5.82,Pre-Statcast (2005–2014)
frasoja01,2005,224,62,74.7,7.47,Pre-Statcast (2005–2014)
frasoja01,2006,150,51,50,9.18,Pre-Statcast (2005–2014)
frasoja01,2007,171,59,57,9.32,Pre-Statcast (2005–2014)
frasoja01,2008,142,42,47.3,7.99,Pre-Statcast (2005–2014)
frasoja01,2009,173,56,57.7,8.74,Pre-Statcast (2005–2014)
frasoja01,2010,191,65,63.7,9.19,Pre-Statcast (2005–2014)
frasoja01,2011,180,57,60,8.55,Pre-Statcast (2005–2014)
frasoja01,2012,131,53,43.7,10.92,Pre-Statcast (2005–2014)
frasoja01,2013,147,48,49,8.82,Pre-Statcast (2005–2014)
frasoja01,2014,142,46,47.3,8.75,Pre-Statcast (2005–2014)
freelky01,2017,468,107,156,6.17,Post-Statcast (2015–2025)
freelky01,2018,607,173,202.3,7.7,Post-Statcast (2015–2025)
freelky01,2019,313,79,104.3,6.81,Post-Statcast (2015–2025)
freelky01,2020,212,46,70.7,5.86,Post-Statcast (2015–2025)
freelky01,2021,362,105,120.7,7.83,Post-Statcast (2015–2025)
freelky01,2022,524,131,174.7,6.75,Post-Statcast (2015–2025)
freelky01,2023,467,94,155.7,5.43,Post-Statcast (2015–2025)
freelky01,2024,340,85,113.3,6.75,Post-Statcast (2015–2025)
freelky01,2025,488,124,162.7,6.86,Post-Statcast (2015–2025)
freemsa01,2014,114,35,38,8.29,Pre-Statcast (2005–2014)
freemsa01,2015,115,40,38.3,9.39,Post-Statcast (2015–2025)
freemsa01,2017,180,59,60,8.85,Post-Statcast (2015–2025)
freemsa01,2018,151,58,50.3,10.37,Post-Statcast (2015–2025)
frenclu01,2009,202,42,67.3,5.61,Pre-Statcast (2005–2014)
frenclu01,2010,263,37,87.7,3.8,Pre-Statcast (2005–2014)
friasca01,2014,97,29,32.3,8.07,Pre-Statcast (2005–2014)
friasca01,2015,233,43,77.7,4.98,Post-Statcast (2015–2025)
friaslu01,2023,93,26,31,7.55,Post-Statcast (2015–2025)
friedch01,2012,254,74,84.7,7.87,Pre-Statcast (2005–2014)
friedch01,2015,175,45,58.3,6.94,Post-Statcast (2015–2025)
friedch01,2016,388,100,129.3,6.96,Post-Statcast (2015–2025)
friedma01,2018,101,44,33.7,11.76,Post-Statcast (2015–2025)
friedma01,2019,497,173,165.7,9.4,Post-Statcast (2015–2025)
friedma01,2020,168,50,56,8.04,Post-Statcast (2015–2025)
friedma01,2021,497,158,165.7,8.58,Post-Statcast (2015–2025)
friedma01,2022,556,170,185.3,8.26,Post-Statcast (2015–2025)
friedma01,2023,233,80,77.7,9.27,Post-Statcast (2015–2025)
friedma01,2024,523,166,174.3,8.57,Post-Statcast (2015–2025)
friedma01,2025,586,189,195.3,8.71,Post-Statcast (2015–2025)
frierer01,2010,95,41,31.7,11.65,Pre-Statcast (2005–2014)
frierer01,2011,189,76,63,10.86,Pre-Statcast (2005–2014)
frierer01,2012,198,98,66,13.36,Pre-Statcast (2005–2014)
frierer01,2013,206,98,68.7,12.84,Pre-Statcast (2005–2014)
frierer01,2014,125,48,41.7,10.37,Pre-Statcast (2005–2014)
frutoem01,2006,108,34,36,8.5,Pre-Statcast (2005–2014)
fryja01,2018,154,70,51.3,12.27,Post-Statcast (2015–2025)
fryja01,2019,165,68,55,11.13,Post-Statcast (2015–2025)
frypa01,2018,113,36,37.7,8.6,Post-Statcast (2015–2025)
frypa01,2019,172,55,57.3,8.63,Post-Statcast (2015–2025)
frypa01,2021,142,60,47.3,11.41,Post-Statcast (2015–2025)
fuentbr01,2005,223,91,74.3,11.02,Pre-Statcast (2005–2014)
fuentbr01,2006,196,73,65.3,10.06,Pre-Statcast (2005–2014)
fuentbr01,2007,184,56,61.3,8.22,Pre-Statcast (2005–2014)
fuentbr01,2008,188,82,62.7,11.78,Pre-Statcast (2005–2014)
fuentbr01,2009,165,46,55,7.53,Pre-Statcast (2005–2014)
fuentbr01,2010,144,47,48,8.81,Pre-Statcast (2005–2014)
fuentbr01,2011,175,42,58.3,6.48,Pre-Statcast (2005–2014)
fuentbr01,2012,90,24,30,7.2,Pre-Statcast (2005–2014)
fujinsh01,2023,237,83,79,9.46,Post-Statcast (2015–2025)
fulchje01,2009,246,71,82,7.79,Pre-Statcast (2005–2014)
fulchje01,2010,142,46,47.3,8.75,Pre-Statcast (2005–2014)
fulchje01,2011,104,33,34.7,8.57,Pre-Statcast (2005–2014)
fulmeca01,2018,97,29,32.3,8.07,Post-Statcast (2015–2025)
fulmeca01,2024,260,81,86.7,8.41,Post-Statcast (2015–2025)
fulmemi01,2016,477,132,159,7.47,Post-Statcast (2015–2025)
fulmemi01,2017,494,114,164.7,6.23,Post-Statcast (2015–2025)
fulmemi01,2018,397,110,132.3,7.48,Post-Statcast (2015–2025)
fulmemi01,2021,209,73,69.7,9.43,Post-Statcast (2015–2025)
fulmemi01,2022,191,61,63.7,8.62,Post-Statcast (2015–2025)
fulmemi01,2023,171,65,57,10.26,Post-Statcast (2015–2025)
fultzaa01,2005,217,54,72.3,6.72,Pre-Statcast (2005–2014)
fultzaa01,2006,214,62,71.3,7.82,Pre-Statcast (2005–2014)
fultzaa01,2007,111,28,37,6.81,Pre-Statcast (2005–2014)
fundeko01,2024,104,32,34.7,8.31,Post-Statcast (2015–2025)
fundeko01,2025,123,40,41,8.78,Post-Statcast (2015–2025)
funkhky01,2021,205,63,68.3,8.3,Post-Statcast (2015–2025)
furbuch01,2011,256,67,85.3,7.07,Pre-Statcast (2005–2014)
furbuch01,2012,139,53,46.3,10.29,Pre-Statcast (2005–2014)
furbuch01,2013,195,80,65,11.08,Pre-Statcast (2005–2014)
furbuch01,2014,127,51,42.3,10.84,Pre-Statcast (2005–2014)
gabbaka01,2007,244,55,81.3,6.09,Pre-Statcast (2005–2014)
gabbaka01,2008,168,33,56,5.3,Pre-Statcast (2005–2014)
gaddihu01,2023,126,24,42,5.14,Post-Statcast (2015–2025)
gaddihu01,2024,224,66,74.7,7.96,Post-Statcast (2015–2025)
gaddihu01,2025,200,73,66.7,9.86,Post-Statcast (2015–2025)
gagema01,2025,93,27,31,7.84,Post-Statcast (2015–2025)
gagneer01,2007,156,51,52,8.83,Pre-Statcast (2005–2014)
gagneer01,2008,139,38,46.3,7.38,Pre-Statcast (2005–2014)
galarar01,2008,536,126,178.7,6.35,Pre-Statcast (2005–2014)
galarar01,2009,431,95,143.7,5.95,Pre-Statcast (2005–2014)
galarar01,2010,433,74,144.3,4.61,Pre-Statcast (2005–2014)
galarar01,2011,128,28,42.7,5.91,Pre-Statcast (2005–2014)
gallase01,2008,346,103,115.3,8.04,Pre-Statcast (2005–2014)
gallase01,2010,173,43,57.7,6.71,Pre-Statcast (2005–2014)
gallayo01,2007,331,101,110.3,8.24,Pre-Statcast (2005–2014)
gallayo01,2009,557,204,185.7,9.89,Pre-Statcast (2005–2014)
gallayo01,2010,555,200,185,9.73,Pre-Statcast (2005–2014)
gallayo01,2011,622,207,207.3,8.99,Pre-Statcast (2005–2014)
gallayo01,2012,612,204,204,9,Pre-Statcast (2005–2014)
gallayo01,2013,542,144,180.7,7.17,Pre-Statcast (2005–2014)
gallayo01,2014,577,146,192.3,6.83,Pre-Statcast (2005–2014)
gallayo01,2015,553,121,184.3,5.91,Post-Statcast (2015–2025)
gallayo01,2016,354,85,118,6.48,Post-Statcast (2015–2025)
gallayo01,2017,392,94,130.7,6.47,Post-Statcast (2015–2025)
gallayo01,2018,283,58,94.3,5.53,Post-Statcast (2015–2025)
gallegi01,2019,222,93,74,11.31,Post-Statcast (2015–2025)
gallegi01,2021,241,95,80.3,10.64,Post-Statcast (2015–2025)
gallegi01,2022,177,73,59,11.14,Post-Statcast (2015–2025)
gallegi01,2023,165,59,55,9.65,Post-Statcast (2015–2025)
galleza01,2019,240,96,80,10.8,Post-Statcast (2015–2025)
galleza01,2020,216,82,72,10.25,Post-Statcast (2015–2025)
galleza01,2021,364,139,121.3,10.31,Post-Statcast (2015–2025)
galleza01,2022,552,192,184,9.39,Post-Statcast (2015–2025)
galleza01,2023,630,220,210,9.43,Post-Statcast (2015–2025)
galleza01,2024,444,156,148,9.49,Post-Statcast (2015–2025)
galleza01,2025,576,175,192,8.2,Post-Statcast (2015–2025)
gantjo01,2016,150,49,50,8.82,Post-Statcast (2015–2025)
gantjo01,2018,342,95,114,7.5,Post-Statcast (2015–2025)
gantjo01,2019,199,60,66.3,8.14,Post-Statcast (2015–2025)
gantjo01,2021,330,92,110,7.53,Post-Statcast (2015–2025)
garcefr01,2015,114,30,38,7.11,Post-Statcast (2015–2025)
garcibr01,2021,118,32,39.3,7.32,Post-Statcast (2015–2025)
garcide01,2020,103,33,34.3,8.65,Post-Statcast (2015–2025)
garcied01,2019,117,45,39,10.38,Post-Statcast (2015–2025)
garcifr02,2005,684,146,228,5.76,Pre-Statcast (2005–2014)
garcifr02,2006,649,135,216.3,5.62,Pre-Statcast (2005–2014)
garcifr02,2007,174,50,58,7.76,Pre-Statcast (2005–2014)
garcifr02,2009,168,37,56,5.95,Pre-Statcast (2005–2014)
garcifr02,2010,471,89,157,5.1,Pre-Statcast (2005–2014)
garcifr02,2011,440,96,146.7,5.89,Pre-Statcast (2005–2014)
garcifr02,2012,322,89,107.3,7.46,Pre-Statcast (2005–2014)
garcifr02,2013,241,46,80.3,5.15,Pre-Statcast (2005–2014)
garcija01,2007,152,52,50.7,9.24,Pre-Statcast (2005–2014)
garcija01,2008,151,43,50.3,7.69,Pre-Statcast (2005–2014)
garcija01,2009,145,35,48.3,6.52,Pre-Statcast (2005–2014)
garcija01,2010,166,56,55.3,9.11,Pre-Statcast (2005–2014)
garcija01,2011,155,45,51.7,7.84,Pre-Statcast (2005–2014)
garcija01,2012,190,55,63.3,7.82,Pre-Statcast (2005–2014)
garcija01,2013,150,38,50,6.84,Pre-Statcast (2005–2014)
garcija01,2014,175,45,58.3,6.94,Pre-Statcast (2005–2014)
garcija01,2015,174,62,58,9.62,Post-Statcast (2015–2025)
garcija01,2016,174,65,58,10.09,Post-Statcast (2015–2025)
garcija01,2017,177,57,59,8.69,Post-Statcast (2015–2025)
garcija01,2018,94,22,31.3,6.32,Post-Statcast (2015–2025)
garcija02,2010,490,132,163.3,7.27,Pre-Statcast (2005–2014)
garcija02,2011,584,156,194.7,7.21,Pre-Statcast (2005–2014)
garcija02,2012,365,98,121.7,7.25,Pre-Statcast (2005–2014)
garcija02,2013,166,43,55.3,6.99,Pre-Statcast (2005–2014)
garcija02,2014,131,39,43.7,8.04,Pre-Statcast (2005–2014)
garcija02,2015,389,97,129.7,6.73,Post-Statcast (2015–2025)
garcija02,2016,515,150,171.7,7.86,Post-Statcast (2015–2025)
garcija02,2017,471,129,157,7.39,Post-Statcast (2015–2025)
garcija02,2018,246,73,82,8.01,Post-Statcast (2015–2025)
garcija04,2017,160,42,53.3,7.09,Post-Statcast (2015–2025)
garcija04,2018,198,40,66,5.45,Post-Statcast (2015–2025)
garcija04,2019,152,39,50.7,6.93,Post-Statcast (2015–2025)
garcija04,2021,206,68,68.7,8.91,Post-Statcast (2015–2025)
garcija04,2022,195,56,65,7.75,Post-Statcast (2015–2025)
garcilu03,2013,94,23,31.3,6.61,Pre-Statcast (2005–2014)
garcilu03,2015,200,63,66.7,8.5,Post-Statcast (2015–2025)
garcilu03,2017,214,60,71.3,7.57,Post-Statcast (2015–2025)
garcilu03,2018,138,51,46,9.98,Post-Statcast (2015–2025)
garcilu03,2019,186,57,62,8.27,Post-Statcast (2015–2025)
garcilu03,2021,100,34,33.3,9.18,Post-Statcast (2015–2025)
garcilu03,2022,183,68,61,10.03,Post-Statcast (2015–2025)
garcilu03,2023,179,53,59.7,7.99,Post-Statcast (2015–2025)
garcilu03,2024,177,53,59,8.08,Post-Statcast (2015–2025)
garcilu03,2025,166,48,55.3,7.81,Post-Statcast (2015–2025)
garcilu05,2021,466,167,155.3,9.68,Post-Statcast (2015–2025)
garcilu05,2022,472,157,157.3,8.98,Post-Statcast (2015–2025)
garciri01,2025,103,38,34.3,9.96,Post-Statcast (2015–2025)
garciro03,2022,153,48,51,8.47,Post-Statcast (2015–2025)
garciro04,2023,96,33,32,9.28,Post-Statcast (2015–2025)
garciro04,2024,179,75,59.7,11.31,Post-Statcast (2015–2025)
garciro04,2025,192,68,64,9.56,Post-Statcast (2015–2025)
garciyi01,2015,170,68,56.7,10.8,Post-Statcast (2015–2025)
garciyi01,2019,187,66,62.3,9.53,Post-Statcast (2015–2025)
garciyi01,2021,173,60,57.7,9.36,Post-Statcast (2015–2025)
garciyi01,2022,183,58,61,8.56,Post-Statcast (2015–2025)
garciyi01,2023,198,79,66,10.77,Post-Statcast (2015–2025)
garciyi01,2024,117,49,39,11.31,Post-Statcast (2015–2025)
gardnle01,2007,223,52,74.3,6.3,Pre-Statcast (2005–2014)
garlajo01,2005,663,115,221,4.68,Pre-Statcast (2005–2014)
garlajo01,2006,634,112,211.3,4.77,Pre-Statcast (2005–2014)
garlajo01,2007,625,98,208.3,4.23,Pre-Statcast (2005–2014)
garlajo01,2008,590,90,196.7,4.12,Pre-Statcast (2005–2014)
garlajo01,2009,612,109,204,4.81,Pre-Statcast (2005–2014)
garlajo01,2010,600,136,200,6.12,Pre-Statcast (2005–2014)
garlajo01,2011,162,28,54,4.67,Pre-Statcast (2005–2014)
garlajo01,2013,204,32,68,4.24,Pre-Statcast (2005–2014)
garream01,2017,212,63,70.7,8.02,Post-Statcast (2015–2025)
garream01,2018,189,71,63,10.14,Post-Statcast (2015–2025)
garream01,2019,168,78,56,12.54,Post-Statcast (2015–2025)
garream01,2021,143,61,47.7,11.52,Post-Statcast (2015–2025)
garream01,2022,136,49,45.3,9.73,Post-Statcast (2015–2025)
garrebr01,2021,102,32,34,8.47,Post-Statcast (2015–2025)
garrebr01,2022,264,90,88,9.2,Post-Statcast (2015–2025)
garrebr01,2023,479,156,159.7,8.79,Post-Statcast (2015–2025)
garrebr01,2024,111,34,37,8.27,Post-Statcast (2015–2025)
garrere01,2024,172,83,57.3,13.03,Post-Statcast (2015–2025)
garrere01,2025,166,64,55.3,10.41,Post-Statcast (2015–2025)
gartory01,2016,118,33,39.3,7.55,Post-Statcast (2015–2025)
garzama01,2006,150,38,50,6.84,Pre-Statcast (2005–2014)
garzama01,2007,249,67,83,7.27,Pre-Statcast (2005–2014)
garzama01,2008,554,128,184.7,6.24,Pre-Statcast (2005–2014)
garzama01,2009,609,189,203,8.38,Pre-Statcast (2005–2014)
garzama01,2010,614,150,204.7,6.6,Pre-Statcast (2005–2014)
garzama01,2011,594,197,198,8.95,Pre-Statcast (2005–2014)
garzama01,2012,311,96,103.7,8.33,Pre-Statcast (2005–2014)
garzama01,2013,466,136,155.3,7.88,Pre-Statcast (2005–2014)
garzama01,2014,490,126,163.3,6.94,Pre-Statcast (2005–2014)
garzama01,2015,446,104,148.7,6.3,Post-Statcast (2015–2025)
garzama01,2016,305,70,101.7,6.2,Post-Statcast (2015–2025)
garzama01,2017,344,79,114.7,6.2,Post-Statcast (2015–2025)
garzara01,2021,91,29,30.3,8.6,Post-Statcast (2015–2025)
garzara01,2022,105,17,35,4.37,Post-Statcast (2015–2025)
gaudich01,2006,192,36,64,5.06,Pre-Statcast (2005–2014)
gaudich01,2007,598,154,199.3,6.95,Pre-Statcast (2005–2014)
gaudich01,2008,270,71,90,7.1,Pre-Statcast (2005–2014)
gaudich01,2009,442,139,147.3,8.49,Pre-Statcast (2005–2014)
gaudich01,2010,196,53,65.3,7.3,Pre-Statcast (2005–2014)
gaudich01,2012,208,57,69.3,7.4,Pre-Statcast (2005–2014)
gaudich01,2013,291,88,97,8.16,Pre-Statcast (2005–2014)
gausmke01,2013,143,49,47.7,9.25,Pre-Statcast (2005–2014)
gausmke01,2014,340,88,113.3,6.99,Pre-Statcast (2005–2014)
gausmke01,2015,337,103,112.3,8.25,Post-Statcast (2015–2025)
gausmke01,2016,539,174,179.7,8.72,Post-Statcast (2015–2025)
gausmke01,2017,560,179,186.7,8.63,Post-Statcast (2015–2025)
gausmke01,2018,551,148,183.7,7.25,Post-Statcast (2015–2025)
gausmke01,2019,307,114,102.3,10.03,Post-Statcast (2015–2025)
gausmke01,2020,179,79,59.7,11.92,Post-Statcast (2015–2025)
gausmke01,2021,576,227,192,10.64,Post-Statcast (2015–2025)
gausmke01,2022,524,205,174.7,10.56,Post-Statcast (2015–2025)
gausmke01,2023,555,237,185,11.53,Post-Statcast (2015–2025)
gausmke01,2024,543,162,181,8.06,Post-Statcast (2015–2025)
gausmke01,2025,579,189,193,8.81,Post-Statcast (2015–2025)
gavigsa01,2017,223,49,74.3,5.93,Post-Statcast (2015–2025)
gavigsa01,2018,371,105,123.7,7.64,Post-Statcast (2015–2025)
gavigsa01,2019,287,88,95.7,8.28,Post-Statcast (2015–2025)
gearrco01,2013,93,23,31,6.68,Pre-Statcast (2005–2014)
gearrco01,2016,145,45,48.3,8.38,Post-Statcast (2015–2025)
gearrco01,2017,204,64,68,8.47,Post-Statcast (2015–2025)
gearrco01,2018,172,53,57.3,8.32,Post-Statcast (2015–2025)
gearrco01,2019,166,47,55.3,7.64,Post-Statcast (2015–2025)
gearyge01,2005,174,42,58,6.52,Pre-Statcast (2005–2014)
gearyge01,2006,274,60,91.3,5.91,Pre-Statcast (2005–2014)
gearyge01,2007,202,38,67.3,5.08,Pre-Statcast (2005–2014)
gearyge01,2008,192,45,64,6.33,Pre-Statcast (2005–2014)
geedi01,2010,99,17,33,4.64,Pre-Statcast (2005–2014)
geedi01,2011,482,114,160.7,6.39,Pre-Statcast (2005–2014)
geedi01,2012,329,97,109.7,7.96,Pre-Statcast (2005–2014)
geedi01,2013,597,142,199,6.42,Pre-Statcast (2005–2014)
geedi01,2014,412,94,137.3,6.16,Pre-Statcast (2005–2014)
geedi01,2015,119,25,39.7,5.67,Post-Statcast (2015–2025)
geedi01,2016,375,89,125,6.41,Post-Statcast (2015–2025)
geedi01,2017,148,41,49.3,7.48,Post-Statcast (2015–2025)
geerjo01,2009,308,54,102.7,4.73,Pre-Statcast (2005–2014)
geltzst01,2015,202,61,67.3,8.15,Post-Statcast (2015–2025)
germado01,2018,257,102,85.7,10.72,Post-Statcast (2015–2025)
germado01,2019,429,153,143,9.63,Post-Statcast (2015–2025)
germado01,2021,295,98,98.3,8.97,Post-Statcast (2015–2025)
germado01,2022,217,58,72.3,7.22,Post-Statcast (2015–2025)
germado01,2023,326,114,108.7,9.44,Post-Statcast (2015–2025)
germafr01,2005,177,38,59,5.8,Pre-Statcast (2005–2014)
germaju01,2007,400,78,133.3,5.26,Pre-Statcast (2005–2014)
germaju01,2008,131,17,43.7,3.5,Pre-Statcast (2005–2014)
germaju01,2010,106,29,35.3,7.39,Pre-Statcast (2005–2014)
germaju01,2012,209,52,69.7,6.72,Pre-Statcast (2005–2014)
germego01,2013,103,33,34.3,8.65,Pre-Statcast (2005–2014)
germego01,2014,91,31,30.3,9.2,Pre-Statcast (2005–2014)
germego01,2015,116,33,38.7,7.68,Post-Statcast (2015–2025)
germego01,2016,122,32,40.7,7.08,Post-Statcast (2015–2025)
gibauia01,2022,108,48,36,12,Post-Statcast (2015–2025)
gibauia01,2023,227,69,75.7,8.21,Post-Statcast (2015–2025)
gibsoca01,2025,164,43,54.7,7.08,Post-Statcast (2015–2025)
gibsoky01,2013,153,29,51,5.12,Pre-Statcast (2005–2014)
gibsoky01,2014,538,107,179.3,5.37,Pre-Statcast (2005–2014)
gibsoky01,2015,584,145,194.7,6.7,Post-Statcast (2015–2025)
gibsoky01,2016,442,104,147.3,6.35,Post-Statcast (2015–2025)
gibsoky01,2017,474,121,158,6.89,Post-Statcast (2015–2025)
gibsoky01,2018,590,179,196.7,8.19,Post-Statcast (2015–2025)
gibsoky01,2019,480,160,160,9,Post-Statcast (2015–2025)
gibsoky01,2020,202,58,67.3,7.75,Post-Statcast (2015–2025)
gibsoky01,2021,546,155,182,7.66,Post-Statcast (2015–2025)
gibsoky01,2022,503,144,167.7,7.73,Post-Statcast (2015–2025)
gibsoky01,2023,576,157,192,7.36,Post-Statcast (2015–2025)
gibsoky01,2024,509,151,169.7,8.01,Post-Statcast (2015–2025)
gieseda01,2008,130,29,43.3,6.02,Pre-Statcast (2005–2014)
gilbelo01,2021,358,128,119.3,9.65,Post-Statcast (2015–2025)
gilbelo01,2022,557,174,185.7,8.43,Post-Statcast (2015–2025)
gilbelo01,2023,572,189,190.7,8.92,Post-Statcast (2015–2025)
gilbelo01,2024,626,220,208.7,9.49,Post-Statcast (2015–2025)
gilbelo01,2025,393,173,131,11.89,Post-Statcast (2015–2025)
gilbety01,2021,120,25,40,5.62,Post-Statcast (2015–2025)
gilbety01,2022,103,20,34.3,5.24,Post-Statcast (2015–2025)
gilbety01,2025,153,49,51,8.65,Post-Statcast (2015–2025)
gilbrlu01,2021,128,44,42.7,9.28,Post-Statcast (2015–2025)
gilbrlu01,2022,129,49,43,10.26,Post-Statcast (2015–2025)
gileske01,2014,137,64,45.7,12.61,Pre-Statcast (2005–2014)
gileske01,2015,210,87,70,11.19,Post-Statcast (2015–2025)
gileske01,2016,197,102,65.7,13.98,Post-Statcast (2015–2025)
gileske01,2017,188,83,62.7,11.92,Post-Statcast (2015–2025)
gileske01,2018,151,53,50.3,9.48,Post-Statcast (2015–2025)
gileske01,2019,159,83,53,14.09,Post-Statcast (2015–2025)
gillu01,2024,455,171,151.7,10.15,Post-Statcast (2015–2025)
gillu01,2025,171,41,57,6.47,Post-Statcast (2015–2025)
gilmase01,2015,172,54,57.3,8.48,Post-Statcast (2015–2025)
ginkeke01,2023,196,70,65.3,9.64,Post-Statcast (2015–2025)
ginkeke01,2024,210,77,70,9.9,Post-Statcast (2015–2025)
ginnjt01,2024,102,29,34,7.68,Post-Statcast (2015–2025)
ginnjt01,2025,271,99,90.3,9.86,Post-Statcast (2015–2025)
gintema01,2005,105,15,35,3.86,Pre-Statcast (2005–2014)
giolilu01,2017,136,34,45.3,6.75,Post-Statcast (2015–2025)
giolilu01,2018,520,125,173.3,6.49,Post-Statcast (2015–2025)
giolilu01,2019,530,228,176.7,11.62,Post-Statcast (2015–2025)
giolilu01,2020,217,97,72.3,12.07,Post-Statcast (2015–2025)
giolilu01,2021,536,201,178.7,10.12,Post-Statcast (2015–2025)
giolilu01,2022,485,177,161.7,9.85,Post-Statcast (2015–2025)
giolilu01,2023,553,204,184.3,9.96,Post-Statcast (2015–2025)
giolilu01,2025,435,121,145,7.51,Post-Statcast (2015–2025)
gipsosa01,2025,94,26,31.3,7.47,Post-Statcast (2015–2025)
givenmy01,2015,90,38,30,11.4,Post-Statcast (2015–2025)
givenmy01,2016,224,96,74.7,11.57,Post-Statcast (2015–2025)
givenmy01,2017,236,88,78.7,10.07,Post-Statcast (2015–2025)
givenmy01,2018,230,79,76.7,9.27,Post-Statcast (2015–2025)
givenmy01,2019,189,86,63,12.29,Post-Statcast (2015–2025)
givenmy01,2021,153,54,51,9.53,Post-Statcast (2015–2025)
givenmy01,2022,184,71,61.3,10.42,Post-Statcast (2015–2025)
glasnty01,2017,186,56,62,8.13,Post-Statcast (2015–2025)
glasnty01,2018,335,136,111.7,10.96,Post-Statcast (2015–2025)
glasnty01,2019,182,76,60.7,11.27,Post-Statcast (2015–2025)
glasnty01,2020,172,91,57.3,14.28,Post-Statcast (2015–2025)
glasnty01,2021,264,123,88,12.58,Post-Statcast (2015–2025)
glasnty01,2023,360,162,120,12.15,Post-Statcast (2015–2025)
glasnty01,2024,402,168,134,11.28,Post-Statcast (2015–2025)
glasnty01,2025,271,106,90.3,10.56,Post-Statcast (2015–2025)
glavito02,2005,634,105,211.3,4.47,Pre-Statcast (2005–2014)
glavito02,2006,594,131,198,5.95,Pre-Statcast (2005–2014)
glavito02,2007,601,89,200.3,4,Pre-Statcast (2005–2014)
glavito02,2008,190,37,63.3,5.26,Pre-Statcast (2005–2014)
glovega01,2005,194,58,64.7,8.07,Pre-Statcast (2005–2014)
glovega01,2007,232,51,77.3,5.94,Pre-Statcast (2005–2014)
glovega01,2008,163,37,54.3,6.13,Pre-Statcast (2005–2014)
gobblji01,2005,161,38,53.7,6.37,Pre-Statcast (2005–2014)
gobblji01,2006,252,80,84,8.57,Pre-Statcast (2005–2014)
gobblji01,2007,161,50,53.7,8.39,Pre-Statcast (2005–2014)
gobblji01,2008,95,27,31.7,7.67,Pre-Statcast (2005–2014)
godleza01,2015,110,34,36.7,8.35,Post-Statcast (2015–2025)
godleza01,2016,224,60,74.7,7.23,Post-Statcast (2015–2025)
godleza01,2017,465,165,155,9.58,Post-Statcast (2015–2025)
godleza01,2018,535,185,178.3,9.34,Post-Statcast (2015–2025)
godleza01,2019,276,70,92,6.85,Post-Statcast (2015–2025)
goedder01,2015,100,34,33.3,9.18,Post-Statcast (2015–2025)
goedder01,2016,107,36,35.7,9.08,Post-Statcast (2015–2025)
goedder01,2018,110,44,36.7,10.8,Post-Statcast (2015–2025)
gombeau01,2018,225,67,75,8.04,Post-Statcast (2015–2025)
gombeau01,2021,346,113,115.3,8.82,Post-Statcast (2015–2025)
gombeau01,2022,374,95,124.7,6.86,Post-Statcast (2015–2025)
gombeau01,2023,417,87,139,5.63,Post-Statcast (2015–2025)
gombeau01,2024,495,116,165,6.33,Post-Statcast (2015–2025)
gombeau01,2025,173,34,57.7,5.31,Post-Statcast (2015–2025)
gomesbr01,2011,111,32,37,7.78,Pre-Statcast (2005–2014)
gomesbr01,2014,102,24,34,6.35,Pre-Statcast (2005–2014)
gomesbr01,2015,177,44,59,6.71,Post-Statcast (2015–2025)
gomezje01,2010,173,34,57.7,5.31,Pre-Statcast (2005–2014)
gomezje01,2011,175,31,58.3,4.78,Pre-Statcast (2005–2014)
gomezje01,2012,272,47,90.7,4.67,Pre-Statcast (2005–2014)
gomezje01,2013,242,53,80.7,5.91,Pre-Statcast (2005–2014)
gomezje01,2014,186,38,62,5.52,Pre-Statcast (2005–2014)
gomezje01,2015,224,50,74.7,6.03,Post-Statcast (2015–2025)
gomezje01,2016,206,47,68.7,6.16,Post-Statcast (2015–2025)
gomezyo01,2025,188,58,62.7,8.33,Post-Statcast (2015–2025)
gonsoto01,2019,120,37,40,8.33,Post-Statcast (2015–2025)
gonsoto01,2020,140,46,46.7,8.87,Post-Statcast (2015–2025)
gonsoto01,2021,167,65,55.7,10.51,Post-Statcast (2015–2025)
gonsoto01,2022,391,119,130.3,8.22,Post-Statcast (2015–2025)
gonsoto01,2023,309,82,103,7.17,Post-Statcast (2015–2025)
gonsoto01,2025,108,38,36,9.5,Post-Statcast (2015–2025)
gonzach01,2015,201,30,67,4.03,Post-Statcast (2015–2025)
gonzach01,2019,189,46,63,6.57,Post-Statcast (2015–2025)
gonzach01,2021,305,56,101.7,4.96,Post-Statcast (2015–2025)
gonzaed01,2006,128,28,42.7,5.91,Pre-Statcast (2005–2014)
gonzaed01,2007,306,62,102,5.47,Pre-Statcast (2005–2014)
gonzaed01,2008,144,32,48,6,Pre-Statcast (2005–2014)
gonzaed01,2009,196,39,65.3,5.37,Pre-Statcast (2005–2014)
gonzaen01,2006,319,66,106.3,5.59,Pre-Statcast (2005–2014)
gonzagi01,2008,102,34,34,9,Pre-Statcast (2005–2014)
gonzagi01,2009,296,109,98.7,9.94,Pre-Statcast (2005–2014)
gonzagi01,2010,602,171,200.7,7.67,Pre-Statcast (2005–2014)
gonzagi01,2011,606,197,202,8.78,Pre-Statcast (2005–2014)
gonzagi01,2012,598,207,199.3,9.35,Pre-Statcast (2005–2014)
gonzagi01,2013,587,192,195.7,8.83,Pre-Statcast (2005–2014)
gonzagi01,2014,476,162,158.7,9.19,Pre-Statcast (2005–2014)
gonzagi01,2015,527,169,175.7,8.66,Post-Statcast (2015–2025)
gonzagi01,2016,532,171,177.3,8.68,Post-Statcast (2015–2025)
gonzagi01,2017,603,188,201,8.42,Post-Statcast (2015–2025)
gonzagi01,2018,513,148,171,7.79,Post-Statcast (2015–2025)
gonzagi01,2019,262,78,87.3,8.04,Post-Statcast (2015–2025)
gonzagi01,2020,95,34,31.7,9.66,Post-Statcast (2015–2025)
gonzaje01,2005,168,28,56,4.5,Pre-Statcast (2005–2014)
gonzaje01,2006,168,44,56,7.07,Pre-Statcast (2005–2014)
gonzama02,2014,104,31,34.7,8.05,Pre-Statcast (2005–2014)
gonzama02,2017,120,32,40,7.2,Post-Statcast (2015–2025)
gonzama02,2018,500,145,166.7,7.83,Post-Statcast (2015–2025)
gonzama02,2019,609,147,203,6.52,Post-Statcast (2015–2025)
gonzama02,2020,209,64,69.7,8.27,Post-Statcast (2015–2025)
gonzama02,2021,430,108,143.3,6.78,Post-Statcast (2015–2025)
gonzama02,2022,549,103,183,5.07,Post-Statcast (2015–2025)
gonzama02,2023,150,34,50,6.12,Post-Statcast (2015–2025)
gonzama02,2024,101,23,33.7,6.15,Post-Statcast (2015–2025)
gonzami02,2005,150,58,50,10.44,Pre-Statcast (2005–2014)
gonzami02,2006,162,64,54,10.67,Pre-Statcast (2005–2014)
gonzami02,2008,101,44,33.7,11.76,Pre-Statcast (2005–2014)
gonzami02,2009,223,90,74.3,10.9,Pre-Statcast (2005–2014)
gonzami02,2011,160,51,53.3,8.61,Pre-Statcast (2005–2014)
gonzami02,2012,107,39,35.7,9.84,Pre-Statcast (2005–2014)
gonzami02,2013,150,60,50,10.8,Pre-Statcast (2005–2014)
gonzami03,2012,316,77,105.3,6.58,Pre-Statcast (2005–2014)
gonzami03,2013,514,120,171.3,6.3,Pre-Statcast (2005–2014)
gonzami03,2014,477,111,159,6.28,Pre-Statcast (2005–2014)
gonzami03,2015,434,109,144.7,6.78,Post-Statcast (2015–2025)
gonzami03,2016,405,95,135,6.33,Post-Statcast (2015–2025)
gonzami03,2017,468,100,156,5.77,Post-Statcast (2015–2025)
gonzase01,2015,92,28,30.7,8.22,Post-Statcast (2015–2025)
gonzase01,2016,106,34,35.3,8.66,Post-Statcast (2015–2025)
gonzavi02,2021,106,33,35.3,8.41,Post-Statcast (2015–2025)
gonzavi02,2023,101,30,33.7,8.02,Post-Statcast (2015–2025)
goodyni01,2017,164,72,54.7,11.85,Post-Statcast (2015–2025)
goodyni01,2019,122,50,40.7,11.07,Post-Statcast (2015–2025)
gordoco01,2025,258,72,86,7.53,Post-Statcast (2015–2025)
gordota01,2024,103,26,34.3,6.82,Post-Statcast (2015–2025)
gordota01,2025,226,62,75.3,7.41,Post-Statcast (2015–2025)
gordoto01,2005,242,69,80.7,7.7,Pre-Statcast (2005–2014)
gordoto01,2006,178,68,59.3,10.31,Pre-Statcast (2005–2014)
gordoto01,2007,120,32,40,7.2,Pre-Statcast (2005–2014)
gorema01,2022,210,72,70,9.26,Post-Statcast (2015–2025)
gorema01,2023,409,151,136.3,9.97,Post-Statcast (2015–2025)
gorema01,2024,499,181,166.3,9.79,Post-Statcast (2015–2025)
gorema01,2025,479,185,159.7,10.43,Post-Statcast (2015–2025)
gorzeto01,2006,185,40,61.7,5.84,Pre-Statcast (2005–2014)
gorzeto01,2007,605,135,201.7,6.02,Pre-Statcast (2005–2014)
gorzeto01,2008,316,67,105.3,5.72,Pre-Statcast (2005–2014)
gorzeto01,2009,141,47,47,9,Pre-Statcast (2005–2014)
gorzeto01,2010,409,119,136.3,7.86,Pre-Statcast (2005–2014)
gorzeto01,2011,315,95,105,8.14,Pre-Statcast (2005–2014)
gorzeto01,2012,216,62,72,7.75,Pre-Statcast (2005–2014)
gorzeto01,2013,256,83,85.3,8.75,Pre-Statcast (2005–2014)
gorzeto01,2015,118,36,39.3,8.24,Post-Statcast (2015–2025)
goslimi01,2005,97,14,32.3,3.9,Pre-Statcast (2005–2014)
goslimi01,2007,99,32,33,8.73,Pre-Statcast (2005–2014)
gosseda01,2017,274,72,91.3,7.09,Post-Statcast (2015–2025)
gotttr01,2015,143,27,47.7,5.1,Post-Statcast (2015–2025)
gotttr01,2019,158,57,52.7,9.74,Post-Statcast (2015–2025)
gotttr01,2022,137,44,45.7,8.67,Post-Statcast (2015–2025)
gotttr01,2023,174,62,58,9.62,Post-Statcast (2015–2025)
goudeas01,2021,103,22,34.3,5.77,Post-Statcast (2015–2025)
grabojo02,2005,156,42,52,7.27,Pre-Statcast (2005–2014)
grabojo02,2006,209,66,69.7,8.53,Pre-Statcast (2005–2014)
grabojo02,2007,155,42,51.7,7.32,Pre-Statcast (2005–2014)
grabojo02,2008,228,62,76,7.34,Pre-Statcast (2005–2014)
grabojo02,2009,217,57,72.3,7.09,Pre-Statcast (2005–2014)
grabojo02,2011,187,38,62.3,5.49,Pre-Statcast (2005–2014)
gracego01,2025,129,40,43,8.37,Post-Statcast (2015–2025)
gracema02,2017,150,31,50,5.58,Post-Statcast (2015–2025)
gracema02,2018,179,48,59.7,7.24,Post-Statcast (2015–2025)
gracema02,2019,140,35,46.7,6.75,Post-Statcast (2015–2025)
grahajr01,2015,191,53,63.7,7.49,Post-Statcast (2015–2025)
gratebr01,2021,100,27,33.3,7.29,Post-Statcast (2015–2025)
gratebr01,2022,149,43,49.7,7.79,Post-Statcast (2015–2025)
gratebr01,2023,202,48,67.3,6.42,Post-Statcast (2015–2025)
gravebr01,2018,100,21,33.3,5.67,Post-Statcast (2015–2025)
graveda01,2005,116,20,38.7,4.66,Pre-Statcast (2005–2014)
graveke01,2015,347,77,115.7,5.99,Post-Statcast (2015–2025)
graveke01,2016,558,108,186,5.23,Post-Statcast (2015–2025)
graveke01,2017,316,70,105.3,5.98,Post-Statcast (2015–2025)
graveke01,2018,103,27,34.3,7.08,Post-Statcast (2015–2025)
graveke01,2021,168,61,56,9.8,Post-Statcast (2015–2025)
graveke01,2022,195,66,65,9.14,Post-Statcast (2015–2025)
graveke01,2023,199,66,66.3,8.95,Post-Statcast (2015–2025)
grayje02,2011,145,23,48.3,4.28,Pre-Statcast (2005–2014)
grayje02,2012,156,26,52,4.5,Pre-Statcast (2005–2014)
grayjo02,2015,122,40,40.7,8.85,Post-Statcast (2015–2025)
grayjo02,2016,504,185,168,9.91,Post-Statcast (2015–2025)
grayjo02,2017,331,112,110.3,9.14,Post-Statcast (2015–2025)
grayjo02,2018,517,183,172.3,9.56,Post-Statcast (2015–2025)
grayjo02,2019,450,150,150,9,Post-Statcast (2015–2025)
grayjo02,2020,117,22,39,5.08,Post-Statcast (2015–2025)
grayjo02,2021,447,157,149,9.48,Post-Statcast (2015–2025)
grayjo02,2022,382,134,127.3,9.47,Post-Statcast (2015–2025)
grayjo02,2023,472,142,157.3,8.12,Post-Statcast (2015–2025)
grayjo02,2024,308,86,102.7,7.54,Post-Statcast (2015–2025)
grayjo03,2021,212,76,70.7,9.68,Post-Statcast (2015–2025)
grayjo03,2022,446,154,148.7,9.32,Post-Statcast (2015–2025)
grayjo03,2023,477,143,159,8.09,Post-Statcast (2015–2025)
grayso01,2013,192,67,64,9.42,Pre-Statcast (2005–2014)
grayso01,2014,657,183,219,7.52,Pre-Statcast (2005–2014)
grayso01,2015,624,169,208,7.31,Post-Statcast (2015–2025)
grayso01,2016,351,94,117,7.23,Post-Statcast (2015–2025)
grayso01,2017,487,153,162.3,8.48,Post-Statcast (2015–2025)
grayso01,2018,391,123,130.3,8.49,Post-Statcast (2015–2025)
grayso01,2019,526,205,175.3,10.52,Post-Statcast (2015–2025)
grayso01,2020,168,72,56,11.57,Post-Statcast (2015–2025)
grayso01,2021,406,155,135.3,10.31,Post-Statcast (2015–2025)
grayso01,2022,359,117,119.7,8.8,Post-Statcast (2015–2025)
grayso01,2023,552,183,184,8.95,Post-Statcast (2015–2025)
grayso01,2024,499,203,166.3,10.98,Post-Statcast (2015–2025)
grayso01,2025,542,201,180.7,10.01,Post-Statcast (2015–2025)
greench03,2016,137,52,45.7,10.25,Post-Statcast (2015–2025)
greench03,2017,207,103,69,13.43,Post-Statcast (2015–2025)
greench03,2018,227,94,75.7,11.18,Post-Statcast (2015–2025)
greench03,2019,207,98,69,12.78,Post-Statcast (2015–2025)
greench03,2021,251,99,83.7,10.65,Post-Statcast (2015–2025)
greench03,2024,160,46,53.3,7.76,Post-Statcast (2015–2025)
greench03,2025,131,35,43.7,7.21,Post-Statcast (2015–2025)
greenhu01,2022,377,164,125.7,11.75,Post-Statcast (2015–2025)
greenhu01,2023,336,152,112,12.21,Post-Statcast (2015–2025)
greenhu01,2024,451,169,150.3,10.12,Post-Statcast (2015–2025)
greenhu01,2025,323,132,107.7,11.03,Post-Statcast (2015–2025)
greenni02,2014,108,17,36,4.25,Pre-Statcast (2005–2014)
greense01,2006,96,15,32,4.22,Pre-Statcast (2005–2014)
greense01,2007,204,53,68,7.01,Pre-Statcast (2005–2014)
greense01,2008,237,62,79,7.06,Pre-Statcast (2005–2014)
greense01,2009,209,54,69.7,6.98,Pre-Statcast (2005–2014)
greensh02,2014,236,81,78.7,9.27,Pre-Statcast (2005–2014)
greensh02,2015,251,50,83.7,5.38,Post-Statcast (2015–2025)
greensh02,2016,181,59,60.3,8.8,Post-Statcast (2015–2025)
greensh02,2017,203,73,67.7,9.71,Post-Statcast (2015–2025)
greensh02,2018,190,65,63.3,9.24,Post-Statcast (2015–2025)
greensh02,2019,188,64,62.7,9.19,Post-Statcast (2015–2025)
gregelu01,2009,225,93,75,11.16,Pre-Statcast (2005–2014)
gregelu01,2010,235,89,78.3,10.23,Pre-Statcast (2005–2014)
gregelu01,2011,167,34,55.7,5.5,Pre-Statcast (2005–2014)
gregelu01,2012,215,72,71.7,9.04,Pre-Statcast (2005–2014)
gregelu01,2013,199,64,66.3,8.68,Pre-Statcast (2005–2014)
gregelu01,2014,217,59,72.3,7.34,Pre-Statcast (2005–2014)
gregelu01,2015,183,59,61,8.7,Post-Statcast (2015–2025)
gregelu01,2016,173,67,57.7,10.46,Post-Statcast (2015–2025)
gregelu01,2017,183,70,61,10.33,Post-Statcast (2015–2025)
greggke01,2005,193,52,64.3,7.27,Pre-Statcast (2005–2014)
greggke01,2006,235,71,78.3,8.16,Pre-Statcast (2005–2014)
greggke01,2007,252,87,84,9.32,Pre-Statcast (2005–2014)
greggke01,2008,206,58,68.7,7.6,Pre-Statcast (2005–2014)
greggke01,2009,206,71,68.7,9.31,Pre-Statcast (2005–2014)
greggke01,2010,177,58,59,8.85,Pre-Statcast (2005–2014)
greggke01,2011,179,53,59.7,7.99,Pre-Statcast (2005–2014)
greggke01,2012,131,37,43.7,7.63,Pre-Statcast (2005–2014)
greggke01,2013,186,56,62,8.13,Pre-Statcast (2005–2014)
greinza01,2005,549,114,183,5.61,Pre-Statcast (2005–2014)
greinza01,2007,366,106,122,7.82,Pre-Statcast (2005–2014)
greinza01,2008,607,183,202.3,8.14,Pre-Statcast (2005–2014)
greinza01,2009,688,242,229.3,9.5,Pre-Statcast (2005–2014)
greinza01,2010,660,181,220,7.4,Pre-Statcast (2005–2014)
greinza01,2011,515,201,171.7,10.54,Pre-Statcast (2005–2014)
greinza01,2012,637,200,212.3,8.48,Pre-Statcast (2005–2014)
greinza01,2013,533,148,177.7,7.5,Pre-Statcast (2005–2014)
greinza01,2014,607,207,202.3,9.21,Pre-Statcast (2005–2014)
greinza01,2015,668,200,222.7,8.08,Post-Statcast (2015–2025)
greinza01,2016,476,134,158.7,7.6,Post-Statcast (2015–2025)
greinza01,2017,607,215,202.3,9.56,Post-Statcast (2015–2025)
greinza01,2018,623,199,207.7,8.62,Post-Statcast (2015–2025)
greinza01,2019,626,187,208.7,8.07,Post-Statcast (2015–2025)
greinza01,2020,201,67,67,9,Post-Statcast (2015–2025)
greinza01,2021,513,120,171,6.32,Post-Statcast (2015–2025)
greinza01,2022,411,73,137,4.8,Post-Statcast (2015–2025)
greinza01,2023,427,97,142.3,6.13,Post-Statcast (2015–2025)
griffaj01,2012,247,64,82.3,7,Pre-Statcast (2005–2014)
griffaj01,2013,600,171,200,7.7,Pre-Statcast (2005–2014)
griffaj01,2016,357,107,119,8.09,Post-Statcast (2015–2025)
griffaj01,2017,232,61,77.3,7.1,Post-Statcast (2015–2025)
grillja01,2006,186,31,62,4.5,Pre-Statcast (2005–2014)
grillja01,2007,239,62,79.7,7,Pre-Statcast (2005–2014)
grillja01,2008,225,69,75,8.28,Pre-Statcast (2005–2014)
grillja01,2009,137,49,45.7,9.66,Pre-Statcast (2005–2014)
grillja01,2011,98,37,32.7,10.19,Pre-Statcast (2005–2014)
grillja01,2012,176,90,58.7,13.81,Pre-Statcast (2005–2014)
grillja01,2013,150,74,50,13.32,Pre-Statcast (2005–2014)
grillja01,2014,162,57,54,9.5,Pre-Statcast (2005–2014)
grillja01,2015,101,45,33.7,12.03,Post-Statcast (2015–2025)
grillja01,2016,177,81,59,12.36,Post-Statcast (2015–2025)
grillja01,2017,120,48,40,10.8,Post-Statcast (2015–2025)
grimmju01,2013,294,76,98,6.98,Pre-Statcast (2005–2014)
grimmju01,2014,207,70,69,9.13,Pre-Statcast (2005–2014)
grimmju01,2015,149,67,49.7,12.14,Post-Statcast (2015–2025)
grimmju01,2016,158,65,52.7,11.11,Post-Statcast (2015–2025)
grimmju01,2017,166,59,55.3,9.6,Post-Statcast (2015–2025)
groombu01,2005,123,20,41,4.39,Pre-Statcast (2005–2014)
grovemi01,2023,207,73,69,9.52,Post-Statcast (2015–2025)
grovemi01,2024,153,54,51,9.53,Post-Statcast (2015–2025)
gryboke01,2005,93,10,31,2.9,Pre-Statcast (2005–2014)
gsellro01,2016,134,42,44.7,8.46,Post-Statcast (2015–2025)
gsellro01,2017,359,82,119.7,6.17,Post-Statcast (2015–2025)
gsellro01,2018,240,70,80,7.88,Post-Statcast (2015–2025)
gsellro01,2019,191,60,63.7,8.48,Post-Statcast (2015–2025)
guarded01,2005,169,48,56.3,7.67,Pre-Statcast (2005–2014)
guarded01,2006,111,39,37,9.49,Pre-Statcast (2005–2014)
guarded01,2008,169,33,56.3,5.27,Pre-Statcast (2005–2014)
guarded01,2009,115,20,38.3,4.7,Pre-Statcast (2005–2014)
guerrde01,2016,160,36,53.3,6.07,Post-Statcast (2015–2025)
guerrde01,2021,197,62,65.7,8.5,Post-Statcast (2015–2025)
guerrja01,2011,140,38,46.7,7.33,Pre-Statcast (2005–2014)
guerrja01,2012,135,37,45,7.4,Pre-Statcast (2005–2014)
guerrja01,2014,139,38,46.3,7.38,Pre-Statcast (2005–2014)
guerrja01,2018,107,30,35.7,7.57,Post-Statcast (2015–2025)
guerrja01,2019,203,57,67.7,7.58,Post-Statcast (2015–2025)
guerrju02,2016,365,100,121.7,7.4,Post-Statcast (2015–2025)
guerrju02,2017,211,67,70.3,8.57,Post-Statcast (2015–2025)
guerrju02,2018,423,136,141,8.68,Post-Statcast (2015–2025)
guerrju02,2019,251,77,83.7,8.28,Post-Statcast (2015–2025)
guerrju02,2021,196,61,65.3,8.4,Post-Statcast (2015–2025)
guerrma02,2005,215,46,71.7,5.78,Pre-Statcast (2005–2014)
guerrma02,2006,209,37,69.7,4.78,Pre-Statcast (2005–2014)
guerrma02,2007,264,68,88,6.95,Pre-Statcast (2005–2014)
guerrma02,2008,229,59,76.3,6.96,Pre-Statcast (2005–2014)
guerrma02,2009,229,47,76.3,5.54,Pre-Statcast (2005–2014)
guerrma02,2010,213,42,71,5.32,Pre-Statcast (2005–2014)
guerrma02,2011,199,50,66.3,6.78,Pre-Statcast (2005–2014)
guerrma02,2013,128,30,42.7,6.33,Pre-Statcast (2005–2014)
guerrta01,2018,174,68,58,10.55,Post-Statcast (2015–2025)
guerrta01,2019,138,43,46,8.41,Post-Statcast (2015–2025)
gustory01,2025,305,97,101.7,8.59,Post-Statcast (2015–2025)
guthrje01,2007,526,123,175.3,6.31,Pre-Statcast (2005–2014)
guthrje01,2008,572,120,190.7,5.66,Pre-Statcast (2005–2014)
guthrje01,2009,600,110,200,4.95,Pre-Statcast (2005–2014)
guthrje01,2010,628,119,209.3,5.12,Pre-Statcast (2005–2014)
guthrje01,2011,624,130,208,5.62,Pre-Statcast (2005–2014)
guthrje01,2012,545,101,181.7,5,Pre-Statcast (2005–2014)
guthrje01,2013,635,111,211.7,4.72,Pre-Statcast (2005–2014)
guthrje01,2014,608,124,202.7,5.51,Pre-Statcast (2005–2014)
guthrje01,2015,445,84,148.3,5.1,Post-Statcast (2015–2025)
gutieju01,2009,213,66,71,8.37,Pre-Statcast (2005–2014)
gutieju01,2010,170,47,56.7,7.46,Pre-Statcast (2005–2014)
gutieju01,2013,166,45,55.3,7.32,Pre-Statcast (2005–2014)
gutieju01,2014,191,44,63.7,6.22,Pre-Statcast (2005–2014)
gutievl01,2021,342,88,114,6.95,Post-Statcast (2015–2025)
gutievl01,2022,110,29,36.7,7.12,Post-Statcast (2015–2025)
guzmaan01,2006,168,60,56,9.64,Pre-Statcast (2005–2014)
guzmaan01,2007,91,26,30.3,7.71,Pre-Statcast (2005–2014)
guzmaan01,2009,183,47,61,6.93,Pre-Statcast (2005–2014)
haderjo01,2017,143,68,47.7,12.84,Post-Statcast (2015–2025)
haderjo01,2018,244,143,81.3,15.82,Post-Statcast (2015–2025)
haderjo01,2019,227,138,75.7,16.41,Post-Statcast (2015–2025)
haderjo01,2021,176,102,58.7,15.65,Post-Statcast (2015–2025)
haderjo01,2022,150,81,50,14.58,Post-Statcast (2015–2025)
haderjo01,2023,169,85,56.3,13.58,Post-Statcast (2015–2025)
haderjo01,2024,213,105,71,13.31,Post-Statcast (2015–2025)
haderjo01,2025,158,76,52.7,12.99,Post-Statcast (2015–2025)
haegech01,2010,90,30,30,9,Pre-Statcast (2005–2014)
hagadni01,2013,94,30,31.3,8.62,Pre-Statcast (2005–2014)
hahnje01,2014,220,70,73.3,8.59,Pre-Statcast (2005–2014)
hahnje01,2015,290,64,96.7,5.96,Post-Statcast (2015–2025)
hahnje01,2016,139,23,46.3,4.47,Post-Statcast (2015–2025)
hahnje01,2017,209,55,69.7,7.11,Post-Statcast (2015–2025)
halamjo01,2005,195,37,65,5.12,Pre-Statcast (2005–2014)
haleda02,2014,262,44,87.3,4.53,Pre-Statcast (2005–2014)
haleda02,2015,235,61,78.3,7.01,Post-Statcast (2015–2025)
haleda02,2019,113,23,37.7,5.5,Post-Statcast (2015–2025)
hallaro01,2005,425,108,141.7,6.86,Pre-Statcast (2005–2014)
hallaro01,2006,660,132,220,5.4,Pre-Statcast (2005–2014)
hallaro01,2007,676,139,225.3,5.55,Pre-Statcast (2005–2014)
hallaro01,2008,738,206,246,7.54,Pre-Statcast (2005–2014)
hallaro01,2009,717,208,239,7.83,Pre-Statcast (2005–2014)
hallaro01,2010,752,219,250.7,7.86,Pre-Statcast (2005–2014)
hallaro01,2011,701,220,233.7,8.47,Pre-Statcast (2005–2014)
hallaro01,2012,469,132,156.3,7.6,Pre-Statcast (2005–2014)
hallaro01,2013,186,51,62,7.4,Pre-Statcast (2005–2014)
halldl01,2024,129,44,43,9.21,Post-Statcast (2015–2025)
halldl01,2025,116,27,38.7,6.28,Post-Statcast (2015–2025)
halsebr01,2005,480,82,160,4.61,Pre-Statcast (2005–2014)
halsebr01,2006,283,53,94.3,5.06,Pre-Statcast (2005–2014)
halvose01,2025,119,36,39.7,8.17,Post-Statcast (2015–2025)
hamelco01,2006,397,145,132.3,9.86,Pre-Statcast (2005–2014)
hamelco01,2007,550,177,183.3,8.69,Pre-Statcast (2005–2014)
hamelco01,2008,682,196,227.3,7.76,Pre-Statcast (2005–2014)
hamelco01,2009,581,168,193.7,7.81,Pre-Statcast (2005–2014)
hamelco01,2010,626,211,208.7,9.1,Pre-Statcast (2005–2014)
hamelco01,2011,648,194,216,8.08,Pre-Statcast (2005–2014)
hamelco01,2012,646,216,215.3,9.03,Pre-Statcast (2005–2014)
hamelco01,2013,660,202,220,8.26,Pre-Statcast (2005–2014)
hamelco01,2014,614,198,204.7,8.71,Pre-Statcast (2005–2014)
hamelco01,2015,637,215,212.3,9.11,Post-Statcast (2015–2025)
hamelco01,2016,602,200,200.7,8.97,Post-Statcast (2015–2025)
hamelco01,2017,444,105,148,6.39,Post-Statcast (2015–2025)
hamelco01,2018,572,188,190.7,8.87,Post-Statcast (2015–2025)
hamelco01,2019,425,143,141.7,9.08,Post-Statcast (2015–2025)
hamilia01,2023,174,69,58,10.71,Post-Statcast (2015–2025)
hamilia01,2024,113,41,37.7,9.8,Post-Statcast (2015–2025)
hamilia01,2025,120,42,40,9.45,Post-Statcast (2015–2025)
hammeja01,2006,132,32,44,6.55,Pre-Statcast (2005–2014)
hammeja01,2007,255,64,85,6.78,Pre-Statcast (2005–2014)
hammeja01,2008,235,44,78.3,5.06,Pre-Statcast (2005–2014)
hammeja01,2009,530,133,176.7,6.78,Pre-Statcast (2005–2014)
hammeja01,2010,533,141,177.7,7.14,Pre-Statcast (2005–2014)
hammeja01,2011,511,94,170.3,4.97,Pre-Statcast (2005–2014)
hammeja01,2012,354,113,118,8.62,Pre-Statcast (2005–2014)
hammeja01,2013,418,96,139.3,6.2,Pre-Statcast (2005–2014)
hammeja01,2014,529,158,176.3,8.06,Pre-Statcast (2005–2014)
hammeja01,2015,512,172,170.7,9.07,Post-Statcast (2015–2025)
hammeja01,2016,500,144,166.7,7.78,Post-Statcast (2015–2025)
hammeja01,2017,541,145,180.3,7.24,Post-Statcast (2015–2025)
hammeja01,2018,381,92,127,6.52,Post-Statcast (2015–2025)
hammoch01,2005,176,34,58.7,5.22,Pre-Statcast (2005–2014)
hampsju01,2007,160,34,53.3,5.74,Pre-Statcast (2005–2014)
hampsju01,2008,92,19,30.7,5.58,Pre-Statcast (2005–2014)
hamptmi01,2005,208,27,69.3,3.5,Pre-Statcast (2005–2014)
hamptmi01,2008,234,38,78,4.38,Pre-Statcast (2005–2014)
hamptmi01,2009,336,74,112,5.95,Pre-Statcast (2005–2014)
hamulti01,2006,102,34,34,9,Pre-Statcast (2005–2014)
hancoem01,2024,182,39,60.7,5.79,Post-Statcast (2015–2025)
hancoem01,2025,270,64,90,6.4,Post-Statcast (2015–2025)
hancojo01,2006,231,50,77,5.84,Pre-Statcast (2005–2014)
handbr01,2011,180,38,60,5.7,Pre-Statcast (2005–2014)
handbr01,2014,333,67,111,5.43,Pre-Statcast (2005–2014)
handbr01,2015,280,67,93.3,6.46,Post-Statcast (2015–2025)
handbr01,2016,268,111,89.3,11.18,Post-Statcast (2015–2025)
handbr01,2017,238,104,79.3,11.8,Post-Statcast (2015–2025)
handbr01,2018,216,106,72,13.25,Post-Statcast (2015–2025)
handbr01,2019,172,84,57.3,13.19,Post-Statcast (2015–2025)
handbr01,2021,194,61,64.7,8.49,Post-Statcast (2015–2025)
handbr01,2022,135,38,45,7.6,Post-Statcast (2015–2025)
handbr01,2023,161,59,53.7,9.89,Post-Statcast (2015–2025)
handdo01,2013,205,37,68.3,4.87,Pre-Statcast (2005–2014)
hanifbr01,2025,180,40,60,6,Post-Statcast (2015–2025)
hanrajo01,2007,153,43,51,7.59,Pre-Statcast (2005–2014)
hanrajo01,2008,253,93,84.3,9.92,Pre-Statcast (2005–2014)
hanrajo01,2009,192,72,64,10.12,Pre-Statcast (2005–2014)
hanrajo01,2010,209,100,69.7,12.92,Pre-Statcast (2005–2014)
hanrajo01,2011,206,61,68.7,8,Pre-Statcast (2005–2014)
hanrajo01,2012,179,67,59.7,10.11,Pre-Statcast (2005–2014)
hansecr01,2006,114,30,38,7.11,Pre-Statcast (2005–2014)
hansecr01,2008,139,32,46.3,6.22,Pre-Statcast (2005–2014)
hansoto01,2009,383,116,127.7,8.18,Pre-Statcast (2005–2014)
hansoto01,2010,608,173,202.7,7.68,Pre-Statcast (2005–2014)
hansoto01,2011,390,142,130,9.83,Pre-Statcast (2005–2014)
hansoto01,2012,524,161,174.7,8.3,Pre-Statcast (2005–2014)
hansoto01,2013,219,56,73,6.9,Pre-Statcast (2005–2014)
happja01,2008,95,26,31.7,7.39,Pre-Statcast (2005–2014)
happja01,2009,498,119,166,6.45,Pre-Statcast (2005–2014)
happja01,2010,262,70,87.3,7.21,Pre-Statcast (2005–2014)
happja01,2011,469,134,156.3,7.71,Pre-Statcast (2005–2014)
happja01,2012,434,144,144.7,8.96,Pre-Statcast (2005–2014)
happja01,2013,278,77,92.7,7.48,Pre-Statcast (2005–2014)
happja01,2014,474,133,158,7.58,Pre-Statcast (2005–2014)
happja01,2015,516,151,172,7.9,Post-Statcast (2015–2025)
happja01,2016,585,163,195,7.52,Post-Statcast (2015–2025)
happja01,2017,436,142,145.3,8.79,Post-Statcast (2015–2025)
happja01,2018,533,193,177.7,9.78,Post-Statcast (2015–2025)
happja01,2019,484,140,161.3,7.81,Post-Statcast (2015–2025)
happja01,2020,148,42,49.3,7.66,Post-Statcast (2015–2025)
happja01,2021,457,122,152.3,7.21,Post-Statcast (2015–2025)
haranaa01,2005,635,163,211.7,6.93,Pre-Statcast (2005–2014)
haranaa01,2006,703,216,234.3,8.3,Pre-Statcast (2005–2014)
haranaa01,2007,695,218,231.7,8.47,Pre-Statcast (2005–2014)
haranaa01,2008,553,153,184.3,7.47,Pre-Statcast (2005–2014)
haranaa01,2009,487,142,162.3,7.87,Pre-Statcast (2005–2014)
haranaa01,2010,335,82,111.7,6.61,Pre-Statcast (2005–2014)
haranaa01,2011,512,124,170.7,6.54,Pre-Statcast (2005–2014)
haranaa01,2012,539,131,179.7,6.56,Pre-Statcast (2005–2014)
haranaa01,2013,430,113,143.3,7.1,Pre-Statcast (2005–2014)
haranaa01,2014,613,161,204.3,7.09,Pre-Statcast (2005–2014)
haranaa01,2015,517,108,172.3,5.64,Post-Statcast (2015–2025)
harderi01,2005,384,121,128,8.51,Pre-Statcast (2005–2014)
harderi01,2006,140,49,46.7,9.45,Pre-Statcast (2005–2014)
harderi01,2008,444,181,148,11.01,Pre-Statcast (2005–2014)
harderi01,2009,423,171,141,10.91,Pre-Statcast (2005–2014)
harderi01,2010,276,75,92,7.34,Pre-Statcast (2005–2014)
harderi01,2011,248,91,82.7,9.91,Pre-Statcast (2005–2014)
hardybl01,2014,117,31,39,7.15,Pre-Statcast (2005–2014)
hardybl01,2015,184,55,61.3,8.07,Post-Statcast (2015–2025)
hardybl01,2017,100,28,33.3,7.56,Post-Statcast (2015–2025)
hardybl01,2018,258,66,86,6.91,Post-Statcast (2015–2025)
hardybl01,2019,133,29,44.3,5.89,Post-Statcast (2015–2025)
harenda01,2005,651,163,217,6.76,Pre-Statcast (2005–2014)
harenda01,2006,669,176,223,7.1,Pre-Statcast (2005–2014)
harenda01,2007,668,192,222.7,7.76,Pre-Statcast (2005–2014)
harenda01,2008,648,206,216,8.58,Pre-Statcast (2005–2014)
harenda01,2009,688,223,229.3,8.75,Pre-Statcast (2005–2014)
harenda01,2010,705,216,235,8.27,Pre-Statcast (2005–2014)
harenda01,2011,715,192,238.3,7.25,Pre-Statcast (2005–2014)
harenda01,2012,530,142,176.7,7.23,Pre-Statcast (2005–2014)
harenda01,2013,509,151,169.7,8.01,Pre-Statcast (2005–2014)
harenda01,2014,558,145,186,7.02,Pre-Statcast (2005–2014)
harenda01,2015,562,132,187.3,6.34,Post-Statcast (2015–2025)
harpery01,2019,163,50,54.3,8.28,Post-Statcast (2015–2025)
harpery01,2021,107,31,35.7,7.82,Post-Statcast (2015–2025)
harpetr01,2005,220,40,73.3,4.91,Pre-Statcast (2005–2014)
harpetr01,2006,126,32,42,6.86,Pre-Statcast (2005–2014)
harrelu01,2012,581,140,193.7,6.51,Pre-Statcast (2005–2014)
harrelu01,2013,461,89,153.7,5.21,Pre-Statcast (2005–2014)
harrelu01,2016,141,36,47,6.89,Post-Statcast (2015–2025)
harriho02,2023,189,56,63,8,Post-Statcast (2015–2025)
harriho02,2024,217,61,72.3,7.59,Post-Statcast (2015–2025)
harriho02,2025,194,65,64.7,9.05,Post-Statcast (2015–2025)
harrije02,2005,161,25,53.7,4.19,Pre-Statcast (2005–2014)
harriky01,2023,104,35,34.7,9.09,Post-Statcast (2015–2025)
harriky01,2024,373,118,124.3,8.54,Post-Statcast (2015–2025)
harriky01,2025,107,38,35.7,9.59,Post-Statcast (2015–2025)
harrima01,2008,251,42,83.7,4.52,Pre-Statcast (2005–2014)
harrima01,2009,190,34,63.3,4.83,Pre-Statcast (2005–2014)
harrima01,2010,235,46,78.3,5.29,Pre-Statcast (2005–2014)
harrima01,2011,557,126,185.7,6.11,Pre-Statcast (2005–2014)
harrima01,2012,640,133,213.3,5.61,Pre-Statcast (2005–2014)
harriwi02,2013,158,53,52.7,9.06,Pre-Statcast (2005–2014)
harriwi02,2015,213,68,71,8.62,Post-Statcast (2015–2025)
harriwi02,2016,192,69,64,9.7,Post-Statcast (2015–2025)
harriwi02,2017,136,52,45.3,10.32,Post-Statcast (2015–2025)
harriwi02,2018,170,64,56.7,10.16,Post-Statcast (2015–2025)
harriwi02,2019,180,62,60,9.3,Post-Statcast (2015–2025)
hartdo01,2017,131,29,43.7,5.98,Post-Statcast (2015–2025)
hartke01,2009,243,52,81,5.78,Pre-Statcast (2005–2014)
hartky01,2025,129,37,43,7.74,Post-Statcast (2015–2025)
hartlge01,2019,105,38,35,9.77,Post-Statcast (2015–2025)
hartwgr01,2023,106,30,35.3,7.64,Post-Statcast (2015–2025)
harvehu01,2022,118,45,39.3,10.3,Post-Statcast (2015–2025)
harvehu01,2023,182,67,60.7,9.94,Post-Statcast (2015–2025)
harvehu01,2024,152,55,50.7,9.77,Post-Statcast (2015–2025)
harvema01,2012,178,70,59.3,10.62,Pre-Statcast (2005–2014)
harvema01,2013,535,191,178.3,9.64,Pre-Statcast (2005–2014)
harvema01,2015,568,188,189.3,8.94,Post-Statcast (2015–2025)
harvema01,2016,278,76,92.7,7.38,Post-Statcast (2015–2025)
harvema01,2017,278,67,92.7,6.51,Post-Statcast (2015–2025)
harvema01,2018,465,131,155,7.61,Post-Statcast (2015–2025)
harvema01,2019,179,39,59.7,5.88,Post-Statcast (2015–2025)
harvema01,2021,383,95,127.7,6.7,Post-Statcast (2015–2025)
harvich01,2005,136,36,45.3,7.15,Pre-Statcast (2005–2014)
harvich01,2006,123,30,41,6.59,Pre-Statcast (2005–2014)
hasegsh01,2005,200,30,66.7,4.05,Pre-Statcast (2005–2014)
hatchch02,2014,168,60,56,9.64,Pre-Statcast (2005–2014)
hatchch02,2015,117,45,39,10.38,Post-Statcast (2015–2025)
hatchch02,2016,122,43,40.7,9.52,Post-Statcast (2015–2025)
hatchch02,2017,179,63,59.7,9.5,Post-Statcast (2015–2025)
hatchch02,2018,109,30,36.3,7.43,Post-Statcast (2015–2025)
hatchto01,2025,102,22,34,5.82,Post-Statcast (2015–2025)
hawkila01,2005,169,43,56.3,6.87,Pre-Statcast (2005–2014)
hawkila01,2006,181,27,60.3,4.03,Pre-Statcast (2005–2014)
hawkila01,2007,166,29,55.3,4.72,Pre-Statcast (2005–2014)
hawkila01,2008,186,48,62,6.97,Pre-Statcast (2005–2014)
hawkila01,2009,190,45,63.3,6.39,Pre-Statcast (2005–2014)
hawkila01,2011,145,28,48.3,5.21,Pre-Statcast (2005–2014)
hawkila01,2012,126,23,42,4.93,Pre-Statcast (2005–2014)
hawkila01,2013,212,55,70.7,7,Pre-Statcast (2005–2014)
hawkila01,2014,163,32,54.3,5.3,Pre-Statcast (2005–2014)
hawkila01,2015,116,34,38.7,7.91,Post-Statcast (2015–2025)
hawksbl01,2009,120,20,40,4.5,Pre-Statcast (2005–2014)
hawksbl01,2010,271,61,90.3,6.08,Pre-Statcast (2005–2014)
hawksbl01,2011,159,43,53,7.3,Pre-Statcast (2005–2014)
headlo01,2021,105,32,35,8.23,Post-Statcast (2015–2025)
heanean01,2015,317,78,105.7,6.64,Post-Statcast (2015–2025)
heanean01,2018,540,180,180,9,Post-Statcast (2015–2025)
heanean01,2019,286,118,95.3,11.14,Post-Statcast (2015–2025)
heanean01,2020,200,70,66.7,9.45,Post-Statcast (2015–2025)
heanean01,2021,389,150,129.7,10.41,Post-Statcast (2015–2025)
heanean01,2022,218,110,72.7,13.62,Post-Statcast (2015–2025)
heanean01,2023,442,151,147.3,9.22,Post-Statcast (2015–2025)
heanean01,2024,480,159,160,8.94,Post-Statcast (2015–2025)
heanean01,2025,367,86,122.3,6.33,Post-Statcast (2015–2025)
hearnta01,2021,313,92,104.3,7.94,Post-Statcast (2015–2025)
hearnta01,2022,300,97,100,8.73,Post-Statcast (2015–2025)
heasljo01,2022,312,70,104,6.06,Post-Statcast (2015–2025)
hefneje01,2012,281,62,93.7,5.96,Pre-Statcast (2005–2014)
hefneje01,2013,392,99,130.7,6.82,Pre-Statcast (2005–2014)
heilmaa01,2005,324,106,108,8.83,Pre-Statcast (2005–2014)
heilmaa01,2006,261,73,87,7.55,Pre-Statcast (2005–2014)
heilmaa01,2007,258,63,86,6.59,Pre-Statcast (2005–2014)
heilmaa01,2008,228,80,76,9.47,Pre-Statcast (2005–2014)
heilmaa01,2009,217,65,72.3,8.09,Pre-Statcast (2005–2014)
heilmaa01,2010,216,55,72,6.88,Pre-Statcast (2005–2014)
heilmaa01,2011,106,33,35.3,8.41,Pre-Statcast (2005–2014)
hellije01,2010,109,33,36.3,8.17,Pre-Statcast (2005–2014)
hellije01,2011,567,117,189,5.57,Pre-Statcast (2005–2014)
hellije01,2012,531,124,177,6.31,Pre-Statcast (2005–2014)
hellije01,2013,522,135,174,6.98,Pre-Statcast (2005–2014)
hellije01,2014,191,54,63.7,7.63,Pre-Statcast (2005–2014)
hellije01,2015,438,121,146,7.46,Post-Statcast (2015–2025)
hellije01,2016,567,154,189,7.33,Post-Statcast (2015–2025)
hellije01,2017,492,96,164,5.27,Post-Statcast (2015–2025)
hellije01,2018,274,65,91.3,6.41,Post-Statcast (2015–2025)
hellije01,2019,117,30,39,6.92,Post-Statcast (2015–2025)
helliri01,2005,147,42,49,7.71,Pre-Statcast (2005–2014)
helliri01,2006,105,32,35,8.23,Pre-Statcast (2005–2014)
hellwjo01,2013,92,9,30.7,2.64,Pre-Statcast (2005–2014)
helslry01,2019,110,32,36.7,7.85,Post-Statcast (2015–2025)
helslry01,2021,142,47,47.3,8.94,Post-Statcast (2015–2025)
helslry01,2022,194,94,64.7,13.08,Post-Statcast (2015–2025)
helslry01,2023,110,52,36.7,12.76,Post-Statcast (2015–2025)
helslry01,2024,199,79,66.3,10.72,Post-Statcast (2015–2025)
helslry01,2025,168,63,56,10.12,Post-Statcast (2015–2025)
hembrhe01,2016,153,47,51,8.29,Post-Statcast (2015–2025)
hembrhe01,2017,186,70,62,10.16,Post-Statcast (2015–2025)
hembrhe01,2018,180,76,60,11.4,Post-Statcast (2015–2025)
hembrhe01,2019,119,46,39.7,10.44,Post-Statcast (2015–2025)
hembrhe01,2021,174,83,58,12.88,Post-Statcast (2015–2025)
hendeji01,2012,92,45,30.7,13.21,Pre-Statcast (2005–2014)
hendeji01,2013,180,75,60,11.25,Pre-Statcast (2005–2014)
hendeji01,2016,105,40,35,10.29,Post-Statcast (2015–2025)
hendrky01,2014,241,47,80.3,5.27,Pre-Statcast (2005–2014)
hendrky01,2015,540,167,180,8.35,Post-Statcast (2015–2025)
hendrky01,2016,570,170,190,8.05,Post-Statcast (2015–2025)
hendrky01,2017,419,123,139.7,7.93,Post-Statcast (2015–2025)
hendrky01,2018,597,161,199,7.28,Post-Statcast (2015–2025)
hendrky01,2019,531,150,177,7.63,Post-Statcast (2015–2025)
hendrky01,2020,244,64,81.3,7.08,Post-Statcast (2015–2025)
hendrky01,2021,543,131,181,6.51,Post-Statcast (2015–2025)
hendrky01,2022,253,66,84.3,7.04,Post-Statcast (2015–2025)
hendrky01,2023,411,93,137,6.11,Post-Statcast (2015–2025)
hendrky01,2024,392,87,130.7,5.99,Post-Statcast (2015–2025)
hendrky01,2025,494,114,164.7,6.23,Post-Statcast (2015–2025)
hendrli01,2012,256,50,85.3,5.27,Pre-Statcast (2005–2014)
hendrli01,2013,142,34,47.3,6.46,Pre-Statcast (2005–2014)
hendrli01,2014,98,23,32.7,6.34,Pre-Statcast (2005–2014)
hendrli01,2015,194,71,64.7,9.88,Post-Statcast (2015–2025)
hendrli01,2016,194,71,64.7,9.88,Post-Statcast (2015–2025)
hendrli01,2017,192,78,64,10.97,Post-Statcast (2015–2025)
hendrli01,2019,255,124,85,13.13,Post-Statcast (2015–2025)
hendrli01,2021,213,113,71,14.32,Post-Statcast (2015–2025)
hendrli01,2022,173,85,57.7,13.27,Post-Statcast (2015–2025)
hendrma01,2005,535,89,178.3,4.49,Pre-Statcast (2005–2014)
hendrma01,2006,494,99,164.7,5.41,Pre-Statcast (2005–2014)
hendrma01,2007,368,92,122.7,6.75,Pre-Statcast (2005–2014)
hendrma01,2008,401,81,133.7,5.45,Pre-Statcast (2005–2014)
hendrma01,2009,315,61,105,5.23,Pre-Statcast (2005–2014)
hendrma01,2010,226,55,75.3,6.57,Pre-Statcast (2005–2014)
hendrry01,2021,95,35,31.7,9.95,Post-Statcast (2015–2025)
hennebr01,2005,355,64,118.3,4.87,Pre-Statcast (2005–2014)
hennebr01,2006,298,42,99.3,3.81,Pre-Statcast (2005–2014)
hennebr01,2007,205,40,68.3,5.27,Pre-Statcast (2005–2014)
hennebr01,2008,121,21,40.3,4.69,Pre-Statcast (2005–2014)
hennse01,2007,110,28,36.7,6.87,Pre-Statcast (2005–2014)
henriro01,2025,219,98,73,12.08,Post-Statcast (2015–2025)
henryco01,2025,158,52,52.7,8.89,Post-Statcast (2015–2025)
henryto01,2022,141,36,47,6.89,Post-Statcast (2015–2025)
henryto01,2023,267,64,89,6.47,Post-Statcast (2015–2025)
henryto01,2024,115,30,38.3,7.04,Post-Statcast (2015–2025)
henslcl01,2005,143,28,47.7,5.29,Pre-Statcast (2005–2014)
henslcl01,2006,561,122,187,5.87,Pre-Statcast (2005–2014)
henslcl01,2007,150,30,50,5.4,Pre-Statcast (2005–2014)
henslcl01,2008,117,26,39,6,Pre-Statcast (2005–2014)
henslcl01,2010,225,77,75,9.24,Pre-Statcast (2005–2014)
henslcl01,2011,203,46,67.7,6.12,Pre-Statcast (2005–2014)
henslcl01,2012,152,42,50.7,7.46,Pre-Statcast (2005–2014)
hentgsa01,2021,206,68,68.7,8.91,Post-Statcast (2015–2025)
hentgsa01,2022,186,72,62,10.45,Post-Statcast (2015–2025)
hentgsa01,2023,157,56,52.3,9.63,Post-Statcast (2015–2025)
hergeji01,2022,207,63,69,8.22,Post-Statcast (2015–2025)
hergeji01,2025,250,81,83.3,8.75,Post-Statcast (2015–2025)
hergema01,2006,213,36,71,4.56,Pre-Statcast (2005–2014)
hergema01,2007,146,30,48.7,5.55,Pre-Statcast (2005–2014)
hergema01,2008,193,46,64.3,6.44,Pre-Statcast (2005–2014)
hergema01,2009,104,26,34.7,6.75,Pre-Statcast (2005–2014)
hermadu01,2005,172,33,57.3,5.18,Pre-Statcast (2005–2014)
hernaca04,2021,257,74,85.7,7.77,Post-Statcast (2015–2025)
hernaca04,2022,168,35,56,5.62,Post-Statcast (2015–2025)
hernaca04,2023,210,77,70,9.9,Post-Statcast (2015–2025)
hernaca04,2024,90,27,30,8.1,Post-Statcast (2015–2025)
hernaca04,2025,130,39,43.3,8.1,Post-Statcast (2015–2025)
hernada01,2009,304,68,101.3,6.04,Pre-Statcast (2005–2014)
hernada01,2010,238,72,79.3,8.17,Pre-Statcast (2005–2014)
hernada01,2011,208,77,69.3,10,Pre-Statcast (2005–2014)
hernada01,2012,205,98,68.3,12.91,Pre-Statcast (2005–2014)
hernada01,2013,187,66,62.3,9.53,Pre-Statcast (2005–2014)
hernada01,2015,101,33,33.7,8.82,Post-Statcast (2015–2025)
hernada01,2016,218,80,72.7,9.91,Post-Statcast (2015–2025)
hernada01,2017,165,52,55,8.51,Post-Statcast (2015–2025)
hernada01,2018,192,65,64,9.14,Post-Statcast (2015–2025)
hernada01,2019,128,53,42.7,11.18,Post-Statcast (2015–2025)
hernada02,2019,91,57,30.3,16.91,Post-Statcast (2015–2025)
hernada02,2021,120,54,40,12.15,Post-Statcast (2015–2025)
hernada03,2025,111,33,37,8.03,Post-Statcast (2015–2025)
hernael01,2018,197,45,65.7,6.17,Post-Statcast (2015–2025)
hernael01,2019,247,85,82.3,9.29,Post-Statcast (2015–2025)
hernael01,2021,155,53,51.7,9.23,Post-Statcast (2015–2025)
hernael01,2022,187,60,62.3,8.66,Post-Statcast (2015–2025)
hernafe02,2005,253,77,84.3,8.22,Pre-Statcast (2005–2014)
hernafe02,2006,573,176,191,8.29,Pre-Statcast (2005–2014)
hernafe02,2007,571,165,190.3,7.8,Pre-Statcast (2005–2014)
hernafe02,2008,602,175,200.7,7.85,Pre-Statcast (2005–2014)
hernafe02,2009,716,217,238.7,8.18,Pre-Statcast (2005–2014)
hernafe02,2010,749,232,249.7,8.36,Pre-Statcast (2005–2014)
hernafe02,2011,701,222,233.7,8.55,Pre-Statcast (2005–2014)
hernafe02,2012,696,223,232,8.65,Pre-Statcast (2005–2014)
hernafe02,2013,613,216,204.3,9.51,Pre-Statcast (2005–2014)
hernafe02,2014,708,248,236,9.46,Pre-Statcast (2005–2014)
hernafe02,2015,605,191,201.7,8.52,Post-Statcast (2015–2025)
hernafe02,2016,460,122,153.3,7.16,Post-Statcast (2015–2025)
hernafe02,2017,260,78,86.7,8.1,Post-Statcast (2015–2025)
hernafe02,2018,467,125,155.7,7.23,Post-Statcast (2015–2025)
hernafe02,2019,215,57,71.7,7.16,Post-Statcast (2015–2025)
hernajo02,2020,93,31,31,9,Post-Statcast (2015–2025)
hernajo02,2022,91,27,30.3,8.01,Post-Statcast (2015–2025)
hernajo02,2023,95,34,31.7,9.66,Post-Statcast (2015–2025)
hernajo02,2024,130,39,43.3,8.1,Post-Statcast (2015–2025)
hernajo03,2023,152,62,50.7,11.01,Post-Statcast (2015–2025)
hernali01,2005,739,147,246.3,5.37,Pre-Statcast (2005–2014)
hernali01,2006,648,128,216,5.33,Pre-Statcast (2005–2014)
hernali01,2007,613,90,204.3,3.96,Pre-Statcast (2005–2014)
hernali01,2008,540,67,180,3.35,Pre-Statcast (2005–2014)
hernali01,2009,551,102,183.7,5,Pre-Statcast (2005–2014)
hernali01,2010,635,114,211.7,4.85,Pre-Statcast (2005–2014)
hernali01,2011,526,99,175.3,5.08,Pre-Statcast (2005–2014)
hernali01,2012,202,48,67.3,6.42,Pre-Statcast (2005–2014)
hernaor01,2005,385,91,128.3,6.38,Pre-Statcast (2005–2014)
hernaor01,2006,487,164,162.3,9.09,Pre-Statcast (2005–2014)
hernaor01,2007,443,128,147.7,7.8,Pre-Statcast (2005–2014)
hernape02,2013,170,29,56.7,4.61,Pre-Statcast (2005–2014)
hernaro01,2005,209,61,69.7,7.88,Pre-Statcast (2005–2014)
hernaro01,2006,191,48,63.7,6.79,Pre-Statcast (2005–2014)
hernaro01,2007,139,31,46.3,6.02,Pre-Statcast (2005–2014)
hernaru03,2005,479,88,159.7,4.96,Pre-Statcast (2005–2014)
hernaru03,2006,329,50,109.7,4.1,Pre-Statcast (2005–2014)
herndda01,2010,157,29,52.3,4.99,Pre-Statcast (2005–2014)
herndda01,2011,171,39,57,6.16,Pre-Statcast (2005–2014)
herreda01,2009,185,44,61.7,6.42,Pre-Statcast (2005–2014)
herreke01,2012,253,77,84.3,8.22,Pre-Statcast (2005–2014)
herreke01,2013,175,74,58.3,11.42,Pre-Statcast (2005–2014)
herreke01,2014,210,59,70,7.59,Pre-Statcast (2005–2014)
herreke01,2015,209,64,69.7,8.27,Post-Statcast (2015–2025)
herreke01,2016,216,86,72,10.75,Post-Statcast (2015–2025)
herreke01,2017,178,56,59.3,8.49,Post-Statcast (2015–2025)
herreke01,2018,133,38,44.3,7.71,Post-Statcast (2015–2025)
herreke01,2019,154,53,51.3,9.29,Post-Statcast (2015–2025)
herriti01,2024,197,68,65.7,9.32,Post-Statcast (2015–2025)
herriti01,2025,128,45,42.7,9.49,Post-Statcast (2015–2025)
herrmfr01,2010,134,24,44.7,4.84,Pre-Statcast (2005–2014)
herrmfr01,2011,169,34,56.3,5.43,Pre-Statcast (2005–2014)
herzdj01,2024,266,106,88.7,10.76,Post-Statcast (2015–2025)
hessda01,2018,310,74,103.3,6.45,Post-Statcast (2015–2025)
hessda01,2019,240,68,80,7.65,Post-Statcast (2015–2025)
hestoch01,2015,533,141,177.7,7.14,Post-Statcast (2015–2025)
heuerco01,2021,202,56,67.3,7.49,Post-Statcast (2015–2025)
hicksjo03,2018,233,70,77.7,8.11,Post-Statcast (2015–2025)
hicksjo03,2022,184,63,61.3,9.24,Post-Statcast (2015–2025)
hicksjo03,2023,197,81,65.7,11.1,Post-Statcast (2015–2025)
hicksjo03,2024,329,96,109.7,7.88,Post-Statcast (2015–2025)
hicksjo03,2025,202,58,67.3,7.75,Post-Statcast (2015–2025)
hildetr01,2017,126,44,42,9.43,Post-Statcast (2015–2025)
hildetr01,2018,219,70,73,8.63,Post-Statcast (2015–2025)
hillga02,2022,181,40,60.3,5.97,Post-Statcast (2015–2025)
hillri01,2006,298,90,99.3,8.15,Pre-Statcast (2005–2014)
hillri01,2007,585,183,195,8.45,Pre-Statcast (2005–2014)
hillri01,2009,173,46,57.7,7.18,Pre-Statcast (2005–2014)
hillri01,2013,116,51,38.7,11.87,Pre-Statcast (2005–2014)
hillri01,2016,331,129,110.3,10.52,Post-Statcast (2015–2025)
hillri01,2017,407,166,135.7,11.01,Post-Statcast (2015–2025)
hillri01,2018,398,150,132.7,10.18,Post-Statcast (2015–2025)
hillri01,2019,176,72,58.7,11.05,Post-Statcast (2015–2025)
hillri01,2020,116,31,38.7,7.22,Post-Statcast (2015–2025)
hillri01,2021,476,150,158.7,8.51,Post-Statcast (2015–2025)
hillri01,2022,373,109,124.3,7.89,Post-Statcast (2015–2025)
hillri01,2023,439,129,146.3,7.93,Post-Statcast (2015–2025)
hillsh01,2006,110,16,36.7,3.93,Pre-Statcast (2005–2014)
hillsh01,2007,292,65,97.3,6.01,Pre-Statcast (2005–2014)
hillsh01,2008,190,39,63.3,5.54,Pre-Statcast (2005–2014)
hillti01,2018,137,42,45.7,8.28,Post-Statcast (2015–2025)
hillti01,2019,119,39,39.7,8.85,Post-Statcast (2015–2025)
hillti01,2021,179,56,59.7,8.45,Post-Statcast (2015–2025)
hillti01,2022,144,25,48,4.69,Post-Statcast (2015–2025)
hillti01,2023,133,26,44.3,5.28,Post-Statcast (2015–2025)
hillti01,2024,201,31,67,4.16,Post-Statcast (2015–2025)
hillti01,2025,201,37,67,4.97,Post-Statcast (2015–2025)
hinshal01,2008,119,47,39.7,10.66,Pre-Statcast (2005–2014)
hiranyo01,2018,199,59,66.3,8.01,Post-Statcast (2015–2025)
hiranyo01,2019,159,61,53,10.36,Post-Statcast (2015–2025)
hirshja01,2006,134,29,44.7,5.84,Pre-Statcast (2005–2014)
hirshja01,2007,337,75,112.3,6.01,Pre-Statcast (2005–2014)
hjellse01,2024,242,75,80.7,8.37,Post-Statcast (2015–2025)
hochelu01,2008,387,72,129,5.02,Pre-Statcast (2005–2014)
hochelu01,2009,429,106,143,6.67,Pre-Statcast (2005–2014)
hochelu01,2010,309,76,103,6.64,Pre-Statcast (2005–2014)
hochelu01,2011,594,128,198,5.82,Pre-Statcast (2005–2014)
hochelu01,2012,556,144,185.3,6.99,Pre-Statcast (2005–2014)
hochelu01,2013,211,82,70.3,10.49,Pre-Statcast (2005–2014)
hochelu01,2015,152,49,50.7,8.7,Post-Statcast (2015–2025)
hochelu01,2016,112,40,37.3,9.64,Post-Statcast (2015–2025)
hodgepo01,2024,129,52,43,10.88,Post-Statcast (2015–2025)
hodgepo01,2025,99,40,33,10.91,Post-Statcast (2015–2025)
hoeinbr01,2023,212,53,70.7,6.75,Post-Statcast (2015–2025)
hoeinbr01,2024,161,43,53.7,7.21,Post-Statcast (2015–2025)
hoffmje02,2016,94,22,31.3,6.32,Post-Statcast (2015–2025)
hoffmje02,2017,298,82,99.3,7.43,Post-Statcast (2015–2025)
hoffmje02,2019,210,68,70,8.74,Post-Statcast (2015–2025)
hoffmje02,2021,219,79,73,9.74,Post-Statcast (2015–2025)
hoffmje02,2022,134,45,44.7,9.07,Post-Statcast (2015–2025)
hoffmje02,2023,157,69,52.3,11.87,Post-Statcast (2015–2025)
hoffmje02,2024,199,89,66.3,12.08,Post-Statcast (2015–2025)
hoffmje02,2025,204,84,68,11.12,Post-Statcast (2015–2025)
hoffmtr01,2005,173,54,57.7,8.43,Pre-Statcast (2005–2014)
hoffmtr01,2006,189,50,63,7.14,Pre-Statcast (2005–2014)
hoffmtr01,2007,172,44,57.3,6.91,Pre-Statcast (2005–2014)
hoffmtr01,2008,136,46,45.3,9.13,Pre-Statcast (2005–2014)
hoffmtr01,2009,162,48,54,8,Pre-Statcast (2005–2014)
hoffmtr01,2010,142,30,47.3,5.7,Pre-Statcast (2005–2014)
hoglugu01,2025,97,23,32.3,6.4,Post-Statcast (2015–2025)
holdeco01,2023,168,58,56,9.32,Post-Statcast (2015–2025)
holdeco01,2024,154,56,51.3,9.82,Post-Statcast (2015–2025)
holdejo02,2017,118,40,39.3,9.15,Post-Statcast (2015–2025)
holdejo02,2018,198,60,66,8.18,Post-Statcast (2015–2025)
holdejo02,2019,124,46,41.3,10.02,Post-Statcast (2015–2025)
hollade01,2009,415,107,138.3,6.96,Pre-Statcast (2005–2014)
hollade01,2010,172,54,57.3,8.48,Pre-Statcast (2005–2014)
hollade01,2011,594,162,198,7.36,Pre-Statcast (2005–2014)
hollade01,2012,526,145,175.3,7.44,Pre-Statcast (2005–2014)
hollade01,2013,639,189,213,7.99,Pre-Statcast (2005–2014)
hollade01,2014,111,25,37,6.08,Pre-Statcast (2005–2014)
hollade01,2015,176,41,58.7,6.29,Post-Statcast (2015–2025)
hollade01,2016,322,67,107.3,5.62,Post-Statcast (2015–2025)
hollade01,2017,405,104,135,6.93,Post-Statcast (2015–2025)
hollade01,2018,514,169,171.3,8.88,Post-Statcast (2015–2025)
hollade01,2019,253,82,84.3,8.75,Post-Statcast (2015–2025)
hollade01,2020,122,45,40.7,9.96,Post-Statcast (2015–2025)
hollade01,2021,149,51,49.7,9.24,Post-Statcast (2015–2025)
hollagr01,2011,180,74,60,11.1,Pre-Statcast (2005–2014)
hollagr01,2012,201,91,67,12.22,Pre-Statcast (2005–2014)
hollagr01,2013,201,103,67,13.84,Pre-Statcast (2005–2014)
hollagr01,2014,187,90,62.3,12.99,Pre-Statcast (2005–2014)
hollagr01,2015,134,49,44.7,9.87,Post-Statcast (2015–2025)
hollagr01,2017,172,70,57.3,10.99,Post-Statcast (2015–2025)
hollagr01,2018,139,47,46.3,9.13,Post-Statcast (2015–2025)
hollagr01,2019,107,41,35.7,10.35,Post-Statcast (2015–2025)
hollagr01,2021,167,53,55.7,8.57,Post-Statcast (2015–2025)
hollama01,2014,141,35,47,6.7,Pre-Statcast (2005–2014)
holloga01,2023,101,32,33.7,8.55,Post-Statcast (2015–2025)
hollojo01,2021,108,36,36,9,Post-Statcast (2015–2025)
holmbda01,2014,90,18,30,5.4,Pre-Statcast (2005–2014)
holmbda01,2017,173,33,57.7,5.15,Post-Statcast (2015–2025)
holmecl01,2019,150,56,50,10.08,Post-Statcast (2015–2025)
holmecl01,2021,210,78,70,10.03,Post-Statcast (2015–2025)
holmecl01,2022,191,65,63.7,9.19,Post-Statcast (2015–2025)
holmecl01,2023,189,71,63,10.14,Post-Statcast (2015–2025)
holmecl01,2024,189,68,63,9.71,Post-Statcast (2015–2025)
holmecl01,2025,497,129,165.7,7.01,Post-Statcast (2015–2025)
holmegr01,2024,205,70,68.3,9.22,Post-Statcast (2015–2025)
holmegr01,2025,345,123,115,9.63,Post-Statcast (2015–2025)
holtoty01,2023,256,74,85.3,7.8,Post-Statcast (2015–2025)
holtoty01,2024,283,77,94.3,7.35,Post-Statcast (2015–2025)
holtoty01,2025,236,64,78.7,7.32,Post-Statcast (2015–2025)
honeybr01,2023,157,45,52.3,7.74,Post-Statcast (2015–2025)
honeybr01,2024,113,18,37.7,4.3,Post-Statcast (2015–2025)
hoovejj01,2012,92,31,30.7,9.1,Pre-Statcast (2005–2014)
hoovejj01,2013,198,67,66,9.14,Pre-Statcast (2005–2014)
hoovejj01,2014,188,75,62.7,10.77,Pre-Statcast (2005–2014)
hoovejj01,2015,193,52,64.3,7.27,Post-Statcast (2015–2025)
hoovejj01,2017,124,54,41.3,11.76,Post-Statcast (2015–2025)
horstje01,2012,94,40,31.3,11.49,Pre-Statcast (2005–2014)
hortoca01,2025,354,97,118,7.4,Post-Statcast (2015–2025)
houckta01,2021,207,87,69,11.35,Post-Statcast (2015–2025)
houckta01,2022,180,56,60,8.4,Post-Statcast (2015–2025)
houckta01,2023,318,99,106,8.41,Post-Statcast (2015–2025)
houckta01,2024,536,154,178.7,7.76,Post-Statcast (2015–2025)
houckta01,2025,131,32,43.7,6.6,Post-Statcast (2015–2025)
houltdj01,2005,387,90,129,6.28,Pre-Statcast (2005–2014)
housead01,2019,334,117,111.3,9.46,Post-Statcast (2015–2025)
housead01,2020,168,44,56,7.07,Post-Statcast (2015–2025)
housead01,2021,427,105,142.3,6.64,Post-Statcast (2015–2025)
housead01,2022,308,69,102.7,6.05,Post-Statcast (2015–2025)
housead01,2023,334,96,111.3,7.76,Post-Statcast (2015–2025)
housead01,2024,208,45,69.3,5.84,Post-Statcast (2015–2025)
housead01,2025,375,92,125,6.62,Post-Statcast (2015–2025)
housetj01,2014,306,80,102,7.06,Pre-Statcast (2005–2014)
howarsa01,2021,135,60,45,12,Post-Statcast (2015–2025)
howarsp01,2021,149,52,49.7,9.42,Post-Statcast (2015–2025)
howarsp01,2022,113,32,37.7,7.65,Post-Statcast (2015–2025)
howeljp01,2005,218,54,72.7,6.69,Pre-Statcast (2005–2014)
howeljp01,2006,127,33,42.3,7.02,Pre-Statcast (2005–2014)
howeljp01,2007,153,49,51,8.65,Pre-Statcast (2005–2014)
howeljp01,2008,268,92,89.3,9.27,Pre-Statcast (2005–2014)
howeljp01,2009,200,79,66.7,10.66,Pre-Statcast (2005–2014)
howeljp01,2011,92,26,30.7,7.63,Pre-Statcast (2005–2014)
howeljp01,2012,151,42,50.3,7.51,Pre-Statcast (2005–2014)
howeljp01,2013,186,54,62,7.84,Pre-Statcast (2005–2014)
howeljp01,2014,147,48,49,8.82,Pre-Statcast (2005–2014)
howeljp01,2015,132,39,44,7.98,Post-Statcast (2015–2025)
howeljp01,2016,152,44,50.7,7.82,Post-Statcast (2015–2025)
howrybo01,2005,219,48,73,5.92,Pre-Statcast (2005–2014)
howrybo01,2006,230,71,76.7,8.33,Pre-Statcast (2005–2014)
howrybo01,2007,244,72,81.3,7.97,Pre-Statcast (2005–2014)
howrybo01,2008,212,59,70.7,7.51,Pre-Statcast (2005–2014)
howrybo01,2009,191,46,63.7,6.5,Pre-Statcast (2005–2014)
howrybo01,2010,105,14,35,3.6,Pre-Statcast (2005–2014)
hoytja01,2017,148,66,49.3,12.04,Post-Statcast (2015–2025)
hudsobr01,2024,187,62,62.3,8.95,Post-Statcast (2015–2025)
hudsoda01,2010,286,84,95.3,7.93,Pre-Statcast (2005–2014)
hudsoda01,2011,666,169,222,6.85,Pre-Statcast (2005–2014)
hudsoda01,2012,136,37,45.3,7.35,Pre-Statcast (2005–2014)
hudsoda01,2015,203,71,67.7,9.44,Post-Statcast (2015–2025)
hudsoda01,2016,181,58,60.3,8.65,Post-Statcast (2015–2025)
hudsoda01,2017,185,66,61.7,9.63,Post-Statcast (2015–2025)
hudsoda01,2018,138,44,46,8.61,Post-Statcast (2015–2025)
hudsoda01,2019,219,71,73,8.75,Post-Statcast (2015–2025)
hudsoda01,2021,155,75,51.7,13.06,Post-Statcast (2015–2025)
hudsoda01,2024,189,63,63,9,Post-Statcast (2015–2025)
hudsoda02,2019,524,136,174.7,7.01,Post-Statcast (2015–2025)
hudsoda02,2020,117,31,39,7.15,Post-Statcast (2015–2025)
hudsoda02,2022,419,78,139.7,5.03,Post-Statcast (2015–2025)
hudsoda02,2023,244,45,81.3,4.98,Post-Statcast (2015–2025)
hudsoda02,2024,267,49,89,4.96,Post-Statcast (2015–2025)
hudsolu01,2005,254,53,84.7,5.63,Pre-Statcast (2005–2014)
hudsolu01,2006,306,64,102,5.65,Pre-Statcast (2005–2014)
hudsoti01,2005,576,115,192,5.39,Pre-Statcast (2005–2014)
hudsoti01,2006,655,141,218.3,5.81,Pre-Statcast (2005–2014)
hudsoti01,2007,673,132,224.3,5.3,Pre-Statcast (2005–2014)
hudsoti01,2008,426,85,142,5.39,Pre-Statcast (2005–2014)
hudsoti01,2009,127,30,42.3,6.38,Pre-Statcast (2005–2014)
hudsoti01,2010,686,139,228.7,5.47,Pre-Statcast (2005–2014)
hudsoti01,2011,645,158,215,6.61,Pre-Statcast (2005–2014)
hudsoti01,2012,537,102,179,5.13,Pre-Statcast (2005–2014)
hudsoti01,2013,394,95,131.3,6.51,Pre-Statcast (2005–2014)
hudsoti01,2014,568,120,189.3,5.7,Pre-Statcast (2005–2014)
hudsoti01,2015,371,64,123.7,4.66,Post-Statcast (2015–2025)
huffda01,2009,385,65,128.3,4.56,Pre-Statcast (2005–2014)
huffda01,2010,239,37,79.7,4.18,Pre-Statcast (2005–2014)
huffda01,2011,152,36,50.7,6.39,Pre-Statcast (2005–2014)
huffda01,2013,113,31,37.7,7.41,Pre-Statcast (2005–2014)
huffda01,2014,177,39,59,5.95,Pre-Statcast (2005–2014)
hughebr01,2022,173,68,57.7,10.61,Post-Statcast (2015–2025)
hughedu01,2010,169,34,56.3,5.43,Pre-Statcast (2005–2014)
hugheja02,2012,227,50,75.7,5.95,Pre-Statcast (2005–2014)
hugheja02,2013,96,23,32,6.47,Pre-Statcast (2005–2014)
hugheja02,2014,193,36,64.3,5.04,Pre-Statcast (2005–2014)
hugheja02,2015,201,36,67,4.84,Post-Statcast (2015–2025)
hugheja02,2016,178,34,59.3,5.16,Post-Statcast (2015–2025)
hugheja02,2017,179,48,59.7,7.24,Post-Statcast (2015–2025)
hugheja02,2018,236,59,78.7,6.75,Post-Statcast (2015–2025)
hugheja02,2019,214,54,71.3,6.81,Post-Statcast (2015–2025)
hugheph01,2007,218,58,72.7,7.18,Pre-Statcast (2005–2014)
hugheph01,2008,102,23,34,6.09,Pre-Statcast (2005–2014)
hugheph01,2009,258,96,86,10.05,Pre-Statcast (2005–2014)
hugheph01,2010,529,146,176.3,7.45,Pre-Statcast (2005–2014)
hugheph01,2011,224,47,74.7,5.67,Pre-Statcast (2005–2014)
hugheph01,2012,574,165,191.3,7.76,Pre-Statcast (2005–2014)
hugheph01,2013,437,121,145.7,7.48,Pre-Statcast (2005–2014)
hugheph01,2014,629,186,209.7,7.98,Pre-Statcast (2005–2014)
hugheph01,2015,466,94,155.3,5.45,Post-Statcast (2015–2025)
hugheph01,2016,177,34,59,5.19,Post-Statcast (2015–2025)
hugheph01,2017,161,38,53.7,6.37,Post-Statcast (2015–2025)
hugheph01,2018,98,32,32.7,8.82,Post-Statcast (2015–2025)
humbeph01,2011,489,116,163,6.4,Pre-Statcast (2005–2014)
humbeph01,2012,306,85,102,7.5,Pre-Statcast (2005–2014)
humbeph01,2013,164,36,54.7,5.93,Pre-Statcast (2005–2014)
hunteto02,2009,336,64,112,5.14,Pre-Statcast (2005–2014)
hunteto02,2010,384,68,128,4.78,Pre-Statcast (2005–2014)
hunteto02,2011,254,45,84.7,4.78,Pre-Statcast (2005–2014)
hunteto02,2012,401,77,133.7,5.18,Pre-Statcast (2005–2014)
hunteto02,2013,259,68,86.3,7.09,Pre-Statcast (2005–2014)
hunteto02,2014,182,45,60.7,6.68,Pre-Statcast (2005–2014)
hunteto02,2015,181,47,60.3,7.01,Post-Statcast (2015–2025)
hunteto02,2016,102,23,34,6.09,Post-Statcast (2015–2025)
hunteto02,2017,176,64,58.7,9.82,Post-Statcast (2015–2025)
hunteto02,2018,192,51,64,7.17,Post-Statcast (2015–2025)
hurtebr01,2024,136,38,45.3,7.54,Post-Statcast (2015–2025)
hurtebr01,2025,189,68,63,9.71,Post-Statcast (2015–2025)
hutchdr01,2012,176,49,58.7,7.52,Pre-Statcast (2005–2014)
hutchdr01,2014,554,184,184.7,8.97,Pre-Statcast (2005–2014)
hutchdr01,2015,451,129,150.3,7.72,Post-Statcast (2015–2025)
hutchdr01,2018,128,31,42.7,6.54,Post-Statcast (2015–2025)
hutchdr01,2022,316,68,105.3,5.81,Post-Statcast (2015–2025)
igarary01,2010,91,25,30.3,7.42,Pre-Statcast (2005–2014)
igarary01,2011,116,42,38.7,9.78,Pre-Statcast (2005–2014)
igawake01,2007,203,53,67.7,7.05,Pre-Statcast (2005–2014)
iglesra01,2015,286,104,95.3,9.82,Post-Statcast (2015–2025)
iglesra01,2016,235,83,78.3,9.54,Post-Statcast (2015–2025)
iglesra01,2017,228,92,76,10.89,Post-Statcast (2015–2025)
iglesra01,2018,216,80,72,10,Post-Statcast (2015–2025)
iglesra01,2019,201,89,67,11.96,Post-Statcast (2015–2025)
iglesra01,2021,210,103,70,13.24,Post-Statcast (2015–2025)
iglesra01,2022,186,78,62,11.32,Post-Statcast (2015–2025)
iglesra01,2023,167,68,55.7,10.99,Post-Statcast (2015–2025)
iglesra01,2024,208,68,69.3,8.83,Post-Statcast (2015–2025)
iglesra01,2025,202,73,67.3,9.76,Post-Statcast (2015–2025)
imanash01,2024,520,174,173.3,9.03,Post-Statcast (2015–2025)
imanash01,2025,434,117,144.7,7.28,Post-Statcast (2015–2025)
infangr01,2017,164,49,54.7,8.07,Post-Statcast (2015–2025)
irvinco01,2019,125,31,41.7,6.7,Post-Statcast (2015–2025)
irvinco01,2021,535,125,178.3,6.31,Post-Statcast (2015–2025)
irvinco01,2022,543,128,181,6.36,Post-Statcast (2015–2025)
irvinco01,2023,232,68,77.3,7.91,Post-Statcast (2015–2025)
irvinco01,2024,333,78,111,6.32,Post-Statcast (2015–2025)
irvinja01,2023,363,99,121,7.36,Post-Statcast (2015–2025)
irvinja01,2024,563,156,187.7,7.48,Post-Statcast (2015–2025)
irvinja01,2025,540,124,180,6.2,Post-Statcast (2015–2025)
ishiika01,2005,273,53,91,5.24,Pre-Statcast (2005–2014)
isrinja01,2005,177,51,59,7.78,Pre-Statcast (2005–2014)
isrinja01,2006,175,52,58.3,8.02,Pre-Statcast (2005–2014)
isrinja01,2007,196,54,65.3,7.44,Pre-Statcast (2005–2014)
isrinja01,2008,128,36,42.7,7.59,Pre-Statcast (2005–2014)
isrinja01,2011,140,44,46.7,8.49,Pre-Statcast (2005–2014)
isrinja01,2012,137,31,45.7,6.11,Pre-Statcast (2005–2014)
iwakuhi01,2012,376,101,125.3,7.25,Pre-Statcast (2005–2014)
iwakuhi01,2013,659,185,219.7,7.58,Pre-Statcast (2005–2014)
iwakuhi01,2014,537,154,179,7.74,Pre-Statcast (2005–2014)
iwakuhi01,2015,389,111,129.7,7.7,Post-Statcast (2015–2025)
iwakuhi01,2016,597,147,199,6.65,Post-Statcast (2015–2025)
iwakuhi01,2017,93,16,31,4.65,Post-Statcast (2015–2025)
jacksan01,2023,184,57,61.3,8.36,Post-Statcast (2015–2025)
jacksed01,2006,109,27,36.3,6.69,Pre-Statcast (2005–2014)
jacksed01,2007,483,128,161,7.16,Pre-Statcast (2005–2014)
jacksed01,2008,550,108,183.3,5.3,Pre-Statcast (2005–2014)
jacksed01,2009,642,161,214,6.77,Pre-Statcast (2005–2014)
jacksed01,2010,628,181,209.3,7.78,Pre-Statcast (2005–2014)
jacksed01,2011,599,148,199.7,6.67,Pre-Statcast (2005–2014)
jacksed01,2012,569,168,189.7,7.97,Pre-Statcast (2005–2014)
jacksed01,2013,526,135,175.3,6.93,Pre-Statcast (2005–2014)
jacksed01,2014,422,123,140.7,7.87,Pre-Statcast (2005–2014)
jacksed01,2015,167,40,55.7,6.47,Post-Statcast (2015–2025)
jacksed01,2016,252,61,84,6.54,Post-Statcast (2015–2025)
jacksed01,2017,228,60,76,7.11,Post-Statcast (2015–2025)
jacksed01,2018,276,68,92,6.65,Post-Statcast (2015–2025)
jacksed01,2019,203,52,67.7,6.92,Post-Statcast (2015–2025)
jacksja01,2019,91,47,30.3,13.95,Post-Statcast (2015–2025)
jackslu01,2017,152,33,50.7,5.86,Post-Statcast (2015–2025)
jackslu01,2018,122,46,40.7,10.18,Post-Statcast (2015–2025)
jackslu01,2019,218,106,72.7,13.13,Post-Statcast (2015–2025)
jackslu01,2021,191,70,63.7,9.9,Post-Statcast (2015–2025)
jackslu01,2023,100,43,33.3,11.61,Post-Statcast (2015–2025)
jackslu01,2024,159,59,53,10.02,Post-Statcast (2015–2025)
jackslu01,2025,153,38,51,6.71,Post-Statcast (2015–2025)
jacksst01,2009,129,21,43,4.4,Pre-Statcast (2005–2014)
jacksza01,2006,115,22,38.3,5.17,Pre-Statcast (2005–2014)
jacksza01,2008,175,31,58.3,4.78,Pre-Statcast (2005–2014)
jacksza02,2022,144,67,48,12.56,Post-Statcast (2015–2025)
jacobal01,2025,100,23,33.3,6.21,Post-Statcast (2015–2025)
jakubch01,2009,279,47,93,4.55,Pre-Statcast (2005–2014)
jakubch01,2011,217,52,72.3,6.47,Pre-Statcast (2005–2014)
jamesch03,2006,357,91,119,6.88,Pre-Statcast (2005–2014)
jamesch03,2007,484,116,161.3,6.47,Pre-Statcast (2005–2014)
jamesdr01,2023,122,37,40.7,8.19,Post-Statcast (2015–2025)
jamesjo02,2019,184,100,61.3,14.67,Post-Statcast (2015–2025)
janseke01,2011,161,96,53.7,16.1,Pre-Statcast (2005–2014)
janseke01,2012,195,99,65,13.71,Pre-Statcast (2005–2014)
janseke01,2013,230,111,76.7,13.03,Pre-Statcast (2005–2014)
janseke01,2014,196,101,65.3,13.91,Pre-Statcast (2005–2014)
janseke01,2015,157,80,52.3,13.76,Post-Statcast (2015–2025)
janseke01,2016,206,104,68.7,13.63,Post-Statcast (2015–2025)
janseke01,2017,205,109,68.3,14.36,Post-Statcast (2015–2025)
janseke01,2018,215,82,71.7,10.3,Post-Statcast (2015–2025)
janseke01,2019,189,80,63,11.43,Post-Statcast (2015–2025)
janseke01,2021,207,86,69,11.22,Post-Statcast (2015–2025)
janseke01,2022,192,85,64,11.95,Post-Statcast (2015–2025)
janseke01,2023,134,52,44.7,10.48,Post-Statcast (2015–2025)
janseke01,2024,164,62,54.7,10.21,Post-Statcast (2015–2025)
janseke01,2025,177,57,59,8.69,Post-Statcast (2015–2025)
janssca01,2006,282,44,94,4.21,Pre-Statcast (2005–2014)
janssca01,2007,218,39,72.7,4.83,Pre-Statcast (2005–2014)
janssca01,2009,120,24,40,5.4,Pre-Statcast (2005–2014)
janssca01,2010,206,63,68.7,8.26,Pre-Statcast (2005–2014)
janssca01,2011,167,53,55.7,8.57,Pre-Statcast (2005–2014)
janssca01,2012,191,67,63.7,9.47,Pre-Statcast (2005–2014)
janssca01,2013,158,50,52.7,8.54,Pre-Statcast (2005–2014)
janssca01,2014,137,28,45.7,5.52,Pre-Statcast (2005–2014)
janssca01,2015,120,27,40,6.08,Post-Statcast (2015–2025)
jarvibr01,2024,178,38,59.3,5.76,Post-Statcast (2015–2025)
javiecr01,2020,163,54,54.3,8.94,Post-Statcast (2015–2025)
javiecr01,2021,304,130,101.3,11.55,Post-Statcast (2015–2025)
javiecr01,2022,446,194,148.7,11.74,Post-Statcast (2015–2025)
javiecr01,2023,486,159,162,8.83,Post-Statcast (2015–2025)
javiecr01,2024,104,27,34.7,7.01,Post-Statcast (2015–2025)
javiecr01,2025,111,34,37,8.27,Post-Statcast (2015–2025)
jaxgr01,2021,246,65,82,7.13,Post-Statcast (2015–2025)
jaxgr01,2022,217,78,72.3,9.71,Post-Statcast (2015–2025)
jaxgr01,2023,196,68,65.3,9.37,Post-Statcast (2015–2025)
jaxgr01,2024,213,95,71,12.04,Post-Statcast (2015–2025)
jaxgr01,2025,198,99,66,13.5,Post-Statcast (2015–2025)
jeffeda01,2022,118,28,39.3,6.41,Post-Statcast (2015–2025)
jeffrje01,2014,96,29,32,8.16,Pre-Statcast (2005–2014)
jeffrje01,2015,204,67,68,8.87,Post-Statcast (2015–2025)
jeffrje01,2016,174,42,58,6.52,Post-Statcast (2015–2025)
jeffrje01,2017,196,51,65.3,7.03,Post-Statcast (2015–2025)
jeffrje01,2018,230,89,76.7,10.45,Post-Statcast (2015–2025)
jeffrje01,2019,156,46,52,7.96,Post-Statcast (2015–2025)
jenkich01,2012,96,16,32,4.5,Pre-Statcast (2005–2014)
jenkich01,2013,100,15,33.3,4.05,Pre-Statcast (2005–2014)
jenkich01,2014,95,18,31.7,5.12,Pre-Statcast (2005–2014)
jenkity01,2016,156,26,52,4.5,Post-Statcast (2015–2025)
jenksbo01,2005,118,50,39.3,11.44,Pre-Statcast (2005–2014)
jenksbo01,2006,209,80,69.7,10.33,Pre-Statcast (2005–2014)
jenksbo01,2007,195,56,65,7.75,Pre-Statcast (2005–2014)
jenksbo01,2008,185,38,61.7,5.55,Pre-Statcast (2005–2014)
jenksbo01,2009,160,49,53.3,8.27,Pre-Statcast (2005–2014)
jenksbo01,2010,158,61,52.7,10.42,Pre-Statcast (2005–2014)
jennida01,2013,122,38,40.7,8.41,Pre-Statcast (2005–2014)
jennida01,2014,121,38,40.3,8.48,Pre-Statcast (2005–2014)
jennida01,2015,169,46,56.3,7.35,Post-Statcast (2015–2025)
jennida01,2016,182,46,60.7,6.82,Post-Statcast (2015–2025)
jennida01,2017,188,51,62.7,7.32,Post-Statcast (2015–2025)
jennida01,2018,193,45,64.3,6.3,Post-Statcast (2015–2025)
jennija01,2005,366,75,122,5.53,Pre-Statcast (2005–2014)
jennija01,2006,636,142,212,6.03,Pre-Statcast (2005–2014)
jennija01,2007,297,71,99,6.45,Pre-Statcast (2005–2014)
jennija01,2009,183,44,61,6.49,Pre-Statcast (2005–2014)
jepseke01,2009,164,48,54.7,7.9,Pre-Statcast (2005–2014)
jepseke01,2010,177,61,59,9.31,Pre-Statcast (2005–2014)
jepseke01,2012,134,38,44.7,7.66,Pre-Statcast (2005–2014)
jepseke01,2013,108,36,36,9,Pre-Statcast (2005–2014)
jepseke01,2014,195,75,65,10.38,Pre-Statcast (2005–2014)
jepseke01,2015,209,59,69.7,7.62,Post-Statcast (2015–2025)
jepseke01,2016,149,35,49.7,6.34,Post-Statcast (2015–2025)
jimence01,2008,103,26,34.3,6.82,Pre-Statcast (2005–2014)
jimenda02,2022,103,34,34.3,8.91,Post-Statcast (2015–2025)
jimenjo02,2018,188,78,62.7,11.2,Post-Statcast (2015–2025)
jimenjo02,2019,179,82,59.7,12.37,Post-Statcast (2015–2025)
jimenjo02,2021,136,57,45.3,11.32,Post-Statcast (2015–2025)
jimenjo02,2022,170,77,56.7,12.23,Post-Statcast (2015–2025)
jimenjo02,2023,169,73,56.3,11.66,Post-Statcast (2015–2025)
jimenjo02,2024,206,82,68.7,10.75,Post-Statcast (2015–2025)
jimenke01,2007,126,24,42,5.14,Pre-Statcast (2005–2014)
jimenub01,2007,246,68,82,7.46,Pre-Statcast (2005–2014)
jimenub01,2008,596,172,198.7,7.79,Pre-Statcast (2005–2014)
jimenub01,2009,654,198,218,8.17,Pre-Statcast (2005–2014)
jimenub01,2010,665,214,221.7,8.69,Pre-Statcast (2005–2014)
jimenub01,2011,565,180,188.3,8.6,Pre-Statcast (2005–2014)
jimenub01,2012,530,143,176.7,7.28,Pre-Statcast (2005–2014)
jimenub01,2013,548,194,182.7,9.56,Pre-Statcast (2005–2014)
jimenub01,2014,376,116,125.3,8.33,Pre-Statcast (2005–2014)
jimenub01,2015,552,168,184,8.22,Post-Statcast (2015–2025)
jimenub01,2016,427,125,142.3,7.9,Post-Statcast (2015–2025)
jimenub01,2017,428,139,142.7,8.77,Post-Statcast (2015–2025)
jobeja01,2025,147,39,49,7.16,Post-Statcast (2015–2025)
johnsbr02,2018,298,87,99.3,7.88,Post-Statcast (2015–2025)
johnsbr02,2019,121,31,40.3,6.92,Post-Statcast (2015–2025)
johnser04,2015,105,30,35,7.71,Post-Statcast (2015–2025)
johnser04,2016,94,21,31.3,6.03,Post-Statcast (2015–2025)
johnsja02,2005,630,93,210,3.99,Pre-Statcast (2005–2014)
johnsja02,2006,345,54,115,4.23,Pre-Statcast (2005–2014)
johnsji04,2008,206,38,68.7,4.98,Pre-Statcast (2005–2014)
johnsji04,2009,210,49,70,6.3,Pre-Statcast (2005–2014)
johnsji04,2011,273,58,91,5.74,Pre-Statcast (2005–2014)
johnsji04,2012,206,41,68.7,5.37,Pre-Statcast (2005–2014)
johnsji04,2013,211,56,70.3,7.17,Pre-Statcast (2005–2014)
johnsji04,2014,160,42,53.3,7.09,Pre-Statcast (2005–2014)
johnsji04,2015,200,50,66.7,6.75,Post-Statcast (2015–2025)
johnsji04,2016,194,68,64.7,9.46,Post-Statcast (2015–2025)
johnsji04,2017,170,61,56.7,9.69,Post-Statcast (2015–2025)
johnsji04,2018,190,45,63.3,6.39,Post-Statcast (2015–2025)
johnsjo09,2006,471,133,157,7.62,Pre-Statcast (2005–2014)
johnsjo09,2008,262,77,87.3,7.94,Pre-Statcast (2005–2014)
johnsjo09,2009,627,191,209,8.22,Pre-Statcast (2005–2014)
johnsjo09,2010,551,186,183.7,9.11,Pre-Statcast (2005–2014)
johnsjo09,2011,181,56,60.3,8.35,Pre-Statcast (2005–2014)
johnsjo09,2012,574,165,191.3,7.76,Pre-Statcast (2005–2014)
johnsjo09,2013,244,83,81.3,9.18,Pre-Statcast (2005–2014)
johnspi01,2018,131,36,43.7,7.42,Post-Statcast (2015–2025)
johnspi01,2021,176,77,58.7,11.81,Post-Statcast (2015–2025)
johnspi01,2023,188,90,62.7,12.93,Post-Statcast (2015–2025)
johnspi01,2024,169,67,56.3,10.7,Post-Statcast (2015–2025)
johnspi01,2025,177,59,59,9,Post-Statcast (2015–2025)
johnsra05,2005,677,211,225.7,8.42,Pre-Statcast (2005–2014)
johnsra05,2006,615,172,205,7.55,Pre-Statcast (2005–2014)
johnsra05,2007,170,72,56.7,11.44,Pre-Statcast (2005–2014)
johnsra05,2008,552,173,184,8.46,Pre-Statcast (2005–2014)
johnsra05,2009,288,86,96,8.06,Pre-Statcast (2005–2014)
johnsst02,2012,115,46,38.3,10.8,Pre-Statcast (2005–2014)
johnsty01,2006,109,37,36.3,9.17,Pre-Statcast (2005–2014)
johnsty01,2007,114,24,38,5.68,Pre-Statcast (2005–2014)
jonesja09,2024,365,132,121.7,9.76,Post-Statcast (2015–2025)
jonesna01,2012,215,65,71.7,8.16,Pre-Statcast (2005–2014)
jonesna01,2013,234,89,78,10.27,Pre-Statcast (2005–2014)
jonesna01,2016,212,80,70.7,10.19,Post-Statcast (2015–2025)
jonesna01,2018,90,32,30,9.6,Post-Statcast (2015–2025)
jonesto02,2005,219,62,73,7.64,Pre-Statcast (2005–2014)
jonesto02,2006,192,28,64,3.94,Pre-Statcast (2005–2014)
jonesto02,2007,184,33,61.3,4.84,Pre-Statcast (2005–2014)
jonesto02,2008,125,14,41.7,3.02,Pre-Statcast (2005–2014)
jordata01,2013,155,29,51.7,5.05,Pre-Statcast (2005–2014)
joycebe01,2024,104,33,34.7,8.57,Post-Statcast (2015–2025)
juliojo01,2005,215,58,71.7,7.28,Pre-Statcast (2005–2014)
juliojo01,2006,198,88,66,12,Pre-Statcast (2005–2014)
juliojo01,2007,186,56,62,8.13,Pre-Statcast (2005–2014)
juliojo01,2008,90,34,30,10.2,Pre-Statcast (2005–2014)
jungmta01,2015,358,107,119.3,8.07,Post-Statcast (2015–2025)
junisja01,2017,295,80,98.3,7.32,Post-Statcast (2015–2025)
junisja01,2018,531,164,177,8.34,Post-Statcast (2015–2025)
junisja01,2019,526,164,175.3,8.42,Post-Statcast (2015–2025)
junisja01,2021,118,41,39.3,9.38,Post-Statcast (2015–2025)
junisja01,2022,336,98,112,7.88,Post-Statcast (2015–2025)
junisja01,2023,258,96,86,10.05,Post-Statcast (2015–2025)
junisja01,2024,201,51,67,6.85,Post-Statcast (2015–2025)
junisja01,2025,200,55,66.7,7.42,Post-Statcast (2015–2025)
junkja01,2025,330,77,110,6.3,Post-Statcast (2015–2025)
juradar01,2018,164,22,54.7,3.62,Post-Statcast (2015–2025)
juradar01,2019,367,81,122.3,5.96,Post-Statcast (2015–2025)
jurrjja01,2007,92,13,30.7,3.82,Pre-Statcast (2005–2014)
jurrjja01,2008,565,139,188.3,6.64,Pre-Statcast (2005–2014)
jurrjja01,2009,645,152,215,6.36,Pre-Statcast (2005–2014)
jurrjja01,2010,349,86,116.3,6.65,Pre-Statcast (2005–2014)
jurrjja01,2011,456,90,152,5.33,Pre-Statcast (2005–2014)
jurrjja01,2012,145,19,48.3,3.54,Pre-Statcast (2005–2014)
kahnlto01,2014,206,63,68.7,8.26,Pre-Statcast (2005–2014)
kahnlto01,2015,100,39,33.3,10.53,Post-Statcast (2015–2025)
kahnlto01,2017,188,96,62.7,13.79,Post-Statcast (2015–2025)
kahnlto01,2019,184,88,61.3,12.91,Post-Statcast (2015–2025)
kahnlto01,2023,122,48,40.7,10.62,Post-Statcast (2015–2025)
kahnlto01,2024,128,46,42.7,9.7,Post-Statcast (2015–2025)
kahnlto01,2025,189,50,63,7.14,Post-Statcast (2015–2025)
kaprija01,2021,358,123,119.3,9.28,Post-Statcast (2015–2025)
kaprija01,2022,402,98,134,6.58,Post-Statcast (2015–2025)
kaprija01,2023,183,57,61,8.41,Post-Statcast (2015–2025)
karinja01,2021,166,78,55.3,12.69,Post-Statcast (2015–2025)
karinja01,2022,117,62,39,14.31,Post-Statcast (2015–2025)
karinja01,2023,117,52,39,12,Post-Statcast (2015–2025)
karnsna01,2015,441,145,147,8.88,Post-Statcast (2015–2025)
karnsna01,2016,283,101,94.3,9.64,Post-Statcast (2015–2025)
karnsna01,2017,136,51,45.3,10.12,Post-Statcast (2015–2025)
karstje01,2006,128,16,42.7,3.38,Pre-Statcast (2005–2014)
karstje01,2008,154,23,51.3,4.03,Pre-Statcast (2005–2014)
karstje01,2009,324,52,108,4.33,Pre-Statcast (2005–2014)
karstje01,2010,368,72,122.7,5.28,Pre-Statcast (2005–2014)
karstje01,2011,487,96,162.3,5.32,Pre-Statcast (2005–2014)
karstje01,2012,272,66,90.7,6.55,Pre-Statcast (2005–2014)
kauffka01,2023,105,16,35,4.11,Post-Statcast (2015–2025)
kawakke01,2009,469,105,156.3,6.04,Pre-Statcast (2005–2014)
kawakke01,2010,262,59,87.3,6.08,Pre-Statcast (2005–2014)
kayan01,2021,101,39,33.7,10.43,Post-Statcast (2015–2025)
kazmisc01,2005,558,174,186,8.42,Pre-Statcast (2005–2014)
kazmisc01,2006,434,163,144.7,10.14,Pre-Statcast (2005–2014)
kazmisc01,2007,620,239,206.7,10.41,Pre-Statcast (2005–2014)
kazmisc01,2008,457,166,152.3,9.81,Pre-Statcast (2005–2014)
kazmisc01,2009,442,117,147.3,7.15,Pre-Statcast (2005–2014)
kazmisc01,2010,450,93,150,5.58,Pre-Statcast (2005–2014)
kazmisc01,2013,474,162,158,9.23,Pre-Statcast (2005–2014)
kazmisc01,2014,571,164,190.3,7.75,Pre-Statcast (2005–2014)
kazmisc01,2015,549,155,183,7.62,Post-Statcast (2015–2025)
kazmisc01,2016,409,134,136.3,8.85,Post-Statcast (2015–2025)
keislra01,2005,168,43,56,6.91,Pre-Statcast (2005–2014)
kelake01,2015,181,68,60.3,10.14,Post-Statcast (2015–2025)
kelake01,2016,102,45,34,11.91,Post-Statcast (2015–2025)
kelake01,2017,116,51,38.7,11.87,Post-Statcast (2015–2025)
kelake01,2018,156,66,52,11.42,Post-Statcast (2015–2025)
kellebr01,2018,421,96,140.3,6.16,Post-Statcast (2015–2025)
kellebr01,2019,496,122,165.3,6.64,Post-Statcast (2015–2025)
kellebr01,2020,164,35,54.7,5.76,Post-Statcast (2015–2025)
kellebr01,2021,401,120,133.7,8.08,Post-Statcast (2015–2025)
kellebr01,2022,419,102,139.7,6.57,Post-Statcast (2015–2025)
kellebr01,2023,136,31,45.3,6.15,Post-Statcast (2015–2025)
kellebr01,2024,124,32,41.3,6.97,Post-Statcast (2015–2025)
kellebr01,2025,209,75,69.7,9.69,Post-Statcast (2015–2025)
kelleky01,2021,100,36,33.3,9.72,Post-Statcast (2015–2025)
kellemi03,2019,144,65,48,12.19,Post-Statcast (2015–2025)
kellemi03,2021,302,92,100.7,8.23,Post-Statcast (2015–2025)
kellemi03,2022,477,138,159,7.81,Post-Statcast (2015–2025)
kellemi03,2023,583,210,194.3,9.73,Post-Statcast (2015–2025)
kellemi03,2024,534,166,178,8.39,Post-Statcast (2015–2025)
kellemi03,2025,529,150,176.3,7.66,Post-Statcast (2015–2025)
kellesh01,2009,138,41,46,8.02,Pre-Statcast (2005–2014)
kellesh01,2012,133,45,44.3,9.14,Pre-Statcast (2005–2014)
kellesh01,2013,160,71,53.3,11.98,Pre-Statcast (2005–2014)
kellesh01,2014,155,67,51.7,11.67,Pre-Statcast (2005–2014)
kellesh01,2015,154,63,51.3,11.05,Post-Statcast (2015–2025)
kellesh01,2016,174,80,58,12.41,Post-Statcast (2015–2025)
kellesh01,2018,147,50,49,9.18,Post-Statcast (2015–2025)
kellesh01,2019,142,43,47.3,8.18,Post-Statcast (2015–2025)
kellyjo05,2012,321,75,107,6.31,Pre-Statcast (2005–2014)
kellyjo05,2013,372,79,124,5.73,Pre-Statcast (2005–2014)
kellyjo05,2014,289,66,96.3,6.17,Pre-Statcast (2005–2014)
kellyjo05,2015,403,110,134.3,7.37,Post-Statcast (2015–2025)
kellyjo05,2016,120,48,40,10.8,Post-Statcast (2015–2025)
kellyjo05,2017,174,52,58,8.07,Post-Statcast (2015–2025)
kellyjo05,2018,197,68,65.7,9.32,Post-Statcast (2015–2025)
kellyjo05,2019,154,62,51.3,10.87,Post-Statcast (2015–2025)
kellyjo05,2021,132,50,44,10.23,Post-Statcast (2015–2025)
kellyjo05,2022,111,53,37,12.89,Post-Statcast (2015–2025)
kellyjo05,2023,118,60,39.3,13.73,Post-Statcast (2015–2025)
kellyjo05,2024,96,35,32,9.84,Post-Statcast (2015–2025)
kellyke02,2023,201,56,67,7.52,Post-Statcast (2015–2025)
kellyke02,2024,212,63,70.7,8.02,Post-Statcast (2015–2025)
kellyke02,2025,119,35,39.7,7.94,Post-Statcast (2015–2025)
kellyme01,2019,550,158,183.3,7.76,Post-Statcast (2015–2025)
kellyme01,2020,94,29,31.3,8.33,Post-Statcast (2015–2025)
kellyme01,2021,474,130,158,7.41,Post-Statcast (2015–2025)
kellyme01,2022,601,177,200.3,7.95,Post-Statcast (2015–2025)
kellyme01,2023,533,187,177.7,9.47,Post-Statcast (2015–2025)
kellyme01,2024,221,63,73.7,7.7,Post-Statcast (2015–2025)
kellyme01,2025,552,167,184,8.17,Post-Statcast (2015–2025)
kellymi03,2024,94,22,31.3,6.32,Post-Statcast (2015–2025)
kellymi03,2025,119,29,39.7,6.58,Post-Statcast (2015–2025)
kellyza01,2024,170,61,56.7,9.69,Post-Statcast (2015–2025)
kellyza01,2025,106,35,35.3,8.92,Post-Statcast (2015–2025)
kendrky01,2007,363,49,121,3.64,Pre-Statcast (2005–2014)
kendrky01,2008,467,68,155.7,3.93,Pre-Statcast (2005–2014)
kendrky01,2010,542,84,180.7,4.18,Pre-Statcast (2005–2014)
kendrky01,2011,344,59,114.7,4.63,Pre-Statcast (2005–2014)
kendrky01,2012,478,116,159.3,6.55,Pre-Statcast (2005–2014)
kendrky01,2013,546,110,182,5.44,Pre-Statcast (2005–2014)
kendrky01,2014,597,121,199,5.47,Pre-Statcast (2005–2014)
kendrky01,2015,427,80,142.3,5.06,Post-Statcast (2015–2025)
kenneia01,2008,119,27,39.7,6.13,Pre-Statcast (2005–2014)
kenneia01,2010,582,168,194,7.79,Pre-Statcast (2005–2014)
kenneia01,2011,666,198,222,8.03,Pre-Statcast (2005–2014)
kenneia01,2012,625,187,208.3,8.08,Pre-Statcast (2005–2014)
kenneia01,2013,544,163,181.3,8.09,Pre-Statcast (2005–2014)
kenneia01,2014,603,207,201,9.27,Pre-Statcast (2005–2014)
kenneia01,2015,505,174,168.3,9.3,Post-Statcast (2015–2025)
kenneia01,2016,587,184,195.7,8.46,Post-Statcast (2015–2025)
kenneia01,2017,462,131,154,7.66,Post-Statcast (2015–2025)
kenneia01,2018,359,105,119.7,7.9,Post-Statcast (2015–2025)
kenneia01,2019,190,73,63.3,10.37,Post-Statcast (2015–2025)
kenneia01,2021,169,62,56.3,9.91,Post-Statcast (2015–2025)
kenneia01,2022,151,44,50.3,7.87,Post-Statcast (2015–2025)
kennejo04,2005,458,97,152.7,5.72,Pre-Statcast (2005–2014)
kennejo04,2006,105,29,35,7.46,Pre-Statcast (2005–2014)
kennejo04,2007,332,51,110.7,4.15,Pre-Statcast (2005–2014)
kensilo01,2006,113,45,37.7,10.75,Pre-Statcast (2005–2014)
kensilo01,2008,166,55,55.3,8.95,Pre-Statcast (2005–2014)
kensilo01,2009,106,19,35.3,4.84,Pre-Statcast (2005–2014)
keppebo01,2006,103,20,34.3,5.24,Pre-Statcast (2005–2014)
keppebo01,2009,162,32,54,5.33,Pre-Statcast (2005–2014)
kerkeor01,2024,189,74,63,10.57,Post-Statcast (2015–2025)
kerkeor01,2025,180,65,60,9.75,Post-Statcast (2015–2025)
kershcl01,2008,323,100,107.7,8.36,Pre-Statcast (2005–2014)
kershcl01,2009,513,185,171,9.74,Pre-Statcast (2005–2014)
kershcl01,2010,613,212,204.3,9.34,Pre-Statcast (2005–2014)
kershcl01,2011,700,248,233.3,9.57,Pre-Statcast (2005–2014)
kershcl01,2012,683,229,227.7,9.05,Pre-Statcast (2005–2014)
kershcl01,2013,708,232,236,8.85,Pre-Statcast (2005–2014)
kershcl01,2014,595,239,198.3,10.85,Pre-Statcast (2005–2014)
kershcl01,2015,698,301,232.7,11.64,Post-Statcast (2015–2025)
kershcl01,2016,447,172,149,10.39,Post-Statcast (2015–2025)
kershcl01,2017,525,202,175,10.39,Post-Statcast (2015–2025)
kershcl01,2018,484,155,161.3,8.65,Post-Statcast (2015–2025)
kershcl01,2019,535,189,178.3,9.54,Post-Statcast (2015–2025)
kershcl01,2020,175,62,58.3,9.57,Post-Statcast (2015–2025)
kershcl01,2021,365,144,121.7,10.65,Post-Statcast (2015–2025)
kershcl01,2022,379,137,126.3,9.76,Post-Statcast (2015–2025)
kershcl01,2023,395,137,131.7,9.36,Post-Statcast (2015–2025)
kershcl01,2024,90,24,30,7.2,Post-Statcast (2015–2025)
kershcl01,2025,338,84,112.7,6.71,Post-Statcast (2015–2025)
keuchda01,2012,256,38,85.3,4.01,Pre-Statcast (2005–2014)
keuchda01,2013,461,123,153.7,7.2,Pre-Statcast (2005–2014)
keuchda01,2014,600,146,200,6.57,Pre-Statcast (2005–2014)
keuchda01,2015,696,216,232,8.38,Post-Statcast (2015–2025)
keuchda01,2016,504,144,168,7.71,Post-Statcast (2015–2025)
keuchda01,2017,437,125,145.7,7.72,Post-Statcast (2015–2025)
keuchda01,2018,614,153,204.7,6.73,Post-Statcast (2015–2025)
keuchda01,2019,338,91,112.7,7.27,Post-Statcast (2015–2025)
keuchda01,2020,190,42,63.3,5.97,Post-Statcast (2015–2025)
keuchda01,2021,486,95,162,5.28,Post-Statcast (2015–2025)
keuchda01,2022,182,45,60.7,6.68,Post-Statcast (2015–2025)
keuchda01,2023,113,25,37.7,5.97,Post-Statcast (2015–2025)
kikucyu01,2019,485,116,161.7,6.46,Post-Statcast (2015–2025)
kikucyu01,2020,141,47,47,9,Post-Statcast (2015–2025)
kikucyu01,2021,471,163,157,9.34,Post-Statcast (2015–2025)
kikucyu01,2022,302,124,100.7,11.09,Post-Statcast (2015–2025)
kikucyu01,2023,503,181,167.7,9.72,Post-Statcast (2015–2025)
kikucyu01,2024,527,206,175.7,10.55,Post-Statcast (2015–2025)
kikucyu01,2025,535,174,178.3,8.78,Post-Statcast (2015–2025)
kimbrcr01,2011,231,127,77,14.84,Pre-Statcast (2005–2014)
kimbrcr01,2012,188,116,62.7,16.66,Pre-Statcast (2005–2014)
kimbrcr01,2013,201,98,67,13.16,Pre-Statcast (2005–2014)
kimbrcr01,2014,185,95,61.7,13.86,Pre-Statcast (2005–2014)
kimbrcr01,2015,178,87,59.3,13.2,Post-Statcast (2015–2025)
kimbrcr01,2016,159,83,53,14.09,Post-Statcast (2015–2025)
kimbrcr01,2017,207,126,69,16.43,Post-Statcast (2015–2025)
kimbrcr01,2018,187,96,62.3,13.86,Post-Statcast (2015–2025)
kimbrcr01,2021,179,100,59.7,15.08,Post-Statcast (2015–2025)
kimbrcr01,2022,180,72,60,10.8,Post-Statcast (2015–2025)
kimbrcr01,2023,207,94,69,12.26,Post-Statcast (2015–2025)
kimbrcr01,2024,157,73,52.3,12.55,Post-Statcast (2015–2025)
kimby01,2005,444,115,148,6.99,Pre-Statcast (2005–2014)
kimby01,2006,465,129,155,7.49,Pre-Statcast (2005–2014)
kimby01,2007,355,107,118.3,8.14,Pre-Statcast (2005–2014)
kimkw01,2020,117,24,39,5.54,Post-Statcast (2015–2025)
kimkw01,2021,320,80,106.7,6.75,Post-Statcast (2015–2025)
kimsu01,2005,248,55,82.7,5.99,Pre-Statcast (2005–2014)
kingbr01,2025,204,69,68,9.13,Post-Statcast (2015–2025)
kinghni01,2018,228,69,76,8.17,Post-Statcast (2015–2025)
kinghni01,2019,167,46,55.7,7.44,Post-Statcast (2015–2025)
kingjo01,2021,138,40,46,7.83,Post-Statcast (2015–2025)
kingjo01,2022,154,30,51.3,5.26,Post-Statcast (2015–2025)
kingjo01,2023,112,20,37.3,4.82,Post-Statcast (2015–2025)
kingjo01,2024,180,38,60,5.7,Post-Statcast (2015–2025)
kingjo01,2025,145,28,48.3,5.21,Post-Statcast (2015–2025)
kingmi01,2021,190,62,63.3,8.81,Post-Statcast (2015–2025)
kingmi01,2022,153,66,51,11.65,Post-Statcast (2015–2025)
kingmi01,2023,314,127,104.7,10.92,Post-Statcast (2015–2025)
kingmi01,2024,521,201,173.7,10.42,Post-Statcast (2015–2025)
kingmi01,2025,220,76,73.3,9.33,Post-Statcast (2015–2025)
kingra01,2005,120,23,40,5.18,Pre-Statcast (2005–2014)
kingra01,2006,134,23,44.7,4.63,Pre-Statcast (2005–2014)
kingra01,2007,119,25,39.7,5.67,Pre-Statcast (2005–2014)
kinlety01,2019,148,46,49.3,8.39,Post-Statcast (2015–2025)
kinlety01,2021,211,68,70.3,8.7,Post-Statcast (2015–2025)
kinlety01,2024,192,72,64,10.12,Post-Statcast (2015–2025)
kinlety01,2025,218,73,72.7,9.04,Post-Statcast (2015–2025)
kinnejo01,2012,96,36,32,10.12,Pre-Statcast (2005–2014)
kintzbr01,2013,231,58,77,6.78,Pre-Statcast (2005–2014)
kintzbr01,2014,175,31,58.3,4.78,Pre-Statcast (2005–2014)
kintzbr01,2016,163,35,54.3,5.8,Post-Statcast (2015–2025)
kintzbr01,2017,214,39,71.3,4.92,Post-Statcast (2015–2025)
kintzbr01,2018,182,43,60.7,6.38,Post-Statcast (2015–2025)
kintzbr01,2019,171,48,57,7.58,Post-Statcast (2015–2025)
kirbyge01,2022,390,133,130,9.21,Post-Statcast (2015–2025)
kirbyge01,2023,572,172,190.7,8.12,Post-Statcast (2015–2025)
kirbyge01,2024,573,179,191,8.43,Post-Statcast (2015–2025)
kirbyge01,2025,378,137,126,9.79,Post-Statcast (2015–2025)
kirkmmi01,2012,106,38,35.3,9.68,Pre-Statcast (2005–2014)
kittran01,2018,115,30,38.3,7.04,Post-Statcast (2015–2025)
kittran01,2019,149,58,49.7,10.51,Post-Statcast (2015–2025)
kittran01,2021,215,77,71.7,9.67,Post-Statcast (2015–2025)
kittran01,2024,212,67,70.7,8.53,Post-Statcast (2015–2025)
kittran01,2025,159,64,53,10.87,Post-Statcast (2015–2025)
klinebr01,2019,123,34,41,7.46,Post-Statcast (2015–2025)
klinest02,2005,183,36,61,5.31,Pre-Statcast (2005–2014)
klinest02,2006,155,33,51.7,5.75,Pre-Statcast (2005–2014)
klinest02,2007,138,17,46,3.33,Pre-Statcast (2005–2014)
klubeco01,2012,189,54,63,7.71,Pre-Statcast (2005–2014)
klubeco01,2013,442,136,147.3,8.31,Pre-Statcast (2005–2014)
klubeco01,2014,707,269,235.7,10.27,Pre-Statcast (2005–2014)
klubeco01,2015,666,245,222,9.93,Post-Statcast (2015–2025)
klubeco01,2016,645,227,215,9.5,Post-Statcast (2015–2025)
klubeco01,2017,611,265,203.7,11.71,Post-Statcast (2015–2025)
klubeco01,2018,645,222,215,9.29,Post-Statcast (2015–2025)
klubeco01,2019,107,38,35.7,9.59,Post-Statcast (2015–2025)
klubeco01,2021,240,82,80,9.22,Post-Statcast (2015–2025)
klubeco01,2022,492,139,164,7.63,Post-Statcast (2015–2025)
klubeco01,2023,165,42,55,6.87,Post-Statcast (2015–2025)
knackla01,2024,207,69,69,9,Post-Statcast (2015–2025)
knackla01,2025,127,42,42.3,8.93,Post-Statcast (2015–2025)
knebeco01,2015,151,58,50.3,10.37,Post-Statcast (2015–2025)
knebeco01,2016,98,38,32.7,10.47,Post-Statcast (2015–2025)
knebeco01,2017,228,126,76,14.92,Post-Statcast (2015–2025)
knebeco01,2018,166,88,55.3,14.31,Post-Statcast (2015–2025)
knebeco01,2022,134,41,44.7,8.26,Post-Statcast (2015–2025)
kobayma01,2008,167,35,55.7,5.66,Pre-Statcast (2005–2014)
kochaja01,2024,196,25,65.3,3.44,Post-Statcast (2015–2025)
kochaja01,2025,333,72,111,5.84,Post-Statcast (2015–2025)
kochma01,2018,260,50,86.7,5.19,Post-Statcast (2015–2025)
kochma01,2023,116,27,38.7,6.28,Post-Statcast (2015–2025)
koehlto01,2013,429,92,143,5.79,Pre-Statcast (2005–2014)
koehlto01,2014,574,153,191.3,7.2,Pre-Statcast (2005–2014)
koehlto01,2015,562,137,187.3,6.58,Post-Statcast (2015–2025)
koehlto01,2016,530,147,176.7,7.49,Post-Statcast (2015–2025)
koehlto01,2017,218,62,72.7,7.68,Post-Statcast (2015–2025)
koenija01,2022,118,22,39.3,5.03,Post-Statcast (2015–2025)
koenija01,2024,186,63,62,9.15,Post-Statcast (2015–2025)
koenija01,2025,198,68,66,9.27,Post-Statcast (2015–2025)
kohnmi01,2013,159,52,53,8.83,Pre-Statcast (2005–2014)
kolarad01,2018,103,19,34.3,4.98,Post-Statcast (2015–2025)
kolarad01,2019,165,45,55,7.36,Post-Statcast (2015–2025)
kolbda01,2005,173,39,57.7,6.09,Pre-Statcast (2005–2014)
kolbda01,2006,145,26,48.3,4.84,Pre-Statcast (2005–2014)
kolekst01,2024,140,39,46.7,7.52,Post-Statcast (2015–2025)
kolekst01,2025,338,77,112.7,6.15,Post-Statcast (2015–2025)
kontoge01,2012,131,44,43.7,9.07,Pre-Statcast (2005–2014)
kontoge01,2013,166,47,55.3,7.64,Pre-Statcast (2005–2014)
kontoge01,2014,97,27,32.3,7.52,Pre-Statcast (2005–2014)
kontoge01,2015,220,44,73.3,5.4,Post-Statcast (2015–2025)
kontoge01,2016,160,35,53.3,5.91,Post-Statcast (2015–2025)
kontoge01,2017,199,70,66.3,9.5,Post-Statcast (2015–2025)
kopecmi01,2021,208,103,69.3,13.37,Post-Statcast (2015–2025)
kopecmi01,2022,358,105,119.3,7.92,Post-Statcast (2015–2025)
kopecmi01,2023,388,134,129.3,9.32,Post-Statcast (2015–2025)
kopecmi01,2024,203,88,67.7,11.7,Post-Statcast (2015–2025)
koplomi01,2005,149,28,49.7,5.07,Pre-Statcast (2005–2014)
koronjo01,2006,375,61,125,4.39,Pre-Statcast (2005–2014)
kowarja01,2021,91,29,30.3,8.6,Post-Statcast (2015–2025)
kranima01,2021,116,32,38.7,7.45,Post-Statcast (2015–2025)
kranima01,2025,111,25,37,6.08,Post-Statcast (2015–2025)
krehbjo01,2022,173,45,57.7,7.02,Post-Statcast (2015–2025)
kremede01,2021,161,47,53.7,7.88,Post-Statcast (2015–2025)
kremede01,2022,376,87,125.3,6.25,Post-Statcast (2015–2025)
kremede01,2023,518,157,172.7,8.18,Post-Statcast (2015–2025)
kremede01,2024,389,123,129.7,8.54,Post-Statcast (2015–2025)
kremede01,2025,515,142,171.7,7.44,Post-Statcast (2015–2025)
krolia01,2014,98,28,32.7,7.71,Pre-Statcast (2005–2014)
krolia01,2016,153,56,51,9.88,Post-Statcast (2015–2025)
krolia01,2017,147,44,49,8.08,Post-Statcast (2015–2025)
kuhlch01,2016,212,53,70.7,6.75,Post-Statcast (2015–2025)
kuhlch01,2017,472,142,157.3,8.12,Post-Statcast (2015–2025)
kuhlch01,2018,255,81,85,8.58,Post-Statcast (2015–2025)
kuhlch01,2020,139,44,46.3,8.55,Post-Statcast (2015–2025)
kuhlch01,2021,241,75,80.3,8.4,Post-Statcast (2015–2025)
kuhlch01,2022,411,110,137,7.23,Post-Statcast (2015–2025)
kuhlch01,2023,115,31,38.3,7.28,Post-Statcast (2015–2025)
kuhlch01,2024,160,54,53.3,9.11,Post-Statcast (2015–2025)
kuhnejo01,2022,174,56,58,8.69,Post-Statcast (2015–2025)
kuoho01,2006,179,71,59.7,10.71,Pre-Statcast (2005–2014)
kuoho01,2007,91,27,30.3,8.01,Pre-Statcast (2005–2014)
kuoho01,2008,240,96,80,10.8,Pre-Statcast (2005–2014)
kuoho01,2009,90,32,30,9.6,Pre-Statcast (2005–2014)
kuoho01,2010,180,73,60,10.95,Pre-Statcast (2005–2014)
kurodhi01,2008,550,116,183.3,5.69,Pre-Statcast (2005–2014)
kurodhi01,2009,352,87,117.3,6.67,Pre-Statcast (2005–2014)
kurodhi01,2010,589,159,196.3,7.29,Pre-Statcast (2005–2014)
kurodhi01,2011,606,161,202,7.17,Pre-Statcast (2005–2014)
kurodhi01,2012,659,167,219.7,6.84,Pre-Statcast (2005–2014)
kurodhi01,2013,604,150,201.3,6.71,Pre-Statcast (2005–2014)
kurodhi01,2014,597,146,199,6.6,Pre-Statcast (2005–2014)
lackejo01,2005,627,199,209,8.57,Pre-Statcast (2005–2014)
lackejo01,2006,653,190,217.7,7.86,Pre-Statcast (2005–2014)
lackejo01,2007,672,179,224,7.19,Pre-Statcast (2005–2014)
lackejo01,2008,490,130,163.3,7.16,Pre-Statcast (2005–2014)
lackejo01,2009,529,139,176.3,7.09,Pre-Statcast (2005–2014)
lackejo01,2010,645,156,215,6.53,Pre-Statcast (2005–2014)
lackejo01,2011,480,108,160,6.08,Pre-Statcast (2005–2014)
lackejo01,2013,568,161,189.3,7.65,Pre-Statcast (2005–2014)
lackejo01,2014,594,164,198,7.45,Pre-Statcast (2005–2014)
lackejo01,2015,654,175,218,7.22,Post-Statcast (2015–2025)
lackejo01,2016,565,180,188.3,8.6,Post-Statcast (2015–2025)
lackejo01,2017,512,149,170.7,7.86,Post-Statcast (2015–2025)
laffeaa01,2007,148,25,49.3,4.56,Pre-Statcast (2005–2014)
laffeaa01,2008,281,43,93.7,4.13,Pre-Statcast (2005–2014)
laffeaa01,2009,365,59,121.7,4.36,Pre-Statcast (2005–2014)
laffeaa01,2010,167,28,55.7,4.53,Pre-Statcast (2005–2014)
laffeaa01,2011,160,30,53.3,5.06,Pre-Statcast (2005–2014)
laffeaa01,2012,302,48,100.7,4.29,Pre-Statcast (2005–2014)
lambeji01,2022,141,45,47,8.62,Post-Statcast (2015–2025)
lambeji01,2023,113,41,37.7,9.8,Post-Statcast (2015–2025)
lambepe01,2019,268,57,89.3,5.74,Post-Statcast (2015–2025)
lambepe01,2023,262,71,87.3,7.32,Post-Statcast (2015–2025)
lambepe01,2024,184,50,61.3,7.34,Post-Statcast (2015–2025)
lambjo02,2015,149,58,49.7,10.51,Post-Statcast (2015–2025)
lambjo02,2016,210,58,70,7.46,Post-Statcast (2015–2025)
lametdi01,2017,343,139,114.3,10.94,Post-Statcast (2015–2025)
lametdi01,2019,219,105,73,12.95,Post-Statcast (2015–2025)
lametdi01,2020,207,93,69,12.13,Post-Statcast (2015–2025)
lametdi01,2021,141,57,47,10.91,Post-Statcast (2015–2025)
lametdi01,2022,97,45,32.3,12.53,Post-Statcast (2015–2025)
langeal01,2021,107,39,35.7,9.84,Post-Statcast (2015–2025)
langeal01,2022,190,82,63.3,11.65,Post-Statcast (2015–2025)
langeal01,2023,198,79,66,10.77,Post-Statcast (2015–2025)
lannajo01,2007,104,10,34.7,2.6,Pre-Statcast (2005–2014)
lannajo01,2008,546,117,182,5.79,Pre-Statcast (2005–2014)
lannajo01,2009,619,89,206.3,3.88,Pre-Statcast (2005–2014)
lannajo01,2010,430,71,143.3,4.46,Pre-Statcast (2005–2014)
lannajo01,2011,554,106,184.7,5.17,Pre-Statcast (2005–2014)
lannajo01,2012,98,17,32.7,4.68,Pre-Statcast (2005–2014)
lannajo01,2013,223,38,74.3,4.6,Pre-Statcast (2005–2014)
lasorjo01,2023,98,28,32.7,7.71,Post-Statcast (2015–2025)
latosma01,2009,152,39,50.7,6.93,Pre-Statcast (2005–2014)
latosma01,2010,554,189,184.7,9.21,Pre-Statcast (2005–2014)
latosma01,2011,583,185,194.3,8.57,Pre-Statcast (2005–2014)
latosma01,2012,628,185,209.3,7.95,Pre-Statcast (2005–2014)
latosma01,2013,632,187,210.7,7.99,Pre-Statcast (2005–2014)
latosma01,2014,307,74,102.3,6.51,Pre-Statcast (2005–2014)
latosma01,2015,349,100,116.3,7.74,Post-Statcast (2015–2025)
latosma01,2016,210,42,70,5.4,Post-Statcast (2015–2025)
latzja01,2024,131,40,43.7,8.24,Post-Statcast (2015–2025)
latzja01,2025,257,76,85.7,7.98,Post-Statcast (2015–2025)
lauerer01,2018,336,100,112,8.04,Post-Statcast (2015–2025)
lauerer01,2019,449,138,149.7,8.3,Post-Statcast (2015–2025)
lauerer01,2021,356,117,118.7,8.87,Post-Statcast (2015–2025)
lauerer01,2022,476,157,158.7,8.91,Post-Statcast (2015–2025)
lauerer01,2023,140,43,46.7,8.29,Post-Statcast (2015–2025)
lauerer01,2025,314,102,104.7,8.77,Post-Statcast (2015–2025)
lawde01,2016,165,50,55,8.18,Post-Statcast (2015–2025)
lawde01,2017,112,35,37.3,8.44,Post-Statcast (2015–2025)
lawde01,2019,182,67,60.7,9.94,Post-Statcast (2015–2025)
lawde01,2023,165,45,55,7.36,Post-Statcast (2015–2025)
lawde01,2024,270,76,90,7.6,Post-Statcast (2015–2025)
lawrebr02,2005,587,109,195.7,5.01,Pre-Statcast (2005–2014)
lawreca01,2017,166,52,55.3,8.46,Post-Statcast (2015–2025)
lawreju01,2022,128,48,42.7,10.12,Post-Statcast (2015–2025)
lawreju01,2023,225,78,75,9.36,Post-Statcast (2015–2025)
lawreju01,2024,179,45,59.7,6.79,Post-Statcast (2015–2025)
layneto01,2015,143,45,47.7,8.5,Post-Statcast (2015–2025)
layneto01,2016,134,38,44.7,7.66,Post-Statcast (2015–2025)
lazarma01,2025,124,26,41.3,5.66,Post-Statcast (2015–2025)
leagubr01,2005,107,17,35.7,4.29,Pre-Statcast (2005–2014)
leagubr01,2006,128,29,42.7,6.12,Pre-Statcast (2005–2014)
leagubr01,2008,99,23,33,6.27,Pre-Statcast (2005–2014)
leagubr01,2009,224,76,74.7,9.16,Pre-Statcast (2005–2014)
leagubr01,2010,237,56,79,6.38,Pre-Statcast (2005–2014)
leagubr01,2011,184,45,61.3,6.6,Pre-Statcast (2005–2014)
leagubr01,2012,216,54,72,6.75,Pre-Statcast (2005–2014)
leagubr01,2013,163,28,54.3,4.64,Pre-Statcast (2005–2014)
leagubr01,2014,189,38,63,5.43,Pre-Statcast (2005–2014)
leahyky01,2024,146,33,48.7,6.1,Post-Statcast (2015–2025)
leahyky01,2025,264,80,88,8.18,Post-Statcast (2015–2025)
leakemi01,2010,415,91,138.3,5.92,Pre-Statcast (2005–2014)
leakemi01,2011,503,118,167.7,6.33,Pre-Statcast (2005–2014)
leakemi01,2012,537,116,179,5.83,Pre-Statcast (2005–2014)
leakemi01,2013,577,122,192.3,5.71,Pre-Statcast (2005–2014)
leakemi01,2014,643,164,214.3,6.89,Pre-Statcast (2005–2014)
leakemi01,2015,576,119,192,5.58,Post-Statcast (2015–2025)
leakemi01,2016,530,125,176.7,6.37,Post-Statcast (2015–2025)
leakemi01,2017,558,130,186,6.29,Post-Statcast (2015–2025)
leakemi01,2018,557,119,185.7,5.77,Post-Statcast (2015–2025)
leakemi01,2019,591,127,197,5.8,Post-Statcast (2015–2025)
leasujo01,2024,94,26,31.3,7.47,Post-Statcast (2015–2025)
leasujo01,2025,193,81,64.3,11.33,Post-Statcast (2015–2025)
leblawa01,2009,139,30,46.3,5.83,Pre-Statcast (2005–2014)
leblawa01,2010,438,110,146,6.78,Pre-Statcast (2005–2014)
leblawa01,2011,239,51,79.7,5.76,Pre-Statcast (2005–2014)
leblawa01,2012,206,43,68.7,5.64,Pre-Statcast (2005–2014)
leblawa01,2013,165,33,55,5.4,Pre-Statcast (2005–2014)
leblawa01,2016,186,51,62,7.4,Post-Statcast (2015–2025)
leblawa01,2017,204,54,68,7.15,Post-Statcast (2015–2025)
leblawa01,2018,486,130,162,7.22,Post-Statcast (2015–2025)
leblawa01,2019,364,92,121.3,6.82,Post-Statcast (2015–2025)
leblawa01,2021,147,29,49,5.33,Post-Statcast (2015–2025)
leclejo01,2017,137,60,45.7,11.82,Post-Statcast (2015–2025)
leclejo01,2018,173,85,57.7,13.27,Post-Statcast (2015–2025)
leclejo01,2019,206,100,68.7,13.11,Post-Statcast (2015–2025)
leclejo01,2022,143,54,47.7,10.2,Post-Statcast (2015–2025)
leclejo01,2023,171,67,57,10.58,Post-Statcast (2015–2025)
leclejo01,2024,200,89,66.7,12.02,Post-Statcast (2015–2025)
lecursa01,2010,144,37,48,6.94,Pre-Statcast (2005–2014)
lecursa01,2011,233,73,77.7,8.46,Pre-Statcast (2005–2014)
lecursa01,2012,172,61,57.3,9.58,Pre-Statcast (2005–2014)
lecursa01,2013,183,66,61,9.74,Pre-Statcast (2005–2014)
lecursa01,2014,170,48,56.7,7.62,Pre-Statcast (2005–2014)
ledezwi01,2005,149,30,49.7,5.44,Pre-Statcast (2005–2014)
ledezwi01,2006,181,39,60.3,5.82,Pre-Statcast (2005–2014)
ledezwi01,2007,178,47,59.3,7.13,Pre-Statcast (2005–2014)
ledezwi01,2008,175,53,58.3,8.18,Pre-Statcast (2005–2014)
leech02,2025,112,36,37.3,8.68,Post-Statcast (2015–2025)
leecl02,2005,606,143,202,6.37,Pre-Statcast (2005–2014)
leecl02,2006,602,129,200.7,5.79,Pre-Statcast (2005–2014)
leecl02,2007,292,66,97.3,6.1,Pre-Statcast (2005–2014)
leecl02,2008,670,170,223.3,6.85,Pre-Statcast (2005–2014)
leecl02,2009,695,181,231.7,7.03,Pre-Statcast (2005–2014)
leecl02,2010,637,185,212.3,7.84,Pre-Statcast (2005–2014)
leecl02,2011,698,238,232.7,9.21,Pre-Statcast (2005–2014)
leecl02,2012,633,207,211,8.83,Pre-Statcast (2005–2014)
leecl02,2013,668,222,222.7,8.97,Pre-Statcast (2005–2014)
leecl02,2014,244,72,81.3,7.97,Pre-Statcast (2005–2014)
leedy01,2022,152,59,50.7,10.48,Post-Statcast (2015–2025)
leedy01,2024,179,76,59.7,11.46,Post-Statcast (2015–2025)
leedy01,2025,205,76,68.3,10.01,Post-Statcast (2015–2025)
legumca01,2025,149,55,49.7,9.97,Post-Statcast (2015–2025)
lehrju01,2005,104,23,34.7,5.97,Pre-Statcast (2005–2014)
lehrju01,2009,196,33,65.3,4.55,Pre-Statcast (2005–2014)
leicejo01,2007,96,16,32,4.5,Pre-Statcast (2005–2014)
leiteal01,2005,427,97,142.3,6.13,Pre-Statcast (2005–2014)
leiteja01,2024,107,31,35.7,7.82,Post-Statcast (2015–2025)
leiteja01,2025,455,148,151.7,8.78,Post-Statcast (2015–2025)
leitema02,2017,272,84,90.7,8.34,Post-Statcast (2015–2025)
leitema02,2022,203,73,67.7,9.71,Post-Statcast (2015–2025)
leitema02,2023,193,77,64.3,10.77,Post-Statcast (2015–2025)
leitema02,2024,174,86,58,13.34,Post-Statcast (2015–2025)
leitema02,2025,145,54,48.3,10.06,Post-Statcast (2015–2025)
leonedo01,2014,199,70,66.3,9.5,Pre-Statcast (2005–2014)
leonedo01,2017,211,81,70.3,10.36,Post-Statcast (2015–2025)
leonedo01,2019,122,46,40.7,10.18,Post-Statcast (2015–2025)
leonedo01,2021,161,50,53.7,8.39,Post-Statcast (2015–2025)
leonedo01,2022,148,52,49.3,9.49,Post-Statcast (2015–2025)
leonedo01,2023,162,54,54,9,Post-Statcast (2015–2025)
lestejo01,2006,244,60,81.3,6.64,Pre-Statcast (2005–2014)
lestejo01,2007,189,50,63,7.14,Pre-Statcast (2005–2014)
lestejo01,2008,631,152,210.3,6.5,Pre-Statcast (2005–2014)
lestejo01,2009,610,225,203.3,9.96,Pre-Statcast (2005–2014)
lestejo01,2010,624,225,208,9.74,Pre-Statcast (2005–2014)
lestejo01,2011,575,182,191.7,8.55,Pre-Statcast (2005–2014)
lestejo01,2012,616,166,205.3,7.28,Pre-Statcast (2005–2014)
lestejo01,2013,640,177,213.3,7.47,Pre-Statcast (2005–2014)
lestejo01,2014,659,220,219.7,9.01,Pre-Statcast (2005–2014)
lestejo01,2015,615,207,205,9.09,Post-Statcast (2015–2025)
lestejo01,2016,608,197,202.7,8.75,Post-Statcast (2015–2025)
lestejo01,2017,542,180,180.7,8.97,Post-Statcast (2015–2025)
lestejo01,2018,545,149,181.7,7.38,Post-Statcast (2015–2025)
lestejo01,2019,515,165,171.7,8.65,Post-Statcast (2015–2025)
lestejo01,2020,183,42,61,6.2,Post-Statcast (2015–2025)
lestejo01,2021,424,91,141.3,5.79,Post-Statcast (2015–2025)
lewicar01,2018,116,30,38.7,6.98,Post-Statcast (2015–2025)
lewisco01,2007,113,23,37.7,5.5,Pre-Statcast (2005–2014)
lewisco01,2010,603,196,201,8.78,Pre-Statcast (2005–2014)
lewisco01,2011,601,169,200.3,7.59,Pre-Statcast (2005–2014)
lewisco01,2012,315,93,105,7.97,Pre-Statcast (2005–2014)
lewisco01,2014,511,133,170.3,7.03,Pre-Statcast (2005–2014)
lewisco01,2015,614,142,204.7,6.24,Post-Statcast (2015–2025)
lewisco01,2016,349,73,116.3,5.65,Post-Statcast (2015–2025)
lewisje01,2008,198,52,66,7.09,Pre-Statcast (2005–2014)
lewisje01,2009,199,62,66.3,8.41,Pre-Statcast (2005–2014)
lewisje01,2010,109,29,36.3,7.18,Pre-Statcast (2005–2014)
liberad01,2016,128,47,42.7,9.91,Post-Statcast (2015–2025)
liberma01,2022,104,28,34.7,7.27,Post-Statcast (2015–2025)
liberma01,2023,185,46,61.7,6.71,Post-Statcast (2015–2025)
liberma01,2024,258,76,86,7.95,Post-Statcast (2015–2025)
liberma01,2025,455,122,151.7,7.24,Post-Statcast (2015–2025)
lidgebr01,2005,212,103,70.7,13.12,Pre-Statcast (2005–2014)
lidgebr01,2006,225,104,75,12.48,Pre-Statcast (2005–2014)
lidgebr01,2007,201,88,67,11.82,Pre-Statcast (2005–2014)
lidgebr01,2008,208,92,69.3,11.94,Pre-Statcast (2005–2014)
lidgebr01,2009,176,61,58.7,9.36,Pre-Statcast (2005–2014)
lidgebr01,2010,137,52,45.7,10.25,Pre-Statcast (2005–2014)
lidleco01,2005,554,121,184.7,5.9,Pre-Statcast (2005–2014)
lidleco01,2006,512,130,170.7,6.86,Pre-Statcast (2005–2014)
liebejo01,2005,655,149,218.3,6.14,Pre-Statcast (2005–2014)
liebejo01,2006,504,100,168,5.36,Pre-Statcast (2005–2014)
liebejo01,2007,234,54,78,6.23,Pre-Statcast (2005–2014)
liebejo01,2008,140,27,46.7,5.21,Pre-Statcast (2005–2014)
lillyte01,2005,379,96,126.3,6.84,Pre-Statcast (2005–2014)
lillyte01,2006,545,160,181.7,7.93,Pre-Statcast (2005–2014)
lillyte01,2007,621,174,207,7.57,Pre-Statcast (2005–2014)
lillyte01,2008,614,184,204.7,8.09,Pre-Statcast (2005–2014)
lillyte01,2009,531,151,177,7.68,Pre-Statcast (2005–2014)
lillyte01,2010,581,166,193.7,7.71,Pre-Statcast (2005–2014)
lillyte01,2011,578,158,192.7,7.38,Pre-Statcast (2005–2014)
lillyte01,2012,146,31,48.7,5.73,Pre-Statcast (2005–2014)
limajo01,2005,506,80,168.7,4.27,Pre-Statcast (2005–2014)
linceti01,2007,439,150,146.3,9.23,Pre-Statcast (2005–2014)
linceti01,2008,681,265,227,10.51,Pre-Statcast (2005–2014)
linceti01,2009,676,261,225.3,10.42,Pre-Statcast (2005–2014)
linceti01,2010,637,231,212.3,9.79,Pre-Statcast (2005–2014)
linceti01,2011,651,220,217,9.12,Pre-Statcast (2005–2014)
linceti01,2012,558,190,186,9.19,Pre-Statcast (2005–2014)
linceti01,2013,593,193,197.7,8.79,Pre-Statcast (2005–2014)
linceti01,2014,467,134,155.7,7.75,Pre-Statcast (2005–2014)
linceti01,2015,229,60,76.3,7.07,Post-Statcast (2015–2025)
linceti01,2016,115,32,38.3,7.51,Post-Statcast (2015–2025)
lincobr01,2010,158,25,52.7,4.27,Pre-Statcast (2005–2014)
lincobr01,2011,143,29,47.7,5.48,Pre-Statcast (2005–2014)
lincobr01,2012,264,88,88,9,Pre-Statcast (2005–2014)
lincobr01,2013,95,25,31.7,7.11,Pre-Statcast (2005–2014)
lincomi01,2008,211,57,70.3,7.29,Pre-Statcast (2005–2014)
lindbjo01,2012,213,70,71,8.87,Pre-Statcast (2005–2014)
lindbjo01,2013,94,21,31.3,6.03,Pre-Statcast (2005–2014)
lindbjo01,2020,136,52,45.3,10.32,Post-Statcast (2015–2025)
lindsma01,2007,201,62,67,8.33,Pre-Statcast (2005–2014)
lindsma01,2008,172,43,57.3,6.75,Pre-Statcast (2005–2014)
lindsma01,2009,142,39,47.3,7.42,Pre-Statcast (2005–2014)
lindsma01,2010,160,43,53.3,7.26,Pre-Statcast (2005–2014)
lindsma01,2011,162,36,54,6,Pre-Statcast (2005–2014)
lindsma01,2012,141,40,47,7.66,Pre-Statcast (2005–2014)
lindsma01,2013,182,46,60.7,6.82,Pre-Statcast (2005–2014)
lindsma01,2014,102,18,34,4.76,Pre-Statcast (2005–2014)
linebsc01,2005,221,70,73.7,8.55,Pre-Statcast (2005–2014)
linebsc01,2006,227,68,75.7,8.09,Pre-Statcast (2005–2014)
linebsc01,2007,211,50,70.3,6.4,Pre-Statcast (2005–2014)
linebsc01,2008,139,40,46.3,7.77,Pre-Statcast (2005–2014)
linebsc01,2009,168,55,56,8.84,Pre-Statcast (2005–2014)
linebsc01,2010,172,52,57.3,8.16,Pre-Statcast (2005–2014)
linebsc01,2011,163,42,54.3,6.96,Pre-Statcast (2005–2014)
liriafr01,2006,363,144,121,10.71,Pre-Statcast (2005–2014)
liriafr01,2008,228,67,76,7.93,Pre-Statcast (2005–2014)
liriafr01,2009,410,122,136.7,8.03,Pre-Statcast (2005–2014)
liriafr01,2010,575,201,191.7,9.44,Pre-Statcast (2005–2014)
liriafr01,2011,403,112,134.3,7.5,Pre-Statcast (2005–2014)
liriafr01,2012,470,167,156.7,9.59,Pre-Statcast (2005–2014)
liriafr01,2013,483,163,161,9.11,Pre-Statcast (2005–2014)
liriafr01,2014,487,175,162.3,9.7,Pre-Statcast (2005–2014)
liriafr01,2015,560,205,186.7,9.88,Post-Statcast (2015–2025)
liriafr01,2016,489,168,163,9.28,Post-Statcast (2015–2025)
liriafr01,2017,291,85,97,7.89,Post-Statcast (2015–2025)
liriafr01,2018,401,110,133.7,7.41,Post-Statcast (2015–2025)
liriafr01,2019,210,63,70,8.1,Post-Statcast (2015–2025)
litscje01,2007,333,50,111,4.05,Pre-Statcast (2005–2014)
litscje01,2008,528,99,176,5.06,Pre-Statcast (2005–2014)
litscje01,2010,140,16,46.7,3.09,Pre-Statcast (2005–2014)
litscje01,2011,225,66,75,7.92,Pre-Statcast (2005–2014)
litteza01,2019,111,32,37,7.78,Post-Statcast (2015–2025)
litteza01,2021,185,63,61.7,9.19,Post-Statcast (2015–2025)
litteza01,2022,133,39,44.3,7.92,Post-Statcast (2015–2025)
litteza01,2023,270,74,90,7.4,Post-Statcast (2015–2025)
litteza01,2024,469,141,156.3,8.12,Post-Statcast (2015–2025)
litteza01,2025,560,130,186.7,6.27,Post-Statcast (2015–2025)
littlbr02,2024,137,36,45.7,7.09,Post-Statcast (2015–2025)
littlbr02,2025,205,91,68.3,11.99,Post-Statcast (2015–2025)
littlwe01,2006,109,17,36.3,4.21,Pre-Statcast (2005–2014)
littlwe01,2007,144,24,48,4.5,Pre-Statcast (2005–2014)
livelbe01,2017,266,52,88.7,5.28,Post-Statcast (2015–2025)
livelbe01,2018,91,27,30.3,8.01,Post-Statcast (2015–2025)
livelbe01,2023,266,79,88.7,8.02,Post-Statcast (2015–2025)
livelbe01,2024,453,118,151,7.03,Post-Statcast (2015–2025)
livelbe01,2025,134,29,44.7,5.84,Post-Statcast (2015–2025)
livinbo01,2007,169,27,56.3,4.31,Pre-Statcast (2005–2014)
lizra01,2008,253,57,84.3,6.08,Pre-Statcast (2005–2014)
llovema01,2023,105,29,35,7.46,Post-Statcast (2015–2025)
loaisjo01,2019,95,37,31.7,10.52,Post-Statcast (2015–2025)
loaisjo01,2021,212,69,70.7,8.79,Post-Statcast (2015–2025)
loaisjo01,2022,144,37,48,6.94,Post-Statcast (2015–2025)
loaizes01,2005,651,173,217,7.18,Pre-Statcast (2005–2014)
loaizes01,2006,464,97,154.7,5.64,Pre-Statcast (2005–2014)
loaizes01,2007,112,20,37.3,4.82,Pre-Statcast (2005–2014)
lobstky01,2014,118,27,39.3,6.18,Pre-Statcast (2005–2014)
lobstky01,2015,191,32,63.7,4.52,Post-Statcast (2015–2025)
lockeje01,2012,103,34,34.3,8.91,Pre-Statcast (2005–2014)
lockeje01,2013,499,125,166.3,6.76,Pre-Statcast (2005–2014)
lockeje01,2014,394,89,131.3,6.1,Pre-Statcast (2005–2014)
lockeje01,2015,505,129,168.3,6.9,Post-Statcast (2015–2025)
lockeje01,2016,382,73,127.3,5.16,Post-Statcast (2015–2025)
lockeje01,2017,96,26,32,7.31,Post-Statcast (2015–2025)
lodolni01,2022,310,131,103.3,11.41,Post-Statcast (2015–2025)
lodolni01,2023,103,47,34.3,12.32,Post-Statcast (2015–2025)
lodolni01,2024,346,122,115.3,9.52,Post-Statcast (2015–2025)
lodolni01,2025,470,156,156.7,8.96,Post-Statcast (2015–2025)
loeka01,2005,276,45,92,4.4,Pre-Statcast (2005–2014)
loeka01,2006,235,34,78.3,3.91,Pre-Statcast (2005–2014)
loeka01,2007,408,78,136,5.16,Pre-Statcast (2005–2014)
loeka01,2008,92,20,30.7,5.87,Pre-Statcast (2005–2014)
loeka01,2010,175,46,58.3,7.1,Pre-Statcast (2005–2014)
loeka01,2011,216,61,72,7.62,Pre-Statcast (2005–2014)
loeka01,2012,205,55,68.3,7.24,Pre-Statcast (2005–2014)
loewead01,2006,337,98,112.3,7.85,Pre-Statcast (2005–2014)
loewead01,2007,91,22,30.3,6.53,Pre-Statcast (2005–2014)
loganbo02,2007,152,35,50.7,6.22,Pre-Statcast (2005–2014)
loganbo02,2008,127,42,42.3,8.93,Pre-Statcast (2005–2014)
loganbo02,2010,120,38,40,8.55,Pre-Statcast (2005–2014)
loganbo02,2011,125,46,41.7,9.94,Pre-Statcast (2005–2014)
loganbo02,2012,166,68,55.3,11.06,Pre-Statcast (2005–2014)
loganbo02,2013,117,50,39,11.54,Pre-Statcast (2005–2014)
loganbo02,2015,106,44,35.3,11.21,Post-Statcast (2015–2025)
loganbo02,2016,139,57,46.3,11.07,Post-Statcast (2015–2025)
logueza01,2022,171,42,57,6.63,Post-Statcast (2015–2025)
lohseky01,2005,536,86,178.7,4.33,Pre-Statcast (2005–2014)
lohseky01,2006,380,97,126.7,6.89,Pre-Statcast (2005–2014)
lohseky01,2007,578,122,192.7,5.7,Pre-Statcast (2005–2014)
lohseky01,2008,600,119,200,5.35,Pre-Statcast (2005–2014)
lohseky01,2009,353,77,117.7,5.89,Pre-Statcast (2005–2014)
lohseky01,2010,276,54,92,5.28,Pre-Statcast (2005–2014)
lohseky01,2011,565,111,188.3,5.3,Pre-Statcast (2005–2014)
lohseky01,2012,633,143,211,6.1,Pre-Statcast (2005–2014)
lohseky01,2013,596,125,198.7,5.66,Pre-Statcast (2005–2014)
lohseky01,2014,595,141,198.3,6.4,Pre-Statcast (2005–2014)
lohseky01,2015,457,108,152.3,6.38,Post-Statcast (2015–2025)
longsa01,2021,122,38,40.7,8.41,Post-Statcast (2015–2025)
longsa01,2022,127,33,42.3,7.02,Post-Statcast (2015–2025)
longsa01,2023,135,32,45,6.4,Post-Statcast (2015–2025)
longsa01,2024,128,44,42.7,9.28,Post-Statcast (2015–2025)
longsa01,2025,121,33,40.3,7.36,Post-Statcast (2015–2025)
loopebr01,2005,178,27,59.3,4.1,Pre-Statcast (2005–2014)
loopebr01,2006,220,41,73.3,5.03,Pre-Statcast (2005–2014)
loopebr01,2007,525,87,175,4.47,Pre-Statcast (2005–2014)
loopebr01,2008,597,108,199,4.88,Pre-Statcast (2005–2014)
loopebr01,2009,584,100,194.7,4.62,Pre-Statcast (2005–2014)
lopezaq01,2008,236,61,78.7,6.98,Pre-Statcast (2005–2014)
lopezja02,2007,122,26,40.7,5.75,Pre-Statcast (2005–2014)
lopezja02,2008,178,38,59.3,5.76,Pre-Statcast (2005–2014)
lopezja02,2010,173,38,57.7,5.93,Pre-Statcast (2005–2014)
lopezja02,2011,159,40,53,6.79,Pre-Statcast (2005–2014)
lopezja02,2012,108,28,36,7,Pre-Statcast (2005–2014)
lopezja02,2013,118,37,39.3,8.47,Pre-Statcast (2005–2014)
lopezja02,2014,113,22,37.7,5.26,Pre-Statcast (2005–2014)
lopezja02,2015,118,26,39.3,5.95,Post-Statcast (2015–2025)
lopezja04,2025,278,113,92.7,10.97,Post-Statcast (2015–2025)
lopezjo02,2018,161,38,53.7,6.37,Post-Statcast (2015–2025)
lopezjo02,2019,371,109,123.7,7.93,Post-Statcast (2015–2025)
lopezjo02,2020,117,28,39,6.46,Post-Statcast (2015–2025)
lopezjo02,2021,365,112,121.7,8.28,Post-Statcast (2015–2025)
lopezjo02,2022,213,72,71,9.13,Post-Statcast (2015–2025)
lopezjo02,2023,177,49,59,7.47,Post-Statcast (2015–2025)
lopezjo02,2024,159,50,53,8.49,Post-Statcast (2015–2025)
lopezpa01,2018,176,46,58.7,7.06,Post-Statcast (2015–2025)
lopezpa01,2019,334,95,111.3,7.68,Post-Statcast (2015–2025)
lopezpa01,2020,172,59,57.3,9.26,Post-Statcast (2015–2025)
lopezpa01,2021,308,115,102.7,10.08,Post-Statcast (2015–2025)
lopezpa01,2022,540,174,180,8.7,Post-Statcast (2015–2025)
lopezpa01,2023,582,234,194,10.86,Post-Statcast (2015–2025)
lopezpa01,2024,556,198,185.3,9.62,Post-Statcast (2015–2025)
lopezpa01,2025,227,73,75.7,8.68,Post-Statcast (2015–2025)
lopezre01,2016,132,42,44,8.59,Post-Statcast (2015–2025)
lopezre01,2017,143,30,47.7,5.66,Post-Statcast (2015–2025)
lopezre01,2018,566,151,188.7,7.2,Post-Statcast (2015–2025)
lopezre01,2019,552,169,184,8.27,Post-Statcast (2015–2025)
lopezre01,2021,173,55,57.7,8.58,Post-Statcast (2015–2025)
lopezre01,2022,196,63,65.3,8.68,Post-Statcast (2015–2025)
lopezre01,2023,198,83,66,11.32,Post-Statcast (2015–2025)
lopezre01,2024,407,148,135.7,9.82,Post-Statcast (2015–2025)
lopezro01,2005,628,118,209.3,5.07,Pre-Statcast (2005–2014)
lopezro01,2006,567,136,189,6.48,Pre-Statcast (2005–2014)
lopezro01,2007,238,43,79.3,4.88,Pre-Statcast (2005–2014)
lopezro01,2009,90,19,30,5.7,Pre-Statcast (2005–2014)
lopezro01,2010,600,116,200,5.22,Pre-Statcast (2005–2014)
lopezro01,2011,293,54,97.7,4.98,Pre-Statcast (2005–2014)
lopezwi01,2010,201,50,67,6.72,Pre-Statcast (2005–2014)
lopezwi01,2011,213,56,71,7.1,Pre-Statcast (2005–2014)
lopezwi01,2012,199,54,66.3,7.33,Pre-Statcast (2005–2014)
lopezwi01,2013,226,48,75.3,5.73,Pre-Statcast (2005–2014)
lopezyo01,2019,182,42,60.7,6.23,Post-Statcast (2015–2025)
lordbr02,2025,392,108,130.7,7.44,Post-Statcast (2015–2025)
lorenmi01,2015,340,83,113.3,6.59,Post-Statcast (2015–2025)
lorenmi01,2016,150,48,50,8.64,Post-Statcast (2015–2025)
lorenmi01,2017,249,80,83,8.67,Post-Statcast (2015–2025)
lorenmi01,2018,243,54,81,6,Post-Statcast (2015–2025)
lorenmi01,2019,250,85,83.3,9.18,Post-Statcast (2015–2025)
lorenmi01,2020,101,35,33.7,9.36,Post-Statcast (2015–2025)
lorenmi01,2022,293,85,97.7,7.83,Post-Statcast (2015–2025)
lorenmi01,2023,459,111,153,6.53,Post-Statcast (2015–2025)
lorenmi01,2024,391,97,130.3,6.7,Post-Statcast (2015–2025)
lorenmi01,2025,425,127,141.7,8.07,Post-Statcast (2015–2025)
loupaa01,2012,92,21,30.7,6.16,Pre-Statcast (2005–2014)
loupaa01,2013,208,53,69.3,6.88,Pre-Statcast (2005–2014)
loupaa01,2014,206,56,68.7,7.34,Pre-Statcast (2005–2014)
loupaa01,2015,127,46,42.3,9.78,Post-Statcast (2015–2025)
loupaa01,2017,173,64,57.7,9.99,Post-Statcast (2015–2025)
loupaa01,2018,119,44,39.7,9.98,Post-Statcast (2015–2025)
loupaa01,2021,170,57,56.7,9.05,Post-Statcast (2015–2025)
loupaa01,2022,176,52,58.7,7.98,Post-Statcast (2015–2025)
loupaa01,2023,146,45,48.7,8.32,Post-Statcast (2015–2025)
louxsh01,2009,175,19,58.3,2.93,Pre-Statcast (2005–2014)
lovelri01,2024,103,26,34.3,6.82,Post-Statcast (2015–2025)
lowderh01,2024,92,22,30.7,6.46,Post-Statcast (2015–2025)
lowede01,2005,666,146,222,5.92,Pre-Statcast (2005–2014)
lowede01,2006,654,123,218,5.08,Pre-Statcast (2005–2014)
lowede01,2007,598,147,199.3,6.64,Pre-Statcast (2005–2014)
lowede01,2008,633,147,211,6.27,Pre-Statcast (2005–2014)
lowede01,2009,584,111,194.7,5.13,Pre-Statcast (2005–2014)
lowede01,2010,581,136,193.7,6.32,Pre-Statcast (2005–2014)
lowede01,2011,561,137,187,6.59,Pre-Statcast (2005–2014)
lowede01,2012,428,55,142.7,3.47,Pre-Statcast (2005–2014)
lowema01,2008,191,55,63.7,7.77,Pre-Statcast (2005–2014)
lowema01,2009,240,69,80,7.76,Pre-Statcast (2005–2014)
lowema01,2011,135,42,45,8.4,Pre-Statcast (2005–2014)
lowema01,2012,118,28,39.3,6.41,Pre-Statcast (2005–2014)
lowema01,2015,165,61,55,9.98,Post-Statcast (2015–2025)
lowema01,2016,148,49,49.3,8.94,Post-Statcast (2015–2025)
lowryno01,2005,614,172,204.7,7.56,Pre-Statcast (2005–2014)
lowryno01,2006,478,84,159.3,4.74,Pre-Statcast (2005–2014)
lowryno01,2007,468,87,156,5.02,Pre-Statcast (2005–2014)
lucchjo01,2018,390,145,130,10.04,Post-Statcast (2015–2025)
lucchjo01,2019,491,158,163.7,8.69,Post-Statcast (2015–2025)
lucchjo01,2021,115,41,38.3,9.63,Post-Statcast (2015–2025)
lucchjo01,2023,140,32,46.7,6.17,Post-Statcast (2015–2025)
lucchjo01,2025,115,31,38.3,7.28,Post-Statcast (2015–2025)
luciael01,2019,101,27,33.7,7.22,Post-Statcast (2015–2025)
luebkco01,2011,419,154,139.7,9.92,Pre-Statcast (2005–2014)
luebkco01,2012,93,23,31,6.68,Pre-Statcast (2005–2014)
luekejo01,2011,98,29,32.7,7.99,Pre-Statcast (2005–2014)
luekejo01,2014,91,19,30.3,5.64,Pre-Statcast (2005–2014)
luetglu01,2012,122,38,40.7,8.41,Pre-Statcast (2005–2014)
luetglu01,2013,111,27,37,6.57,Pre-Statcast (2005–2014)
luetglu01,2021,217,78,72.3,9.71,Post-Statcast (2015–2025)
luetglu01,2022,172,60,57.3,9.42,Post-Statcast (2015–2025)
lugoru01,2006,255,48,85,5.08,Pre-Statcast (2005–2014)
lugoru01,2007,145,34,48.3,6.33,Pre-Statcast (2005–2014)
lugose01,2016,192,45,64,6.33,Post-Statcast (2015–2025)
lugose01,2017,304,85,101.3,7.55,Post-Statcast (2015–2025)
lugose01,2018,304,103,101.3,9.15,Post-Statcast (2015–2025)
lugose01,2019,240,104,80,11.7,Post-Statcast (2015–2025)
lugose01,2020,110,47,36.7,11.54,Post-Statcast (2015–2025)
lugose01,2021,139,55,46.3,10.68,Post-Statcast (2015–2025)
lugose01,2022,195,69,65,9.55,Post-Statcast (2015–2025)
lugose01,2023,439,140,146.3,8.61,Post-Statcast (2015–2025)
lugose01,2024,620,181,206.7,7.88,Post-Statcast (2015–2025)
lugose01,2025,436,125,145.3,7.74,Post-Statcast (2015–2025)
luzarje01,2020,177,59,59,9,Post-Statcast (2015–2025)
luzarje01,2021,286,98,95.3,9.25,Post-Statcast (2015–2025)
luzarje01,2022,301,120,100.3,10.76,Post-Statcast (2015–2025)
luzarje01,2023,536,208,178.7,10.48,Post-Statcast (2015–2025)
luzarje01,2024,200,58,66.7,7.83,Post-Statcast (2015–2025)
luzarje01,2025,551,216,183.7,10.58,Post-Statcast (2015–2025)
lylesjo01,2011,282,67,94,6.41,Pre-Statcast (2005–2014)
lylesjo01,2012,424,99,141.3,6.3,Pre-Statcast (2005–2014)
lylesjo01,2013,425,93,141.7,5.91,Pre-Statcast (2005–2014)
lylesjo01,2014,380,90,126.7,6.39,Pre-Statcast (2005–2014)
lylesjo01,2015,147,30,49,5.51,Post-Statcast (2015–2025)
lylesjo01,2016,176,32,58.7,4.91,Post-Statcast (2015–2025)
lylesjo01,2017,209,55,69.7,7.11,Post-Statcast (2015–2025)
lylesjo01,2018,263,84,87.7,8.62,Post-Statcast (2015–2025)
lylesjo01,2019,423,146,141,9.32,Post-Statcast (2015–2025)
lylesjo01,2020,173,36,57.7,5.62,Post-Statcast (2015–2025)
lylesjo01,2021,540,146,180,7.3,Post-Statcast (2015–2025)
lylesjo01,2022,537,144,179,7.24,Post-Statcast (2015–2025)
lylesjo01,2023,533,120,177.7,6.08,Post-Statcast (2015–2025)
lynchda02,2021,204,55,68,7.28,Post-Statcast (2015–2025)
lynchda02,2022,395,122,131.7,8.34,Post-Statcast (2015–2025)
lynchda02,2023,157,34,52.3,5.85,Post-Statcast (2015–2025)
lynchda02,2024,130,39,43.3,8.1,Post-Statcast (2015–2025)
lynchda02,2025,203,45,67.7,5.99,Post-Statcast (2015–2025)
lynnla01,2011,104,40,34.7,10.38,Pre-Statcast (2005–2014)
lynnla01,2012,528,180,176,9.2,Pre-Statcast (2005–2014)
lynnla01,2013,605,198,201.7,8.84,Pre-Statcast (2005–2014)
lynnla01,2014,611,181,203.7,8,Pre-Statcast (2005–2014)
lynnla01,2015,526,167,175.3,8.57,Post-Statcast (2015–2025)
lynnla01,2017,559,153,186.3,7.39,Post-Statcast (2015–2025)
lynnla01,2018,470,161,156.7,9.25,Post-Statcast (2015–2025)
lynnla01,2019,625,246,208.3,10.63,Post-Statcast (2015–2025)
lynnla01,2020,252,89,84,9.54,Post-Statcast (2015–2025)
lynnla01,2021,471,176,157,10.09,Post-Statcast (2015–2025)
lynnla01,2022,365,124,121.7,9.17,Post-Statcast (2015–2025)
lynnla01,2023,551,191,183.7,9.36,Post-Statcast (2015–2025)
lynnla01,2024,352,109,117.3,8.36,Post-Statcast (2015–2025)
lyonbr01,2006,208,46,69.3,5.97,Pre-Statcast (2005–2014)
lyonbr01,2007,222,40,74,4.86,Pre-Statcast (2005–2014)
lyonbr01,2008,178,44,59.3,6.67,Pre-Statcast (2005–2014)
lyonbr01,2009,236,57,78.7,6.52,Pre-Statcast (2005–2014)
lyonbr01,2010,234,54,78,6.23,Pre-Statcast (2005–2014)
lyonbr01,2012,183,63,61,9.3,Pre-Statcast (2005–2014)
lyonbr01,2013,103,23,34.3,6.03,Pre-Statcast (2005–2014)
lyonsty01,2013,159,43,53,7.3,Pre-Statcast (2005–2014)
lyonsty01,2014,110,36,36.7,8.84,Pre-Statcast (2005–2014)
lyonsty01,2015,180,60,60,9,Post-Statcast (2015–2025)
lyonsty01,2016,144,46,48,8.62,Post-Statcast (2015–2025)
lyonsty01,2017,162,68,54,11.33,Post-Statcast (2015–2025)
macdomi01,2005,211,72,70.3,9.21,Pre-Statcast (2005–2014)
macdomi01,2007,127,39,42.3,8.29,Pre-Statcast (2005–2014)
macdomi01,2009,163,34,54.3,5.63,Pre-Statcast (2005–2014)
macdomi01,2011,171,41,57,6.47,Pre-Statcast (2005–2014)
machaan02,2021,107,30,35.7,7.57,Post-Statcast (2015–2025)
machaan02,2022,178,46,59.3,6.98,Post-Statcast (2015–2025)
machaan02,2023,150,43,50,7.74,Post-Statcast (2015–2025)
machije01,2013,159,51,53,8.66,Pre-Statcast (2005–2014)
machije01,2014,199,51,66.3,6.92,Pre-Statcast (2005–2014)
machije01,2015,174,42,58,6.52,Post-Statcast (2015–2025)
maddugr01,2005,675,136,225,5.44,Pre-Statcast (2005–2014)
maddugr01,2006,630,117,210,5.01,Pre-Statcast (2005–2014)
maddugr01,2007,594,104,198,4.73,Pre-Statcast (2005–2014)
maddugr01,2008,582,98,194,4.55,Pre-Statcast (2005–2014)
madriwa01,2008,108,22,36,5.5,Pre-Statcast (2005–2014)
madsory01,2005,261,79,87,8.17,Pre-Statcast (2005–2014)
madsory01,2006,403,99,134.3,6.63,Pre-Statcast (2005–2014)
madsory01,2007,168,43,56,6.91,Pre-Statcast (2005–2014)
madsory01,2008,248,67,82.7,7.29,Pre-Statcast (2005–2014)
madsory01,2009,232,78,77.3,9.08,Pre-Statcast (2005–2014)
madsory01,2010,159,64,53,10.87,Pre-Statcast (2005–2014)
madsory01,2011,182,62,60.7,9.2,Pre-Statcast (2005–2014)
madsory01,2015,190,58,63.3,8.24,Post-Statcast (2015–2025)
madsory01,2016,194,49,64.7,6.82,Post-Statcast (2015–2025)
madsory01,2017,177,67,59,10.22,Post-Statcast (2015–2025)
madsory01,2018,158,54,52.7,9.23,Post-Statcast (2015–2025)
maedake01,2016,527,179,175.7,9.17,Post-Statcast (2015–2025)
maedake01,2017,403,140,134.3,9.38,Post-Statcast (2015–2025)
maedake01,2018,376,153,125.3,10.99,Post-Statcast (2015–2025)
maedake01,2019,461,169,153.7,9.9,Post-Statcast (2015–2025)
maedake01,2020,200,80,66.7,10.8,Post-Statcast (2015–2025)
maedake01,2021,319,113,106.3,9.56,Post-Statcast (2015–2025)
maedake01,2023,313,117,104.3,10.09,Post-Statcast (2015–2025)
maedake01,2024,337,96,112.3,7.69,Post-Statcast (2015–2025)
magilma01,2018,170,56,56.7,8.89,Post-Statcast (2015–2025)
magilma01,2019,152,64,50.7,11.37,Post-Statcast (2015–2025)
mahayro01,2005,107,30,35.7,7.57,Pre-Statcast (2005–2014)
mahayro01,2006,171,56,57,8.84,Pre-Statcast (2005–2014)
mahayro01,2007,201,55,67,7.39,Pre-Statcast (2005–2014)
mahayro01,2008,194,49,64.7,6.82,Pre-Statcast (2005–2014)
mahayro01,2009,151,42,50.3,7.51,Pre-Statcast (2005–2014)
mahayro01,2010,102,25,34,6.62,Pre-Statcast (2005–2014)
mahlety01,2018,336,110,112,8.84,Post-Statcast (2015–2025)
mahlety01,2019,389,129,129.7,8.95,Post-Statcast (2015–2025)
mahlety01,2020,143,60,47.7,11.33,Post-Statcast (2015–2025)
mahlety01,2021,540,210,180,10.5,Post-Statcast (2015–2025)
mahlety01,2022,362,126,120.7,9.4,Post-Statcast (2015–2025)
mahlety01,2025,260,66,86.7,6.85,Post-Statcast (2015–2025)
maholpa01,2005,124,26,41.3,5.66,Pre-Statcast (2005–2014)
maholpa01,2006,528,117,176,5.98,Pre-Statcast (2005–2014)
maholpa01,2007,533,105,177.7,5.32,Pre-Statcast (2005–2014)
maholpa01,2008,619,139,206.3,6.06,Pre-Statcast (2005–2014)
maholpa01,2009,584,119,194.7,5.5,Pre-Statcast (2005–2014)
maholpa01,2010,556,102,185.3,4.95,Pre-Statcast (2005–2014)
maholpa01,2011,487,97,162.3,5.38,Pre-Statcast (2005–2014)
maholpa01,2012,567,140,189,6.67,Pre-Statcast (2005–2014)
maholpa01,2013,459,105,153,6.18,Pre-Statcast (2005–2014)
maholpa01,2014,212,34,70.7,4.33,Pre-Statcast (2005–2014)
mainejo01,2005,120,24,40,5.4,Pre-Statcast (2005–2014)
mainejo01,2006,270,71,90,7.1,Pre-Statcast (2005–2014)
mainejo01,2007,573,180,191,8.48,Pre-Statcast (2005–2014)
mainejo01,2008,420,122,140,7.84,Pre-Statcast (2005–2014)
mainejo01,2009,244,55,81.3,6.09,Pre-Statcast (2005–2014)
mainejo01,2010,119,39,39.7,8.85,Pre-Statcast (2005–2014)
majewga01,2005,258,50,86,5.23,Pre-Statcast (2005–2014)
majewga01,2006,211,43,70.3,5.5,Pre-Statcast (2005–2014)
majewga01,2008,120,27,40,6.08,Pre-Statcast (2005–2014)
makitka01,2018,105,37,35,9.51,Post-Statcast (2015–2025)
malonma02,2009,122,28,40.7,6.2,Pre-Statcast (2005–2014)
manaese01,2016,434,124,144.7,7.71,Post-Statcast (2015–2025)
manaese01,2017,476,140,158.7,7.94,Post-Statcast (2015–2025)
manaese01,2018,482,108,160.7,6.05,Post-Statcast (2015–2025)
manaese01,2020,162,45,54,7.5,Post-Statcast (2015–2025)
manaese01,2021,538,194,179.3,9.74,Post-Statcast (2015–2025)
manaese01,2022,474,156,158,8.89,Post-Statcast (2015–2025)
manaese01,2023,353,128,117.7,9.79,Post-Statcast (2015–2025)
manaese01,2024,545,184,181.7,9.12,Post-Statcast (2015–2025)
manaese01,2025,182,75,60.7,11.13,Post-Statcast (2015–2025)
manesse01,2013,186,35,62,5.08,Pre-Statcast (2005–2014)
manesse01,2014,241,55,80.3,6.16,Pre-Statcast (2005–2014)
manesse01,2015,190,46,63.3,6.54,Post-Statcast (2015–2025)
manesse01,2016,95,16,31.7,4.55,Post-Statcast (2015–2025)
mannich01,2008,126,37,42,7.93,Pre-Statcast (2005–2014)
mannima01,2021,256,57,85.3,6.01,Post-Statcast (2015–2025)
mannima01,2022,189,48,63,6.86,Post-Statcast (2015–2025)
mannima01,2023,234,50,78,5.77,Post-Statcast (2015–2025)
manoaal01,2021,335,127,111.7,10.24,Post-Statcast (2015–2025)
manoaal01,2022,590,180,196.7,8.24,Post-Statcast (2015–2025)
manoaal01,2023,262,79,87.3,8.14,Post-Statcast (2015–2025)
manshje01,2009,95,21,31.7,5.97,Pre-Statcast (2005–2014)
manshje01,2013,92,18,30.7,5.28,Pre-Statcast (2005–2014)
manshje01,2015,118,33,39.3,7.55,Post-Statcast (2015–2025)
manshje01,2016,130,36,43.3,7.48,Post-Statcast (2015–2025)
mantijo01,2021,119,38,39.7,8.62,Post-Statcast (2015–2025)
mantijo01,2022,180,61,60,9.15,Post-Statcast (2015–2025)
mantijo01,2023,117,28,39,6.46,Post-Statcast (2015–2025)
mantijo01,2024,179,53,59.7,7.99,Post-Statcast (2015–2025)
mapledi01,2021,94,40,31.3,11.49,Post-Statcast (2015–2025)
marcush01,2006,235,65,78.3,7.47,Pre-Statcast (2005–2014)
marcush01,2007,477,122,159,6.91,Pre-Statcast (2005–2014)
marcush01,2008,454,123,151.3,7.31,Pre-Statcast (2005–2014)
marcush01,2010,586,165,195.3,7.6,Pre-Statcast (2005–2014)
marcush01,2011,602,158,200.7,7.09,Pre-Statcast (2005–2014)
marcush01,2012,372,109,124,7.91,Pre-Statcast (2005–2014)
marcush01,2013,235,60,78.3,6.89,Pre-Statcast (2005–2014)
marcush01,2015,105,30,35,7.71,Post-Statcast (2015–2025)
margeni01,2019,171,42,57,6.63,Post-Statcast (2015–2025)
margeni01,2020,124,36,41.3,7.84,Post-Statcast (2015–2025)
marinjh01,2016,187,50,62.3,7.22,Post-Statcast (2015–2025)
marinjh01,2017,175,45,58.3,6.94,Post-Statcast (2015–2025)
marinro01,2022,132,56,44,11.45,Post-Statcast (2015–2025)
marinro01,2023,142,56,47.3,10.65,Post-Statcast (2015–2025)
marmoca01,2006,231,59,77,6.9,Pre-Statcast (2005–2014)
marmoca01,2007,208,96,69.3,12.46,Pre-Statcast (2005–2014)
marmoca01,2008,262,114,87.3,11.75,Pre-Statcast (2005–2014)
marmoca01,2009,222,93,74,11.31,Pre-Statcast (2005–2014)
marmoca01,2010,233,138,77.7,15.99,Pre-Statcast (2005–2014)
marmoca01,2011,222,99,74,12.04,Pre-Statcast (2005–2014)
marmoca01,2012,166,72,55.3,11.71,Pre-Statcast (2005–2014)
marmoca01,2013,147,59,49,10.84,Pre-Statcast (2005–2014)
marotmi01,2005,627,115,209,4.95,Pre-Statcast (2005–2014)
marotmi01,2006,161,24,53.7,4.02,Pre-Statcast (2005–2014)
marotmi01,2007,349,51,116.3,3.95,Pre-Statcast (2005–2014)
marquge01,2017,486,147,162,8.17,Post-Statcast (2015–2025)
marquge01,2018,588,230,196,10.56,Post-Statcast (2015–2025)
marquge01,2019,522,175,174,9.05,Post-Statcast (2015–2025)
marquge01,2020,245,73,81.7,8.04,Post-Statcast (2015–2025)
marquge01,2021,540,176,180,8.8,Post-Statcast (2015–2025)
marquge01,2022,545,150,181.7,7.43,Post-Statcast (2015–2025)
marquge01,2025,379,83,126.3,5.91,Post-Statcast (2015–2025)
marquja01,2005,621,100,207,4.35,Pre-Statcast (2005–2014)
marquja01,2006,583,96,194.3,4.45,Pre-Statcast (2005–2014)
marquja01,2007,575,109,191.7,5.12,Pre-Statcast (2005–2014)
marquja01,2008,501,91,167,4.9,Pre-Statcast (2005–2014)
marquja01,2009,648,115,216,4.79,Pre-Statcast (2005–2014)
marquja01,2010,176,31,58.7,4.76,Pre-Statcast (2005–2014)
marquja01,2011,396,76,132,5.18,Pre-Statcast (2005–2014)
marquja01,2012,383,91,127.7,6.42,Pre-Statcast (2005–2014)
marquja01,2013,353,72,117.7,5.51,Pre-Statcast (2005–2014)
marquja01,2015,142,37,47.3,7.04,Post-Statcast (2015–2025)
marshal01,2023,223,85,74.3,10.29,Post-Statcast (2015–2025)
marshal01,2024,387,123,129,8.58,Post-Statcast (2015–2025)
marshev01,2014,148,54,49.3,9.85,Pre-Statcast (2005–2014)
marshev01,2019,152,41,50.7,7.28,Post-Statcast (2015–2025)
marshja01,2007,126,18,42,3.86,Pre-Statcast (2005–2014)
marshse01,2006,377,77,125.7,5.51,Pre-Statcast (2005–2014)
marshse01,2007,310,67,103.3,5.84,Pre-Statcast (2005–2014)
marshse01,2008,196,58,65.3,7.99,Pre-Statcast (2005–2014)
marshse01,2009,256,68,85.3,7.17,Pre-Statcast (2005–2014)
marshse01,2010,224,90,74.7,10.85,Pre-Statcast (2005–2014)
marshse01,2011,227,79,75.7,9.4,Pre-Statcast (2005–2014)
marshse01,2012,183,74,61,10.92,Pre-Statcast (2005–2014)
marteda01,2005,136,54,45.3,10.72,Pre-Statcast (2005–2014)
marteda01,2006,175,63,58.3,9.72,Pre-Statcast (2005–2014)
marteda01,2007,136,51,45.3,10.12,Pre-Statcast (2005–2014)
marteda01,2008,195,71,65,9.83,Pre-Statcast (2005–2014)
martefr01,2017,163,69,54.3,11.43,Post-Statcast (2015–2025)
martevi01,2012,121,36,40.3,8.03,Pre-Statcast (2005–2014)
marteyu01,2022,144,44,48,8.25,Post-Statcast (2015–2025)
marteyu01,2023,118,38,39.3,8.69,Post-Statcast (2015–2025)
martiad01,2022,173,53,57.7,8.27,Post-Statcast (2015–2025)
martiad01,2023,165,47,55,7.69,Post-Statcast (2015–2025)
martibr01,2019,187,62,62.3,8.95,Post-Statcast (2015–2025)
martibr01,2021,187,42,62.3,6.06,Post-Statcast (2015–2025)
martibr01,2022,150,40,50,7.2,Post-Statcast (2015–2025)
martica04,2014,268,84,89.3,8.46,Pre-Statcast (2005–2014)
martica04,2015,539,184,179.7,9.22,Post-Statcast (2015–2025)
martica04,2016,586,174,195.3,8.02,Post-Statcast (2015–2025)
martica04,2017,615,217,205,9.53,Post-Statcast (2015–2025)
martica04,2018,356,117,118.7,8.87,Post-Statcast (2015–2025)
martica04,2019,145,53,48.3,9.87,Post-Statcast (2015–2025)
martica04,2021,247,57,82.3,6.23,Post-Statcast (2015–2025)
martich02,2018,125,37,41.7,7.99,Post-Statcast (2015–2025)
martich02,2019,167,65,55.7,10.51,Post-Statcast (2015–2025)
martich02,2021,130,33,43.3,6.85,Post-Statcast (2015–2025)
martich02,2022,168,74,56,11.89,Post-Statcast (2015–2025)
martich02,2023,154,46,51.3,8.06,Post-Statcast (2015–2025)
martich02,2024,133,50,44.3,10.15,Post-Statcast (2015–2025)
martich02,2025,127,43,42.3,9.14,Post-Statcast (2015–2025)
martico01,2015,92,27,30.7,7.92,Post-Statcast (2015–2025)
marticr01,2011,233,58,77.7,6.72,Pre-Statcast (2005–2014)
marticr01,2012,221,65,73.7,7.94,Pre-Statcast (2005–2014)
martida03,2022,190,48,63.3,6.82,Post-Statcast (2015–2025)
martida03,2024,150,47,50,8.46,Post-Statcast (2015–2025)
martida03,2025,428,104,142.7,6.56,Post-Statcast (2015–2025)
martiet01,2013,120,47,40,10.58,Pre-Statcast (2005–2014)
martijd01,2009,231,37,77,4.32,Pre-Statcast (2005–2014)
martijd01,2010,144,31,48,5.81,Pre-Statcast (2005–2014)
martijo07,2009,90,19,30,5.7,Pre-Statcast (2005–2014)
martiju01,2024,218,91,72.7,11.27,Post-Statcast (2015–2025)
martini01,2014,421,77,140.3,4.94,Pre-Statcast (2005–2014)
martini01,2015,375,77,125,5.54,Post-Statcast (2015–2025)
martini01,2016,116,16,38.7,3.72,Post-Statcast (2015–2025)
martini01,2017,334,67,111.3,5.42,Post-Statcast (2015–2025)
martini01,2022,319,95,106.3,8.04,Post-Statcast (2015–2025)
martini01,2023,331,106,110.3,8.65,Post-Statcast (2015–2025)
martini01,2024,427,116,142.3,7.33,Post-Statcast (2015–2025)
martini01,2025,497,116,165.7,6.3,Post-Statcast (2015–2025)
martipe02,2005,651,208,217,8.63,Pre-Statcast (2005–2014)
martipe02,2006,398,137,132.7,9.29,Pre-Statcast (2005–2014)
martipe02,2008,327,87,109,7.18,Pre-Statcast (2005–2014)
martipe02,2009,134,37,44.7,7.46,Pre-Statcast (2005–2014)
martise01,2022,116,38,38.7,8.84,Post-Statcast (2015–2025)
martise01,2023,129,45,43,9.42,Post-Statcast (2015–2025)
martise01,2024,158,36,52.7,6.15,Post-Statcast (2015–2025)
martish01,2009,257,34,85.7,3.57,Pre-Statcast (2005–2014)
martito02,2006,181,46,60.3,6.86,Pre-Statcast (2005–2014)
masseni01,2007,118,21,39.3,4.81,Pre-Statcast (2005–2014)
masseni01,2008,186,43,62,6.24,Pre-Statcast (2005–2014)
masseni01,2009,228,70,76,8.29,Pre-Statcast (2005–2014)
masseni01,2010,230,85,76.7,9.98,Pre-Statcast (2005–2014)
masseni01,2011,211,62,70.3,7.93,Pre-Statcast (2005–2014)
masseni01,2014,135,36,45,7.2,Pre-Statcast (2005–2014)
masteju01,2008,265,68,88.3,6.93,Pre-Statcast (2005–2014)
masteju01,2009,388,119,129.3,8.28,Pre-Statcast (2005–2014)
masteju01,2010,540,140,180,7,Pre-Statcast (2005–2014)
masteju01,2011,648,158,216,6.58,Pre-Statcast (2005–2014)
masteju01,2012,619,159,206.3,6.94,Pre-Statcast (2005–2014)
masteju01,2013,579,195,193,9.09,Pre-Statcast (2005–2014)
masteju01,2014,386,116,128.7,8.11,Pre-Statcast (2005–2014)
masteju01,2015,178,49,59.3,7.43,Post-Statcast (2015–2025)
mastnto01,2007,173,52,57.7,8.12,Pre-Statcast (2005–2014)
mateoju01,2005,265,52,88.3,5.3,Pre-Statcast (2005–2014)
mateoju01,2006,161,31,53.7,5.2,Pre-Statcast (2005–2014)
mateoju02,2006,137,35,45.7,6.9,Pre-Statcast (2005–2014)
mathido01,2009,128,25,42.7,5.27,Pre-Statcast (2005–2014)
mathisc01,2006,112,28,37.3,6.75,Pre-Statcast (2005–2014)
matonph01,2017,129,46,43,9.63,Post-Statcast (2015–2025)
matonph01,2018,142,55,47.3,10.46,Post-Statcast (2015–2025)
matonph01,2019,110,33,36.7,8.1,Post-Statcast (2015–2025)
matonph01,2021,200,85,66.7,11.47,Post-Statcast (2015–2025)
matonph01,2022,197,73,65.7,10.01,Post-Statcast (2015–2025)
matonph01,2023,198,74,66,10.09,Post-Statcast (2015–2025)
matonph01,2024,192,60,64,8.44,Post-Statcast (2015–2025)
matonph01,2025,184,81,61.3,11.89,Post-Statcast (2015–2025)
matsuda01,2007,614,201,204.7,8.84,Pre-Statcast (2005–2014)
matsuda01,2008,503,154,167.7,8.27,Pre-Statcast (2005–2014)
matsuda01,2009,178,54,59.3,8.19,Pre-Statcast (2005–2014)
matsuda01,2010,461,133,153.7,7.79,Pre-Statcast (2005–2014)
matsuda01,2011,112,26,37.3,6.27,Pre-Statcast (2005–2014)
matsuda01,2012,137,41,45.7,8.08,Pre-Statcast (2005–2014)
matsuda01,2013,116,33,38.7,7.68,Pre-Statcast (2005–2014)
matsuda01,2014,250,78,83.3,8.42,Pre-Statcast (2005–2014)
matsuyu01,2024,188,69,62.7,9.91,Post-Statcast (2015–2025)
matsuyu01,2025,190,61,63.3,8.67,Post-Statcast (2015–2025)
matthry01,2011,96,12,32,3.38,Pre-Statcast (2005–2014)
matthry01,2012,199,41,66.3,5.56,Pre-Statcast (2005–2014)
matthry01,2013,106,22,35.3,5.6,Pre-Statcast (2005–2014)
matthry01,2015,168,37,56,5.95,Post-Statcast (2015–2025)
matthze01,2024,113,43,37.7,10.27,Post-Statcast (2015–2025)
matthze01,2025,238,88,79.3,9.98,Post-Statcast (2015–2025)
mattsis01,2025,143,45,47.7,8.5,Post-Statcast (2015–2025)
matusbr01,2009,134,38,44.7,7.66,Pre-Statcast (2005–2014)
matusbr01,2010,527,143,175.7,7.33,Pre-Statcast (2005–2014)
matusbr01,2011,149,38,49.7,6.89,Pre-Statcast (2005–2014)
matusbr01,2012,294,81,98,7.44,Pre-Statcast (2005–2014)
matusbr01,2013,153,50,51,8.82,Pre-Statcast (2005–2014)
matusbr01,2014,155,53,51.7,9.23,Pre-Statcast (2005–2014)
matusbr01,2015,147,56,49,10.29,Post-Statcast (2015–2025)
matzety01,2014,353,91,117.7,6.96,Pre-Statcast (2005–2014)
matzety01,2021,189,77,63,11,Post-Statcast (2015–2025)
matzety01,2022,131,36,43.7,7.42,Post-Statcast (2015–2025)
matzst01,2015,107,34,35.7,8.58,Post-Statcast (2015–2025)
matzst01,2016,397,129,132.3,8.77,Post-Statcast (2015–2025)
matzst01,2017,200,48,66.7,6.48,Post-Statcast (2015–2025)
matzst01,2018,462,152,154,8.88,Post-Statcast (2015–2025)
matzst01,2019,481,153,160.3,8.59,Post-Statcast (2015–2025)
matzst01,2020,92,36,30.7,10.57,Post-Statcast (2015–2025)
matzst01,2021,452,144,150.7,8.6,Post-Statcast (2015–2025)
matzst01,2022,144,54,48,10.12,Post-Statcast (2015–2025)
matzst01,2023,315,98,105,8.4,Post-Statcast (2015–2025)
matzst01,2024,133,33,44.3,6.7,Post-Statcast (2015–2025)
matzst01,2025,230,59,76.7,6.93,Post-Statcast (2015–2025)
maurebr01,2013,270,70,90,7,Pre-Statcast (2005–2014)
maurebr01,2014,209,55,69.7,7.11,Pre-Statcast (2005–2014)
maurebr01,2015,153,39,51,6.88,Post-Statcast (2015–2025)
maurebr01,2016,209,72,69.7,9.3,Post-Statcast (2015–2025)
maurebr01,2017,178,59,59.3,8.95,Post-Statcast (2015–2025)
maurebr01,2018,94,31,31.3,8.9,Post-Statcast (2015–2025)
mayayu01,2011,98,15,32.7,4.13,Pre-Statcast (2005–2014)
mayda02,2005,199,35,66.3,4.75,Pre-Statcast (2005–2014)
maydu01,2019,104,32,34.7,8.31,Post-Statcast (2015–2025)
maydu01,2020,168,44,56,7.07,Post-Statcast (2015–2025)
maydu01,2022,90,29,30,8.7,Post-Statcast (2015–2025)
maydu01,2023,144,34,48,6.38,Post-Statcast (2015–2025)
maydu01,2025,397,123,132.3,8.37,Post-Statcast (2015–2025)
mayermi01,2018,155,49,51.7,8.54,Post-Statcast (2015–2025)
mayermi01,2020,90,43,30,12.9,Post-Statcast (2015–2025)
mayermi01,2021,225,90,75,10.8,Post-Statcast (2015–2025)
mayermi01,2022,152,45,50.7,7.99,Post-Statcast (2015–2025)
maysjo01,2005,468,59,156,3.4,Pre-Statcast (2005–2014)
maysjo01,2006,152,25,50.7,4.44,Pre-Statcast (2005–2014)
maytr01,2014,137,44,45.7,8.67,Pre-Statcast (2005–2014)
maytr01,2015,344,110,114.7,8.63,Post-Statcast (2015–2025)
maytr01,2016,128,60,42.7,12.66,Post-Statcast (2015–2025)
maytr01,2019,193,79,64.3,11.05,Post-Statcast (2015–2025)
maytr01,2021,188,83,62.7,11.92,Post-Statcast (2015–2025)
maytr01,2023,140,40,46.7,7.71,Post-Statcast (2015–2025)
mayzati01,2018,107,40,35.7,10.09,Post-Statcast (2015–2025)
mayzati01,2019,154,55,51.3,9.64,Post-Statcast (2015–2025)
mayzati01,2021,159,57,53,9.68,Post-Statcast (2015–2025)
mayzati01,2022,146,44,48.7,8.14,Post-Statcast (2015–2025)
mayzati01,2023,160,53,53.3,8.94,Post-Statcast (2015–2025)
mayzati01,2024,128,28,42.7,5.91,Post-Statcast (2015–2025)
mazurad01,2024,101,22,33.7,5.88,Post-Statcast (2015–2025)
mazurad01,2025,90,19,30,5.7,Post-Statcast (2015–2025)
mazzach01,2020,90,29,30,8.7,Post-Statcast (2015–2025)
mazzavi01,2009,274,59,91.3,5.81,Pre-Statcast (2005–2014)
mazzavi01,2010,367,79,122.3,5.81,Pre-Statcast (2005–2014)
mazzavi01,2012,132,26,44,5.32,Pre-Statcast (2005–2014)
mazzavi01,2013,221,46,73.7,5.62,Pre-Statcast (2005–2014)
mcallza01,2012,376,110,125.3,7.9,Pre-Statcast (2005–2014)
mcallza01,2013,403,101,134.3,6.77,Pre-Statcast (2005–2014)
mcallza01,2014,258,74,86,7.74,Pre-Statcast (2005–2014)
mcallza01,2015,207,84,69,10.96,Post-Statcast (2015–2025)
mcallza01,2016,157,54,52.3,9.29,Post-Statcast (2015–2025)
mcallza01,2017,186,66,62,9.58,Post-Statcast (2015–2025)
mcallza01,2018,135,39,45,7.8,Post-Statcast (2015–2025)
mcartja01,2024,170,49,56.7,7.78,Post-Statcast (2015–2025)
mcbrima01,2006,170,46,56.7,7.31,Pre-Statcast (2005–2014)
mcbrima01,2007,98,30,32.7,8.27,Pre-Statcast (2005–2014)
mccarbr01,2005,201,48,67,6.45,Pre-Statcast (2005–2014)
mccarbr01,2006,254,69,84.7,7.33,Pre-Statcast (2005–2014)
mccarbr01,2007,305,59,101.7,5.22,Pre-Statcast (2005–2014)
mccarbr01,2009,292,65,97.3,6.01,Pre-Statcast (2005–2014)
mccarbr01,2011,512,123,170.7,6.49,Pre-Statcast (2005–2014)
mccarbr01,2012,333,73,111,5.92,Pre-Statcast (2005–2014)
mccarbr01,2013,405,76,135,5.07,Pre-Statcast (2005–2014)
mccarbr01,2014,600,175,200,7.88,Pre-Statcast (2005–2014)
mccarbr01,2016,120,44,40,9.9,Post-Statcast (2015–2025)
mccarbr01,2017,278,72,92.7,6.99,Post-Statcast (2015–2025)
mccarbr01,2018,236,65,78.7,7.44,Post-Statcast (2015–2025)
mccarke01,2017,135,27,45,5.4,Post-Statcast (2015–2025)
mccarke01,2018,216,46,72,5.75,Post-Statcast (2015–2025)
mccarke01,2019,181,38,60.3,5.67,Post-Statcast (2015–2025)
mccarki01,2022,113,26,37.7,6.21,Post-Statcast (2015–2025)
mccauda01,2024,126,28,42,6,Post-Statcast (2015–2025)
mcclash01,2021,370,141,123.3,10.29,Post-Statcast (2015–2025)
mcclash01,2022,499,194,166.3,10.5,Post-Statcast (2015–2025)
mcclash01,2023,345,121,115,9.47,Post-Statcast (2015–2025)
mccleky01,2008,227,59,75.7,7.02,Pre-Statcast (2005–2014)
mccleky01,2009,200,51,66.7,6.88,Pre-Statcast (2005–2014)
mccleky01,2010,226,60,75.3,7.17,Pre-Statcast (2005–2014)
mccleky01,2011,425,76,141.7,4.83,Pre-Statcast (2005–2014)
mccluse01,2005,328,92,109.3,7.57,Pre-Statcast (2005–2014)
mccluse01,2006,309,59,103,5.16,Pre-Statcast (2005–2014)
mccluse01,2008,316,87,105.3,7.43,Pre-Statcast (2005–2014)
mccluse01,2009,186,40,62,5.81,Pre-Statcast (2005–2014)
mcculla02,2015,377,129,125.7,9.24,Post-Statcast (2015–2025)
mcculla02,2016,243,106,81,11.78,Post-Statcast (2015–2025)
mcculla02,2017,356,132,118.7,10.01,Post-Statcast (2015–2025)
mcculla02,2018,385,142,128.3,9.96,Post-Statcast (2015–2025)
mcculla02,2020,165,56,55,9.16,Post-Statcast (2015–2025)
mcculla02,2021,487,185,162.3,10.26,Post-Statcast (2015–2025)
mcculla02,2022,143,50,47.7,9.44,Post-Statcast (2015–2025)
mcculla02,2025,166,61,55.3,9.92,Post-Statcast (2015–2025)
mccutda01,2009,109,19,36.3,4.71,Pre-Statcast (2005–2014)
mccutda01,2010,203,38,67.7,5.05,Pre-Statcast (2005–2014)
mccutda01,2011,254,47,84.7,5,Pre-Statcast (2005–2014)
mcdonja03,2009,189,54,63,7.71,Pre-Statcast (2005–2014)
mcdonja03,2010,215,68,71.7,8.54,Pre-Statcast (2005–2014)
mcdonja03,2011,513,142,171,7.47,Pre-Statcast (2005–2014)
mcdonja03,2012,513,151,171,7.95,Pre-Statcast (2005–2014)
mcfartj01,2013,224,58,74.7,6.99,Pre-Statcast (2005–2014)
mcfartj01,2014,176,34,58.7,5.22,Pre-Statcast (2005–2014)
mcfartj01,2015,121,26,40.3,5.8,Post-Statcast (2015–2025)
mcfartj01,2017,162,29,54,4.83,Post-Statcast (2015–2025)
mcfartj01,2018,216,42,72,5.25,Post-Statcast (2015–2025)
mcfartj01,2019,168,35,56,5.62,Post-Statcast (2015–2025)
mcfartj01,2021,116,21,38.7,4.89,Post-Statcast (2015–2025)
mcfartj01,2022,98,16,32.7,4.41,Post-Statcast (2015–2025)
mcfartj01,2024,170,39,56.7,6.19,Post-Statcast (2015–2025)
mcgeeja01,2012,166,73,55.3,11.87,Pre-Statcast (2005–2014)
mcgeeja01,2013,188,75,62.7,10.77,Pre-Statcast (2005–2014)
mcgeeja01,2014,214,90,71.3,11.36,Pre-Statcast (2005–2014)
mcgeeja01,2015,112,48,37.3,11.57,Post-Statcast (2015–2025)
mcgeeja01,2016,137,38,45.7,7.49,Post-Statcast (2015–2025)
mcgeeja01,2017,172,58,57.3,9.1,Post-Statcast (2015–2025)
mcgeeja01,2018,154,47,51.3,8.24,Post-Statcast (2015–2025)
mcgeeja01,2019,124,35,41.3,7.62,Post-Statcast (2015–2025)
mcgeeja01,2021,179,58,59.7,8.75,Post-Statcast (2015–2025)
mcgeeja01,2022,111,25,37,6.08,Post-Statcast (2015–2025)
mcgousc01,2023,211,86,70.3,11,Post-Statcast (2015–2025)
mcgousc01,2024,98,25,32.7,6.89,Post-Statcast (2015–2025)
mcgowdu01,2005,136,34,45.3,6.75,Pre-Statcast (2005–2014)
mcgowdu01,2007,509,144,169.7,7.64,Pre-Statcast (2005–2014)
mcgowdu01,2008,334,85,111.3,6.87,Pre-Statcast (2005–2014)
mcgowdu01,2014,246,61,82,6.7,Pre-Statcast (2005–2014)
mcgowdu01,2016,201,63,67,8.46,Post-Statcast (2015–2025)
mcgowdu01,2017,233,64,77.7,7.42,Post-Statcast (2015–2025)
mcgowky01,2021,90,35,30,10.5,Post-Statcast (2015–2025)
mcgremi01,2025,287,58,95.7,5.46,Post-Statcast (2015–2025)
mcguide02,2018,114,33,38,7.82,Post-Statcast (2015–2025)
mchugco01,2014,464,157,154.7,9.14,Pre-Statcast (2005–2014)
mchugco01,2015,611,171,203.7,7.56,Post-Statcast (2015–2025)
mchugco01,2016,554,177,184.7,8.63,Post-Statcast (2015–2025)
mchugco01,2017,190,62,63.3,8.81,Post-Statcast (2015–2025)
mchugco01,2018,217,94,72.3,11.7,Post-Statcast (2015–2025)
mchugco01,2019,224,82,74.7,9.88,Post-Statcast (2015–2025)
mchugco01,2021,192,74,64,10.41,Post-Statcast (2015–2025)
mchugco01,2022,208,75,69.3,9.74,Post-Statcast (2015–2025)
mchugco01,2023,176,47,58.7,7.21,Post-Statcast (2015–2025)
mckaybr01,2019,147,56,49,10.29,Post-Statcast (2015–2025)
mckentr01,2020,100,42,33.3,11.34,Post-Statcast (2015–2025)
mckentr01,2021,360,136,120,10.2,Post-Statcast (2015–2025)
mckentr01,2022,574,190,191.3,8.94,Post-Statcast (2015–2025)
mckentr01,2024,227,74,75.7,8.8,Post-Statcast (2015–2025)
mcleano01,2025,144,57,48,10.69,Post-Statcast (2015–2025)
mclemma02,2007,105,35,35,9,Pre-Statcast (2005–2014)
meadobr01,2005,224,44,74.7,5.3,Pre-Statcast (2005–2014)
meadobr01,2006,209,35,69.7,4.52,Pre-Statcast (2005–2014)
meansjo01,2019,465,121,155,7.03,Post-Statcast (2015–2025)
meansjo01,2020,131,42,43.7,8.66,Post-Statcast (2015–2025)
meansjo01,2021,440,134,146.7,8.22,Post-Statcast (2015–2025)
mearsni01,2024,173,75,57.7,11.71,Post-Statcast (2015–2025)
mearsni01,2025,170,46,56.7,7.31,Post-Statcast (2015–2025)
mechegi01,2005,430,83,143.3,5.21,Pre-Statcast (2005–2014)
mechegi01,2006,560,156,186.7,7.52,Pre-Statcast (2005–2014)
mechegi01,2007,648,156,216,6.5,Pre-Statcast (2005–2014)
mechegi01,2008,631,183,210.3,7.83,Pre-Statcast (2005–2014)
mechegi01,2009,387,95,129,6.63,Pre-Statcast (2005–2014)
mechegi01,2010,185,41,61.7,5.98,Pre-Statcast (2005–2014)
mecirji01,2005,130,34,43.3,7.06,Pre-Statcast (2005–2014)
meddebr01,2005,91,31,30.3,9.2,Pre-Statcast (2005–2014)
meddebr01,2006,215,47,71.7,5.9,Pre-Statcast (2005–2014)
meddebr01,2009,206,58,68.7,7.6,Pre-Statcast (2005–2014)
medinlu02,2023,329,106,109.7,8.7,Post-Statcast (2015–2025)
medinlu02,2024,120,32,40,7.2,Post-Statcast (2015–2025)
medinyo01,2013,204,71,68,9.4,Pre-Statcast (2005–2014)
medinyo01,2014,171,60,57,9.47,Pre-Statcast (2005–2014)
medlekr01,2009,203,72,67.7,9.58,Pre-Statcast (2005–2014)
medlekr01,2010,323,83,107.7,6.94,Pre-Statcast (2005–2014)
medlekr01,2012,414,120,138,7.83,Pre-Statcast (2005–2014)
medlekr01,2013,591,157,197,7.17,Pre-Statcast (2005–2014)
medlekr01,2015,175,40,58.3,6.17,Post-Statcast (2015–2025)
meekev01,2009,141,42,47,8.04,Pre-Statcast (2005–2014)
meekev01,2010,240,70,80,7.88,Pre-Statcast (2005–2014)
megiltr01,2022,135,49,45,9.8,Post-Statcast (2015–2025)
megiltr01,2023,104,52,34.7,13.5,Post-Statcast (2015–2025)
megiltr01,2024,139,50,46.3,9.71,Post-Statcast (2015–2025)
megiltr01,2025,141,60,47,11.49,Post-Statcast (2015–2025)
megilty01,2021,269,99,89.7,9.94,Post-Statcast (2015–2025)
megilty01,2022,142,51,47.3,9.7,Post-Statcast (2015–2025)
megilty01,2023,379,105,126.3,7.48,Post-Statcast (2015–2025)
megilty01,2024,234,91,78,10.5,Post-Statcast (2015–2025)
megilty01,2025,205,89,68.3,11.72,Post-Statcast (2015–2025)
mejiaad01,2017,294,85,98,7.81,Post-Statcast (2015–2025)
mejiaad01,2019,94,30,31.3,8.62,Post-Statcast (2015–2025)
mejiaje01,2010,117,22,39,5.08,Pre-Statcast (2005–2014)
mejiaje01,2014,281,98,93.7,9.42,Pre-Statcast (2005–2014)
mejiaje02,2021,157,47,52.3,8.08,Post-Statcast (2015–2025)
mejiaju01,2025,184,68,61.3,9.98,Post-Statcast (2015–2025)
melanma01,2011,223,66,74.3,7.99,Pre-Statcast (2005–2014)
melanma01,2012,135,41,45,8.2,Pre-Statcast (2005–2014)
melanma01,2013,213,70,71,8.87,Pre-Statcast (2005–2014)
melanma01,2014,213,71,71,9,Pre-Statcast (2005–2014)
melanma01,2015,230,62,76.7,7.28,Post-Statcast (2015–2025)
melanma01,2016,214,65,71.3,8.2,Post-Statcast (2015–2025)
melanma01,2017,90,29,30,8.7,Post-Statcast (2015–2025)
melanma01,2018,117,31,39,7.15,Post-Statcast (2015–2025)
melanma01,2019,202,68,67.3,9.09,Post-Statcast (2015–2025)
melanma01,2021,194,59,64.7,8.21,Post-Statcast (2015–2025)
melanma01,2022,168,35,56,5.62,Post-Statcast (2015–2025)
meltotr01,2025,137,36,45.7,7.09,Post-Statcast (2015–2025)
melviti01,2019,100,24,33.3,6.48,Post-Statcast (2015–2025)
mendero01,2014,99,22,33,6,Pre-Statcast (2005–2014)
mendolu01,2008,190,35,63.3,4.97,Pre-Statcast (2005–2014)
mendolu01,2012,498,104,166,5.64,Pre-Statcast (2005–2014)
mendolu01,2013,282,54,94,5.17,Pre-Statcast (2005–2014)
mengdda01,2016,216,71,72,8.88,Post-Statcast (2015–2025)
mengdda01,2017,129,29,43,6.07,Post-Statcast (2015–2025)
mengdda01,2018,347,72,115.7,5.6,Post-Statcast (2015–2025)
mengdda01,2019,179,42,59.7,6.34,Post-Statcast (2015–2025)
merckke01,2005,185,45,61.7,6.57,Pre-Statcast (2005–2014)
meredcl01,2006,152,37,50.7,6.57,Pre-Statcast (2005–2014)
meredcl01,2007,239,59,79.7,6.67,Pre-Statcast (2005–2014)
meredcl01,2008,211,49,70.3,6.27,Pre-Statcast (2005–2014)
meredcl01,2009,196,37,65.3,5.1,Pre-Statcast (2005–2014)
merryju01,2023,216,98,72,12.25,Post-Statcast (2015–2025)
mesajo01,2005,170,37,56.7,5.88,Pre-Statcast (2005–2014)
mesajo01,2006,217,39,72.3,4.85,Pre-Statcast (2005–2014)
mesajo01,2007,152,29,50.7,5.15,Pre-Statcast (2005–2014)
messera01,2005,111,29,37,7.05,Pre-Statcast (2005–2014)
messera01,2006,181,45,60.3,6.71,Pre-Statcast (2005–2014)
messera01,2007,193,34,64.3,4.76,Pre-Statcast (2005–2014)
messipa01,2025,119,38,39.7,8.62,Post-Statcast (2015–2025)
meyeral01,2017,202,75,67.3,10.02,Post-Statcast (2015–2025)
meyerda02,2009,175,56,58.3,8.64,Pre-Statcast (2005–2014)
meyerma01,2024,171,46,57,7.26,Post-Statcast (2015–2025)
meyerma01,2025,194,68,64.7,9.46,Post-Statcast (2015–2025)
micelda01,2006,96,18,32,5.06,Pre-Statcast (2005–2014)
michach01,2006,105,10,35,2.57,Pre-Statcast (2005–2014)
middlke01,2017,175,63,58.3,9.72,Post-Statcast (2015–2025)
middlke01,2021,93,24,31,6.97,Post-Statcast (2015–2025)
middlke01,2023,152,64,50.7,11.37,Post-Statcast (2015–2025)
mijarjo01,2009,185,55,61.7,8.03,Pre-Statcast (2005–2014)
mijarjo01,2010,98,28,32.7,7.71,Pre-Statcast (2005–2014)
mijarjo01,2011,147,30,49,5.51,Pre-Statcast (2005–2014)
mijarjo01,2012,169,57,56.3,9.11,Pre-Statcast (2005–2014)
mijarjo01,2013,147,54,49,9.92,Pre-Statcast (2005–2014)
mikolmi01,2012,97,23,32.3,6.4,Pre-Statcast (2005–2014)
mikolmi01,2014,172,38,57.3,5.97,Pre-Statcast (2005–2014)
mikolmi01,2018,602,146,200.7,6.55,Post-Statcast (2015–2025)
mikolmi01,2019,552,144,184,7.04,Post-Statcast (2015–2025)
mikolmi01,2021,134,31,44.7,6.25,Post-Statcast (2015–2025)
mikolmi01,2022,607,153,202.3,6.81,Post-Statcast (2015–2025)
mikolmi01,2023,604,137,201.3,6.12,Post-Statcast (2015–2025)
mikolmi01,2024,515,122,171.7,6.4,Post-Statcast (2015–2025)
mikolmi01,2025,469,100,156.3,5.76,Post-Statcast (2015–2025)
mileywa01,2011,120,25,40,5.62,Pre-Statcast (2005–2014)
mileywa01,2012,584,144,194.7,6.66,Pre-Statcast (2005–2014)
mileywa01,2013,608,147,202.7,6.53,Pre-Statcast (2005–2014)
mileywa01,2014,604,183,201.3,8.18,Pre-Statcast (2005–2014)
mileywa01,2015,581,147,193.7,6.83,Post-Statcast (2015–2025)
mileywa01,2016,498,137,166,7.43,Post-Statcast (2015–2025)
mileywa01,2017,472,142,157.3,8.12,Post-Statcast (2015–2025)
mileywa01,2018,242,50,80.7,5.58,Post-Statcast (2015–2025)
mileywa01,2019,502,140,167.3,7.53,Post-Statcast (2015–2025)
mileywa01,2021,489,125,163,6.9,Post-Statcast (2015–2025)
mileywa01,2022,111,28,37,6.81,Post-Statcast (2015–2025)
mileywa01,2023,361,79,120.3,5.91,Post-Statcast (2015–2025)
millean01,2007,192,56,64,7.88,Pre-Statcast (2005–2014)
millean01,2008,322,89,107.3,7.46,Pre-Statcast (2005–2014)
millean01,2009,240,59,80,6.64,Pre-Statcast (2005–2014)
millean01,2010,98,28,32.7,7.71,Pre-Statcast (2005–2014)
millean01,2011,195,50,65,6.92,Pre-Statcast (2005–2014)
millean01,2012,121,51,40.3,11.38,Pre-Statcast (2005–2014)
millean01,2013,92,48,30.7,14.09,Pre-Statcast (2005–2014)
millean01,2014,187,103,62.3,14.87,Pre-Statcast (2005–2014)
millean01,2015,185,100,61.7,14.59,Post-Statcast (2015–2025)
millean01,2016,223,123,74.3,14.89,Post-Statcast (2015–2025)
millean01,2017,188,95,62.7,13.64,Post-Statcast (2015–2025)
millean01,2018,102,45,34,11.91,Post-Statcast (2015–2025)
millean01,2019,164,70,54.7,11.52,Post-Statcast (2015–2025)
millean01,2021,108,40,36,10,Post-Statcast (2015–2025)
millebo05,2023,373,119,124.3,8.61,Post-Statcast (2015–2025)
millebo05,2024,168,52,56,8.36,Post-Statcast (2015–2025)
millebr04,2023,394,119,131.3,8.15,Post-Statcast (2015–2025)
millebr04,2024,541,171,180.3,8.53,Post-Statcast (2015–2025)
millebr04,2025,271,74,90.3,7.37,Post-Statcast (2015–2025)
milleer01,2024,202,87,67.3,11.63,Post-Statcast (2015–2025)
milleer01,2025,90,22,30,6.6,Post-Statcast (2015–2025)
milleji02,2012,146,44,48.7,8.14,Pre-Statcast (2005–2014)
milleju01,2007,185,74,61.7,10.8,Pre-Statcast (2005–2014)
milleju01,2008,140,43,46.7,8.29,Pre-Statcast (2005–2014)
milleju01,2009,170,36,56.7,5.72,Pre-Statcast (2005–2014)
milleju02,2015,100,38,33.3,10.26,Post-Statcast (2015–2025)
milleju02,2016,128,45,42.7,9.49,Post-Statcast (2015–2025)
milleju02,2018,157,60,52.3,10.32,Post-Statcast (2015–2025)
millema03,2023,100,38,33.3,10.26,Post-Statcast (2015–2025)
millema03,2024,195,104,65,14.4,Post-Statcast (2015–2025)
millema03,2025,185,104,61.7,15.18,Post-Statcast (2015–2025)
millesh01,2013,520,169,173.3,8.78,Pre-Statcast (2005–2014)
millesh01,2014,549,127,183,6.25,Pre-Statcast (2005–2014)
millesh01,2015,616,171,205.3,7.5,Post-Statcast (2015–2025)
millesh01,2016,303,70,101,6.24,Post-Statcast (2015–2025)
millesh01,2019,132,30,44,6.14,Post-Statcast (2015–2025)
millesh01,2023,126,42,42,9,Post-Statcast (2015–2025)
millesh01,2024,167,49,55.7,7.92,Post-Statcast (2015–2025)
millesh01,2025,138,54,46,10.57,Post-Statcast (2015–2025)
milletr02,2005,133,35,44.3,7.11,Pre-Statcast (2005–2014)
milletr02,2006,152,56,50.7,9.95,Pre-Statcast (2005–2014)
milletr02,2007,139,46,46.3,8.94,Pre-Statcast (2005–2014)
milletr02,2008,130,44,43.3,9.14,Pre-Statcast (2005–2014)
milletr02,2009,131,46,43.7,9.48,Pre-Statcast (2005–2014)
milletr02,2010,108,22,36,5.5,Pre-Statcast (2005–2014)
millety01,2024,186,54,62,7.84,Post-Statcast (2015–2025)
millewa04,2005,273,64,91,6.33,Pre-Statcast (2005–2014)
millsal02,2019,108,42,36,10.5,Post-Statcast (2015–2025)
millsal02,2020,187,46,62.3,6.64,Post-Statcast (2015–2025)
millsal02,2021,357,87,119,6.58,Post-Statcast (2015–2025)
millwke01,2005,576,146,192,6.84,Pre-Statcast (2005–2014)
millwke01,2006,645,157,215,6.57,Pre-Statcast (2005–2014)
millwke01,2007,518,123,172.7,6.41,Pre-Statcast (2005–2014)
millwke01,2008,506,125,168.7,6.67,Pre-Statcast (2005–2014)
millwke01,2009,596,123,198.7,5.57,Pre-Statcast (2005–2014)
millwke01,2010,572,132,190.7,6.23,Pre-Statcast (2005–2014)
millwke01,2011,163,36,54.3,5.96,Pre-Statcast (2005–2014)
millwke01,2012,483,107,161,5.98,Pre-Statcast (2005–2014)
milneho01,2017,94,22,31.3,6.32,Post-Statcast (2015–2025)
milneho01,2022,194,64,64.7,8.91,Post-Statcast (2015–2025)
milneho01,2023,193,59,64.3,8.25,Post-Statcast (2015–2025)
milneho01,2024,194,64,64.7,8.91,Post-Statcast (2015–2025)
milneho01,2025,211,58,70.3,7.42,Post-Statcast (2015–2025)
milonto01,2012,570,137,190,6.49,Pre-Statcast (2005–2014)
milonto01,2013,469,126,156.3,7.25,Pre-Statcast (2005–2014)
milonto01,2014,354,75,118,5.72,Pre-Statcast (2005–2014)
milonto01,2015,386,91,128.7,6.37,Post-Statcast (2015–2025)
milonto01,2016,208,49,69.3,6.36,Post-Statcast (2015–2025)
milonto01,2017,145,38,48.3,7.08,Post-Statcast (2015–2025)
milonto01,2019,335,94,111.7,7.58,Post-Statcast (2015–2025)
milonto01,2020,117,40,39,9.23,Post-Statcast (2015–2025)
miltoer01,2005,559,123,186.3,5.94,Pre-Statcast (2005–2014)
miltoer01,2006,458,90,152.7,5.31,Pre-Statcast (2005–2014)
miltoer01,2007,94,18,31.3,5.17,Pre-Statcast (2005–2014)
minayju01,2017,131,51,43.7,10.51,Post-Statcast (2015–2025)
minayju01,2018,140,58,46.7,11.19,Post-Statcast (2015–2025)
minayju01,2021,120,43,40,9.67,Post-Statcast (2015–2025)
minerza01,2006,279,59,93,5.71,Pre-Statcast (2005–2014)
minerza01,2007,161,34,53.7,5.7,Pre-Statcast (2005–2014)
minerza01,2008,354,62,118,4.73,Pre-Statcast (2005–2014)
minerza01,2009,277,62,92.3,6.04,Pre-Statcast (2005–2014)
minormi01,2010,122,43,40.7,9.52,Pre-Statcast (2005–2014)
minormi01,2011,248,77,82.7,8.38,Pre-Statcast (2005–2014)
minormi01,2012,538,145,179.3,7.28,Pre-Statcast (2005–2014)
minormi01,2013,614,181,204.7,7.96,Pre-Statcast (2005–2014)
minormi01,2014,436,120,145.3,7.43,Pre-Statcast (2005–2014)
minormi01,2017,233,88,77.7,10.2,Post-Statcast (2015–2025)
minormi01,2018,471,132,157,7.57,Post-Statcast (2015–2025)
minormi01,2019,625,200,208.3,8.64,Post-Statcast (2015–2025)
minormi01,2020,170,62,56.7,9.85,Post-Statcast (2015–2025)
minormi01,2021,476,149,158.7,8.45,Post-Statcast (2015–2025)
minormi01,2022,294,76,98,6.98,Post-Statcast (2015–2025)
minteaj01,2018,184,69,61.3,10.12,Post-Statcast (2015–2025)
minteaj01,2021,157,57,52.3,9.8,Post-Statcast (2015–2025)
minteaj01,2022,210,94,70,12.09,Post-Statcast (2015–2025)
minteaj01,2023,194,82,64.7,11.41,Post-Statcast (2015–2025)
minteaj01,2024,103,35,34.3,9.17,Post-Statcast (2015–2025)
miranar01,2016,174,44,58,6.83,Post-Statcast (2015–2025)
miranar01,2017,480,137,160,7.71,Post-Statcast (2015–2025)
mischpa01,2007,121,26,40.3,5.8,Pre-Statcast (2005–2014)
mischpa01,2008,157,38,52.3,6.54,Pre-Statcast (2005–2014)
mischpa01,2009,187,23,62.3,3.32,Pre-Statcast (2005–2014)
mischpa01,2010,113,23,37.7,5.5,Pre-Statcast (2005–2014)
misiean01,2021,164,53,54.7,8.73,Post-Statcast (2015–2025)
misioja01,2025,198,87,66,11.86,Post-Statcast (2015–2025)
mitchbr01,2017,98,17,32.7,4.68,Post-Statcast (2015–2025)
mitchbr01,2018,219,38,73,4.68,Post-Statcast (2015–2025)
mitrese01,2005,181,37,60.3,5.52,Pre-Statcast (2005–2014)
mitrese01,2006,123,31,41,6.8,Pre-Statcast (2005–2014)
mitrese01,2007,447,80,149,4.83,Pre-Statcast (2005–2014)
mitrese01,2009,155,32,51.7,5.57,Pre-Statcast (2005–2014)
mitrese01,2010,162,29,54,4.83,Pre-Statcast (2005–2014)
mitrese01,2011,115,16,38.3,3.76,Pre-Statcast (2005–2014)
mizeca01,2021,451,118,150.3,7.06,Post-Statcast (2015–2025)
mizeca01,2024,307,78,102.3,6.86,Post-Statcast (2015–2025)
mizeca01,2025,447,139,149,8.4,Post-Statcast (2015–2025)
mlodzca01,2023,108,34,36,8.5,Post-Statcast (2015–2025)
mlodzca01,2024,152,46,50.7,8.17,Post-Statcast (2015–2025)
mlodzca01,2025,297,89,99,8.09,Post-Statcast (2015–2025)
mockga01,2008,123,46,41,10.1,Pre-Statcast (2005–2014)
mockga01,2009,274,72,91.3,7.09,Pre-Statcast (2005–2014)
moehlbr01,2005,475,95,158.3,5.4,Pre-Statcast (2005–2014)
moehlbr01,2006,366,58,122,4.28,Pre-Statcast (2005–2014)
moehlbr01,2007,179,36,59.7,5.43,Pre-Statcast (2005–2014)
moehlbr01,2008,450,82,150,4.92,Pre-Statcast (2005–2014)
moehlbr01,2009,464,91,154.7,5.3,Pre-Statcast (2005–2014)
moehlbr01,2010,170,28,56.7,4.45,Pre-Statcast (2005–2014)
molinan01,2024,179,41,59.7,6.18,Post-Statcast (2015–2025)
molinan01,2025,104,24,34.7,6.23,Post-Statcast (2015–2025)
mollsa01,2022,130,46,43.3,9.55,Post-Statcast (2015–2025)
mollsa01,2023,187,68,62.3,9.82,Post-Statcast (2015–2025)
mollsa01,2024,113,38,37.7,9.08,Post-Statcast (2015–2025)
monasca01,2010,265,52,88.3,5.3,Pre-Statcast (2005–2014)
montafr01,2017,96,36,32,10.12,Post-Statcast (2015–2025)
montafr01,2018,195,43,65,5.95,Post-Statcast (2015–2025)
montafr01,2019,288,103,96,9.66,Post-Statcast (2015–2025)
montafr01,2020,159,60,53,10.19,Post-Statcast (2015–2025)
montafr01,2021,561,207,187,9.96,Post-Statcast (2015–2025)
montafr01,2022,433,142,144.3,8.85,Post-Statcast (2015–2025)
montafr01,2024,452,148,150.7,8.84,Post-Statcast (2015–2025)
montafr01,2025,116,32,38.7,7.45,Post-Statcast (2015–2025)
monteke01,2024,295,77,98.3,7.05,Post-Statcast (2015–2025)
monteke01,2025,272,72,90.7,7.15,Post-Statcast (2015–2025)
montera01,2014,133,42,44.3,8.53,Pre-Statcast (2005–2014)
montera01,2017,357,114,119,8.62,Post-Statcast (2015–2025)
montera01,2021,148,42,49.3,7.66,Post-Statcast (2015–2025)
montera01,2022,205,73,68.3,9.61,Post-Statcast (2015–2025)
montera01,2023,202,79,67.3,10.56,Post-Statcast (2015–2025)
montera01,2024,115,23,38.3,5.4,Post-Statcast (2015–2025)
montera01,2025,181,58,60.3,8.65,Post-Statcast (2015–2025)
montgjo01,2017,466,144,155.3,8.34,Post-Statcast (2015–2025)
montgjo01,2020,132,47,44,9.61,Post-Statcast (2015–2025)
montgjo01,2021,472,162,157.3,9.27,Post-Statcast (2015–2025)
montgjo01,2022,535,158,178.3,7.97,Post-Statcast (2015–2025)
montgjo01,2023,566,166,188.7,7.92,Post-Statcast (2015–2025)
montgjo01,2024,351,83,117,6.38,Post-Statcast (2015–2025)
montgma01,2025,138,63,46,12.33,Post-Statcast (2015–2025)
montgmi01,2015,270,64,90,6.4,Post-Statcast (2015–2025)
montgmi01,2016,300,92,100,8.28,Post-Statcast (2015–2025)
montgmi01,2017,392,100,130.7,6.89,Post-Statcast (2015–2025)
montgmi01,2018,372,86,124,6.24,Post-Statcast (2015–2025)
montgmi01,2019,273,69,91,6.82,Post-Statcast (2015–2025)
moorean02,2017,177,31,59,4.73,Post-Statcast (2015–2025)
moorema02,2012,532,175,177.3,8.88,Pre-Statcast (2005–2014)
moorema02,2013,451,143,150.3,8.56,Pre-Statcast (2005–2014)
moorema02,2015,189,46,63,6.57,Post-Statcast (2015–2025)
moorema02,2016,595,178,198.3,8.08,Post-Statcast (2015–2025)
moorema02,2017,523,148,174.3,7.64,Post-Statcast (2015–2025)
moorema02,2018,306,86,102,7.59,Post-Statcast (2015–2025)
moorema02,2021,219,63,73,7.77,Post-Statcast (2015–2025)
moorema02,2022,222,83,74,10.09,Post-Statcast (2015–2025)
moorema02,2023,158,60,52.7,10.25,Post-Statcast (2015–2025)
moorema02,2024,145,41,48.3,7.63,Post-Statcast (2015–2025)
moralfr01,2007,118,26,39.3,5.95,Pre-Statcast (2005–2014)
moralfr01,2009,120,41,40,9.22,Pre-Statcast (2005–2014)
moralfr01,2011,139,42,46.3,8.16,Pre-Statcast (2005–2014)
moralfr01,2012,229,76,76.3,8.96,Pre-Statcast (2005–2014)
moralfr01,2014,427,100,142.3,6.32,Pre-Statcast (2005–2014)
moralfr01,2015,187,41,62.3,5.92,Post-Statcast (2015–2025)
morallu01,2025,146,43,48.7,7.95,Post-Statcast (2015–2025)
moranjo01,2022,122,54,40.7,11.95,Post-Statcast (2015–2025)
moranjo01,2023,127,48,42.3,10.2,Post-Statcast (2015–2025)
morejad01,2022,102,28,34,7.41,Post-Statcast (2015–2025)
morejad01,2024,191,71,63.7,10.04,Post-Statcast (2015–2025)
morejad01,2025,221,70,73.7,8.55,Post-Statcast (2015–2025)
moretda01,2022,115,39,38.3,9.16,Post-Statcast (2015–2025)
moretda01,2023,174,76,58,11.79,Post-Statcast (2015–2025)
morgaad01,2015,253,49,84.3,5.23,Post-Statcast (2015–2025)
morgaad01,2016,340,95,113.3,7.54,Post-Statcast (2015–2025)
morgaad01,2017,164,63,54.7,10.37,Post-Statcast (2015–2025)
morgaad01,2018,148,50,49.3,9.12,Post-Statcast (2015–2025)
morgada01,2025,142,50,47.3,9.51,Post-Statcast (2015–2025)
morgael01,2021,268,81,89.3,8.16,Post-Statcast (2015–2025)
morgael01,2022,200,72,66.7,9.72,Post-Statcast (2015–2025)
morgael01,2023,202,75,67.3,10.02,Post-Statcast (2015–2025)
morgael01,2024,126,34,42,7.29,Post-Statcast (2015–2025)
morilju02,2025,103,36,34.3,9.44,Post-Statcast (2015–2025)
morinmi01,2014,177,54,59,8.24,Pre-Statcast (2005–2014)
morinmi01,2015,106,41,35.3,10.44,Post-Statcast (2015–2025)
morinmi01,2016,167,49,55.7,7.92,Post-Statcast (2015–2025)
morinmi01,2019,152,26,50.7,4.62,Post-Statcast (2015–2025)
moronre01,2018,195,79,65,10.94,Post-Statcast (2015–2025)
moronre01,2019,170,70,56.7,11.12,Post-Statcast (2015–2025)
moronre01,2022,113,38,37.7,9.08,Post-Statcast (2015–2025)
morribr01,2013,195,37,65,5.12,Pre-Statcast (2005–2014)
morribr01,2014,193,50,64.3,6.99,Pre-Statcast (2005–2014)
morribr01,2015,189,47,63,6.71,Post-Statcast (2015–2025)
morrima01,2005,578,117,192.7,5.47,Pre-Statcast (2005–2014)
morrima01,2006,623,117,207.7,5.07,Pre-Statcast (2005–2014)
morrima01,2007,596,102,198.7,4.62,Pre-Statcast (2005–2014)
morrobr01,2007,190,66,63.3,9.38,Pre-Statcast (2005–2014)
morrobr01,2008,194,75,64.7,10.44,Pre-Statcast (2005–2014)
morrobr01,2009,209,63,69.7,8.14,Pre-Statcast (2005–2014)
morrobr01,2010,439,178,146.3,10.95,Pre-Statcast (2005–2014)
morrobr01,2011,538,203,179.3,10.19,Pre-Statcast (2005–2014)
morrobr01,2012,374,108,124.7,7.8,Pre-Statcast (2005–2014)
morrobr01,2013,163,42,54.3,6.96,Pre-Statcast (2005–2014)
morrobr01,2014,100,30,33.3,8.1,Pre-Statcast (2005–2014)
morrobr01,2015,99,23,33,6.27,Post-Statcast (2015–2025)
morrobr01,2017,131,50,43.7,10.31,Post-Statcast (2015–2025)
morrobr01,2018,92,31,30.7,9.1,Post-Statcast (2015–2025)
mortecl01,2009,92,13,30.7,3.82,Pre-Statcast (2005–2014)
mortecl01,2011,175,30,58.3,4.63,Pre-Statcast (2005–2014)
mortecl01,2012,126,41,42,8.79,Pre-Statcast (2005–2014)
mortecl01,2013,91,21,30.3,6.23,Pre-Statcast (2005–2014)
mortoch02,2008,224,48,74.7,5.79,Pre-Statcast (2005–2014)
mortoch02,2009,291,62,97,5.75,Pre-Statcast (2005–2014)
mortoch02,2010,239,59,79.7,6.67,Pre-Statcast (2005–2014)
mortoch02,2011,515,110,171.7,5.77,Pre-Statcast (2005–2014)
mortoch02,2012,151,25,50.3,4.47,Pre-Statcast (2005–2014)
mortoch02,2013,348,85,116,6.59,Pre-Statcast (2005–2014)
mortoch02,2014,472,126,157.3,7.21,Pre-Statcast (2005–2014)
mortoch02,2015,387,96,129,6.7,Post-Statcast (2015–2025)
mortoch02,2017,440,163,146.7,10,Post-Statcast (2015–2025)
mortoch02,2018,501,201,167,10.83,Post-Statcast (2015–2025)
mortoch02,2019,584,240,194.7,11.1,Post-Statcast (2015–2025)
mortoch02,2020,114,42,38,9.95,Post-Statcast (2015–2025)
mortoch02,2021,557,216,185.7,10.47,Post-Statcast (2015–2025)
mortoch02,2022,516,205,172,10.73,Post-Statcast (2015–2025)
mortoch02,2023,490,183,163.3,10.08,Post-Statcast (2015–2025)
mortoch02,2024,496,167,165.3,9.09,Post-Statcast (2015–2025)
mortoch02,2025,426,149,142,9.44,Post-Statcast (2015–2025)
moscogu01,2011,384,74,128,5.2,Pre-Statcast (2005–2014)
moscogu01,2012,150,47,50,8.46,Pre-Statcast (2005–2014)
moscogu01,2013,90,31,30,9.3,Pre-Statcast (2005–2014)
moseldu01,2007,276,50,92,4.89,Pre-Statcast (2005–2014)
moseldu01,2008,151,37,50.3,6.62,Pre-Statcast (2005–2014)
moseldu01,2010,196,33,65.3,4.55,Pre-Statcast (2005–2014)
moseldu01,2011,360,64,120,4.8,Pre-Statcast (2005–2014)
motagu01,2005,201,60,67,8.06,Pre-Statcast (2005–2014)
motagu01,2006,167,46,55.7,7.44,Pre-Statcast (2005–2014)
motagu01,2007,178,47,59.3,7.13,Pre-Statcast (2005–2014)
motagu01,2008,171,50,57,7.89,Pre-Statcast (2005–2014)
motagu01,2009,196,39,65.3,5.37,Pre-Statcast (2005–2014)
motagu01,2010,162,38,54,6.33,Pre-Statcast (2005–2014)
motagu01,2011,241,77,80.3,8.63,Pre-Statcast (2005–2014)
motteja01,2009,170,54,56.7,8.58,Pre-Statcast (2005–2014)
motteja01,2010,157,54,52.3,9.29,Pre-Statcast (2005–2014)
motteja01,2011,204,63,68,8.34,Pre-Statcast (2005–2014)
motteja01,2012,216,86,72,10.75,Pre-Statcast (2005–2014)
motteja01,2015,145,34,48.3,6.33,Post-Statcast (2015–2025)
motteja01,2017,122,27,40.7,5.98,Post-Statcast (2015–2025)
moyaga01,2018,109,31,36.3,7.68,Post-Statcast (2015–2025)
moyerja01,2005,600,102,200,4.59,Pre-Statcast (2005–2014)
moyerja01,2006,634,108,211.3,4.6,Pre-Statcast (2005–2014)
moyerja01,2007,598,133,199.3,6.01,Pre-Statcast (2005–2014)
moyerja01,2008,589,123,196.3,5.64,Pre-Statcast (2005–2014)
moyerja01,2009,486,94,162,5.22,Pre-Statcast (2005–2014)
moyerja01,2010,335,63,111.7,5.08,Pre-Statcast (2005–2014)
moyerja01,2012,161,36,53.7,6.04,Pre-Statcast (2005–2014)
moylape01,2007,270,63,90,6.3,Pre-Statcast (2005–2014)
moylape01,2009,219,61,73,7.52,Pre-Statcast (2005–2014)
moylape01,2010,191,52,63.7,7.35,Pre-Statcast (2005–2014)
moylape01,2016,134,34,44.7,6.85,Post-Statcast (2015–2025)
moylape01,2017,178,46,59.3,6.98,Post-Statcast (2015–2025)
mujiced01,2008,116,27,38.7,6.28,Pre-Statcast (2005–2014)
mujiced01,2009,281,76,93.7,7.3,Pre-Statcast (2005–2014)
mujiced01,2010,209,72,69.7,9.3,Pre-Statcast (2005–2014)
mujiced01,2011,228,63,76,7.46,Pre-Statcast (2005–2014)
mujiced01,2012,196,47,65.3,6.47,Pre-Statcast (2005–2014)
mujiced01,2013,194,46,64.7,6.4,Pre-Statcast (2005–2014)
mujiced01,2014,180,43,60,6.45,Pre-Statcast (2005–2014)
mujiced01,2015,142,30,47.3,5.7,Post-Statcast (2015–2025)
muldema01,2005,615,111,205,4.87,Pre-Statcast (2005–2014)
muldema01,2006,280,50,93.3,4.82,Pre-Statcast (2005–2014)
mulhote01,2005,177,18,59,2.75,Pre-Statcast (2005–2014)
mulleky01,2021,110,37,36.7,9.08,Post-Statcast (2015–2025)
mulleky01,2023,231,56,77,6.55,Post-Statcast (2015–2025)
mulleky01,2024,148,36,49.3,6.57,Post-Statcast (2015–2025)
munozan01,2022,195,96,65,13.29,Post-Statcast (2015–2025)
munozan01,2023,147,67,49,12.31,Post-Statcast (2015–2025)
munozan01,2024,178,77,59.3,11.68,Post-Statcast (2015–2025)
munozan01,2025,187,83,62.3,11.98,Post-Statcast (2015–2025)
munozro01,2024,248,70,82.7,7.62,Post-Statcast (2015–2025)
muntesc01,2005,116,11,38.7,2.56,Pre-Statcast (2005–2014)
murfepe01,2022,208,76,69.3,9.87,Post-Statcast (2015–2025)
murphch01,2023,143,49,47.7,9.25,Post-Statcast (2015–2025)
murphch01,2025,104,30,34.7,7.79,Post-Statcast (2015–2025)
murraco01,2016,95,31,31.7,8.81,Post-Statcast (2015–2025)
musgrha01,2018,134,32,44.7,6.45,Post-Statcast (2015–2025)
musgrjo01,2016,186,55,62,7.98,Post-Statcast (2015–2025)
musgrjo01,2017,328,98,109.3,8.07,Post-Statcast (2015–2025)
musgrjo01,2018,346,100,115.3,7.8,Post-Statcast (2015–2025)
musgrjo01,2019,511,157,170.3,8.3,Post-Statcast (2015–2025)
musgrjo01,2020,119,55,39.7,12.48,Post-Statcast (2015–2025)
musgrjo01,2021,544,203,181.3,10.08,Post-Statcast (2015–2025)
musgrjo01,2022,543,184,181,9.15,Post-Statcast (2015–2025)
musgrjo01,2023,292,97,97.3,8.97,Post-Statcast (2015–2025)
musgrjo01,2024,299,101,99.7,9.12,Post-Statcast (2015–2025)
mussimi01,2005,539,142,179.7,7.11,Pre-Statcast (2005–2014)
mussimi01,2006,592,172,197.3,7.84,Pre-Statcast (2005–2014)
mussimi01,2007,456,91,152,5.39,Pre-Statcast (2005–2014)
mussimi01,2008,601,150,200.3,6.74,Pre-Statcast (2005–2014)
myersbr01,2005,646,208,215.3,8.69,Pre-Statcast (2005–2014)
myersbr01,2006,594,189,198,8.59,Pre-Statcast (2005–2014)
myersbr01,2007,206,83,68.7,10.88,Pre-Statcast (2005–2014)
myersbr01,2008,570,163,190,7.72,Pre-Statcast (2005–2014)
myersbr01,2009,212,50,70.7,6.37,Pre-Statcast (2005–2014)
myersbr01,2010,671,180,223.7,7.24,Pre-Statcast (2005–2014)
myersbr01,2011,648,160,216,6.67,Pre-Statcast (2005–2014)
myersbr01,2012,196,41,65.3,5.65,Pre-Statcast (2005–2014)
myersmi01,2005,112,21,37.3,5.06,Pre-Statcast (2005–2014)
myersmi01,2006,92,22,30.7,6.46,Pre-Statcast (2005–2014)
myersmi01,2007,163,27,54.3,4.47,Pre-Statcast (2005–2014)
myersto01,2024,414,127,138,8.28,Post-Statcast (2015–2025)
myersto01,2025,152,38,50.7,6.75,Post-Statcast (2015–2025)
nanceto01,2022,131,57,43.7,11.75,Post-Statcast (2015–2025)
nanceto01,2025,95,32,31.7,9.09,Post-Statcast (2015–2025)
nardian01,2023,172,73,57.3,11.46,Post-Statcast (2015–2025)
nardian01,2024,149,70,49.7,12.68,Post-Statcast (2015–2025)
narvech01,2009,141,46,47,8.81,Pre-Statcast (2005–2014)
narvech01,2010,503,137,167.7,7.35,Pre-Statcast (2005–2014)
narvech01,2011,485,126,161.7,7.01,Pre-Statcast (2005–2014)
narvech01,2015,91,32,30.3,9.49,Post-Statcast (2015–2025)
nastrni01,2024,107,26,35.7,6.56,Post-Statcast (2015–2025)
nathajo01,2005,210,94,70,12.09,Pre-Statcast (2005–2014)
nathajo01,2006,205,95,68.3,12.51,Pre-Statcast (2005–2014)
nathajo01,2007,215,77,71.7,9.67,Pre-Statcast (2005–2014)
nathajo01,2008,203,74,67.7,9.84,Pre-Statcast (2005–2014)
nathajo01,2009,206,89,68.7,11.67,Pre-Statcast (2005–2014)
nathajo01,2011,134,43,44.7,8.66,Pre-Statcast (2005–2014)
nathajo01,2012,193,78,64.3,10.91,Pre-Statcast (2005–2014)
nathajo01,2013,194,73,64.7,10.16,Pre-Statcast (2005–2014)
nathajo01,2014,174,54,58,8.38,Pre-Statcast (2005–2014)
naughpa01,2022,96,31,32,8.72,Post-Statcast (2015–2025)
nealza01,2016,210,27,70,3.47,Post-Statcast (2015–2025)
neideni01,2021,107,21,35.7,5.3,Post-Statcast (2015–2025)
nelsoje01,2005,110,34,36.7,8.35,Pre-Statcast (2005–2014)
nelsoji02,2014,208,57,69.3,7.4,Pre-Statcast (2005–2014)
nelsoji02,2015,532,148,177.3,7.51,Post-Statcast (2015–2025)
nelsoji02,2016,538,140,179.3,7.03,Post-Statcast (2015–2025)
nelsoji02,2017,526,199,175.3,10.21,Post-Statcast (2015–2025)
nelsojo01,2006,134,44,44.7,8.87,Pre-Statcast (2005–2014)
nelsojo01,2008,162,60,54,10,Pre-Statcast (2005–2014)
nelsojo01,2009,121,36,40.3,8.03,Pre-Statcast (2005–2014)
nelsoky01,2022,111,30,37,7.3,Post-Statcast (2015–2025)
nelsoky01,2023,168,67,56,10.77,Post-Statcast (2015–2025)
nelsoni01,2022,206,69,68.7,9.04,Post-Statcast (2015–2025)
nelsory01,2023,432,96,144,6,Post-Statcast (2015–2025)
nelsory01,2024,452,126,150.7,7.53,Post-Statcast (2015–2025)
nelsory01,2025,462,132,154,7.71,Post-Statcast (2015–2025)
nerishe01,2015,121,41,40.3,9.15,Post-Statcast (2015–2025)
nerishe01,2016,241,102,80.3,11.43,Post-Statcast (2015–2025)
nerishe01,2017,224,86,74.7,10.37,Post-Statcast (2015–2025)
nerishe01,2018,143,76,47.7,14.35,Post-Statcast (2015–2025)
nerishe01,2019,203,89,67.7,11.84,Post-Statcast (2015–2025)
nerishe01,2021,223,98,74.3,11.87,Post-Statcast (2015–2025)
nerishe01,2022,196,79,65.3,10.88,Post-Statcast (2015–2025)
nerishe01,2023,205,77,68.3,10.14,Post-Statcast (2015–2025)
nerishe01,2024,178,64,59.3,9.71,Post-Statcast (2015–2025)
neshepa01,2006,111,53,37,12.89,Pre-Statcast (2005–2014)
neshepa01,2007,211,74,70.3,9.47,Pre-Statcast (2005–2014)
neshepa01,2013,121,29,40.3,6.47,Pre-Statcast (2005–2014)
neshepa01,2014,202,68,67.3,9.09,Pre-Statcast (2005–2014)
neshepa01,2015,164,51,54.7,8.4,Post-Statcast (2015–2025)
neshepa01,2016,141,43,47,8.23,Post-Statcast (2015–2025)
neshepa01,2017,187,69,62.3,9.96,Post-Statcast (2015–2025)
newbeja01,2019,93,29,31,8.42,Post-Statcast (2015–2025)
newcose01,2017,300,108,100,9.72,Post-Statcast (2015–2025)
newcose01,2018,492,160,164,8.78,Post-Statcast (2015–2025)
newcose01,2019,205,65,68.3,8.56,Post-Statcast (2015–2025)
newcose01,2021,97,43,32.3,11.97,Post-Statcast (2015–2025)
newcose01,2025,277,91,92.3,8.87,Post-Statcast (2015–2025)
nicasju01,2011,215,58,71.7,7.28,Pre-Statcast (2005–2014)
nicasju01,2012,174,54,58,8.38,Pre-Statcast (2005–2014)
nicasju01,2013,473,119,157.7,6.79,Pre-Statcast (2005–2014)
nicasju01,2014,281,63,93.7,6.05,Pre-Statcast (2005–2014)
nicasju01,2015,175,65,58.3,10.03,Post-Statcast (2015–2025)
nicasju01,2016,354,138,118,10.53,Post-Statcast (2015–2025)
nicasju01,2017,217,72,72.3,8.96,Post-Statcast (2015–2025)
nicasju01,2018,126,53,42,11.36,Post-Statcast (2015–2025)
nicasju01,2019,142,45,47.3,8.56,Post-Statcast (2015–2025)
nicolju01,2015,222,23,74,2.8,Post-Statcast (2015–2025)
nicolju01,2016,238,37,79.3,4.2,Post-Statcast (2015–2025)
nicolju01,2017,144,26,48,4.88,Post-Statcast (2015–2025)
nicolky01,2024,164,55,54.7,9.05,Post-Statcast (2015–2025)
nicolky01,2025,114,34,38,8.05,Post-Statcast (2015–2025)
niemaje01,2009,542,125,180.7,6.23,Pre-Statcast (2005–2014)
niemaje01,2010,523,131,174.3,6.76,Pre-Statcast (2005–2014)
niemaje01,2011,406,105,135.3,6.98,Pre-Statcast (2005–2014)
niemaje01,2012,114,34,38,8.05,Pre-Statcast (2005–2014)
niesejo01,2010,521,148,173.7,7.67,Pre-Statcast (2005–2014)
niesejo01,2011,472,138,157.3,7.89,Pre-Statcast (2005–2014)
niesejo01,2012,571,155,190.3,7.33,Pre-Statcast (2005–2014)
niesejo01,2013,429,105,143,6.61,Pre-Statcast (2005–2014)
niesejo01,2014,563,138,187.7,6.62,Pre-Statcast (2005–2014)
niesejo01,2015,530,113,176.7,5.76,Post-Statcast (2015–2025)
niesejo01,2016,363,88,121,6.55,Post-Statcast (2015–2025)
nievefe01,2006,289,70,96.3,6.54,Pre-Statcast (2005–2014)
nievefe01,2009,110,23,36.7,5.65,Pre-Statcast (2005–2014)
nievefe01,2010,126,38,42,8.14,Pre-Statcast (2005–2014)
nifu01,2009,93,21,31,6.1,Pre-Statcast (2005–2014)
nippedu01,2007,136,38,45.3,7.54,Pre-Statcast (2005–2014)
nippedu01,2008,215,55,71.7,6.91,Pre-Statcast (2005–2014)
nippedu01,2009,209,54,69.7,6.98,Pre-Statcast (2005–2014)
nippedu01,2010,170,47,56.7,7.46,Pre-Statcast (2005–2014)
nixja02,2018,127,21,42.3,4.46,Post-Statcast (2015–2025)
noesihe01,2011,169,45,56.3,7.19,Pre-Statcast (2005–2014)
noesihe01,2012,320,68,106.7,5.74,Pre-Statcast (2005–2014)
noesihe01,2014,517,123,172.3,6.42,Pre-Statcast (2005–2014)
noesihe01,2015,98,22,32.7,6.06,Post-Statcast (2015–2025)
nolaaa01,2015,233,68,77.7,7.88,Post-Statcast (2015–2025)
nolaaa01,2016,333,121,111,9.81,Post-Statcast (2015–2025)
nolaaa01,2017,504,184,168,9.86,Post-Statcast (2015–2025)
nolaaa01,2018,637,224,212.3,9.49,Post-Statcast (2015–2025)
nolaaa01,2019,607,229,202.3,10.19,Post-Statcast (2015–2025)
nolaaa01,2020,214,96,71.3,12.11,Post-Statcast (2015–2025)
nolaaa01,2021,542,223,180.7,11.11,Post-Statcast (2015–2025)
nolaaa01,2022,615,235,205,10.32,Post-Statcast (2015–2025)
nolaaa01,2023,581,202,193.7,9.39,Post-Statcast (2015–2025)
nolaaa01,2024,598,197,199.3,8.89,Post-Statcast (2015–2025)
nolaaa01,2025,283,97,94.3,9.25,Post-Statcast (2015–2025)
nolasri01,2006,420,99,140,6.36,Pre-Statcast (2005–2014)
nolasri01,2008,637,186,212.3,7.88,Pre-Statcast (2005–2014)
nolasri01,2009,555,195,185,9.49,Pre-Statcast (2005–2014)
nolasri01,2010,473,147,157.7,8.39,Pre-Statcast (2005–2014)
nolasri01,2011,618,148,206,6.47,Pre-Statcast (2005–2014)
nolasri01,2012,573,125,191,5.89,Pre-Statcast (2005–2014)
nolasri01,2013,598,165,199.3,7.45,Pre-Statcast (2005–2014)
nolasri01,2014,477,115,159,6.51,Pre-Statcast (2005–2014)
nolasri01,2015,112,35,37.3,8.44,Post-Statcast (2015–2025)
nolasri01,2016,593,144,197.7,6.56,Post-Statcast (2015–2025)
nolasri01,2017,543,143,181,7.11,Post-Statcast (2015–2025)
nomohi01,2005,302,59,100.7,5.27,Pre-Statcast (2005–2014)
norbejo01,2012,156,46,52,7.96,Pre-Statcast (2005–2014)
norribu01,2009,167,54,55.7,8.73,Pre-Statcast (2005–2014)
norribu01,2010,461,158,153.7,9.25,Pre-Statcast (2005–2014)
norribu01,2011,558,176,186,8.52,Pre-Statcast (2005–2014)
norribu01,2012,505,165,168.3,8.82,Pre-Statcast (2005–2014)
norribu01,2013,530,147,176.7,7.49,Pre-Statcast (2005–2014)
norribu01,2014,496,139,165.3,7.57,Pre-Statcast (2005–2014)
norribu01,2015,249,71,83,7.7,Post-Statcast (2015–2025)
norribu01,2016,339,102,113,8.12,Post-Statcast (2015–2025)
norribu01,2017,186,74,62,10.74,Post-Statcast (2015–2025)
norribu01,2018,173,67,57.7,10.46,Post-Statcast (2015–2025)
norrida01,2015,180,45,60,6.75,Post-Statcast (2015–2025)
norrida01,2016,208,71,69.3,9.22,Post-Statcast (2015–2025)
norrida01,2017,305,86,101.7,7.61,Post-Statcast (2015–2025)
norrida01,2018,133,51,44.3,10.35,Post-Statcast (2015–2025)
norrida01,2019,433,125,144.3,7.79,Post-Statcast (2015–2025)
norrida01,2021,171,58,57,9.16,Post-Statcast (2015–2025)
norrida01,2022,176,66,58.7,10.12,Post-Statcast (2015–2025)
novaiv01,2010,126,26,42,5.57,Pre-Statcast (2005–2014)
novaiv01,2011,496,98,165.3,5.33,Pre-Statcast (2005–2014)
novaiv01,2012,511,153,170.3,8.08,Pre-Statcast (2005–2014)
novaiv01,2013,418,116,139.3,7.49,Pre-Statcast (2005–2014)
novaiv01,2015,282,63,94,6.03,Post-Statcast (2015–2025)
novaiv01,2016,486,127,162,7.06,Post-Statcast (2015–2025)
novaiv01,2017,561,131,187,6.3,Post-Statcast (2015–2025)
novaiv01,2018,483,114,161,6.37,Post-Statcast (2015–2025)
novaiv01,2019,561,114,187,5.49,Post-Statcast (2015–2025)
novoaro01,2005,134,47,44.7,9.47,Pre-Statcast (2005–2014)
novoaro01,2006,228,53,76,6.28,Pre-Statcast (2005–2014)
nunezde01,2024,105,48,35,12.34,Post-Statcast (2015–2025)
nunezle01,2005,161,32,53.7,5.37,Pre-Statcast (2005–2014)
nunezle01,2007,131,37,43.7,7.63,Pre-Statcast (2005–2014)
nunezle01,2008,145,26,48.3,4.84,Pre-Statcast (2005–2014)
nunezle01,2009,206,60,68.7,7.86,Pre-Statcast (2005–2014)
nunezle01,2010,195,71,65,9.83,Pre-Statcast (2005–2014)
nunezle01,2011,193,55,64.3,7.69,Pre-Statcast (2005–2014)
nunezle01,2014,95,26,31.7,7.39,Pre-Statcast (2005–2014)
nunezvl01,2008,98,24,32.7,6.61,Pre-Statcast (2005–2014)
nunovi01,2014,485,129,161.7,7.18,Pre-Statcast (2005–2014)
nunovi01,2015,267,81,89,8.19,Post-Statcast (2015–2025)
nunovi01,2016,176,51,58.7,7.82,Post-Statcast (2015–2025)
nunovi01,2018,99,29,33,7.91,Post-Statcast (2015–2025)
oberba01,2021,277,96,92.3,9.36,Post-Statcast (2015–2025)
oberba01,2022,168,51,56,8.2,Post-Statcast (2015–2025)
oberba01,2023,433,146,144.3,9.1,Post-Statcast (2015–2025)
oberba01,2024,536,191,178.7,9.62,Post-Statcast (2015–2025)
oberba01,2025,439,120,146.3,7.38,Post-Statcast (2015–2025)
obergsc01,2015,175,44,58.3,6.79,Post-Statcast (2015–2025)
obergsc01,2017,175,55,58.3,8.49,Post-Statcast (2015–2025)
obergsc01,2018,176,57,58.7,8.74,Post-Statcast (2015–2025)
obergsc01,2019,168,58,56,9.32,Post-Statcast (2015–2025)
oberhbr01,2013,215,45,71.7,5.65,Pre-Statcast (2005–2014)
oberhbr01,2014,431,94,143.7,5.89,Pre-Statcast (2005–2014)
oberhbr01,2015,115,27,38.3,6.34,Post-Statcast (2015–2025)
oberhbr01,2016,211,54,70.3,6.91,Post-Statcast (2015–2025)
obermwe01,2005,195,33,65,4.57,Pre-Statcast (2005–2014)
obermwe01,2007,177,35,59,5.34,Pre-Statcast (2005–2014)
obrieri01,2025,144,45,48,8.44,Post-Statcast (2015–2025)
oconnmi01,2006,315,59,105,5.06,Pre-Statcast (2005–2014)
odayda01,2008,130,29,43.3,6.02,Pre-Statcast (2005–2014)
odayda01,2009,176,56,58.7,8.59,Pre-Statcast (2005–2014)
odayda01,2010,186,45,62,6.53,Pre-Statcast (2005–2014)
odayda01,2012,201,69,67,9.27,Pre-Statcast (2005–2014)
odayda01,2013,186,59,62,8.56,Pre-Statcast (2005–2014)
odayda01,2014,206,73,68.7,9.57,Pre-Statcast (2005–2014)
odayda01,2015,196,82,65.3,11.3,Post-Statcast (2015–2025)
odayda01,2016,93,38,31,11.03,Post-Statcast (2015–2025)
odayda01,2017,181,76,60.3,11.34,Post-Statcast (2015–2025)
odorija01,2014,504,174,168,9.32,Pre-Statcast (2005–2014)
odorija01,2015,508,150,169.3,7.97,Post-Statcast (2015–2025)
odorija01,2016,563,166,187.7,7.96,Post-Statcast (2015–2025)
odorija01,2017,430,127,143.3,7.97,Post-Statcast (2015–2025)
odorija01,2018,493,162,164.3,8.87,Post-Statcast (2015–2025)
odorija01,2019,477,178,159,10.08,Post-Statcast (2015–2025)
odorija01,2021,314,91,104.7,7.82,Post-Statcast (2015–2025)
odorija01,2022,319,86,106.3,7.28,Post-Statcast (2015–2025)
oflaher01,2007,157,36,52.3,6.19,Pre-Statcast (2005–2014)
oflaher01,2009,169,39,56.3,6.23,Pre-Statcast (2005–2014)
oflaher01,2010,132,36,44,7.36,Pre-Statcast (2005–2014)
oflaher01,2011,221,67,73.7,8.19,Pre-Statcast (2005–2014)
oflaher01,2012,172,46,57.3,7.22,Pre-Statcast (2005–2014)
oflaher01,2015,90,21,30,6.3,Post-Statcast (2015–2025)
ogandal01,2010,125,39,41.7,8.42,Pre-Statcast (2005–2014)
ogandal01,2011,507,126,169,6.71,Pre-Statcast (2005–2014)
ogandal01,2012,198,66,66,9,Pre-Statcast (2005–2014)
ogandal01,2013,313,72,104.3,6.21,Pre-Statcast (2005–2014)
ogandal01,2015,196,53,65.3,7.3,Post-Statcast (2015–2025)
ogandal01,2016,96,29,32,8.16,Post-Statcast (2015–2025)
ogasash01,2025,116,30,38.7,6.98,Post-Statcast (2015–2025)
ogradch01,2017,99,30,33,8.18,Post-Statcast (2015–2025)
ohkato01,2005,541,98,180.3,4.89,Pre-Statcast (2005–2014)
ohkato01,2006,291,50,97,4.64,Pre-Statcast (2005–2014)
ohkato01,2007,168,21,56,3.38,Pre-Statcast (2005–2014)
ohkato01,2009,213,31,71,3.93,Pre-Statcast (2005–2014)
ohlenro01,2008,188,49,62.7,7.04,Pre-Statcast (2005–2014)
ohlenro01,2009,530,109,176.7,5.55,Pre-Statcast (2005–2014)
ohlenro01,2010,325,79,108.3,6.56,Pre-Statcast (2005–2014)
ohlenro01,2011,116,27,38.7,6.28,Pre-Statcast (2005–2014)
ohlenro01,2012,146,39,48.7,7.21,Pre-Statcast (2005–2014)
ohlenro01,2013,181,45,60.3,6.71,Pre-Statcast (2005–2014)
ohlenro01,2016,197,68,65.7,9.32,Post-Statcast (2015–2025)
ohlpi01,2025,90,27,30,8.1,Post-Statcast (2015–2025)
ohmanwi01,2005,130,45,43.3,9.35,Pre-Statcast (2005–2014)
ohmanwi01,2006,196,74,65.3,10.19,Pre-Statcast (2005–2014)
ohmanwi01,2007,109,33,36.3,8.17,Pre-Statcast (2005–2014)
ohmanwi01,2008,176,53,58.7,8.13,Pre-Statcast (2005–2014)
ohmanwi01,2010,126,43,42,9.21,Pre-Statcast (2005–2014)
ohmanwi01,2011,160,54,53.3,9.11,Pre-Statcast (2005–2014)
ohse01,2016,239,103,79.7,11.64,Post-Statcast (2015–2025)
ohse01,2017,178,54,59.3,8.19,Post-Statcast (2015–2025)
ohse01,2018,205,79,68.3,10.4,Post-Statcast (2015–2025)
ohtansh01,2018,155,63,51.7,10.97,Post-Statcast (2015–2025)
ohtansh01,2021,391,156,130.3,10.77,Post-Statcast (2015–2025)
ohtansh01,2022,498,219,166,11.87,Post-Statcast (2015–2025)
ohtansh01,2023,396,167,132,11.39,Post-Statcast (2015–2025)
ohtansh01,2025,141,62,47,11.87,Post-Statcast (2015–2025)
okajihi01,2007,207,63,69,8.22,Pre-Statcast (2005–2014)
okajihi01,2008,186,60,62,8.71,Pre-Statcast (2005–2014)
okajihi01,2009,183,53,61,7.82,Pre-Statcast (2005–2014)
okajihi01,2010,138,33,46,6.46,Pre-Statcast (2005–2014)
okertst01,2021,108,40,36,10,Post-Statcast (2015–2025)
okertst01,2022,154,63,51.3,11.05,Post-Statcast (2015–2025)
okertst01,2023,176,73,58.7,11.2,Post-Statcast (2015–2025)
okertst01,2024,106,33,35.3,8.41,Post-Statcast (2015–2025)
okertst01,2025,215,84,71.7,10.55,Post-Statcast (2015–2025)
oliveda02,2006,243,60,81,6.67,Pre-Statcast (2005–2014)
oliveda02,2007,193,51,64.3,7.13,Pre-Statcast (2005–2014)
oliveda02,2008,216,48,72,6,Pre-Statcast (2005–2014)
oliveda02,2009,219,65,73,8.01,Pre-Statcast (2005–2014)
oliveda02,2010,185,65,61.7,9.49,Pre-Statcast (2005–2014)
oliveda02,2011,153,44,51,7.76,Pre-Statcast (2005–2014)
oliveda02,2012,170,52,56.7,8.26,Pre-Statcast (2005–2014)
oliveda02,2013,147,40,49,7.35,Pre-Statcast (2005–2014)
ollerad01,2022,223,46,74.3,5.57,Post-Statcast (2015–2025)
ollerad01,2024,127,36,42.3,7.65,Post-Statcast (2015–2025)
olsensc01,2006,542,166,180.7,8.27,Pre-Statcast (2005–2014)
olsensc01,2007,530,133,176.7,6.78,Pre-Statcast (2005–2014)
olsensc01,2008,605,113,201.7,5.04,Pre-Statcast (2005–2014)
olsensc01,2009,188,42,62.7,6.03,Pre-Statcast (2005–2014)
olsensc01,2010,243,53,81,5.89,Pre-Statcast (2005–2014)
olsonga01,2007,97,28,32.3,7.79,Pre-Statcast (2005–2014)
olsonga01,2008,398,83,132.7,5.63,Pre-Statcast (2005–2014)
olsonga01,2009,241,47,80.3,5.27,Pre-Statcast (2005–2014)
olsonga01,2010,113,31,37.7,7.41,Pre-Statcast (2005–2014)
olsonre01,2023,311,103,103.7,8.94,Post-Statcast (2015–2025)
olsonre01,2024,337,101,112.3,8.09,Post-Statcast (2015–2025)
olsonre01,2025,206,65,68.7,8.52,Post-Statcast (2015–2025)
olsonty01,2019,92,28,30.7,8.22,Post-Statcast (2015–2025)
ondrulo01,2010,176,39,58.7,5.98,Pre-Statcast (2005–2014)
ondrulo01,2011,184,41,61.3,6.02,Pre-Statcast (2005–2014)
ondrulo01,2012,164,39,54.7,6.42,Pre-Statcast (2005–2014)
ondrulo01,2013,165,53,55,8.67,Pre-Statcast (2005–2014)
ondrulo01,2014,123,42,41,9.22,Pre-Statcast (2005–2014)
ortegol01,2022,102,33,34,8.74,Post-Statcast (2015–2025)
ortizjo05,2013,134,27,44.7,5.44,Pre-Statcast (2005–2014)
ortizlu03,2023,260,59,86.7,6.13,Post-Statcast (2015–2025)
ortizlu03,2024,407,107,135.7,7.1,Post-Statcast (2015–2025)
ortizlu03,2025,266,96,88.7,9.74,Post-Statcast (2015–2025)
ortizra01,2005,514,96,171.3,5.04,Pre-Statcast (2005–2014)
ortizra01,2006,572,104,190.7,4.91,Pre-Statcast (2005–2014)
ortizra01,2007,312,51,104,4.41,Pre-Statcast (2005–2014)
ortizra01,2010,90,21,30,6.3,Pre-Statcast (2005–2014)
ortizra01,2011,100,25,33.3,6.75,Pre-Statcast (2005–2014)
ortizru01,2005,345,46,115,3.6,Pre-Statcast (2005–2014)
ortizru01,2006,189,44,63,6.29,Pre-Statcast (2005–2014)
ortizru01,2007,147,27,49,4.96,Pre-Statcast (2005–2014)
ortizru01,2009,257,65,85.7,6.83,Pre-Statcast (2005–2014)
ortka01,2025,138,49,46,9.59,Post-Statcast (2015–2025)
orvelch01,2005,150,43,50,7.74,Pre-Statcast (2005–2014)
orzeer01,2025,125,40,41.7,8.64,Post-Statcast (2015–2025)
osichjo01,2016,109,25,36.3,6.19,Post-Statcast (2015–2025)
osichjo01,2017,130,43,43.3,8.93,Post-Statcast (2015–2025)
osichjo01,2019,203,61,67.7,8.11,Post-Statcast (2015–2025)
osorifr01,2008,182,31,60.7,4.6,Pre-Statcast (2005–2014)
osullse01,2009,155,29,51.7,5.05,Pre-Statcast (2005–2014)
osullse01,2010,251,43,83.7,4.63,Pre-Statcast (2005–2014)
osullse01,2011,175,19,58.3,2.93,Pre-Statcast (2005–2014)
osullse01,2015,213,35,71,4.44,Post-Statcast (2015–2025)
osunaro01,2015,209,75,69.7,9.69,Post-Statcast (2015–2025)
osunaro01,2016,222,82,74,9.97,Post-Statcast (2015–2025)
osunaro01,2017,192,83,64,11.67,Post-Statcast (2015–2025)
osunaro01,2018,114,32,38,7.58,Post-Statcast (2015–2025)
osunaro01,2019,195,73,65,10.11,Post-Statcast (2015–2025)
oswalco01,2018,194,45,64.7,6.26,Post-Statcast (2015–2025)
oswalro01,2005,725,184,241.7,6.85,Pre-Statcast (2005–2014)
oswalro01,2006,662,166,220.7,6.77,Pre-Statcast (2005–2014)
oswalro01,2007,636,154,212,6.54,Pre-Statcast (2005–2014)
oswalro01,2008,626,165,208.7,7.12,Pre-Statcast (2005–2014)
oswalro01,2009,544,138,181.3,6.85,Pre-Statcast (2005–2014)
oswalro01,2010,635,193,211.7,8.21,Pre-Statcast (2005–2014)
oswalro01,2011,417,93,139,6.02,Pre-Statcast (2005–2014)
oswalro01,2012,177,59,59,9,Pre-Statcast (2005–2014)
oswalro01,2013,97,34,32.3,9.46,Pre-Statcast (2005–2014)
otanemi01,2024,102,55,34,14.56,Post-Statcast (2015–2025)
oteroda01,2013,117,27,39,6.23,Pre-Statcast (2005–2014)
oteroda01,2014,260,45,86.7,4.67,Pre-Statcast (2005–2014)
oteroda01,2015,140,28,46.7,5.4,Post-Statcast (2015–2025)
oteroda01,2016,212,57,70.7,7.26,Post-Statcast (2015–2025)
oteroda01,2017,180,38,60,5.7,Post-Statcast (2015–2025)
oteroda01,2018,176,43,58.7,6.6,Post-Statcast (2015–2025)
otsukak01,2005,188,60,62.7,8.62,Pre-Statcast (2005–2014)
otsukak01,2006,179,47,59.7,7.09,Pre-Statcast (2005–2014)
otsukak01,2007,97,23,32.3,6.4,Pre-Statcast (2005–2014)
ottavad01,2012,237,81,79,9.23,Pre-Statcast (2005–2014)
ottavad01,2013,235,78,78.3,8.96,Pre-Statcast (2005–2014)
ottavad01,2014,195,70,65,9.69,Pre-Statcast (2005–2014)
ottavad01,2017,160,63,53.3,10.63,Post-Statcast (2015–2025)
ottavad01,2018,233,112,77.7,12.98,Post-Statcast (2015–2025)
ottavad01,2019,199,88,66.3,11.94,Post-Statcast (2015–2025)
ottavad01,2021,186,71,62,10.31,Post-Statcast (2015–2025)
ottavad01,2022,197,79,65.7,10.83,Post-Statcast (2015–2025)
ottavad01,2023,185,62,61.7,9.05,Post-Statcast (2015–2025)
ottavad01,2024,168,70,56,11.25,Post-Statcast (2015–2025)
ottogl01,2022,407,107,135.7,7.1,Post-Statcast (2015–2025)
outmajo01,2009,202,53,67.3,7.08,Pre-Statcast (2005–2014)
outmajo01,2011,175,35,58.3,5.4,Pre-Statcast (2005–2014)
outmajo01,2012,122,40,40.7,8.85,Pre-Statcast (2005–2014)
outmajo01,2013,162,53,54,8.83,Pre-Statcast (2005–2014)
overtco01,2022,99,14,33,3.82,Post-Statcast (2015–2025)
oviedjo01,2021,187,51,62.3,7.36,Post-Statcast (2015–2025)
oviedjo01,2022,168,54,56,8.68,Post-Statcast (2015–2025)
oviedjo01,2023,533,158,177.7,8,Post-Statcast (2015–2025)
oviedjo01,2025,121,42,40.3,9.37,Post-Statcast (2015–2025)
owenshe02,2015,189,50,63,7.14,Post-Statcast (2015–2025)
owingmi01,2007,458,106,152.7,6.25,Pre-Statcast (2005–2014)
owingmi01,2008,314,87,104.7,7.48,Pre-Statcast (2005–2014)
owingmi01,2009,359,68,119.7,5.11,Pre-Statcast (2005–2014)
owingmi01,2010,100,35,33.3,9.45,Pre-Statcast (2005–2014)
owingmi01,2011,189,44,63,6.29,Pre-Statcast (2005–2014)
paddach01,2019,422,153,140.7,9.79,Post-Statcast (2015–2025)
paddach01,2020,177,58,59,8.85,Post-Statcast (2015–2025)
paddach01,2021,325,99,108.3,8.22,Post-Statcast (2015–2025)
paddach01,2024,265,79,88.3,8.05,Post-Statcast (2015–2025)
paddach01,2025,474,112,158,6.38,Post-Statcast (2015–2025)
padilju01,2005,109,17,36.3,4.21,Pre-Statcast (2005–2014)
padilvi01,2005,441,103,147,6.31,Pre-Statcast (2005–2014)
padilvi01,2006,600,156,200,7.02,Pre-Statcast (2005–2014)
padilvi01,2007,361,71,120.3,5.31,Pre-Statcast (2005–2014)
padilvi01,2008,513,127,171,6.68,Pre-Statcast (2005–2014)
padilvi01,2009,442,97,147.3,5.93,Pre-Statcast (2005–2014)
padilvi01,2010,285,84,95,7.96,Pre-Statcast (2005–2014)
padilvi01,2012,150,51,50,9.18,Pre-Statcast (2005–2014)
paganem01,2017,151,56,50.3,10.01,Post-Statcast (2015–2025)
paganem01,2018,186,63,62,9.15,Post-Statcast (2015–2025)
paganem01,2019,210,96,70,12.34,Post-Statcast (2015–2025)
paganem01,2021,190,69,63.3,9.81,Post-Statcast (2015–2025)
paganem01,2022,189,84,63,12,Post-Statcast (2015–2025)
paganem01,2023,208,65,69.3,8.44,Post-Statcast (2015–2025)
paganem01,2024,114,44,38,10.42,Post-Statcast (2015–2025)
paganem01,2025,206,81,68.7,10.62,Post-Statcast (2015–2025)
palenda01,2025,158,61,52.7,10.42,Post-Statcast (2015–2025)
pallaan01,2022,324,73,108,6.08,Post-Statcast (2015–2025)
pallaan01,2023,204,43,68,5.69,Post-Statcast (2015–2025)
pallaan01,2024,364,94,121.3,6.97,Post-Statcast (2015–2025)
pallaan01,2025,488,111,162.7,6.14,Post-Statcast (2015–2025)
palmema01,2009,364,69,121.3,5.12,Pre-Statcast (2005–2014)
palmema01,2010,101,17,33.7,4.54,Pre-Statcast (2005–2014)
palmqca01,2025,103,27,34.3,7.08,Post-Statcast (2015–2025)
pannoth01,2018,129,29,43,6.07,Post-Statcast (2015–2025)
pannoth01,2019,219,69,73,8.51,Post-Statcast (2015–2025)
papeljo01,2005,102,34,34,9,Pre-Statcast (2005–2014)
papeljo01,2006,205,75,68.3,9.88,Pre-Statcast (2005–2014)
papeljo01,2007,175,84,58.3,12.96,Pre-Statcast (2005–2014)
papeljo01,2008,208,77,69.3,10,Pre-Statcast (2005–2014)
papeljo01,2009,204,76,68,10.06,Pre-Statcast (2005–2014)
papeljo01,2010,201,76,67,10.21,Pre-Statcast (2005–2014)
papeljo01,2011,193,87,64.3,12.17,Pre-Statcast (2005–2014)
papeljo01,2012,210,92,70,11.83,Pre-Statcast (2005–2014)
papeljo01,2013,185,57,61.7,8.32,Pre-Statcast (2005–2014)
papeljo01,2014,199,63,66.3,8.55,Pre-Statcast (2005–2014)
papeljo01,2015,190,56,63.3,7.96,Post-Statcast (2015–2025)
papeljo01,2016,105,31,35,7.97,Post-Statcast (2015–2025)
parkch01,2005,466,113,155.3,6.55,Pre-Statcast (2005–2014)
parkch01,2006,410,96,136.7,6.32,Pre-Statcast (2005–2014)
parkch01,2008,286,79,95.3,7.46,Pre-Statcast (2005–2014)
parkch01,2009,250,73,83.3,7.88,Pre-Statcast (2005–2014)
parkch01,2010,191,52,63.7,7.35,Pre-Statcast (2005–2014)
parkebl01,2013,139,55,46.3,10.68,Pre-Statcast (2005–2014)
parkebl01,2017,202,86,67.3,11.5,Post-Statcast (2015–2025)
parkebl01,2018,199,70,66.3,9.5,Post-Statcast (2015–2025)
parkebl01,2019,184,65,61.3,9.54,Post-Statcast (2015–2025)
parkebl01,2021,131,37,43.7,7.63,Post-Statcast (2015–2025)
parkeja02,2012,544,140,181.3,6.95,Pre-Statcast (2005–2014)
parkeja02,2013,591,134,197,6.12,Pre-Statcast (2005–2014)
parkemi01,2024,453,133,151,7.93,Post-Statcast (2015–2025)
parkemi01,2025,494,103,164.7,5.63,Post-Statcast (2015–2025)
parnebo01,2009,265,74,88.3,7.54,Pre-Statcast (2005–2014)
parnebo01,2010,105,33,35,8.49,Pre-Statcast (2005–2014)
parnebo01,2011,178,64,59.3,9.71,Pre-Statcast (2005–2014)
parnebo01,2012,206,61,68.7,8,Pre-Statcast (2005–2014)
parnebo01,2013,150,44,50,7.92,Pre-Statcast (2005–2014)
paronch01,2006,170,41,56.7,6.51,Pre-Statcast (2005–2014)
paronch01,2007,121,14,40.3,3.12,Pre-Statcast (2005–2014)
parrama01,2008,498,147,166,7.97,Pre-Statcast (2005–2014)
parrama01,2009,420,116,140,7.46,Pre-Statcast (2005–2014)
parrama01,2010,366,129,122,9.52,Pre-Statcast (2005–2014)
parrama01,2012,176,61,58.7,9.36,Pre-Statcast (2005–2014)
parrama01,2013,138,56,46,10.96,Pre-Statcast (2005–2014)
parrama01,2014,110,34,36.7,8.35,Pre-Statcast (2005–2014)
parrama01,2015,97,23,32.3,6.4,Post-Statcast (2015–2025)
parrijo01,2007,156,41,52,7.1,Pre-Statcast (2005–2014)
parrijo01,2008,127,21,42.3,4.46,Pre-Statcast (2005–2014)
parsowe01,2019,104,26,34.7,6.75,Post-Statcast (2015–2025)
paterjo01,2011,102,28,34,7.41,Pre-Statcast (2005–2014)
patinlu01,2021,232,74,77.3,8.61,Post-Statcast (2015–2025)
patrich01,2025,359,127,119.7,9.55,Post-Statcast (2015–2025)
pattejo02,2005,595,185,198.3,8.39,Pre-Statcast (2005–2014)
pattejo02,2006,122,42,40.7,9.3,Pre-Statcast (2005–2014)
pattejo02,2007,94,15,31.3,4.31,Pre-Statcast (2005–2014)
pattosp01,2021,127,48,42.3,10.2,Post-Statcast (2015–2025)
pattotr01,2011,90,22,30,6.6,Pre-Statcast (2005–2014)
pattotr01,2012,167,49,55.7,7.92,Pre-Statcast (2005–2014)
pattotr01,2013,168,42,56,6.75,Pre-Statcast (2005–2014)
pauleda01,2010,272,51,90.7,5.06,Pre-Statcast (2005–2014)
pauleda01,2011,222,44,74,5.35,Pre-Statcast (2005–2014)
paulife01,2009,293,93,97.7,8.57,Pre-Statcast (2005–2014)
paulife01,2010,275,83,91.7,8.15,Pre-Statcast (2005–2014)
paulife01,2011,418,133,139.3,8.59,Pre-Statcast (2005–2014)
paulife01,2012,113,39,37.7,9.32,Pre-Statcast (2005–2014)
pavanca01,2005,300,56,100,5.04,Pre-Statcast (2005–2014)
pavanca01,2008,103,15,34.3,3.93,Pre-Statcast (2005–2014)
pavanca01,2009,598,147,199.3,6.64,Pre-Statcast (2005–2014)
pavanca01,2010,663,117,221,4.76,Pre-Statcast (2005–2014)
pavanca01,2011,666,102,222,4.14,Pre-Statcast (2005–2014)
pavanca01,2012,189,33,63,4.71,Pre-Statcast (2005–2014)
paxtoja01,2014,222,59,74,7.18,Pre-Statcast (2005–2014)
paxtoja01,2015,201,56,67,7.52,Post-Statcast (2015–2025)
paxtoja01,2016,363,117,121,8.7,Post-Statcast (2015–2025)
paxtoja01,2017,408,156,136,10.32,Post-Statcast (2015–2025)
paxtoja01,2018,481,208,160.3,11.68,Post-Statcast (2015–2025)
paxtoja01,2019,452,186,150.7,11.11,Post-Statcast (2015–2025)
paxtoja01,2023,288,101,96,9.47,Post-Statcast (2015–2025)
paxtoja01,2024,301,73,100.3,6.55,Post-Statcast (2015–2025)
payamjo01,2021,151,38,50.3,6.79,Post-Statcast (2015–2025)
payamjo01,2022,167,41,55.7,6.63,Post-Statcast (2015–2025)
payamjo01,2023,212,77,70.7,9.81,Post-Statcast (2015–2025)
payamjo01,2024,177,59,59,9,Post-Statcast (2015–2025)
pazosja01,2017,161,65,53.7,10.9,Post-Statcast (2015–2025)
pazosja01,2018,150,45,50,8.1,Post-Statcast (2015–2025)
peacobr01,2013,250,77,83.3,8.32,Pre-Statcast (2005–2014)
peacobr01,2014,395,119,131.7,8.13,Pre-Statcast (2005–2014)
peacobr01,2016,95,28,31.7,7.96,Post-Statcast (2015–2025)
peacobr01,2017,396,161,132,10.98,Post-Statcast (2015–2025)
peacobr01,2018,195,96,65,13.29,Post-Statcast (2015–2025)
peacobr01,2019,275,96,91.7,9.43,Post-Statcast (2015–2025)
peacoma01,2021,259,50,86.3,5.21,Post-Statcast (2015–2025)
pearsna01,2023,128,43,42.7,9.07,Post-Statcast (2015–2025)
pearsna01,2024,199,74,66.3,10.04,Post-Statcast (2015–2025)
peavyja01,2005,609,216,203,9.58,Pre-Statcast (2005–2014)
peavyja01,2006,607,215,202.3,9.56,Pre-Statcast (2005–2014)
peavyja01,2007,670,240,223.3,9.67,Pre-Statcast (2005–2014)
peavyja01,2008,521,166,173.7,8.6,Pre-Statcast (2005–2014)
peavyja01,2009,305,110,101.7,9.74,Pre-Statcast (2005–2014)
peavyja01,2010,321,93,107,7.82,Pre-Statcast (2005–2014)
peavyja01,2011,335,95,111.7,7.66,Pre-Statcast (2005–2014)
peavyja01,2012,657,194,219,7.97,Pre-Statcast (2005–2014)
peavyja01,2013,434,121,144.7,7.53,Pre-Statcast (2005–2014)
peavyja01,2014,608,158,202.7,7.02,Pre-Statcast (2005–2014)
peavyja01,2015,332,78,110.7,6.34,Post-Statcast (2015–2025)
peavyja01,2016,356,102,118.7,7.74,Post-Statcast (2015–2025)
pegueel01,2023,184,54,61.3,7.92,Post-Statcast (2015–2025)
pegueel01,2024,154,47,51.3,8.24,Post-Statcast (2015–2025)
pelfrmi01,2007,218,45,72.7,5.57,Pre-Statcast (2005–2014)
pelfrmi01,2008,602,110,200.7,4.93,Pre-Statcast (2005–2014)
pelfrmi01,2009,553,107,184.3,5.22,Pre-Statcast (2005–2014)
pelfrmi01,2010,612,113,204,4.99,Pre-Statcast (2005–2014)
pelfrmi01,2011,581,105,193.7,4.88,Pre-Statcast (2005–2014)
pelfrmi01,2013,458,101,152.7,5.95,Pre-Statcast (2005–2014)
pelfrmi01,2015,494,86,164.7,4.7,Post-Statcast (2015–2025)
pelfrmi01,2016,357,56,119,4.24,Post-Statcast (2015–2025)
pelfrmi01,2017,360,79,120,5.92,Post-Statcast (2015–2025)
penafe01,2017,103,37,34.3,9.7,Post-Statcast (2015–2025)
penafe01,2018,278,85,92.7,8.26,Post-Statcast (2015–2025)
penafe01,2019,289,101,96.3,9.44,Post-Statcast (2015–2025)
penato03,2006,92,21,30.7,6.16,Pre-Statcast (2005–2014)
penato03,2007,256,63,85.3,6.64,Pre-Statcast (2005–2014)
penato03,2008,218,52,72.7,6.44,Pre-Statcast (2005–2014)
penato03,2009,210,55,70,7.07,Pre-Statcast (2005–2014)
penato03,2010,302,56,100.7,5.01,Pre-Statcast (2005–2014)
pennha01,2005,115,18,38.3,4.23,Pre-Statcast (2005–2014)
pennybr01,2005,526,122,175.3,6.26,Pre-Statcast (2005–2014)
pennybr01,2006,567,148,189,7.05,Pre-Statcast (2005–2014)
pennybr01,2007,624,135,208,5.84,Pre-Statcast (2005–2014)
pennybr01,2008,284,51,94.7,4.85,Pre-Statcast (2005–2014)
pennybr01,2009,520,109,173.3,5.66,Pre-Statcast (2005–2014)
pennybr01,2010,167,35,55.7,5.66,Pre-Statcast (2005–2014)
pennybr01,2011,545,74,181.7,3.67,Pre-Statcast (2005–2014)
pepiory01,2022,109,42,36.3,10.4,Post-Statcast (2015–2025)
pepiory01,2023,126,38,42,8.14,Post-Statcast (2015–2025)
pepiory01,2024,390,142,130,9.83,Post-Statcast (2015–2025)
pepiory01,2025,503,167,167.7,8.96,Post-Statcast (2015–2025)
peralfr01,2018,235,96,78.3,11.03,Post-Statcast (2015–2025)
peralfr01,2019,255,115,85,12.18,Post-Statcast (2015–2025)
peralfr01,2021,433,195,144.3,12.16,Post-Statcast (2015–2025)
peralfr01,2022,234,86,78,9.92,Post-Statcast (2015–2025)
peralfr01,2023,497,210,165.7,11.41,Post-Statcast (2015–2025)
peralfr01,2024,521,200,173.7,10.36,Post-Statcast (2015–2025)
peralfr01,2025,530,204,176.7,10.39,Post-Statcast (2015–2025)
peraljo01,2005,104,30,34.7,7.79,Pre-Statcast (2005–2014)
peraljo01,2006,221,57,73.7,6.96,Pre-Statcast (2005–2014)
peraljo01,2007,263,66,87.7,6.78,Pre-Statcast (2005–2014)
peraljo01,2008,158,38,52.7,6.49,Pre-Statcast (2005–2014)
peraljo01,2010,147,49,49,9,Pre-Statcast (2005–2014)
peraljo01,2011,203,61,67.7,8.11,Pre-Statcast (2005–2014)
peraljo01,2012,201,84,67,11.28,Pre-Statcast (2005–2014)
peraljo01,2013,214,74,71.3,9.34,Pre-Statcast (2005–2014)
peraljo01,2014,190,74,63.3,10.52,Pre-Statcast (2005–2014)
peralwa01,2017,194,57,64.7,7.93,Post-Statcast (2015–2025)
peralwa01,2018,136,31,45.3,6.15,Post-Statcast (2015–2025)
peralwa01,2019,119,32,39.7,7.26,Post-Statcast (2015–2025)
peralwa01,2021,153,43,51,7.59,Post-Statcast (2015–2025)
peralwa01,2022,169,47,56.3,7.51,Post-Statcast (2015–2025)
peralwa01,2023,162,51,54,8.5,Post-Statcast (2015–2025)
peralwa01,2024,115,22,38.3,5.17,Post-Statcast (2015–2025)
peralwa01,2025,215,63,71.7,7.91,Post-Statcast (2015–2025)
peralwi01,2013,550,129,183.3,6.33,Pre-Statcast (2005–2014)
peralwi01,2014,596,154,198.7,6.98,Pre-Statcast (2005–2014)
peralwi01,2015,326,60,108.7,4.97,Post-Statcast (2015–2025)
peralwi01,2016,383,93,127.7,6.56,Post-Statcast (2015–2025)
peralwi01,2017,172,52,57.3,8.16,Post-Statcast (2015–2025)
peralwi01,2018,103,35,34.3,9.17,Post-Statcast (2015–2025)
peralwi01,2019,121,24,40.3,5.36,Post-Statcast (2015–2025)
peralwi01,2021,281,58,93.7,5.57,Post-Statcast (2015–2025)
peralwi01,2022,115,32,38.3,7.51,Post-Statcast (2015–2025)
percitr01,2007,120,36,40,8.1,Pre-Statcast (2005–2014)
percitr01,2008,137,38,45.7,7.49,Pre-Statcast (2005–2014)
perdolu01,2009,180,55,60,8.25,Pre-Statcast (2005–2014)
perdolu02,2016,440,105,146.7,6.44,Post-Statcast (2015–2025)
perdolu02,2017,491,118,163.7,6.49,Post-Statcast (2015–2025)
perdolu02,2018,134,39,44.7,7.86,Post-Statcast (2015–2025)
perdolu02,2019,216,55,72,6.88,Post-Statcast (2015–2025)
perezch01,2008,125,42,41.7,9.07,Pre-Statcast (2005–2014)
perezch01,2009,171,68,57,10.74,Pre-Statcast (2005–2014)
perezch01,2010,189,61,63,8.71,Pre-Statcast (2005–2014)
perezch01,2011,179,39,59.7,5.88,Pre-Statcast (2005–2014)
perezch01,2012,173,59,57.7,9.21,Pre-Statcast (2005–2014)
perezch01,2013,162,54,54,9,Pre-Statcast (2005–2014)
perezch01,2014,139,39,46.3,7.58,Pre-Statcast (2005–2014)
perezci01,2022,173,55,57.7,8.58,Post-Statcast (2015–2025)
perezci01,2023,160,44,53.3,7.42,Post-Statcast (2015–2025)
perezci01,2024,161,46,53.7,7.71,Post-Statcast (2015–2025)
perezeu02,2023,274,108,91.3,10.64,Post-Statcast (2015–2025)
perezeu02,2025,286,105,95.3,9.91,Post-Statcast (2015–2025)
perezju01,2013,95,33,31.7,9.38,Pre-Statcast (2005–2014)
perezlu01,2011,195,54,65,7.48,Pre-Statcast (2005–2014)
perezlu01,2012,126,39,42,8.36,Pre-Statcast (2005–2014)
perezma02,2012,114,25,38,5.92,Pre-Statcast (2005–2014)
perezma02,2013,373,84,124.3,6.08,Pre-Statcast (2005–2014)
perezma02,2014,154,35,51.3,6.14,Pre-Statcast (2005–2014)
perezma02,2015,236,48,78.7,5.49,Post-Statcast (2015–2025)
perezma02,2016,596,103,198.7,4.67,Post-Statcast (2015–2025)
perezma02,2017,555,115,185,5.59,Post-Statcast (2015–2025)
perezma02,2018,256,52,85.3,5.48,Post-Statcast (2015–2025)
perezma02,2019,496,135,165.3,7.35,Post-Statcast (2015–2025)
perezma02,2020,186,46,62,6.68,Post-Statcast (2015–2025)
perezma02,2021,342,97,114,7.66,Post-Statcast (2015–2025)
perezma02,2022,589,169,196.3,7.75,Post-Statcast (2015–2025)
perezma02,2023,425,93,141.7,5.91,Post-Statcast (2015–2025)
perezma02,2024,405,107,135,7.13,Post-Statcast (2015–2025)
perezma02,2025,168,44,56,7.07,Post-Statcast (2015–2025)
perezod01,2005,326,74,108.7,6.13,Pre-Statcast (2005–2014)
perezod01,2006,379,81,126.3,5.77,Pre-Statcast (2005–2014)
perezod01,2007,412,64,137.3,4.19,Pre-Statcast (2005–2014)
perezod01,2008,479,119,159.7,6.71,Pre-Statcast (2005–2014)
perezol01,2005,309,97,103,8.48,Pre-Statcast (2005–2014)
perezol01,2006,338,102,112.7,8.15,Pre-Statcast (2005–2014)
perezol01,2007,531,174,177,8.85,Pre-Statcast (2005–2014)
perezol01,2008,582,180,194,8.35,Pre-Statcast (2005–2014)
perezol01,2009,198,62,66,8.45,Pre-Statcast (2005–2014)
perezol01,2010,139,37,46.3,7.19,Pre-Statcast (2005–2014)
perezol01,2013,159,74,53,12.57,Pre-Statcast (2005–2014)
perezol01,2014,176,76,58.7,11.66,Pre-Statcast (2005–2014)
perezol01,2015,123,51,41,11.2,Post-Statcast (2015–2025)
perezol01,2016,120,46,40,10.35,Post-Statcast (2015–2025)
perezol01,2017,99,39,33,10.64,Post-Statcast (2015–2025)
perezol01,2018,97,43,32.3,11.97,Post-Statcast (2015–2025)
perezol01,2019,122,48,40.7,10.62,Post-Statcast (2015–2025)
perezra01,2007,182,62,60.7,9.2,Pre-Statcast (2005–2014)
perezra01,2008,229,86,76.3,10.14,Pre-Statcast (2005–2014)
perezra01,2009,144,32,48,6,Pre-Statcast (2005–2014)
perezra01,2010,183,36,61,5.31,Pre-Statcast (2005–2014)
perezra01,2011,189,33,63,4.71,Pre-Statcast (2005–2014)
perezwi01,2015,350,73,116.7,5.63,Post-Statcast (2015–2025)
perezwi01,2016,161,27,53.7,4.53,Post-Statcast (2015–2025)
perkigl01,2008,453,74,151,4.41,Pre-Statcast (2005–2014)
perkigl01,2009,289,45,96.3,4.2,Pre-Statcast (2005–2014)
perkigl01,2011,185,65,61.7,9.49,Pre-Statcast (2005–2014)
perkigl01,2012,211,78,70.3,9.98,Pre-Statcast (2005–2014)
perkigl01,2013,188,77,62.7,11.06,Pre-Statcast (2005–2014)
perkigl01,2014,185,66,61.7,9.63,Pre-Statcast (2005–2014)
perkigl01,2015,171,54,57,8.53,Post-Statcast (2015–2025)
perkija01,2025,116,37,38.7,8.61,Post-Statcast (2015–2025)
perryry01,2009,185,60,61.7,8.76,Pre-Statcast (2005–2014)
perryry01,2010,188,45,62.7,6.46,Pre-Statcast (2005–2014)
perryry01,2011,111,24,37,5.84,Pre-Statcast (2005–2014)
pestavi01,2011,186,84,62,12.19,Pre-Statcast (2005–2014)
pestavi01,2012,210,76,70,9.77,Pre-Statcast (2005–2014)
pestavi01,2013,106,37,35.3,9.42,Pre-Statcast (2005–2014)
peterda01,2020,149,40,49.7,7.25,Post-Statcast (2015–2025)
peterda01,2021,200,69,66.7,9.31,Post-Statcast (2015–2025)
peterda01,2022,317,126,105.7,10.73,Post-Statcast (2015–2025)
peterda01,2023,333,128,111,10.38,Post-Statcast (2015–2025)
peterda01,2024,363,101,121,7.51,Post-Statcast (2015–2025)
peterda01,2025,506,150,168.7,8,Post-Statcast (2015–2025)
peterdi01,2017,94,27,31.3,7.76,Post-Statcast (2015–2025)
peterdi01,2019,216,55,72,6.88,Post-Statcast (2015–2025)
peterdi01,2022,118,26,39.3,5.95,Post-Statcast (2015–2025)
petityu01,2007,171,40,57,6.32,Pre-Statcast (2005–2014)
petityu01,2008,169,42,56.3,6.71,Pre-Statcast (2005–2014)
petityu01,2009,269,74,89.7,7.43,Pre-Statcast (2005–2014)
petityu01,2013,144,47,48,8.81,Pre-Statcast (2005–2014)
petityu01,2014,351,133,117,10.23,Pre-Statcast (2005–2014)
petityu01,2015,228,59,76,6.99,Post-Statcast (2015–2025)
petityu01,2016,186,49,62,7.11,Post-Statcast (2015–2025)
petityu01,2017,274,101,91.3,9.95,Post-Statcast (2015–2025)
petityu01,2018,279,76,93,7.35,Post-Statcast (2015–2025)
petityu01,2019,249,71,83,7.7,Post-Statcast (2015–2025)
petityu01,2021,234,37,78,4.27,Post-Statcast (2015–2025)
petrija01,2014,219,55,73,6.78,Pre-Statcast (2005–2014)
petrija01,2015,156,33,52,5.71,Post-Statcast (2015–2025)
petrija01,2018,137,41,45.7,8.08,Post-Statcast (2015–2025)
pettian01,2005,667,171,222.3,6.92,Pre-Statcast (2005–2014)
pettian01,2006,643,178,214.3,7.47,Pre-Statcast (2005–2014)
pettian01,2007,646,141,215.3,5.89,Pre-Statcast (2005–2014)
pettian01,2008,612,158,204,6.97,Pre-Statcast (2005–2014)
pettian01,2009,584,148,194.7,6.84,Pre-Statcast (2005–2014)
pettian01,2010,387,101,129,7.05,Pre-Statcast (2005–2014)
pettian01,2012,226,69,75.3,8.24,Pre-Statcast (2005–2014)
pettian01,2013,556,128,185.3,6.22,Pre-Statcast (2005–2014)
pettijo02,2013,301,66,100.3,5.92,Pre-Statcast (2005–2014)
pfaadbr01,2023,288,94,96,8.81,Post-Statcast (2015–2025)
pfaadbr01,2024,545,185,181.7,9.17,Post-Statcast (2015–2025)
pfaadbr01,2025,530,147,176.7,7.49,Post-Statcast (2015–2025)
phelpda01,2012,299,96,99.7,8.67,Pre-Statcast (2005–2014)
phelpda01,2013,260,79,86.7,8.2,Pre-Statcast (2005–2014)
phelpda01,2014,339,92,113,7.33,Pre-Statcast (2005–2014)
phelpda01,2015,336,77,112,6.19,Post-Statcast (2015–2025)
phelpda01,2016,260,114,86.7,11.84,Post-Statcast (2015–2025)
phelpda01,2017,167,62,55.7,10.02,Post-Statcast (2015–2025)
phelpda01,2019,103,36,34.3,9.44,Post-Statcast (2015–2025)
phelpda01,2022,191,64,63.7,9.05,Post-Statcast (2015–2025)
phillev01,2022,189,77,63,11,Post-Statcast (2015–2025)
phillev01,2023,184,66,61.3,9.68,Post-Statcast (2015–2025)
phillev01,2024,164,63,54.7,10.37,Post-Statcast (2015–2025)
phillty01,2024,110,28,36.7,6.87,Post-Statcast (2015–2025)
phillty01,2025,233,52,77.7,6.03,Post-Statcast (2015–2025)
pilkiko01,2022,174,50,58,7.76,Post-Statcast (2015–2025)
pimenst01,2014,98,38,32.7,10.47,Pre-Statcast (2005–2014)
pinedmi01,2011,513,173,171,9.11,Pre-Statcast (2005–2014)
pinedmi01,2014,229,59,76.3,6.96,Pre-Statcast (2005–2014)
pinedmi01,2015,482,156,160.7,8.74,Post-Statcast (2015–2025)
pinedmi01,2016,527,207,175.7,10.61,Post-Statcast (2015–2025)
pinedmi01,2017,289,92,96.3,8.6,Post-Statcast (2015–2025)
pinedmi01,2019,438,140,146,8.63,Post-Statcast (2015–2025)
pinedmi01,2021,328,88,109.3,7.24,Post-Statcast (2015–2025)
pinedmi01,2022,140,26,46.7,5.01,Post-Statcast (2015–2025)
pineijo01,2005,567,107,189,5.1,Pre-Statcast (2005–2014)
pineijo01,2006,497,87,165.7,4.73,Pre-Statcast (2005–2014)
pineijo01,2007,293,60,97.7,5.53,Pre-Statcast (2005–2014)
pineijo01,2008,446,81,148.7,4.9,Pre-Statcast (2005–2014)
pineijo01,2009,642,105,214,4.42,Pre-Statcast (2005–2014)
pineijo01,2010,457,92,152.3,5.44,Pre-Statcast (2005–2014)
pineijo01,2011,437,62,145.7,3.83,Pre-Statcast (2005–2014)
pinoyo01,2014,181,50,60.3,7.46,Pre-Statcast (2005–2014)
pintore01,2007,176,56,58.7,8.59,Pre-Statcast (2005–2014)
pintore01,2008,194,56,64.7,7.79,Pre-Statcast (2005–2014)
pintore01,2009,184,58,61.3,8.51,Pre-Statcast (2005–2014)
pivetni01,2017,399,140,133,9.47,Post-Statcast (2015–2025)
pivetni01,2018,492,188,164,10.32,Post-Statcast (2015–2025)
pivetni01,2019,281,89,93.7,8.55,Post-Statcast (2015–2025)
pivetni01,2021,465,175,155,10.16,Post-Statcast (2015–2025)
pivetni01,2022,539,175,179.7,8.77,Post-Statcast (2015–2025)
pivetni01,2023,428,183,142.7,11.54,Post-Statcast (2015–2025)
pivetni01,2024,437,172,145.7,10.63,Post-Statcast (2015–2025)
pivetni01,2025,545,190,181.7,9.41,Post-Statcast (2015–2025)
plesaza01,2019,347,88,115.7,6.85,Post-Statcast (2015–2025)
plesaza01,2020,166,57,55.3,9.27,Post-Statcast (2015–2025)
plesaza01,2021,428,100,142.7,6.31,Post-Statcast (2015–2025)
plesaza01,2022,395,100,131.7,6.84,Post-Statcast (2015–2025)
plutkad01,2018,230,60,76.7,7.04,Post-Statcast (2015–2025)
plutkad01,2019,328,78,109.3,6.42,Post-Statcast (2015–2025)
plutkad01,2021,169,44,56.3,7.03,Post-Statcast (2015–2025)
pocheco01,2019,155,72,51.7,12.54,Post-Statcast (2015–2025)
pocheco01,2022,176,64,58.7,9.82,Post-Statcast (2015–2025)
pocheco01,2023,182,61,60.7,9.05,Post-Statcast (2015–2025)
pocheco01,2024,112,33,37.3,7.96,Post-Statcast (2015–2025)
politcl01,2005,202,57,67.3,7.62,Pre-Statcast (2005–2014)
politcl01,2006,90,15,30,4.5,Pre-Statcast (2005–2014)
pomerdr01,2012,290,83,96.7,7.73,Pre-Statcast (2005–2014)
pomerdr01,2014,207,64,69,8.35,Pre-Statcast (2005–2014)
pomerdr01,2015,258,82,86,8.58,Post-Statcast (2015–2025)
pomerdr01,2016,512,186,170.7,9.81,Post-Statcast (2015–2025)
pomerdr01,2017,521,174,173.7,9.02,Post-Statcast (2015–2025)
pomerdr01,2018,222,66,74,8.03,Post-Statcast (2015–2025)
pomerdr01,2019,312,137,104,11.86,Post-Statcast (2015–2025)
pomerdr01,2025,149,57,49.7,10.33,Post-Statcast (2015–2025)
ponceco01,2021,115,36,38.3,8.45,Post-Statcast (2015–2025)
ponceda01,2018,99,31,33,8.45,Post-Statcast (2015–2025)
ponceda01,2019,146,52,48.7,9.62,Post-Statcast (2015–2025)
ponceda01,2020,98,45,32.7,12.4,Post-Statcast (2015–2025)
ponceda01,2021,100,24,33.3,6.48,Post-Statcast (2015–2025)
ponsosi01,2005,391,68,130.3,4.7,Pre-Statcast (2005–2014)
ponsosi01,2006,255,48,85,5.08,Pre-Statcast (2005–2014)
ponsosi01,2007,113,23,37.7,5.5,Pre-Statcast (2005–2014)
ponsosi01,2008,407,58,135.7,3.85,Pre-Statcast (2005–2014)
ponsosi01,2009,176,32,58.7,4.91,Pre-Statcast (2005–2014)
popza01,2021,164,51,54.7,8.4,Post-Statcast (2015–2025)
popza01,2022,117,25,39,5.77,Post-Statcast (2015–2025)
popza01,2024,145,33,48.3,6.14,Post-Statcast (2015–2025)
porceri01,2009,512,89,170.7,4.69,Pre-Statcast (2005–2014)
porceri01,2010,488,84,162.7,4.65,Pre-Statcast (2005–2014)
porceri01,2011,546,104,182,5.14,Pre-Statcast (2005–2014)
porceri01,2012,529,107,176.3,5.46,Pre-Statcast (2005–2014)
porceri01,2013,531,142,177,7.22,Pre-Statcast (2005–2014)
porceri01,2014,614,129,204.7,5.67,Pre-Statcast (2005–2014)
porceri01,2015,516,149,172,7.8,Post-Statcast (2015–2025)
porceri01,2016,669,189,223,7.63,Post-Statcast (2015–2025)
porceri01,2017,610,181,203.3,8.01,Post-Statcast (2015–2025)
porceri01,2018,574,190,191.3,8.94,Post-Statcast (2015–2025)
porceri01,2019,523,143,174.3,7.38,Post-Statcast (2015–2025)
porceri01,2020,177,54,59,8.24,Post-Statcast (2015–2025)
poteeco01,2021,92,32,30.7,9.39,Post-Statcast (2015–2025)
povicca01,2024,239,69,79.7,7.79,Post-Statcast (2015–2025)
povicca01,2025,337,118,112.3,9.45,Post-Statcast (2015–2025)
pressry01,2013,230,49,76.7,5.75,Pre-Statcast (2005–2014)
pressry01,2016,226,67,75.3,8,Post-Statcast (2015–2025)
pressry01,2017,184,61,61.3,8.95,Post-Statcast (2015–2025)
pressry01,2018,213,101,71,12.8,Post-Statcast (2015–2025)
pressry01,2019,163,72,54.3,11.93,Post-Statcast (2015–2025)
pressry01,2021,192,81,64,11.39,Post-Statcast (2015–2025)
pressry01,2022,145,65,48.3,12.1,Post-Statcast (2015–2025)
pressry01,2023,196,74,65.3,10.19,Post-Statcast (2015–2025)
pressry01,2024,170,58,56.7,9.21,Post-Statcast (2015–2025)
pressry01,2025,124,28,41.3,6.1,Post-Statcast (2015–2025)
priceda01,2009,385,102,128.3,7.15,Pre-Statcast (2005–2014)
priceda01,2010,626,188,208.7,8.11,Pre-Statcast (2005–2014)
priceda01,2011,673,218,224.3,8.75,Pre-Statcast (2005–2014)
priceda01,2012,633,205,211,8.74,Pre-Statcast (2005–2014)
priceda01,2013,560,151,186.7,7.28,Pre-Statcast (2005–2014)
priceda01,2014,745,271,248.3,9.82,Pre-Statcast (2005–2014)
priceda01,2015,661,225,220.3,9.19,Post-Statcast (2015–2025)
priceda01,2016,690,228,230,8.92,Post-Statcast (2015–2025)
priceda01,2017,224,76,74.7,9.16,Post-Statcast (2015–2025)
priceda01,2018,528,177,176,9.05,Post-Statcast (2015–2025)
priceda01,2019,322,128,107.3,10.73,Post-Statcast (2015–2025)
priceda01,2021,221,58,73.7,7.09,Post-Statcast (2015–2025)
priceda01,2022,121,37,40.3,8.26,Post-Statcast (2015–2025)
priesqu01,2023,150,36,50,6.48,Post-Statcast (2015–2025)
priesqu01,2024,149,33,49.7,5.98,Post-Statcast (2015–2025)
priesqu01,2025,472,132,157.3,7.55,Post-Statcast (2015–2025)
priorma01,2005,500,188,166.7,10.15,Pre-Statcast (2005–2014)
priorma01,2006,131,38,43.7,7.83,Pre-Statcast (2005–2014)
proctsc01,2005,134,36,44.7,7.25,Pre-Statcast (2005–2014)
proctsc01,2006,307,89,102.3,7.83,Pre-Statcast (2005–2014)
proctsc01,2007,259,64,86.3,6.67,Pre-Statcast (2005–2014)
proctsc01,2008,116,46,38.7,10.71,Pre-Statcast (2005–2014)
proctsc01,2011,121,29,40.3,6.47,Pre-Statcast (2005–2014)
pruitau01,2017,249,66,83,7.16,Post-Statcast (2015–2025)
pruitau01,2018,209,42,69.7,5.43,Post-Statcast (2015–2025)
pruitau01,2019,141,39,47,7.47,Post-Statcast (2015–2025)
pruitau01,2022,166,38,55.3,6.18,Post-Statcast (2015–2025)
pruitau01,2023,145,30,48.3,5.59,Post-Statcast (2015–2025)
pukaj01,2022,199,76,66.3,10.31,Post-Statcast (2015–2025)
pukaj01,2023,170,78,56.7,12.39,Post-Statcast (2015–2025)
pukaj01,2024,214,88,71.3,11.1,Post-Statcast (2015–2025)
purceda01,2008,195,58,65,8.03,Pre-Statcast (2005–2014)
purceda01,2009,144,39,48,7.31,Pre-Statcast (2005–2014)
purceda01,2010,102,32,34,8.47,Pre-Statcast (2005–2014)
purceda01,2011,101,22,33.7,5.88,Pre-Statcast (2005–2014)
putnaza01,2014,164,46,54.7,7.57,Pre-Statcast (2005–2014)
putnaza01,2015,146,64,48.7,11.84,Post-Statcast (2015–2025)
putzjj01,2005,180,45,60,6.75,Pre-Statcast (2005–2014)
putzjj01,2006,235,104,78.3,11.95,Pre-Statcast (2005–2014)
putzjj01,2007,215,82,71.7,10.3,Pre-Statcast (2005–2014)
putzjj01,2008,139,56,46.3,10.88,Pre-Statcast (2005–2014)
putzjj01,2010,162,65,54,10.83,Pre-Statcast (2005–2014)
putzjj01,2011,174,61,58,9.47,Pre-Statcast (2005–2014)
putzjj01,2012,163,65,54.3,10.77,Pre-Statcast (2005–2014)
putzjj01,2013,103,38,34.3,9.96,Pre-Statcast (2005–2014)
quackke01,2014,163,56,54.3,9.28,Pre-Statcast (2005–2014)
quackke01,2015,175,58,58.3,8.95,Post-Statcast (2015–2025)
quackke01,2016,179,42,59.7,6.34,Post-Statcast (2015–2025)
quallch01,2005,239,60,79.7,6.78,Pre-Statcast (2005–2014)
quallch01,2006,266,56,88.7,5.68,Pre-Statcast (2005–2014)
quallch01,2007,248,78,82.7,8.49,Pre-Statcast (2005–2014)
quallch01,2008,221,71,73.7,8.67,Pre-Statcast (2005–2014)
quallch01,2009,156,45,52,7.79,Pre-Statcast (2005–2014)
quallch01,2010,177,49,59,7.47,Pre-Statcast (2005–2014)
quallch01,2011,223,43,74.3,5.21,Pre-Statcast (2005–2014)
quallch01,2012,157,27,52.3,4.64,Pre-Statcast (2005–2014)
quallch01,2013,186,49,62,7.11,Pre-Statcast (2005–2014)
quallch01,2014,154,43,51.3,7.54,Pre-Statcast (2005–2014)
quallch01,2015,148,46,49.3,8.39,Post-Statcast (2015–2025)
quallch01,2016,98,22,32.7,6.06,Post-Statcast (2015–2025)
quantca01,2019,309,89,103,7.78,Post-Statcast (2015–2025)
quantca01,2020,96,31,32,8.72,Post-Statcast (2015–2025)
quantca01,2021,449,121,149.7,7.28,Post-Statcast (2015–2025)
quantca01,2022,559,128,186.3,6.18,Post-Statcast (2015–2025)
quantca01,2023,299,58,99.7,5.24,Post-Statcast (2015–2025)
quantca01,2024,445,110,148.3,6.67,Post-Statcast (2015–2025)
quantca01,2025,353,85,117.7,6.5,Post-Statcast (2015–2025)
quantpa01,2005,207,36,69,4.7,Pre-Statcast (2005–2014)
quijajo01,2022,122,52,40.7,11.51,Post-Statcast (2015–2025)
quintjo01,2012,409,81,136.3,5.35,Pre-Statcast (2005–2014)
quintjo01,2013,600,164,200,7.38,Pre-Statcast (2005–2014)
quintjo01,2014,601,178,200.3,8,Pre-Statcast (2005–2014)
quintjo01,2015,619,177,206.3,7.72,Post-Statcast (2015–2025)
quintjo01,2016,624,181,208,7.83,Post-Statcast (2015–2025)
quintjo01,2017,566,207,188.7,9.87,Post-Statcast (2015–2025)
quintjo01,2018,523,158,174.3,8.16,Post-Statcast (2015–2025)
quintjo01,2019,513,152,171,8,Post-Statcast (2015–2025)
quintjo01,2021,189,85,63,12.14,Post-Statcast (2015–2025)
quintjo01,2022,497,137,165.7,7.44,Post-Statcast (2015–2025)
quintjo01,2023,227,60,75.7,7.14,Post-Statcast (2015–2025)
quintjo01,2024,511,135,170.3,7.13,Post-Statcast (2015–2025)
quintjo01,2025,395,89,131.7,6.08,Post-Statcast (2015–2025)
radkebr01,2005,602,117,200.7,5.25,Pre-Statcast (2005–2014)
radkebr01,2006,487,83,162.3,4.6,Pre-Statcast (2005–2014)
raganco01,2022,120,27,40,6.08,Post-Statcast (2015–2025)
raganco01,2023,288,113,96,10.59,Post-Statcast (2015–2025)
raganco01,2024,559,223,186.3,10.77,Post-Statcast (2015–2025)
raganco01,2025,185,98,61.7,14.3,Post-Statcast (2015–2025)
raineta01,2019,145,74,48.3,13.78,Post-Statcast (2015–2025)
raineta01,2021,95,42,31.7,11.94,Post-Statcast (2015–2025)
raineta01,2022,90,36,30,10.8,Post-Statcast (2015–2025)
raineta01,2024,153,44,51,7.76,Post-Statcast (2015–2025)
raleybr01,2021,147,65,49,11.94,Post-Statcast (2015–2025)
raleybr01,2022,161,61,53.7,10.23,Post-Statcast (2015–2025)
raleybr01,2023,164,61,54.7,10.04,Post-Statcast (2015–2025)
ramired01,2008,166,63,55.3,10.25,Pre-Statcast (2005–2014)
ramirel01,2006,312,69,104,5.97,Pre-Statcast (2005–2014)
ramirer02,2012,177,48,59,7.32,Pre-Statcast (2005–2014)
ramirer02,2013,217,57,72.3,7.09,Pre-Statcast (2005–2014)
ramirer02,2014,226,60,75.3,7.17,Pre-Statcast (2005–2014)
ramirer02,2015,490,126,163.3,6.94,Post-Statcast (2015–2025)
ramirer02,2016,272,63,90.7,6.25,Post-Statcast (2015–2025)
ramirer02,2017,394,109,131.3,7.47,Post-Statcast (2015–2025)
ramirer02,2018,137,33,45.7,6.5,Post-Statcast (2015–2025)
ramirer02,2022,259,61,86.3,6.36,Post-Statcast (2015–2025)
ramirer02,2023,181,43,60.3,6.41,Post-Statcast (2015–2025)
ramirho01,2005,607,80,202.3,3.56,Pre-Statcast (2005–2014)
ramirho01,2006,229,37,76.3,4.36,Pre-Statcast (2005–2014)
ramirho01,2007,294,40,98,3.67,Pre-Statcast (2005–2014)
ramirho01,2008,112,13,37.3,3.13,Pre-Statcast (2005–2014)
ramirjc01,2016,236,59,78.7,6.75,Post-Statcast (2015–2025)
ramirjc01,2017,442,105,147.3,6.41,Post-Statcast (2015–2025)
ramirjo02,2016,98,33,32.7,9.09,Post-Statcast (2015–2025)
ramirjo02,2017,186,56,62,8.13,Post-Statcast (2015–2025)
ramirne01,2014,131,53,43.7,10.92,Pre-Statcast (2005–2014)
ramirne01,2017,94,44,31.3,12.64,Post-Statcast (2015–2025)
ramirne01,2018,125,51,41.7,11.02,Post-Statcast (2015–2025)
ramirni01,2019,239,74,79.7,8.36,Post-Statcast (2015–2025)
ramirni01,2023,122,28,40.7,6.2,Post-Statcast (2015–2025)
ramirno01,2018,250,95,83.3,10.26,Post-Statcast (2015–2025)
ramirno01,2019,203,79,67.7,10.51,Post-Statcast (2015–2025)
ramirno01,2021,108,29,36,7.25,Post-Statcast (2015–2025)
ramirno01,2022,150,51,50,9.18,Post-Statcast (2015–2025)
ramirra02,2006,203,61,67.7,8.11,Pre-Statcast (2005–2014)
ramirra02,2008,215,70,71.7,8.79,Pre-Statcast (2005–2014)
ramirra02,2009,209,52,69.7,6.72,Pre-Statcast (2005–2014)
ramirra02,2010,208,46,69.3,5.97,Pre-Statcast (2005–2014)
ramirra02,2011,206,66,68.7,8.65,Pre-Statcast (2005–2014)
ramirra02,2012,191,52,63.7,7.35,Pre-Statcast (2005–2014)
ramirye01,2018,196,62,65.3,8.54,Post-Statcast (2015–2025)
ramiryo01,2022,112,32,37.3,7.71,Post-Statcast (2015–2025)
ramiryo01,2023,115,35,38.3,8.22,Post-Statcast (2015–2025)
ramiryo01,2024,135,45,45,9,Post-Statcast (2015–2025)
ramiryo01,2025,100,45,33.3,12.15,Post-Statcast (2015–2025)
ramosaj01,2013,240,86,80,9.67,Pre-Statcast (2005–2014)
ramosaj01,2014,192,73,64,10.27,Pre-Statcast (2005–2014)
ramosaj01,2015,211,87,70.3,11.13,Post-Statcast (2015–2025)
ramosaj01,2016,192,73,64,10.27,Post-Statcast (2015–2025)
ramosaj01,2017,176,72,58.7,11.05,Post-Statcast (2015–2025)
ramosce01,2011,131,31,43.7,6.39,Pre-Statcast (2005–2014)
ramosce01,2012,90,29,30,8.7,Pre-Statcast (2005–2014)
ramosce01,2013,202,53,67.3,7.08,Pre-Statcast (2005–2014)
ramosce01,2014,248,66,82.7,7.19,Pre-Statcast (2005–2014)
ramosce01,2015,157,43,52.3,7.39,Post-Statcast (2015–2025)
ramosce01,2016,143,27,47.7,5.1,Post-Statcast (2015–2025)
ramosed02,2016,120,40,40,9,Post-Statcast (2015–2025)
ramosed02,2017,173,75,57.7,11.71,Post-Statcast (2015–2025)
ramosed02,2018,128,42,42.7,8.86,Post-Statcast (2015–2025)
ranauan01,2014,118,15,39.3,3.43,Pre-Statcast (2005–2014)
ranauan01,2016,94,18,31.3,5.17,Post-Statcast (2015–2025)
rapadcl01,2012,115,38,38.3,8.92,Pre-Statcast (2005–2014)
rasmuco02,2014,168,57,56,9.16,Pre-Statcast (2005–2014)
rasmudr01,2021,228,73,76,8.64,Post-Statcast (2015–2025)
rasmudr01,2022,438,125,146,7.71,Post-Statcast (2015–2025)
rasmudr01,2023,134,47,44.7,9.47,Post-Statcast (2015–2025)
rasmudr01,2025,450,127,150,7.62,Post-Statcast (2015–2025)
rasneda01,2008,340,67,113.3,5.32,Pre-Statcast (2005–2014)
rauchjo01,2005,90,23,30,6.9,Pre-Statcast (2005–2014)
rauchjo01,2006,274,86,91.3,8.47,Pre-Statcast (2005–2014)
rauchjo01,2007,262,71,87.3,7.32,Pre-Statcast (2005–2014)
rauchjo01,2008,215,66,71.7,8.29,Pre-Statcast (2005–2014)
rauchjo01,2009,210,49,70,6.3,Pre-Statcast (2005–2014)
rauchjo01,2010,173,46,57.7,7.18,Pre-Statcast (2005–2014)
rauchjo01,2011,156,36,52,6.23,Pre-Statcast (2005–2014)
rauchjo01,2012,173,42,57.7,6.55,Pre-Statcast (2005–2014)
raych01,2005,122,43,40.7,9.52,Pre-Statcast (2005–2014)
raych01,2006,198,51,66,6.95,Pre-Statcast (2005–2014)
raych01,2007,128,44,42.7,9.28,Pre-Statcast (2005–2014)
raych01,2009,130,39,43.3,8.1,Pre-Statcast (2005–2014)
raych01,2010,167,31,55.7,5.01,Pre-Statcast (2005–2014)
raych01,2011,98,22,32.7,6.06,Pre-Statcast (2005–2014)
rayke01,2006,203,50,67.7,6.65,Pre-Statcast (2005–2014)
rayro02,2015,383,119,127.7,8.39,Post-Statcast (2015–2025)
rayro02,2016,523,218,174.3,11.25,Post-Statcast (2015–2025)
rayro02,2017,486,218,162,12.11,Post-Statcast (2015–2025)
rayro02,2018,371,165,123.7,12.01,Post-Statcast (2015–2025)
rayro02,2019,523,235,174.3,12.13,Post-Statcast (2015–2025)
rayro02,2020,155,68,51.7,11.85,Post-Statcast (2015–2025)
rayro02,2021,580,248,193.3,11.54,Post-Statcast (2015–2025)
rayro02,2022,567,212,189,10.1,Post-Statcast (2015–2025)
rayro02,2024,92,43,30.7,12.62,Post-Statcast (2015–2025)
rayro02,2025,547,186,182.3,9.18,Post-Statcast (2015–2025)
reaco01,2015,95,26,31.7,7.39,Post-Statcast (2015–2025)
reaco01,2016,308,80,102.7,7.01,Post-Statcast (2015–2025)
reaco01,2023,374,110,124.7,7.94,Post-Statcast (2015–2025)
reaco01,2024,503,135,167.7,7.25,Post-Statcast (2015–2025)
reaco01,2025,478,127,159.3,7.17,Post-Statcast (2015–2025)
redditi01,2005,92,19,30.7,5.58,Pre-Statcast (2005–2014)
redditi01,2007,252,47,84,5.04,Pre-Statcast (2005–2014)
redditi01,2008,546,120,182,5.93,Pre-Statcast (2005–2014)
redditi01,2009,360,76,120,5.7,Pre-Statcast (2005–2014)
redmama01,2005,535,101,178.3,5.1,Pre-Statcast (2005–2014)
redmama01,2006,501,76,167,4.1,Pre-Statcast (2005–2014)
redmama01,2007,124,27,41.3,5.88,Pre-Statcast (2005–2014)
redmama01,2008,136,20,45.3,3.97,Pre-Statcast (2005–2014)
redmoto01,2013,231,76,77,8.88,Pre-Statcast (2005–2014)
redmoto01,2014,225,60,75,7.2,Pre-Statcast (2005–2014)
reedad01,2012,165,54,55,8.84,Pre-Statcast (2005–2014)
reedad01,2013,214,72,71.3,9.08,Pre-Statcast (2005–2014)
reedad01,2014,178,69,59.3,10.47,Pre-Statcast (2005–2014)
reedad01,2015,168,51,56,8.2,Post-Statcast (2015–2025)
reedad01,2016,233,91,77.7,10.55,Post-Statcast (2015–2025)
reedad01,2017,228,76,76,9,Post-Statcast (2015–2025)
reedad01,2018,168,44,56,7.07,Post-Statcast (2015–2025)
reedco01,2016,143,43,47.7,8.12,Post-Statcast (2015–2025)
reedco01,2018,129,42,43,8.79,Post-Statcast (2015–2025)
reedev01,2014,97,26,32.3,7.24,Pre-Statcast (2005–2014)
reedst01,2005,98,15,32.7,4.13,Pre-Statcast (2005–2014)
reidfse01,2018,100,42,33.3,11.34,Post-Statcast (2015–2025)
reidfse01,2019,95,28,31.7,7.96,Post-Statcast (2015–2025)
reitsch01,2005,220,42,73.3,5.15,Pre-Statcast (2005–2014)
remlimi01,2005,119,35,39.7,7.94,Pre-Statcast (2005–2014)
resopch01,2011,209,79,69.7,10.21,Pre-Statcast (2005–2014)
resopch01,2012,221,46,73.7,5.62,Pre-Statcast (2005–2014)
reyesal01,2005,188,67,62.7,9.62,Pre-Statcast (2005–2014)
reyesal01,2007,182,70,60.7,10.38,Pre-Statcast (2005–2014)
reyesal02,2016,138,52,46,10.17,Post-Statcast (2015–2025)
reyesal02,2021,217,95,72.3,11.82,Post-Statcast (2015–2025)
reyesan01,2006,256,72,85.3,7.59,Pre-Statcast (2005–2014)
reyesan01,2007,322,74,107.3,6.2,Pre-Statcast (2005–2014)
reyesan01,2008,147,25,49,4.59,Pre-Statcast (2005–2014)
reyesan01,2009,115,22,38.3,5.17,Pre-Statcast (2005–2014)
reyesde01,2005,131,35,43.7,7.21,Pre-Statcast (2005–2014)
reyesde01,2006,152,49,50.7,8.7,Pre-Statcast (2005–2014)
reyesde01,2008,139,39,46.3,7.58,Pre-Statcast (2005–2014)
reyesde01,2009,123,33,41,7.24,Pre-Statcast (2005–2014)
reyesde01,2010,114,25,38,5.92,Pre-Statcast (2005–2014)
reyesjo03,2007,152,27,50.7,4.8,Pre-Statcast (2005–2014)
reyesjo03,2008,339,78,113,6.21,Pre-Statcast (2005–2014)
reyesjo03,2011,422,87,140.7,5.57,Pre-Statcast (2005–2014)
reynogr01,2008,186,22,62,3.19,Pre-Statcast (2005–2014)
reynogr01,2011,96,18,32,5.06,Pre-Statcast (2005–2014)
reynoma02,2011,152,50,50.7,8.88,Pre-Statcast (2005–2014)
reynoma02,2012,172,51,57.3,8.01,Pre-Statcast (2005–2014)
rhameja01,2018,97,28,32.3,7.79,Post-Statcast (2015–2025)
rheinjo01,2006,212,28,70.7,3.57,Pre-Statcast (2005–2014)
rheinjo01,2007,151,40,50.3,7.15,Pre-Statcast (2005–2014)
rhodear01,2005,130,43,43.3,8.93,Pre-Statcast (2005–2014)
rhodear01,2006,137,48,45.7,9.46,Pre-Statcast (2005–2014)
rhodear01,2008,106,40,35.3,10.19,Pre-Statcast (2005–2014)
rhodear01,2009,160,48,53.3,8.1,Pre-Statcast (2005–2014)
rhodear01,2010,165,50,55,8.18,Pre-Statcast (2005–2014)
rhodear01,2011,99,21,33,5.73,Pre-Statcast (2005–2014)
ricesc01,2013,153,41,51,7.24,Pre-Statcast (2005–2014)
richacl01,2008,143,29,47.7,5.48,Pre-Statcast (2005–2014)
richacl01,2009,459,114,153,6.71,Pre-Statcast (2005–2014)
richacl01,2010,605,153,201.7,6.83,Pre-Statcast (2005–2014)
richacl01,2011,299,53,99.7,4.79,Pre-Statcast (2005–2014)
richacl01,2012,656,107,218.7,4.4,Pre-Statcast (2005–2014)
richacl01,2013,158,24,52.7,4.1,Pre-Statcast (2005–2014)
richacl01,2015,127,22,42.3,4.68,Post-Statcast (2015–2025)
richacl01,2016,203,41,67.7,5.45,Post-Statcast (2015–2025)
richacl01,2017,592,151,197.3,6.89,Post-Statcast (2015–2025)
richacl01,2018,476,108,158.7,6.13,Post-Statcast (2015–2025)
richacl01,2019,136,22,45.3,4.37,Post-Statcast (2015–2025)
richaga01,2012,213,47,71,5.96,Pre-Statcast (2005–2014)
richaga01,2013,435,101,145,6.27,Pre-Statcast (2005–2014)
richaga01,2014,506,164,168.7,8.75,Pre-Statcast (2005–2014)
richaga01,2015,622,176,207.3,7.64,Post-Statcast (2015–2025)
richaga01,2016,104,34,34.7,8.83,Post-Statcast (2015–2025)
richaga01,2018,229,87,76.3,10.26,Post-Statcast (2015–2025)
richaga01,2020,154,46,51.3,8.06,Post-Statcast (2015–2025)
richaga01,2021,410,115,136.7,7.57,Post-Statcast (2015–2025)
richaga01,2022,128,36,42.7,7.59,Post-Statcast (2015–2025)
richaly01,2025,113,30,37.7,7.17,Post-Statcast (2015–2025)
richatr01,2018,379,130,126.3,9.26,Post-Statcast (2015–2025)
richatr01,2019,406,127,135.3,8.45,Post-Statcast (2015–2025)
richatr01,2020,96,27,32,7.59,Post-Statcast (2015–2025)
richatr01,2021,193,78,64.3,10.91,Post-Statcast (2015–2025)
richatr01,2022,192,82,64,11.53,Post-Statcast (2015–2025)
richatr01,2023,218,105,72.7,13,Post-Statcast (2015–2025)
richatr01,2024,196,62,65.3,8.54,Post-Statcast (2015–2025)
richmsc01,2009,416,117,138.7,7.59,Pre-Statcast (2005–2014)
rienzan01,2013,168,38,56,6.11,Pre-Statcast (2005–2014)
rienzan01,2014,194,51,64.7,7.1,Pre-Statcast (2005–2014)
rincoju01,2005,231,84,77,9.82,Pre-Statcast (2005–2014)
rincoju01,2006,223,65,74.3,7.87,Pre-Statcast (2005–2014)
rincoju01,2007,179,49,59.7,7.39,Pre-Statcast (2005–2014)
rincoju01,2008,166,39,55.3,6.34,Pre-Statcast (2005–2014)
rincoju01,2009,110,35,36.7,8.59,Pre-Statcast (2005–2014)
rincori01,2005,112,27,37.3,6.51,Pre-Statcast (2005–2014)
riosya01,2018,108,36,36,9,Post-Statcast (2015–2025)
riskeda01,2005,218,48,72.7,5.94,Pre-Statcast (2005–2014)
riskeda01,2006,132,28,44,5.73,Pre-Statcast (2005–2014)
riskeda01,2007,209,52,69.7,6.72,Pre-Statcast (2005–2014)
riskeda01,2008,127,27,42.3,5.74,Pre-Statcast (2005–2014)
riverfe01,2015,145,43,48.3,8.01,Post-Statcast (2015–2025)
riverfe01,2016,231,92,77,10.75,Post-Statcast (2015–2025)
riverfe01,2017,226,88,75.3,10.51,Post-Statcast (2015–2025)
riverfe01,2018,210,89,70,11.44,Post-Statcast (2015–2025)
riverfe01,2019,180,90,60,13.5,Post-Statcast (2015–2025)
riverma01,2005,235,80,78.3,9.19,Pre-Statcast (2005–2014)
riverma01,2006,225,55,75,6.6,Pre-Statcast (2005–2014)
riverma01,2007,214,74,71.3,9.34,Pre-Statcast (2005–2014)
riverma01,2008,212,77,70.7,9.81,Pre-Statcast (2005–2014)
riverma01,2009,199,72,66.3,9.77,Pre-Statcast (2005–2014)
riverma01,2010,180,45,60,6.75,Pre-Statcast (2005–2014)
riverma01,2011,184,60,61.3,8.8,Pre-Statcast (2005–2014)
riverma01,2013,192,54,64,7.59,Pre-Statcast (2005–2014)
riversa01,2006,181,41,60.3,6.12,Pre-Statcast (2005–2014)
riversa01,2007,279,64,93,6.19,Pre-Statcast (2005–2014)
riversa01,2008,252,65,84,6.96,Pre-Statcast (2005–2014)
riversa01,2009,115,21,38.3,4.93,Pre-Statcast (2005–2014)
rlealse01,2006,140,19,46.7,3.66,Pre-Statcast (2005–2014)
roachdo01,2014,91,17,30.3,5.04,Pre-Statcast (2005–2014)
roarkta01,2013,161,40,53.7,6.71,Pre-Statcast (2005–2014)
roarkta01,2014,596,138,198.7,6.25,Pre-Statcast (2005–2014)
roarkta01,2015,333,70,111,5.68,Post-Statcast (2015–2025)
roarkta01,2016,630,172,210,7.37,Post-Statcast (2015–2025)
roarkta01,2017,544,166,181.3,8.24,Post-Statcast (2015–2025)
roarkta01,2018,541,146,180.3,7.29,Post-Statcast (2015–2025)
roarkta01,2019,496,158,165.3,8.6,Post-Statcast (2015–2025)
roarkta01,2020,143,41,47.7,7.74,Post-Statcast (2015–2025)
roberda08,2008,91,36,30.3,10.68,Pre-Statcast (2005–2014)
roberda08,2009,131,63,43.7,12.98,Pre-Statcast (2005–2014)
roberda08,2010,184,71,61.3,10.42,Pre-Statcast (2005–2014)
roberda08,2011,200,100,66.7,13.5,Pre-Statcast (2005–2014)
roberda08,2012,182,81,60.7,12.02,Pre-Statcast (2005–2014)
roberda08,2013,199,77,66.3,10.45,Pre-Statcast (2005–2014)
roberda08,2014,193,96,64.3,13.43,Pre-Statcast (2005–2014)
roberda08,2015,190,86,63.3,12.22,Post-Statcast (2015–2025)
roberda08,2016,187,75,62.3,10.83,Post-Statcast (2015–2025)
roberda08,2017,205,98,68.3,12.91,Post-Statcast (2015–2025)
roberda08,2018,209,91,69.7,11.76,Post-Statcast (2015–2025)
roberda08,2022,191,81,63.7,11.45,Post-Statcast (2015–2025)
roberda08,2023,196,78,65.3,10.74,Post-Statcast (2015–2025)
roberda08,2024,216,99,72,12.38,Post-Statcast (2015–2025)
roberna01,2005,590,122,196.7,5.58,Pre-Statcast (2005–2014)
roberna01,2006,626,137,208.7,5.91,Pre-Statcast (2005–2014)
roberna01,2007,533,119,177.7,6.03,Pre-Statcast (2005–2014)
roberna01,2008,506,108,168.7,5.76,Pre-Statcast (2005–2014)
roberna01,2009,149,35,49.7,6.34,Pre-Statcast (2005–2014)
roberna01,2010,304,63,101.3,5.6,Pre-Statcast (2005–2014)
robleha01,2015,162,61,54,10.17,Post-Statcast (2015–2025)
robleha01,2016,233,85,77.7,9.85,Post-Statcast (2015–2025)
robleha01,2017,170,60,56.7,9.53,Post-Statcast (2015–2025)
robleha01,2018,168,59,56,9.48,Post-Statcast (2015–2025)
robleha01,2019,218,75,72.7,9.29,Post-Statcast (2015–2025)
robleha01,2021,207,76,69,9.91,Post-Statcast (2015–2025)
rockeku01,2025,193,56,64.3,7.83,Post-Statcast (2015–2025)
rodnefe01,2005,132,42,44,8.59,Pre-Statcast (2005–2014)
rodnefe01,2006,215,65,71.7,8.16,Pre-Statcast (2005–2014)
rodnefe01,2007,152,54,50.7,9.59,Pre-Statcast (2005–2014)
rodnefe01,2008,121,49,40.3,10.93,Pre-Statcast (2005–2014)
rodnefe01,2009,227,61,75.7,7.26,Pre-Statcast (2005–2014)
rodnefe01,2010,204,53,68,7.01,Pre-Statcast (2005–2014)
rodnefe01,2011,96,26,32,7.31,Pre-Statcast (2005–2014)
rodnefe01,2012,224,76,74.7,9.16,Pre-Statcast (2005–2014)
rodnefe01,2013,200,82,66.7,11.07,Pre-Statcast (2005–2014)
rodnefe01,2014,199,76,66.3,10.31,Pre-Statcast (2005–2014)
rodnefe01,2015,188,58,62.7,8.33,Post-Statcast (2015–2025)
rodnefe01,2016,196,74,65.3,10.19,Post-Statcast (2015–2025)
rodnefe01,2017,166,65,55.3,10.57,Post-Statcast (2015–2025)
rodnefe01,2018,193,70,64.3,9.79,Post-Statcast (2015–2025)
rodnefe01,2019,143,49,47.7,9.25,Post-Statcast (2015–2025)
rodonca01,2015,418,139,139.3,8.98,Post-Statcast (2015–2025)
rodonca01,2016,495,168,165,9.16,Post-Statcast (2015–2025)
rodonca01,2017,208,76,69.3,9.87,Post-Statcast (2015–2025)
rodonca01,2018,362,90,120.7,6.71,Post-Statcast (2015–2025)
rodonca01,2019,104,46,34.7,11.94,Post-Statcast (2015–2025)
rodonca01,2021,398,185,132.7,12.55,Post-Statcast (2015–2025)
rodonca01,2022,534,237,178,11.98,Post-Statcast (2015–2025)
rodonca01,2023,193,64,64.3,8.95,Post-Statcast (2015–2025)
rodonca01,2024,525,195,175,10.03,Post-Statcast (2015–2025)
rodonca01,2025,586,203,195.3,9.35,Post-Statcast (2015–2025)
rodrian01,2011,256,64,85.3,6.75,Pre-Statcast (2005–2014)
rodride01,2018,355,89,118.3,6.77,Post-Statcast (2015–2025)
rodride01,2019,297,71,99,6.45,Post-Statcast (2015–2025)
rodried05,2015,365,98,121.7,7.25,Post-Statcast (2015–2025)
rodried05,2016,321,100,107,8.41,Post-Statcast (2015–2025)
rodried05,2017,412,150,137.3,9.83,Post-Statcast (2015–2025)
rodried05,2018,389,146,129.7,10.13,Post-Statcast (2015–2025)
rodried05,2019,610,213,203.3,9.43,Post-Statcast (2015–2025)
rodried05,2021,473,185,157.7,10.56,Post-Statcast (2015–2025)
rodried05,2022,273,72,91,7.12,Post-Statcast (2015–2025)
rodried05,2023,458,143,152.7,8.43,Post-Statcast (2015–2025)
rodried05,2024,150,47,50,8.46,Post-Statcast (2015–2025)
rodried05,2025,463,143,154.3,8.34,Post-Statcast (2015–2025)
rodrife01,2005,97,18,32.3,5.01,Pre-Statcast (2005–2014)
rodrife02,2011,157,57,52.3,9.8,Pre-Statcast (2005–2014)
rodrife02,2012,211,78,70.3,9.98,Pre-Statcast (2005–2014)
rodrife02,2015,176,65,58.7,9.97,Post-Statcast (2015–2025)
rodrife02,2016,122,37,40.7,8.19,Post-Statcast (2015–2025)
rodrifr03,2005,202,91,67.3,12.16,Pre-Statcast (2005–2014)
rodrifr03,2006,219,98,73,12.08,Pre-Statcast (2005–2014)
rodrifr03,2007,202,90,67.3,12.03,Pre-Statcast (2005–2014)
rodrifr03,2008,205,77,68.3,10.14,Pre-Statcast (2005–2014)
rodrifr03,2009,204,73,68,9.66,Pre-Statcast (2005–2014)
rodrifr03,2010,172,67,57.3,10.52,Pre-Statcast (2005–2014)
rodrifr03,2011,215,79,71.7,9.92,Pre-Statcast (2005–2014)
rodrifr03,2012,216,72,72,9,Pre-Statcast (2005–2014)
rodrifr03,2013,140,54,46.7,10.41,Pre-Statcast (2005–2014)
rodrifr03,2014,204,73,68,9.66,Pre-Statcast (2005–2014)
rodrifr03,2015,171,62,57,9.79,Post-Statcast (2015–2025)
rodrifr03,2016,175,52,58.3,8.02,Post-Statcast (2015–2025)
rodrifr04,2010,142,36,47.3,6.85,Pre-Statcast (2005–2014)
rodrigr01,2023,366,129,122,9.52,Post-Statcast (2015–2025)
rodrigr01,2024,350,130,116.7,10.03,Post-Statcast (2015–2025)
rodrihe03,2011,197,70,65.7,9.59,Pre-Statcast (2005–2014)
rodrije01,2018,156,39,52,6.75,Post-Statcast (2015–2025)
rodrije01,2019,140,33,46.7,6.36,Post-Statcast (2015–2025)
rodrijo04,2021,139,47,46.3,9.13,Post-Statcast (2015–2025)
rodrijo04,2022,151,57,50.3,10.19,Post-Statcast (2015–2025)
rodrima01,2024,113,34,37.7,8.12,Post-Statcast (2015–2025)
rodrima01,2025,91,25,30.3,7.42,Post-Statcast (2015–2025)
rodrira01,2009,92,10,30.7,2.93,Pre-Statcast (2005–2014)
rodrira02,2024,157,53,52.3,9.11,Post-Statcast (2015–2025)
rodrira02,2025,152,67,50.7,11.9,Post-Statcast (2015–2025)
rodriri03,2005,171,24,57,3.79,Pre-Statcast (2005–2014)
rodriri05,2018,208,88,69.3,11.42,Post-Statcast (2015–2025)
rodriri05,2019,196,63,65.3,8.68,Post-Statcast (2015–2025)
rodriri05,2021,193,42,64.3,5.88,Post-Statcast (2015–2025)
rodrist02,2013,163,63,54.3,10.44,Pre-Statcast (2005–2014)
rodriwa01,2005,386,80,128.7,5.6,Pre-Statcast (2005–2014)
rodriwa01,2006,407,98,135.7,6.5,Pre-Statcast (2005–2014)
rodriwa01,2007,548,158,182.7,7.78,Pre-Statcast (2005–2014)
rodriwa01,2008,412,131,137.3,8.58,Pre-Statcast (2005–2014)
rodriwa01,2009,617,193,205.7,8.45,Pre-Statcast (2005–2014)
rodriwa01,2010,585,178,195,8.22,Pre-Statcast (2005–2014)
rodriwa01,2011,573,166,191,7.82,Pre-Statcast (2005–2014)
rodriwa01,2012,617,139,205.7,6.08,Pre-Statcast (2005–2014)
rodriwa01,2013,188,46,62.7,6.61,Pre-Statcast (2005–2014)
rodriwa01,2015,259,72,86.3,7.51,Post-Statcast (2015–2025)
rodriya01,2024,260,85,86.7,8.83,Post-Statcast (2015–2025)
rodriya01,2025,219,66,73,8.14,Post-Statcast (2015–2025)
roech01,2015,124,38,41.3,8.27,Post-Statcast (2015–2025)
roech01,2018,151,53,50.3,9.48,Post-Statcast (2015–2025)
roech01,2019,153,65,51,11.47,Post-Statcast (2015–2025)
roenijo01,2009,93,33,31,9.58,Pre-Statcast (2005–2014)
roenijo01,2012,266,54,88.7,5.48,Pre-Statcast (2005–2014)
roenijo01,2013,186,45,62,6.53,Pre-Statcast (2005–2014)
rogeres01,2010,216,66,72,8.25,Pre-Statcast (2005–2014)
rogeres01,2011,249,63,83,6.83,Pre-Statcast (2005–2014)
rogeres01,2012,236,83,78.7,9.5,Pre-Statcast (2005–2014)
rogeres01,2013,413,96,137.7,6.28,Pre-Statcast (2005–2014)
rogeres01,2014,137,44,45.7,8.67,Pre-Statcast (2005–2014)
rogeres01,2015,99,31,33,8.45,Post-Statcast (2015–2025)
rogerjo01,2021,107,22,35.7,5.55,Post-Statcast (2015–2025)
rogerke01,2005,586,87,195.3,4.01,Pre-Statcast (2005–2014)
rogerke01,2006,612,99,204,4.37,Pre-Statcast (2005–2014)
rogerke01,2007,189,36,63,5.14,Pre-Statcast (2005–2014)
rogerke01,2008,521,82,173.7,4.25,Pre-Statcast (2005–2014)
rogerma01,2012,117,41,39,9.46,Pre-Statcast (2005–2014)
rogerta01,2016,184,64,61.3,9.39,Post-Statcast (2015–2025)
rogerta01,2017,167,49,55.7,7.92,Post-Statcast (2015–2025)
rogerta01,2018,205,75,68.3,9.88,Post-Statcast (2015–2025)
rogerta01,2019,207,90,69,11.74,Post-Statcast (2015–2025)
rogerta01,2021,121,59,40.3,13.17,Post-Statcast (2015–2025)
rogerta01,2022,193,84,64.3,11.75,Post-Statcast (2015–2025)
rogerta01,2023,155,64,51.7,11.15,Post-Statcast (2015–2025)
rogerta01,2024,180,64,60,9.6,Post-Statcast (2015–2025)
rogerta01,2025,152,53,50.7,9.41,Post-Statcast (2015–2025)
rogertr01,2021,399,157,133,10.62,Post-Statcast (2015–2025)
rogertr01,2022,321,106,107,8.92,Post-Statcast (2015–2025)
rogertr01,2024,373,97,124.3,7.02,Post-Statcast (2015–2025)
rogertr01,2025,329,103,109.7,8.45,Post-Statcast (2015–2025)
rogerty01,2021,243,55,81,6.11,Post-Statcast (2015–2025)
rogerty01,2022,227,49,75.7,5.83,Post-Statcast (2015–2025)
rogerty01,2023,222,60,74,7.3,Post-Statcast (2015–2025)
rogerty01,2024,211,51,70.3,6.53,Post-Statcast (2015–2025)
rogerty01,2025,232,48,77.3,5.59,Post-Statcast (2015–2025)
rolisry01,2025,127,25,42.3,5.31,Post-Statcast (2015–2025)
romanjo03,2021,189,85,63,12.14,Post-Statcast (2015–2025)
romanjo03,2022,192,73,64,10.27,Post-Statcast (2015–2025)
romanjo03,2023,177,72,59,10.98,Post-Statcast (2015–2025)
romanjo03,2025,128,47,42.7,9.91,Post-Statcast (2015–2025)
romansa01,2017,261,73,87,7.55,Post-Statcast (2015–2025)
romansa01,2018,437,105,145.7,6.49,Post-Statcast (2015–2025)
romdr01,2023,101,32,33.7,8.55,Post-Statcast (2015–2025)
romeren01,2015,90,31,30,9.3,Post-Statcast (2015–2025)
romeren01,2016,137,50,45.7,9.85,Post-Statcast (2015–2025)
romeren01,2017,167,65,55.7,10.51,Post-Statcast (2015–2025)
romerfe01,2018,167,45,55.7,7.28,Post-Statcast (2015–2025)
romerjc01,2005,171,48,57,7.58,Pre-Statcast (2005–2014)
romerjc01,2006,145,31,48.3,5.77,Pre-Statcast (2005–2014)
romerjc01,2007,169,42,56.3,6.71,Pre-Statcast (2005–2014)
romerjc01,2008,177,52,59,7.93,Pre-Statcast (2005–2014)
romerjc01,2010,110,28,36.7,6.87,Pre-Statcast (2005–2014)
romerjo01,2023,110,42,36.7,10.31,Post-Statcast (2015–2025)
romerjo01,2024,177,51,59,7.78,Post-Statcast (2015–2025)
romerjo01,2025,183,55,61,8.11,Post-Statcast (2015–2025)
romerri01,2009,534,141,178,7.13,Pre-Statcast (2005–2014)
romerri01,2010,630,174,210,7.46,Pre-Statcast (2005–2014)
romerri01,2011,675,178,225,7.12,Pre-Statcast (2005–2014)
romerri01,2012,543,124,181,6.17,Pre-Statcast (2005–2014)
romose01,2008,102,33,34,8.74,Pre-Statcast (2005–2014)
romose01,2009,102,41,34,10.85,Pre-Statcast (2005–2014)
romose01,2010,186,70,62,10.16,Pre-Statcast (2005–2014)
romose01,2011,144,70,48,13.12,Pre-Statcast (2005–2014)
romose01,2012,166,63,55.3,10.25,Pre-Statcast (2005–2014)
romose01,2013,181,58,60.3,8.65,Pre-Statcast (2005–2014)
romose01,2014,174,59,58,9.16,Pre-Statcast (2005–2014)
romose01,2015,172,71,57.3,11.15,Post-Statcast (2015–2025)
romose01,2016,92,33,30.7,9.68,Post-Statcast (2015–2025)
romose01,2017,167,59,55.7,9.54,Post-Statcast (2015–2025)
romose01,2018,202,75,67.3,10.02,Post-Statcast (2015–2025)
romose01,2019,181,60,60.3,8.95,Post-Statcast (2015–2025)
romose01,2021,185,60,61.7,8.76,Post-Statcast (2015–2025)
rondobr01,2015,93,36,31,10.45,Post-Statcast (2015–2025)
rondobr01,2016,109,45,36.3,11.15,Post-Statcast (2015–2025)
rondohe01,2013,164,44,54.7,7.24,Pre-Statcast (2005–2014)
rondohe01,2014,190,63,63.3,8.95,Pre-Statcast (2005–2014)
rondohe01,2015,210,69,70,8.87,Post-Statcast (2015–2025)
rondohe01,2016,153,58,51,10.24,Post-Statcast (2015–2025)
rondohe01,2017,172,69,57.3,10.83,Post-Statcast (2015–2025)
rondohe01,2018,177,67,59,10.22,Post-Statcast (2015–2025)
rondohe01,2019,182,48,60.7,7.12,Post-Statcast (2015–2025)
rosalle01,2008,90,18,30,5.4,Pre-Statcast (2005–2014)
rosalle01,2009,136,31,45.3,6.15,Pre-Statcast (2005–2014)
rosarra01,2018,140,30,46.7,5.79,Post-Statcast (2015–2025)
rosarsa02,2013,125,24,41.7,5.18,Pre-Statcast (2005–2014)
rosenke01,2023,99,29,33,7.91,Post-Statcast (2015–2025)
rosentr01,2013,226,108,75.3,12.9,Pre-Statcast (2005–2014)
rosentr01,2014,211,87,70.3,11.13,Pre-Statcast (2005–2014)
rosentr01,2015,206,83,68.7,10.88,Post-Statcast (2015–2025)
rosentr01,2016,121,56,40.3,12.5,Post-Statcast (2015–2025)
rosentr01,2017,143,76,47.7,14.35,Post-Statcast (2015–2025)
rossjo01,2015,230,69,76.7,8.1,Post-Statcast (2015–2025)
rossjo01,2016,315,93,105,7.97,Post-Statcast (2015–2025)
rossjo01,2017,221,68,73.7,8.31,Post-Statcast (2015–2025)
rossjo01,2019,192,57,64,8.02,Post-Statcast (2015–2025)
rossjo01,2021,324,109,108,9.08,Post-Statcast (2015–2025)
rossjo01,2024,222,66,74,8.03,Post-Statcast (2015–2025)
rossjo01,2025,153,39,51,6.88,Post-Statcast (2015–2025)
rossro01,2012,195,47,65,6.51,Pre-Statcast (2005–2014)
rossro01,2013,187,58,62.3,8.37,Pre-Statcast (2005–2014)
rossro01,2014,235,51,78.3,5.86,Pre-Statcast (2005–2014)
rossro01,2015,182,53,60.7,7.86,Post-Statcast (2015–2025)
rossro01,2016,166,56,55.3,9.11,Post-Statcast (2015–2025)
rossty01,2010,118,32,39.3,7.32,Pre-Statcast (2005–2014)
rossty01,2011,108,24,36,6,Pre-Statcast (2005–2014)
rossty01,2012,220,46,73.3,5.65,Pre-Statcast (2005–2014)
rossty01,2013,375,119,125,8.57,Pre-Statcast (2005–2014)
rossty01,2014,587,195,195.7,8.97,Pre-Statcast (2005–2014)
rossty01,2015,588,212,196,9.73,Post-Statcast (2015–2025)
rossty01,2017,147,36,49,6.61,Post-Statcast (2015–2025)
rossty01,2018,449,122,149.7,7.34,Post-Statcast (2015–2025)
rossty01,2019,106,25,35.3,6.37,Post-Statcast (2015–2025)
rouppla01,2024,151,47,50.3,8.4,Post-Statcast (2015–2025)
rouppla01,2025,320,102,106.7,8.61,Post-Statcast (2015–2025)
rowlary01,2007,116,42,38.7,9.78,Pre-Statcast (2005–2014)
rowlary01,2008,355,77,118.3,5.86,Pre-Statcast (2005–2014)
rowlary01,2009,289,52,96.3,4.86,Pre-Statcast (2005–2014)
rowlary01,2010,328,49,109.3,4.03,Pre-Statcast (2005–2014)
roycrch01,2024,103,33,34.3,8.65,Post-Statcast (2015–2025)
rucindr01,2018,106,27,35.3,6.88,Post-Statcast (2015–2025)
ruckemi01,2022,164,50,54.7,8.23,Post-Statcast (2015–2025)
ruckemi01,2023,121,40,40.3,8.93,Post-Statcast (2015–2025)
rueteki01,2005,322,25,107.3,2.1,Pre-Statcast (2005–2014)
ruizjo01,2019,120,35,40,7.88,Post-Statcast (2015–2025)
ruizjo01,2021,195,63,65,8.72,Post-Statcast (2015–2025)
ruizjo01,2022,182,68,60.7,10.09,Post-Statcast (2015–2025)
ruizjo01,2023,133,39,44.3,7.92,Post-Statcast (2015–2025)
ruizjo01,2024,153,52,51,9.18,Post-Statcast (2015–2025)
runzlda01,2010,98,37,32.7,10.19,Pre-Statcast (2005–2014)
rupejo01,2008,268,53,89.3,5.34,Pre-Statcast (2005–2014)
ruschgl01,2005,436,111,145.3,6.87,Pre-Statcast (2005–2014)
ruschgl01,2006,199,59,66.3,8.01,Pre-Statcast (2005–2014)
ruschgl01,2008,251,55,83.7,5.92,Pre-Statcast (2005–2014)
rusinch01,2013,199,36,66.3,4.88,Pre-Statcast (2005–2014)
rusinch01,2015,395,86,131.7,5.88,Post-Statcast (2015–2025)
rusinch01,2016,253,69,84.3,7.36,Post-Statcast (2015–2025)
rusinch01,2017,255,71,85,7.52,Post-Statcast (2015–2025)
rusinch01,2018,164,47,54.7,7.74,Post-Statcast (2015–2025)
russead01,2011,98,13,32.7,3.58,Pre-Statcast (2005–2014)
russeja02,2010,147,42,49,7.71,Pre-Statcast (2005–2014)
russeja02,2011,203,43,67.7,5.72,Pre-Statcast (2005–2014)
russeja02,2012,208,55,69.3,7.14,Pre-Statcast (2005–2014)
russeja02,2013,158,37,52.7,6.32,Pre-Statcast (2005–2014)
russeja02,2014,173,42,57.7,6.55,Pre-Statcast (2005–2014)
russeja02,2015,102,20,34,5.29,Post-Statcast (2015–2025)
rutleja01,2025,220,65,73.3,7.98,Post-Statcast (2015–2025)
ryanbj01,2005,211,100,70.3,12.8,Pre-Statcast (2005–2014)
ryanbj01,2006,217,86,72.3,10.7,Pre-Statcast (2005–2014)
ryanbj01,2008,174,58,58,9,Pre-Statcast (2005–2014)
ryanjo04,2022,441,151,147,9.24,Post-Statcast (2015–2025)
ryanjo04,2023,485,197,161.7,10.97,Post-Statcast (2015–2025)
ryanjo04,2024,405,147,135,9.8,Post-Statcast (2015–2025)
ryanjo04,2025,513,194,171,10.21,Post-Statcast (2015–2025)
ryanky01,2015,169,30,56.3,4.79,Post-Statcast (2015–2025)
ryanky01,2016,167,35,55.7,5.66,Post-Statcast (2015–2025)
ryanky01,2019,183,58,61,8.56,Post-Statcast (2015–2025)
ryuhy01,2013,576,154,192,7.22,Pre-Statcast (2005–2014)
ryuhy01,2014,456,139,152,8.23,Pre-Statcast (2005–2014)
ryuhy01,2017,380,116,126.7,8.24,Post-Statcast (2015–2025)
ryuhy01,2018,247,89,82.3,9.73,Post-Statcast (2015–2025)
ryuhy01,2019,548,163,182.7,8.03,Post-Statcast (2015–2025)
ryuhy01,2020,201,72,67,9.67,Post-Statcast (2015–2025)
ryuhy01,2021,507,143,169,7.62,Post-Statcast (2015–2025)
ryuhy01,2023,156,38,52,6.58,Post-Statcast (2015–2025)
rzepcma01,2009,184,60,61.3,8.8,Pre-Statcast (2005–2014)
rzepcma01,2010,191,57,63.7,8.06,Pre-Statcast (2005–2014)
rzepcma01,2011,186,61,62,8.85,Pre-Statcast (2005–2014)
rzepcma01,2012,140,33,46.7,6.36,Pre-Statcast (2005–2014)
rzepcma01,2013,92,29,30.7,8.51,Pre-Statcast (2005–2014)
rzepcma01,2014,138,46,46,9,Pre-Statcast (2005–2014)
rzepcma01,2015,105,41,35,10.54,Post-Statcast (2015–2025)
rzepcma01,2016,143,46,47.7,8.69,Post-Statcast (2015–2025)
rzepcma01,2017,94,25,31.3,7.18,Post-Statcast (2015–2025)
saarlki01,2005,479,53,159.7,2.99,Pre-Statcast (2005–2014)
saarlki01,2006,364,52,121.3,3.86,Pre-Statcast (2005–2014)
saarlki01,2007,128,27,42.7,5.7,Pre-Statcast (2005–2014)
sabatcc01,2005,590,161,196.7,7.37,Pre-Statcast (2005–2014)
sabatcc01,2006,578,172,192.7,8.03,Pre-Statcast (2005–2014)
sabatcc01,2007,723,209,241,7.8,Pre-Statcast (2005–2014)
sabatcc01,2008,759,251,253,8.93,Pre-Statcast (2005–2014)
sabatcc01,2009,690,197,230,7.71,Pre-Statcast (2005–2014)
sabatcc01,2010,713,197,237.7,7.46,Pre-Statcast (2005–2014)
sabatcc01,2011,712,230,237.3,8.72,Pre-Statcast (2005–2014)
sabatcc01,2012,600,197,200,8.87,Pre-Statcast (2005–2014)
sabatcc01,2013,633,175,211,7.46,Pre-Statcast (2005–2014)
sabatcc01,2014,138,48,46,9.39,Pre-Statcast (2005–2014)
sabatcc01,2015,502,137,167.3,7.37,Post-Statcast (2015–2025)
sabatcc01,2016,539,152,179.7,7.61,Post-Statcast (2015–2025)
sabatcc01,2017,446,120,148.7,7.26,Post-Statcast (2015–2025)
sabatcc01,2018,459,140,153,8.24,Post-Statcast (2015–2025)
sabatcc01,2019,322,107,107.3,8.97,Post-Statcast (2015–2025)
sadlebi01,2008,133,42,44.3,8.53,Pre-Statcast (2005–2014)
sadleca02,2019,139,31,46.3,6.02,Post-Statcast (2015–2025)
sadleca02,2021,121,37,40.3,8.26,Post-Statcast (2015–2025)
saitota01,2006,235,107,78.3,12.29,Pre-Statcast (2005–2014)
saitota01,2007,193,78,64.3,10.91,Pre-Statcast (2005–2014)
saitota01,2008,141,60,47,11.49,Pre-Statcast (2005–2014)
saitota01,2009,167,52,55.7,8.41,Pre-Statcast (2005–2014)
saitota01,2010,162,69,54,11.5,Pre-Statcast (2005–2014)
salasfe01,2010,92,29,30.7,8.51,Pre-Statcast (2005–2014)
salasfe01,2011,225,75,75,9,Pre-Statcast (2005–2014)
salasfe01,2012,176,60,58.7,9.2,Pre-Statcast (2005–2014)
salasfe01,2014,176,61,58.7,9.36,Pre-Statcast (2005–2014)
salasfe01,2015,191,74,63.7,10.46,Post-Statcast (2015–2025)
salasfe01,2016,221,64,73.7,7.82,Post-Statcast (2015–2025)
salasfe01,2017,176,56,58.7,8.59,Post-Statcast (2015–2025)
salasfe01,2018,120,30,40,6.75,Post-Statcast (2015–2025)
salasju01,2007,109,26,36.3,6.44,Pre-Statcast (2005–2014)
salazda01,2013,156,65,52,11.25,Pre-Statcast (2005–2014)
salazda01,2014,330,120,110,9.82,Pre-Statcast (2005–2014)
salazda01,2015,555,195,185,9.49,Post-Statcast (2015–2025)
salazda01,2016,412,161,137.3,10.55,Post-Statcast (2015–2025)
salazda01,2017,309,145,103,12.67,Post-Statcast (2015–2025)
salech01,2011,213,79,71,10.01,Pre-Statcast (2005–2014)
salech01,2012,576,192,192,9,Pre-Statcast (2005–2014)
salech01,2013,643,226,214.3,9.49,Pre-Statcast (2005–2014)
salech01,2014,522,208,174,10.76,Pre-Statcast (2005–2014)
salech01,2015,626,274,208.7,11.82,Post-Statcast (2015–2025)
salech01,2016,680,233,226.7,9.25,Post-Statcast (2015–2025)
salech01,2017,643,308,214.3,12.93,Post-Statcast (2015–2025)
salech01,2018,474,237,158,13.5,Post-Statcast (2015–2025)
salech01,2019,442,218,147.3,13.32,Post-Statcast (2015–2025)
salech01,2021,128,52,42.7,10.97,Post-Statcast (2015–2025)
salech01,2023,308,125,102.7,10.96,Post-Statcast (2015–2025)
salech01,2024,533,225,177.7,11.4,Post-Statcast (2015–2025)
salech01,2025,377,165,125.7,11.82,Post-Statcast (2015–2025)
samarje01,2009,104,21,34.7,5.45,Pre-Statcast (2005–2014)
samarje01,2011,264,87,88,8.9,Pre-Statcast (2005–2014)
samarje01,2012,524,180,174.7,9.27,Pre-Statcast (2005–2014)
samarje01,2013,641,214,213.7,9.01,Pre-Statcast (2005–2014)
samarje01,2014,659,202,219.7,8.28,Pre-Statcast (2005–2014)
samarje01,2015,642,163,214,6.86,Post-Statcast (2015–2025)
samarje01,2016,610,167,203.3,7.39,Post-Statcast (2015–2025)
samarje01,2017,623,205,207.7,8.88,Post-Statcast (2015–2025)
samarje01,2018,134,30,44.7,6.04,Post-Statcast (2015–2025)
samarje01,2019,544,140,181.3,6.95,Post-Statcast (2015–2025)
sampsad01,2019,376,101,125.3,7.25,Post-Statcast (2015–2025)
sampsad01,2021,106,28,35.3,7.13,Post-Statcast (2015–2025)
sampsad01,2022,313,73,104.3,6.3,Post-Statcast (2015–2025)
sampsch01,2006,102,15,34,3.97,Pre-Statcast (2005–2014)
sampsch01,2007,365,51,121.7,3.77,Pre-Statcast (2005–2014)
sampsch01,2008,352,61,117.3,4.68,Pre-Statcast (2005–2014)
sampsch01,2009,166,33,55.3,5.37,Pre-Statcast (2005–2014)
sampsch01,2010,91,16,30.3,4.75,Pre-Statcast (2005–2014)
sampske01,2015,157,42,52.3,7.22,Post-Statcast (2015–2025)
sampske01,2016,118,42,39.3,9.61,Post-Statcast (2015–2025)
sanabal01,2010,217,47,72.3,5.85,Pre-Statcast (2005–2014)
sanabal01,2013,166,31,55.3,5.04,Pre-Statcast (2005–2014)
sanchaa01,2014,99,27,33,7.36,Pre-Statcast (2005–2014)
sanchaa01,2015,277,61,92.3,5.95,Post-Statcast (2015–2025)
sanchaa01,2016,576,161,192,7.55,Post-Statcast (2015–2025)
sanchaa01,2017,108,24,36,6,Post-Statcast (2015–2025)
sanchaa01,2018,315,86,105,7.37,Post-Statcast (2015–2025)
sanchaa01,2019,394,115,131.3,7.88,Post-Statcast (2015–2025)
sanchaa01,2021,106,26,35.3,6.62,Post-Statcast (2015–2025)
sanchaa01,2022,180,41,60,6.15,Post-Statcast (2015–2025)
sanchan01,2006,343,72,114.3,5.67,Pre-Statcast (2005–2014)
sanchan01,2007,90,14,30,4.2,Pre-Statcast (2005–2014)
sanchan01,2008,155,50,51.7,8.71,Pre-Statcast (2005–2014)
sanchan01,2009,258,71,86,7.43,Pre-Statcast (2005–2014)
sanchan01,2010,585,157,195,7.25,Pre-Statcast (2005–2014)
sanchan01,2011,589,202,196.3,9.26,Pre-Statcast (2005–2014)
sanchan01,2012,587,167,195.7,7.68,Pre-Statcast (2005–2014)
sanchan01,2013,546,202,182,9.99,Pre-Statcast (2005–2014)
sanchan01,2014,378,102,126,7.29,Pre-Statcast (2005–2014)
sanchan01,2015,471,138,157,7.91,Post-Statcast (2015–2025)
sanchan01,2016,460,135,153.3,7.92,Post-Statcast (2015–2025)
sanchan01,2017,316,104,105.3,8.89,Post-Statcast (2015–2025)
sanchan01,2018,410,135,136.7,8.89,Post-Statcast (2015–2025)
sanchan01,2019,498,134,166,7.27,Post-Statcast (2015–2025)
sanchan01,2020,159,43,53,7.3,Post-Statcast (2015–2025)
sanchan01,2022,208,48,69.3,6.23,Post-Statcast (2015–2025)
sanchbr01,2009,169,51,56.3,8.15,Pre-Statcast (2005–2014)
sanchbr01,2010,191,54,63.7,7.63,Pre-Statcast (2005–2014)
sanchbr01,2011,185,53,61.7,7.74,Pre-Statcast (2005–2014)
sanchcr01,2022,120,35,40,7.88,Post-Statcast (2015–2025)
sanchcr01,2023,298,96,99.3,8.7,Post-Statcast (2015–2025)
sanchcr01,2024,545,153,181.7,7.58,Post-Statcast (2015–2025)
sanchcr01,2025,606,212,202,9.45,Post-Statcast (2015–2025)
sanchdu01,2005,246,71,82,7.79,Pre-Statcast (2005–2014)
sanchdu01,2006,166,44,55.3,7.16,Pre-Statcast (2005–2014)
sanchdu01,2008,175,44,58.3,6.79,Pre-Statcast (2005–2014)
sanched01,2011,90,35,30,10.5,Pre-Statcast (2005–2014)
sanchjo01,2006,120,33,40,7.42,Pre-Statcast (2005–2014)
sanchjo01,2007,156,62,52,10.73,Pre-Statcast (2005–2014)
sanchjo01,2008,474,157,158,8.94,Pre-Statcast (2005–2014)
sanchjo01,2009,490,177,163.3,9.75,Pre-Statcast (2005–2014)
sanchjo01,2010,580,205,193.3,9.54,Pre-Statcast (2005–2014)
sanchjo01,2011,304,102,101.3,9.06,Pre-Statcast (2005–2014)
sanchjo01,2012,194,45,64.7,6.26,Pre-Statcast (2005–2014)
sanchsi01,2020,117,33,39,7.62,Post-Statcast (2015–2025)
sanchsi01,2024,107,17,35.7,4.29,Post-Statcast (2015–2025)
sandlni01,2021,101,48,33.7,12.83,Post-Statcast (2015–2025)
sandlni01,2022,132,41,44,8.39,Post-Statcast (2015–2025)
sandlni01,2023,180,66,60,9.9,Post-Statcast (2015–2025)
sandlni01,2024,173,68,57.7,10.61,Post-Statcast (2015–2025)
sandopa02,2019,118,42,39.3,9.61,Post-Statcast (2015–2025)
sandopa02,2020,110,33,36.7,8.1,Post-Statcast (2015–2025)
sandopa02,2021,261,94,87,9.72,Post-Statcast (2015–2025)
sandopa02,2022,446,151,148.7,9.14,Post-Statcast (2015–2025)
sandopa02,2023,434,128,144.7,7.96,Post-Statcast (2015–2025)
sandopa02,2024,239,81,79.7,9.15,Post-Statcast (2015–2025)
sandsco01,2022,92,28,30.7,8.22,Post-Statcast (2015–2025)
sandsco01,2024,214,85,71.3,10.72,Post-Statcast (2015–2025)
sandsco01,2025,216,64,72,8,Post-Statcast (2015–2025)
sanmare01,2022,171,47,57,7.42,Post-Statcast (2015–2025)
santade01,2021,164,46,54.7,7.57,Post-Statcast (2015–2025)
santade01,2022,176,54,58.7,8.28,Post-Statcast (2015–2025)
santade01,2024,215,69,71.7,8.67,Post-Statcast (2015–2025)
santade01,2025,211,60,70.3,7.68,Post-Statcast (2015–2025)
santaed01,2018,199,54,66.3,7.33,Post-Statcast (2015–2025)
santaed01,2021,128,33,42.7,6.96,Post-Statcast (2015–2025)
santaer01,2005,401,99,133.7,6.67,Pre-Statcast (2005–2014)
santaer01,2006,612,141,204,6.22,Pre-Statcast (2005–2014)
santaer01,2007,450,126,150,7.56,Pre-Statcast (2005–2014)
santaer01,2008,657,214,219,8.79,Pre-Statcast (2005–2014)
santaer01,2009,419,107,139.7,6.89,Pre-Statcast (2005–2014)
santaer01,2010,668,169,222.7,6.83,Pre-Statcast (2005–2014)
santaer01,2011,686,178,228.7,7.01,Pre-Statcast (2005–2014)
santaer01,2012,534,133,178,6.72,Pre-Statcast (2005–2014)
santaer01,2013,633,161,211,6.87,Pre-Statcast (2005–2014)
santaer01,2014,588,179,196,8.22,Pre-Statcast (2005–2014)
santaer01,2015,324,82,108,6.83,Post-Statcast (2015–2025)
santaer01,2016,544,149,181.3,7.4,Post-Statcast (2015–2025)
santaer01,2017,634,167,211.3,7.11,Post-Statcast (2015–2025)
santaer01,2021,196,52,65.3,7.16,Post-Statcast (2015–2025)
santajo01,2005,695,238,231.7,9.25,Pre-Statcast (2005–2014)
santajo01,2006,701,245,233.7,9.44,Pre-Statcast (2005–2014)
santajo01,2007,657,235,219,9.66,Pre-Statcast (2005–2014)
santajo01,2008,703,206,234.3,7.91,Pre-Statcast (2005–2014)
santajo01,2009,500,146,166.7,7.88,Pre-Statcast (2005–2014)
santajo01,2010,597,144,199,6.51,Pre-Statcast (2005–2014)
santajo01,2012,351,111,117,8.54,Pre-Statcast (2005–2014)
santaju01,2005,126,49,42,10.5,Pre-Statcast (2005–2014)
santihe01,2012,211,79,70.3,10.11,Pre-Statcast (2005–2014)
santihe01,2013,447,137,149,8.28,Pre-Statcast (2005–2014)
santihe01,2014,382,108,127.3,7.63,Pre-Statcast (2005–2014)
santihe01,2015,542,162,180.7,8.07,Post-Statcast (2015–2025)
santihe01,2016,546,144,182,7.12,Post-Statcast (2015–2025)
santihe01,2017,211,51,70.3,6.53,Post-Statcast (2015–2025)
santihe01,2018,306,103,102,9.09,Post-Statcast (2015–2025)
santihe01,2019,101,40,33.7,10.69,Post-Statcast (2015–2025)
santito01,2021,130,56,43.3,11.63,Post-Statcast (2015–2025)
santito01,2024,90,46,30,13.8,Post-Statcast (2015–2025)
santito01,2025,221,75,73.7,9.16,Post-Statcast (2015–2025)
santogr01,2023,199,66,66.3,8.95,Post-Statcast (2015–2025)
santose01,2010,155,56,51.7,9.75,Pre-Statcast (2005–2014)
santose01,2011,190,92,63.3,13.07,Pre-Statcast (2005–2014)
santovi01,2005,425,89,141.7,5.65,Pre-Statcast (2005–2014)
santovi01,2006,346,81,115.3,6.32,Pre-Statcast (2005–2014)
santovi01,2007,190,48,63.3,6.82,Pre-Statcast (2005–2014)
sarfade01,2008,239,86,79.7,9.72,Pre-Statcast (2005–2014)
sasakro01,2025,109,28,36.3,6.94,Post-Statcast (2015–2025)
sauceta01,2023,143,43,47.7,8.12,Post-Statcast (2015–2025)
sauceta01,2024,116,38,38.7,8.84,Post-Statcast (2015–2025)
sauersc01,2005,107,35,35.7,8.83,Pre-Statcast (2005–2014)
saundjo01,2006,212,51,70.7,6.5,Pre-Statcast (2005–2014)
saundjo01,2007,322,69,107.3,5.79,Pre-Statcast (2005–2014)
saundjo01,2008,594,103,198,4.68,Pre-Statcast (2005–2014)
saundjo01,2009,558,101,186,4.89,Pre-Statcast (2005–2014)
saundjo01,2010,610,114,203.3,5.05,Pre-Statcast (2005–2014)
saundjo01,2011,636,108,212,4.58,Pre-Statcast (2005–2014)
saundjo01,2012,524,112,174.7,5.77,Pre-Statcast (2005–2014)
saundjo01,2013,549,107,183,5.26,Pre-Statcast (2005–2014)
saundjo01,2014,129,23,43,4.81,Pre-Statcast (2005–2014)
saupowa01,2017,188,44,62.7,6.32,Post-Statcast (2015–2025)
saupowa01,2018,103,16,34.3,4.19,Post-Statcast (2015–2025)
sawamhi01,2021,159,61,53,10.36,Post-Statcast (2015–2025)
sawamhi01,2022,152,40,50.7,7.11,Post-Statcast (2015–2025)
sborzjo01,2021,177,69,59,10.53,Post-Statcast (2015–2025)
sborzjo01,2023,157,66,52.3,11.35,Post-Statcast (2015–2025)
scahiro01,2013,100,20,33.3,5.4,Pre-Statcast (2005–2014)
scahiro01,2015,92,24,30.7,7.04,Post-Statcast (2015–2025)
scahiro01,2016,104,27,34.7,7.01,Post-Statcast (2015–2025)
schepta01,2012,97,30,32.3,8.35,Pre-Statcast (2005–2014)
schepta01,2013,230,59,76.7,6.93,Pre-Statcast (2005–2014)
schepta01,2015,115,32,38.3,7.51,Post-Statcast (2015–2025)
scherma01,2008,168,66,56,10.61,Pre-Statcast (2005–2014)
scherma01,2009,511,174,170.3,9.19,Pre-Statcast (2005–2014)
scherma01,2010,587,184,195.7,8.46,Pre-Statcast (2005–2014)
scherma01,2011,585,174,195,8.03,Pre-Statcast (2005–2014)
scherma01,2012,563,231,187.7,11.08,Pre-Statcast (2005–2014)
scherma01,2013,643,240,214.3,10.08,Pre-Statcast (2005–2014)
scherma01,2014,661,252,220.3,10.29,Pre-Statcast (2005–2014)
scherma01,2015,686,276,228.7,10.86,Post-Statcast (2015–2025)
scherma01,2016,685,284,228.3,11.19,Post-Statcast (2015–2025)
scherma01,2017,602,268,200.7,12.02,Post-Statcast (2015–2025)
scherma01,2018,662,300,220.7,12.24,Post-Statcast (2015–2025)
scherma01,2019,517,243,172.3,12.69,Post-Statcast (2015–2025)
scherma01,2020,202,92,67.3,12.3,Post-Statcast (2015–2025)
scherma01,2021,538,236,179.3,11.84,Post-Statcast (2015–2025)
scherma01,2022,436,173,145.3,10.71,Post-Statcast (2015–2025)
scherma01,2023,458,174,152.7,10.26,Post-Statcast (2015–2025)
scherma01,2024,130,40,43.3,8.31,Post-Statcast (2015–2025)
scherma01,2025,255,82,85,8.68,Post-Statcast (2015–2025)
schilcu01,2005,280,87,93.3,8.39,Pre-Statcast (2005–2014)
schilcu01,2006,612,183,204,8.07,Pre-Statcast (2005–2014)
schilcu01,2007,453,101,151,6.02,Pre-Statcast (2005–2014)
schleda01,2011,147,44,49,8.08,Pre-Statcast (2005–2014)
schlibr01,2014,169,31,56.3,4.95,Pre-Statcast (2005–2014)
schlica01,2025,219,84,73,10.36,Post-Statcast (2015–2025)
schmicl01,2022,173,56,57.7,8.74,Post-Statcast (2015–2025)
schmicl01,2023,477,149,159,8.43,Post-Statcast (2015–2025)
schmicl01,2024,256,93,85.3,9.81,Post-Statcast (2015–2025)
schmicl01,2025,236,73,78.7,8.35,Post-Statcast (2015–2025)
schmija01,2005,516,165,172,8.63,Pre-Statcast (2005–2014)
schmija01,2006,640,180,213.3,7.59,Pre-Statcast (2005–2014)
schmost01,2005,140,29,46.7,5.59,Pre-Statcast (2005–2014)
schoesc01,2005,171,43,57,6.79,Pre-Statcast (2005–2014)
schoesc01,2006,155,29,51.7,5.05,Pre-Statcast (2005–2014)
schoesc01,2007,177,41,59,6.25,Pre-Statcast (2005–2014)
schoesc01,2008,170,34,56.7,5.4,Pre-Statcast (2005–2014)
scholje01,2023,255,58,85,6.14,Post-Statcast (2015–2025)
schrejo01,2022,195,74,65,10.25,Post-Statcast (2015–2025)
schrejo01,2023,140,53,46.7,10.22,Post-Statcast (2015–2025)
schrejo01,2024,155,46,51.7,8.01,Post-Statcast (2015–2025)
schrejo01,2025,192,62,64,8.72,Post-Statcast (2015–2025)
schroch01,2007,136,43,45.3,8.54,Pre-Statcast (2005–2014)
schugaj01,2016,156,46,52,7.96,Post-Statcast (2015–2025)
schugaj01,2017,96,27,32,7.59,Post-Statcast (2015–2025)
schulbo02,2015,129,31,43,6.49,Post-Statcast (2015–2025)
schulja02,2018,91,35,30.3,10.38,Post-Statcast (2015–2025)
schwesp01,2024,371,127,123.7,9.24,Post-Statcast (2015–2025)
schwesp01,2025,332,108,110.7,8.78,Post-Statcast (2015–2025)
schwimi01,2012,103,36,34.3,9.44,Pre-Statcast (2005–2014)
scottch01,2024,142,39,47.3,7.42,Post-Statcast (2015–2025)
scottro02,2017,107,31,35.7,7.82,Post-Statcast (2015–2025)
scottta01,2018,160,76,53.3,12.83,Post-Statcast (2015–2025)
scottta01,2021,162,70,54,11.67,Post-Statcast (2015–2025)
scottta01,2022,188,90,62.7,12.93,Post-Statcast (2015–2025)
scottta01,2023,234,104,78,12,Post-Statcast (2015–2025)
scottta01,2024,216,84,72,10.5,Post-Statcast (2015–2025)
scottta01,2025,171,60,57,9.47,Post-Statcast (2015–2025)
scottta02,2024,206,71,68.7,9.31,Post-Statcast (2015–2025)
scribev01,2012,106,30,35.3,7.64,Pre-Statcast (2005–2014)
scribev01,2015,180,64,60,9.6,Post-Statcast (2015–2025)
seaboco01,2023,262,67,87.3,6.9,Post-Statcast (2015–2025)
seaneru01,2005,181,84,60.3,12.53,Pre-Statcast (2005–2014)
seaneru01,2006,159,54,53,9.17,Pre-Statcast (2005–2014)
seaneru01,2007,228,73,76,8.64,Pre-Statcast (2005–2014)
seaneru01,2008,130,30,43.3,6.23,Pre-Statcast (2005–2014)
searsjp01,2022,210,51,70,6.56,Post-Statcast (2015–2025)
searsjp01,2023,517,161,172.3,8.41,Post-Statcast (2015–2025)
searsjp01,2024,542,137,180.7,6.82,Post-Statcast (2015–2025)
searsjp01,2025,407,117,135.7,7.76,Post-Statcast (2015–2025)
seaybo01,2007,139,38,46.3,7.38,Pre-Statcast (2005–2014)
seaybo01,2008,169,58,56.3,9.27,Pre-Statcast (2005–2014)
seaybo01,2009,146,37,48.7,6.84,Pre-Statcast (2005–2014)
seddoch01,2012,103,18,34.3,4.72,Pre-Statcast (2005–2014)
seleaa01,2005,348,53,116,4.11,Pre-Statcast (2005–2014)
seleaa01,2006,310,57,103.3,4.96,Pre-Statcast (2005–2014)
seleaa01,2007,161,29,53.7,4.86,Pre-Statcast (2005–2014)
sengako01,2023,499,202,166.3,10.93,Post-Statcast (2015–2025)
sengako01,2025,340,109,113.3,8.66,Post-Statcast (2015–2025)
senzaan01,2017,404,102,134.7,6.82,Post-Statcast (2015–2025)
senzaan01,2018,271,69,90.3,6.87,Post-Statcast (2015–2025)
senzaan01,2019,374,76,124.7,5.49,Post-Statcast (2015–2025)
senzaan01,2020,220,41,73.3,5.03,Post-Statcast (2015–2025)
senzaan01,2021,470,105,156.7,6.03,Post-Statcast (2015–2025)
senzaan01,2022,277,54,92.3,5.26,Post-Statcast (2015–2025)
senzaan01,2025,390,73,130,5.05,Post-Statcast (2015–2025)
seoja01,2005,271,59,90.3,5.88,Pre-Statcast (2005–2014)
seoja01,2006,471,88,157,5.04,Pre-Statcast (2005–2014)
seoja01,2007,156,28,52,4.85,Pre-Statcast (2005–2014)
severlu01,2015,187,56,62.3,8.09,Post-Statcast (2015–2025)
severlu01,2016,213,66,71,8.37,Post-Statcast (2015–2025)
severlu01,2017,580,230,193.3,10.71,Post-Statcast (2015–2025)
severlu01,2018,574,220,191.3,10.35,Post-Statcast (2015–2025)
severlu01,2022,306,112,102,9.88,Post-Statcast (2015–2025)
severlu01,2023,268,79,89.3,7.96,Post-Statcast (2015–2025)
severlu01,2024,546,161,182,7.96,Post-Statcast (2015–2025)
severlu01,2025,488,124,162.7,6.86,Post-Statcast (2015–2025)
sewalpa01,2017,196,69,65.3,9.51,Post-Statcast (2015–2025)
sewalpa01,2018,169,58,56.3,9.27,Post-Statcast (2015–2025)
sewalpa01,2021,194,104,64.7,14.47,Post-Statcast (2015–2025)
sewalpa01,2022,192,72,64,10.12,Post-Statcast (2015–2025)
sewalpa01,2023,182,80,60.7,11.87,Post-Statcast (2015–2025)
sewalpa01,2024,119,43,39.7,9.76,Post-Statcast (2015–2025)
seymoca01,2025,108,26,36,6.5,Post-Statcast (2015–2025)
seymoia01,2025,171,64,57,10.11,Post-Statcast (2015–2025)
shackke01,2017,92,38,30.7,11.15,Post-Statcast (2015–2025)
shafeju01,2019,119,39,39.7,8.85,Post-Statcast (2015–2025)
shawbr01,2012,178,41,59.3,6.22,Pre-Statcast (2005–2014)
shawbr01,2013,225,73,75,8.76,Pre-Statcast (2005–2014)
shawbr01,2014,229,64,76.3,7.55,Pre-Statcast (2005–2014)
shawbr01,2015,192,54,64,7.59,Post-Statcast (2015–2025)
shawbr01,2016,200,69,66.7,9.31,Post-Statcast (2015–2025)
shawbr01,2017,230,73,76.7,8.57,Post-Statcast (2015–2025)
shawbr01,2018,164,54,54.7,8.89,Post-Statcast (2015–2025)
shawbr01,2019,216,58,72,7.25,Post-Statcast (2015–2025)
shawbr01,2021,232,71,77.3,8.26,Post-Statcast (2015–2025)
shawbr01,2022,175,52,58.3,8.02,Post-Statcast (2015–2025)
shawbr01,2023,137,40,45.7,7.88,Post-Statcast (2015–2025)
shearto01,2007,98,16,32.7,4.41,Pre-Statcast (2005–2014)
sheehem01,2023,181,64,60.3,9.55,Post-Statcast (2015–2025)
sheehem01,2025,220,89,73.3,10.92,Post-Statcast (2015–2025)
sheetbe01,2005,470,141,156.7,8.1,Pre-Statcast (2005–2014)
sheetbe01,2006,318,116,106,9.85,Pre-Statcast (2005–2014)
sheetbe01,2007,424,106,141.3,6.75,Pre-Statcast (2005–2014)
sheetbe01,2008,595,158,198.3,7.17,Pre-Statcast (2005–2014)
sheetbe01,2010,358,84,119.3,6.34,Pre-Statcast (2005–2014)
sheetbe01,2012,148,35,49.3,6.39,Pre-Statcast (2005–2014)
sheffju01,2019,108,37,36,9.25,Post-Statcast (2015–2025)
sheffju01,2020,166,48,55.3,7.81,Post-Statcast (2015–2025)
sheffju01,2021,241,63,80.3,7.06,Post-Statcast (2015–2025)
shellst01,2008,150,41,50,7.38,Pre-Statcast (2005–2014)
sherrge01,2006,120,42,40,9.45,Pre-Statcast (2005–2014)
sherrge01,2007,137,56,45.7,11.04,Pre-Statcast (2005–2014)
sherrge01,2008,160,58,53.3,9.79,Pre-Statcast (2005–2014)
sherrge01,2009,207,61,69,7.96,Pre-Statcast (2005–2014)
sherrge01,2010,109,25,36.3,6.19,Pre-Statcast (2005–2014)
sherrge01,2011,108,38,36,9.5,Pre-Statcast (2005–2014)
shielja02,2006,374,104,124.7,7.51,Pre-Statcast (2005–2014)
shielja02,2007,645,184,215,7.7,Pre-Statcast (2005–2014)
shielja02,2008,645,160,215,6.7,Pre-Statcast (2005–2014)
shielja02,2009,659,167,219.7,6.84,Pre-Statcast (2005–2014)
shielja02,2010,610,187,203.3,8.28,Pre-Statcast (2005–2014)
shielja02,2011,748,225,249.3,8.12,Pre-Statcast (2005–2014)
shielja02,2012,683,223,227.7,8.82,Pre-Statcast (2005–2014)
shielja02,2013,686,196,228.7,7.71,Pre-Statcast (2005–2014)
shielja02,2014,681,180,227,7.14,Pre-Statcast (2005–2014)
shielja02,2015,607,216,202.3,9.61,Post-Statcast (2015–2025)
shielja02,2016,545,135,181.7,6.69,Post-Statcast (2015–2025)
shielja02,2017,351,103,117,7.92,Post-Statcast (2015–2025)
shielja02,2018,614,154,204.7,6.77,Post-Statcast (2015–2025)
shielsc01,2005,275,98,91.7,9.62,Pre-Statcast (2005–2014)
shielsc01,2006,263,84,87.7,8.62,Pre-Statcast (2005–2014)
shielsc01,2007,231,77,77,9,Pre-Statcast (2005–2014)
shielsc01,2008,190,64,63.3,9.09,Pre-Statcast (2005–2014)
shielsc01,2010,138,39,46,7.63,Pre-Statcast (2005–2014)
shiplbr01,2016,210,43,70,5.53,Post-Statcast (2015–2025)
shoemma01,2014,408,124,136,8.21,Pre-Statcast (2005–2014)
shoemma01,2015,406,116,135.3,7.71,Post-Statcast (2015–2025)
shoemma01,2016,480,143,160,8.04,Post-Statcast (2015–2025)
shoemma01,2017,233,69,77.7,8,Post-Statcast (2015–2025)
shoemma01,2018,93,33,31,9.58,Post-Statcast (2015–2025)
shoemma01,2021,181,40,60.3,5.97,Post-Statcast (2015–2025)
shousbr01,2005,160,35,53.3,5.91,Pre-Statcast (2005–2014)
shousbr01,2006,115,23,38.3,5.4,Pre-Statcast (2005–2014)
shousbr01,2007,143,32,47.7,6.04,Pre-Statcast (2005–2014)
shousbr01,2008,154,33,51.3,5.79,Pre-Statcast (2005–2014)
shrevch01,2015,175,64,58.3,9.87,Post-Statcast (2015–2025)
shrevch01,2016,99,33,33,9,Post-Statcast (2015–2025)
shrevch01,2017,136,58,45.3,11.51,Post-Statcast (2015–2025)
shrevch01,2018,158,62,52.7,10.59,Post-Statcast (2015–2025)
shrevch01,2021,169,45,56.3,7.19,Post-Statcast (2015–2025)
shrevch01,2023,134,45,44.7,9.07,Post-Statcast (2015–2025)
shugach01,2025,135,31,45,6.2,Post-Statcast (2015–2025)
shustja01,2023,158,30,52.7,5.13,Post-Statcast (2015–2025)
shustja01,2024,220,56,73.3,6.87,Post-Statcast (2015–2025)
siegrke01,2013,119,50,39.7,11.34,Pre-Statcast (2005–2014)
siegrke01,2014,91,37,30.3,10.98,Pre-Statcast (2005–2014)
siegrke01,2015,224,90,74.7,10.85,Post-Statcast (2015–2025)
siegrke01,2016,185,66,61.7,9.63,Post-Statcast (2015–2025)
siegrke01,2017,118,43,39.3,9.84,Post-Statcast (2015–2025)
sikorbr01,2006,102,38,34,10.06,Pre-Statcast (2005–2014)
silsech01,2023,157,56,52.3,9.63,Post-Statcast (2015–2025)
silvaca01,2005,565,71,188.3,3.39,Pre-Statcast (2005–2014)
silvaca01,2006,541,70,180.3,3.49,Pre-Statcast (2005–2014)
silvaca01,2007,606,89,202,3.97,Pre-Statcast (2005–2014)
silvaca01,2008,460,69,153.3,4.05,Pre-Statcast (2005–2014)
silvaca01,2009,91,10,30.3,2.97,Pre-Statcast (2005–2014)
silvaca01,2010,339,80,113,6.37,Pre-Statcast (2005–2014)
simonal01,2010,148,37,49.3,6.75,Pre-Statcast (2005–2014)
simonal01,2011,347,83,115.7,6.46,Pre-Statcast (2005–2014)
simonal01,2012,183,52,61,7.67,Pre-Statcast (2005–2014)
simonal01,2013,263,63,87.7,6.47,Pre-Statcast (2005–2014)
simonal01,2014,589,127,196.3,5.82,Pre-Statcast (2005–2014)
simonal01,2015,561,117,187,5.63,Post-Statcast (2015–2025)
simonal01,2016,176,39,58.7,5.98,Post-Statcast (2015–2025)
simonja01,2007,212,42,70.7,5.35,Pre-Statcast (2005–2014)
simpsjo02,2025,92,36,30.7,10.57,Post-Statcast (2015–2025)
simslu01,2017,173,44,57.7,6.87,Post-Statcast (2015–2025)
simslu01,2019,129,57,43,11.93,Post-Statcast (2015–2025)
simslu01,2021,141,76,47,14.55,Post-Statcast (2015–2025)
simslu01,2023,183,72,61,10.62,Post-Statcast (2015–2025)
simslu01,2024,148,49,49.3,8.94,Post-Statcast (2015–2025)
singebr01,2020,193,61,64.3,8.53,Post-Statcast (2015–2025)
singebr01,2021,385,131,128.3,9.19,Post-Statcast (2015–2025)
singebr01,2022,460,150,153.3,8.8,Post-Statcast (2015–2025)
singebr01,2023,479,133,159.7,7.5,Post-Statcast (2015–2025)
singebr01,2024,539,170,179.7,8.52,Post-Statcast (2015–2025)
singebr01,2025,509,163,169.7,8.65,Post-Statcast (2015–2025)
sippto01,2009,120,48,40,10.8,Pre-Statcast (2005–2014)
sippto01,2010,189,69,63,9.86,Pre-Statcast (2005–2014)
sippto01,2011,187,57,62.3,8.23,Pre-Statcast (2005–2014)
sippto01,2012,165,51,55,8.35,Pre-Statcast (2005–2014)
sippto01,2013,113,42,37.7,10.04,Pre-Statcast (2005–2014)
sippto01,2014,152,63,50.7,11.19,Pre-Statcast (2005–2014)
sippto01,2015,163,62,54.3,10.27,Post-Statcast (2015–2025)
sippto01,2016,131,40,43.7,8.24,Post-Statcast (2015–2025)
sippto01,2017,112,39,37.3,9.4,Post-Statcast (2015–2025)
sippto01,2018,116,42,38.7,9.78,Post-Statcast (2015–2025)
siscoan01,2005,226,76,75.3,9.08,Pre-Statcast (2005–2014)
siscoan01,2006,175,52,58.3,8.02,Pre-Statcast (2005–2014)
skaggty01,2013,116,36,38.7,8.38,Pre-Statcast (2005–2014)
skaggty01,2014,339,86,113,6.85,Pre-Statcast (2005–2014)
skaggty01,2016,149,50,49.7,9.06,Post-Statcast (2015–2025)
skaggty01,2017,255,76,85,8.05,Post-Statcast (2015–2025)
skaggty01,2018,376,129,125.3,9.26,Post-Statcast (2015–2025)
skaggty01,2019,239,78,79.7,8.81,Post-Statcast (2015–2025)
skenepa01,2024,399,170,133,11.5,Post-Statcast (2015–2025)
skenepa01,2025,563,216,187.7,10.36,Post-Statcast (2015–2025)
skogler01,2018,210,49,70,6.3,Post-Statcast (2015–2025)
skubata01,2020,96,37,32,10.41,Post-Statcast (2015–2025)
skubata01,2021,448,164,149.3,9.88,Post-Statcast (2015–2025)
skubata01,2022,353,117,117.7,8.95,Post-Statcast (2015–2025)
skubata01,2023,241,102,80.3,11.43,Post-Statcast (2015–2025)
skubata01,2024,576,228,192,10.69,Post-Statcast (2015–2025)
skubata01,2025,586,241,195.3,11.1,Post-Statcast (2015–2025)
slatedo01,2007,109,28,36.3,6.94,Pre-Statcast (2005–2014)
slatedo01,2008,97,20,32.3,5.57,Pre-Statcast (2005–2014)
slatedo01,2010,122,36,40.7,7.97,Pre-Statcast (2005–2014)
slateju01,2024,166,58,55.3,9.43,Post-Statcast (2015–2025)
slateju01,2025,102,25,34,6.62,Post-Statcast (2015–2025)
slegeaa01,2021,93,25,31,7.26,Post-Statcast (2015–2025)
sloweke01,2007,200,47,66.7,6.34,Pre-Statcast (2005–2014)
sloweke01,2008,481,123,160.3,6.9,Pre-Statcast (2005–2014)
sloweke01,2009,272,75,90.7,7.44,Pre-Statcast (2005–2014)
sloweke01,2010,467,116,155.7,6.71,Pre-Statcast (2005–2014)
sloweke01,2011,178,34,59.3,5.16,Pre-Statcast (2005–2014)
sloweke01,2013,276,76,92,7.43,Pre-Statcast (2005–2014)
sloweke01,2014,112,24,37.3,5.79,Pre-Statcast (2005–2014)
smallaa01,2005,228,37,76,4.38,Pre-Statcast (2005–2014)
smeltde01,2019,147,38,49,6.98,Post-Statcast (2015–2025)
smeltde01,2022,211,40,70.3,5.12,Post-Statcast (2015–2025)
smithaj01,2025,133,42,44.3,8.53,Post-Statcast (2015–2025)
smithbu03,2013,109,46,36.3,11.39,Pre-Statcast (2005–2014)
smithbu03,2018,234,77,78,8.88,Post-Statcast (2015–2025)
smithbu03,2021,130,28,43.3,5.82,Post-Statcast (2015–2025)
smithbu03,2024,169,46,56.3,7.35,Post-Statcast (2015–2025)
smithca02,2015,210,92,70,11.83,Post-Statcast (2015–2025)
smithca03,2018,232,88,77.3,10.24,Post-Statcast (2015–2025)
smithca03,2019,460,168,153.3,9.86,Post-Statcast (2015–2025)
smithca03,2021,341,124,113.7,9.82,Post-Statcast (2015–2025)
smithca03,2022,210,65,70,8.36,Post-Statcast (2015–2025)
smithca05,2024,226,103,75.3,12.31,Post-Statcast (2015–2025)
smithca05,2025,221,104,73.7,12.71,Post-Statcast (2015–2025)
smithch07,2009,138,35,46,6.85,Pre-Statcast (2005–2014)
smithch07,2017,167,31,55.7,5.01,Post-Statcast (2015–2025)
smithdr01,2021,124,41,41.3,8.93,Post-Statcast (2015–2025)
smithdr01,2022,138,53,46,10.37,Post-Statcast (2015–2025)
smithdr01,2023,169,60,56.3,9.59,Post-Statcast (2015–2025)
smithgr02,2008,571,111,190.3,5.25,Pre-Statcast (2005–2014)
smithgr02,2010,117,31,39,7.15,Pre-Statcast (2005–2014)
smithjo05,2007,133,45,44.3,9.14,Pre-Statcast (2005–2014)
smithjo05,2008,190,52,63.3,7.39,Pre-Statcast (2005–2014)
smithjo05,2009,102,30,34,7.94,Pre-Statcast (2005–2014)
smithjo05,2010,120,32,40,7.2,Pre-Statcast (2005–2014)
smithjo05,2011,201,45,67,6.04,Pre-Statcast (2005–2014)
smithjo05,2012,201,53,67,7.12,Pre-Statcast (2005–2014)
smithjo05,2013,189,54,63,7.71,Pre-Statcast (2005–2014)
smithjo05,2014,224,68,74.7,8.2,Pre-Statcast (2005–2014)
smithjo05,2015,196,57,65.3,7.85,Post-Statcast (2015–2025)
smithjo05,2016,156,40,52,6.92,Post-Statcast (2015–2025)
smithjo05,2017,162,71,54,11.83,Post-Statcast (2015–2025)
smithjo05,2018,137,46,45.7,9.07,Post-Statcast (2015–2025)
smithjo05,2021,119,34,39.7,7.71,Post-Statcast (2015–2025)
smithjo06,2010,126,26,42,5.57,Pre-Statcast (2005–2014)
smithjo07,2015,98,30,32.7,8.27,Post-Statcast (2015–2025)
smithjo07,2016,179,48,59.7,7.24,Post-Statcast (2015–2025)
smithjo07,2017,105,25,35,6.43,Post-Statcast (2015–2025)
smithjo07,2019,93,29,31,8.42,Post-Statcast (2015–2025)
smithri01,2021,202,36,67.3,4.81,Post-Statcast (2015–2025)
smithsh02,2025,439,145,146.3,8.92,Post-Statcast (2015–2025)
smithwi04,2012,269,59,89.7,5.92,Pre-Statcast (2005–2014)
smithwi04,2013,100,43,33.3,11.61,Pre-Statcast (2005–2014)
smithwi04,2014,197,86,65.7,11.79,Pre-Statcast (2005–2014)
smithwi04,2015,190,91,63.3,12.93,Post-Statcast (2015–2025)
smithwi04,2016,121,48,40.3,10.71,Post-Statcast (2015–2025)
smithwi04,2018,159,71,53,12.06,Post-Statcast (2015–2025)
smithwi04,2019,196,96,65.3,13.22,Post-Statcast (2015–2025)
smithwi04,2021,204,87,68,11.51,Post-Statcast (2015–2025)
smithwi04,2022,177,65,59,9.92,Post-Statcast (2015–2025)
smithwi04,2023,172,55,57.3,8.63,Post-Statcast (2015–2025)
smithwi04,2024,124,29,41.3,6.31,Post-Statcast (2015–2025)
smokejo01,2017,169,68,56.3,10.86,Post-Statcast (2015–2025)
smoltjo01,2005,689,169,229.7,6.62,Pre-Statcast (2005–2014)
smoltjo01,2006,696,211,232,8.19,Pre-Statcast (2005–2014)
smoltjo01,2007,617,197,205.7,8.62,Pre-Statcast (2005–2014)
smoltjo01,2009,234,73,78,8.42,Pre-Statcast (2005–2014)
smylydr01,2012,298,94,99.3,8.52,Pre-Statcast (2005–2014)
smylydr01,2013,228,81,76,9.59,Pre-Statcast (2005–2014)
smylydr01,2014,459,133,153,7.82,Pre-Statcast (2005–2014)
smylydr01,2015,200,77,66.7,10.39,Post-Statcast (2015–2025)
smylydr01,2016,526,167,175.3,8.57,Post-Statcast (2015–2025)
smylydr01,2019,342,120,114,9.47,Post-Statcast (2015–2025)
smylydr01,2021,380,117,126.7,8.31,Post-Statcast (2015–2025)
smylydr01,2022,319,91,106.3,7.7,Post-Statcast (2015–2025)
smylydr01,2023,427,141,142.3,8.92,Post-Statcast (2015–2025)
smylydr01,2024,176,56,58.7,8.59,Post-Statcast (2015–2025)
sneadki01,2022,134,35,44.7,7.05,Post-Statcast (2015–2025)
snellbl01,2016,267,98,89,9.91,Post-Statcast (2015–2025)
snellbl01,2017,388,119,129.3,8.28,Post-Statcast (2015–2025)
snellbl01,2018,542,221,180.7,11.01,Post-Statcast (2015–2025)
snellbl01,2019,321,147,107,12.36,Post-Statcast (2015–2025)
snellbl01,2020,150,63,50,11.34,Post-Statcast (2015–2025)
snellbl01,2021,386,170,128.7,11.89,Post-Statcast (2015–2025)
snellbl01,2022,384,171,128,12.02,Post-Statcast (2015–2025)
snellbl01,2023,540,234,180,11.7,Post-Statcast (2015–2025)
snellbl01,2024,312,145,104,12.55,Post-Statcast (2015–2025)
snellbl01,2025,184,72,61.3,10.57,Post-Statcast (2015–2025)
snellia01,2005,126,34,42,7.29,Pre-Statcast (2005–2014)
snellia01,2006,558,169,186,8.18,Pre-Statcast (2005–2014)
snellia01,2007,624,177,208,7.66,Pre-Statcast (2005–2014)
snellia01,2008,493,135,164.3,7.39,Pre-Statcast (2005–2014)
snellia01,2009,435,89,145,5.52,Pre-Statcast (2005–2014)
snellia01,2010,139,26,46.3,5.05,Pre-Statcast (2005–2014)
snideco01,2022,103,22,34.3,5.77,Post-Statcast (2015–2025)
snideco01,2024,125,47,41.7,10.15,Post-Statcast (2015–2025)
snydeky01,2005,108,19,36,4.75,Pre-Statcast (2005–2014)
snydeky01,2006,181,57,60.3,8.5,Pre-Statcast (2005–2014)
snydeky01,2007,163,41,54.3,6.79,Pre-Statcast (2005–2014)
soleral01,2006,135,23,45,4.6,Pre-Statcast (2005–2014)
solissa01,2016,123,47,41,10.32,Post-Statcast (2015–2025)
solissa01,2018,118,44,39.3,10.07,Post-Statcast (2015–2025)
sonnaan01,2007,392,97,130.7,6.68,Pre-Statcast (2005–2014)
sonnaan01,2008,580,124,193.3,5.77,Pre-Statcast (2005–2014)
sonnaan01,2009,299,60,99.7,5.42,Pre-Statcast (2005–2014)
sonnaan01,2010,243,50,81,5.56,Pre-Statcast (2005–2014)
sonnaan01,2011,107,12,35.7,3.03,Pre-Statcast (2005–2014)
soriage01,2023,156,52,52,9,Post-Statcast (2015–2025)
soriage01,2025,110,36,36.7,8.84,Post-Statcast (2015–2025)
soriajo01,2007,207,75,69,9.78,Pre-Statcast (2005–2014)
soriajo01,2008,202,66,67.3,8.82,Pre-Statcast (2005–2014)
soriajo01,2009,159,69,53,11.72,Pre-Statcast (2005–2014)
soriajo01,2010,197,71,65.7,9.73,Pre-Statcast (2005–2014)
soriajo01,2011,181,60,60.3,8.95,Pre-Statcast (2005–2014)
soriajo01,2014,133,48,44.3,9.74,Pre-Statcast (2005–2014)
soriajo01,2015,203,64,67.7,8.51,Post-Statcast (2015–2025)
soriajo01,2016,200,68,66.7,9.18,Post-Statcast (2015–2025)
soriajo01,2017,168,64,56,10.29,Post-Statcast (2015–2025)
soriajo01,2018,182,75,60.7,11.13,Post-Statcast (2015–2025)
soriajo01,2019,207,79,69,10.3,Post-Statcast (2015–2025)
soriajo01,2021,112,40,37.3,9.64,Post-Statcast (2015–2025)
soriajo02,2023,126,56,42,12,Post-Statcast (2015–2025)
soriajo02,2024,339,97,113,7.73,Post-Statcast (2015–2025)
soriajo02,2025,507,152,169,8.09,Post-Statcast (2015–2025)
soriara01,2006,180,65,60,9.75,Pre-Statcast (2005–2014)
soriara01,2007,216,70,72,8.75,Pre-Statcast (2005–2014)
soriara01,2009,227,102,75.7,12.13,Pre-Statcast (2005–2014)
soriara01,2010,187,57,62.3,8.23,Pre-Statcast (2005–2014)
soriara01,2011,118,36,39.3,8.24,Pre-Statcast (2005–2014)
soriara01,2012,203,69,67.7,9.18,Pre-Statcast (2005–2014)
soriara01,2013,200,51,66.7,6.88,Pre-Statcast (2005–2014)
soriara01,2014,186,59,62,8.56,Pre-Statcast (2005–2014)
sorokmi01,2019,524,142,174.7,7.32,Post-Statcast (2015–2025)
sorokmi01,2023,97,29,32.3,8.07,Post-Statcast (2015–2025)
sorokmi01,2024,239,84,79.7,9.49,Post-Statcast (2015–2025)
sorokmi01,2025,269,95,89.7,9.54,Post-Statcast (2015–2025)
sosahe01,2011,160,38,53.3,6.41,Pre-Statcast (2005–2014)
sosajo02,2005,402,85,134,5.71,Pre-Statcast (2005–2014)
sosajo02,2006,354,75,118,5.72,Pre-Statcast (2005–2014)
sosajo02,2007,338,69,112.7,5.51,Pre-Statcast (2005–2014)
sosajo02,2010,110,19,36.7,4.66,Pre-Statcast (2005–2014)
sotogr01,2019,173,45,57.7,7.02,Post-Statcast (2015–2025)
sotogr01,2021,191,76,63.7,10.74,Post-Statcast (2015–2025)
sotogr01,2022,181,60,60.3,8.95,Post-Statcast (2015–2025)
sotogr01,2023,181,65,60.3,9.7,Post-Statcast (2015–2025)
sotogr01,2024,159,65,53,11.04,Post-Statcast (2015–2025)
sotogr01,2025,181,70,60.3,10.44,Post-Statcast (2015–2025)
sousabe01,2025,152,59,50.7,10.48,Post-Statcast (2015–2025)
sowerje01,2006,265,35,88.3,3.57,Pre-Statcast (2005–2014)
sowerje01,2007,202,24,67.3,3.21,Pre-Statcast (2005–2014)
sowerje01,2008,363,64,121,4.76,Pre-Statcast (2005–2014)
sowerje01,2009,370,51,123.3,3.72,Pre-Statcast (2005–2014)
sparkgl01,2018,115,27,38.3,6.34,Post-Statcast (2015–2025)
sparkgl01,2019,408,81,136,5.36,Post-Statcast (2015–2025)
speiega01,2023,164,64,54.7,10.54,Post-Statcast (2015–2025)
speiega01,2025,186,82,62,11.9,Post-Statcast (2015–2025)
speieju01,2005,200,56,66.7,7.56,Pre-Statcast (2005–2014)
speieju01,2006,154,55,51.3,9.64,Pre-Statcast (2005–2014)
speieju01,2007,150,47,50,8.46,Pre-Statcast (2005–2014)
speieju01,2008,204,56,68,7.41,Pre-Statcast (2005–2014)
speieju01,2009,120,39,40,8.78,Pre-Statcast (2005–2014)
speiery01,2008,153,33,51,5.82,Pre-Statcast (2005–2014)
speigle01,2007,120,19,40,4.27,Pre-Statcast (2005–2014)
spencmi01,2024,454,126,151.3,7.49,Post-Statcast (2015–2025)
spencmi01,2025,254,66,84.7,7.02,Post-Statcast (2015–2025)
spierca01,2024,272,80,90.7,7.94,Post-Statcast (2015–2025)
sprinje01,2018,96,31,32,8.72,Post-Statcast (2015–2025)
sprinje01,2019,97,32,32.3,8.91,Post-Statcast (2015–2025)
sprinje01,2021,134,63,44.7,12.69,Post-Statcast (2015–2025)
sprinje01,2022,406,144,135.3,9.58,Post-Statcast (2015–2025)
sprinje01,2024,99,37,33,10.09,Post-Statcast (2015–2025)
sprinje01,2025,513,138,171,7.26,Post-Statcast (2015–2025)
sprinru01,2005,177,54,59,8.24,Pre-Statcast (2005–2014)
sprinru01,2006,179,46,59.7,6.94,Pre-Statcast (2005–2014)
sprinru01,2007,198,66,66,9,Pre-Statcast (2005–2014)
sprinru01,2008,151,45,50.3,8.05,Pre-Statcast (2005–2014)
sprinru01,2009,171,58,57,9.16,Pre-Statcast (2005–2014)
spurlch01,2005,212,26,70.7,3.31,Pre-Statcast (2005–2014)
spurlch01,2007,150,28,50,5.04,Pre-Statcast (2005–2014)
stammcr01,2009,317,48,105.7,4.09,Pre-Statcast (2005–2014)
stammcr01,2010,384,85,128,5.98,Pre-Statcast (2005–2014)
stammcr01,2012,265,87,88.3,8.86,Pre-Statcast (2005–2014)
stammcr01,2013,245,79,81.7,8.71,Pre-Statcast (2005–2014)
stammcr01,2014,218,56,72.7,6.94,Pre-Statcast (2005–2014)
stammcr01,2017,241,74,80.3,8.29,Post-Statcast (2015–2025)
stammcr01,2018,237,88,79,10.03,Post-Statcast (2015–2025)
stammcr01,2019,246,73,82,8.01,Post-Statcast (2015–2025)
stammcr01,2021,265,83,88.3,8.46,Post-Statcast (2015–2025)
stammcr01,2022,122,35,40.7,7.75,Post-Statcast (2015–2025)
standja01,2005,100,19,33.3,5.13,Pre-Statcast (2005–2014)
stanery01,2018,199,81,66.3,10.99,Post-Statcast (2015–2025)
stanery01,2019,231,89,77,10.4,Post-Statcast (2015–2025)
stanery01,2021,205,83,68.3,10.93,Post-Statcast (2015–2025)
stanery01,2022,164,62,54.7,10.21,Post-Statcast (2015–2025)
stanery01,2023,152,51,50.7,9.06,Post-Statcast (2015–2025)
stanery01,2024,166,67,55.3,10.9,Post-Statcast (2015–2025)
stanery01,2025,168,58,56,9.32,Post-Statcast (2015–2025)
stantmi02,2005,128,27,42.7,5.7,Pre-Statcast (2005–2014)
stantmi02,2006,203,48,67.7,6.38,Pre-Statcast (2005–2014)
stantmi02,2007,173,40,57.7,6.24,Pre-Statcast (2005–2014)
staufti01,2005,243,49,81,5.44,Pre-Statcast (2005–2014)
staufti01,2009,219,53,73,6.53,Pre-Statcast (2005–2014)
staufti01,2010,248,61,82.7,6.64,Pre-Statcast (2005–2014)
staufti01,2011,557,128,185.7,6.2,Pre-Statcast (2005–2014)
staufti01,2013,209,64,69.7,8.27,Pre-Statcast (2005–2014)
staufti01,2014,193,67,64.3,9.37,Pre-Statcast (2005–2014)
staumjo01,2021,197,72,65.7,9.87,Post-Statcast (2015–2025)
staumjo01,2022,113,43,37.7,10.27,Post-Statcast (2015–2025)
steckdr01,2017,104,54,34.7,14.02,Post-Statcast (2015–2025)
steckdr01,2018,194,74,64.7,10.3,Post-Statcast (2015–2025)
steckdr01,2021,203,58,67.7,7.71,Post-Statcast (2015–2025)
steelju01,2021,171,59,57,9.32,Post-Statcast (2015–2025)
steelju01,2022,357,126,119,9.53,Post-Statcast (2015–2025)
steelju01,2023,520,176,173.3,9.14,Post-Statcast (2015–2025)
steelju01,2024,404,135,134.7,9.02,Post-Statcast (2015–2025)
stephja01,2018,115,33,38.3,7.75,Post-Statcast (2015–2025)
stephja01,2022,161,47,53.7,7.88,Post-Statcast (2015–2025)
stephro01,2016,111,31,37,7.54,Post-Statcast (2015–2025)
stephro01,2017,254,86,84.7,9.14,Post-Statcast (2015–2025)
stephro01,2019,194,81,64.7,11.27,Post-Statcast (2015–2025)
stephro01,2021,138,52,46,10.17,Post-Statcast (2015–2025)
stephro01,2022,174,55,58,8.53,Post-Statcast (2015–2025)
stephro01,2023,157,77,52.3,13.24,Post-Statcast (2015–2025)
stephtr01,2021,190,75,63.3,10.66,Post-Statcast (2015–2025)
stephtr01,2022,191,82,63.7,11.59,Post-Statcast (2015–2025)
stephtr01,2023,206,75,68.7,9.83,Post-Statcast (2015–2025)
sternju01,2025,195,70,65,9.69,Post-Statcast (2015–2025)
stettmi01,2009,135,44,45,8.8,Pre-Statcast (2005–2014)
stewabr01,2017,103,29,34.3,7.6,Post-Statcast (2015–2025)
stewabr01,2025,113,44,37.7,10.51,Post-Statcast (2015–2025)
stewako01,2018,110,24,36.7,5.89,Post-Statcast (2015–2025)
stewaza01,2011,202,45,67.3,6.01,Pre-Statcast (2005–2014)
stewaza01,2012,107,19,35.7,4.79,Pre-Statcast (2005–2014)
stitema01,2014,99,26,33,7.09,Pre-Statcast (2005–2014)
stockro01,2018,119,38,39.7,8.62,Post-Statcast (2015–2025)
stokebr01,2007,187,35,62.3,5.05,Pre-Statcast (2005–2014)
stokebr01,2008,100,26,33.3,7.02,Pre-Statcast (2005–2014)
stokebr01,2009,211,45,70.3,5.76,Pre-Statcast (2005–2014)
stonega01,2023,93,22,31,6.39,Post-Statcast (2015–2025)
stonega01,2024,421,116,140.3,7.44,Post-Statcast (2015–2025)
stoneri01,2005,92,15,30.7,4.4,Pre-Statcast (2005–2014)
storedr01,2010,166,52,55.3,8.46,Pre-Statcast (2005–2014)
storedr01,2011,226,74,75.3,8.84,Pre-Statcast (2005–2014)
storedr01,2012,91,24,30.3,7.12,Pre-Statcast (2005–2014)
storedr01,2013,185,58,61.7,8.46,Pre-Statcast (2005–2014)
storedr01,2014,169,46,56.3,7.35,Pre-Statcast (2005–2014)
storedr01,2015,165,67,55,10.96,Post-Statcast (2015–2025)
storedr01,2016,155,48,51.7,8.36,Post-Statcast (2015–2025)
storedr01,2017,164,48,54.7,7.9,Post-Statcast (2015–2025)
storemi01,2012,91,34,30.3,10.09,Pre-Statcast (2005–2014)
strahma01,2017,104,37,34.7,9.61,Post-Statcast (2015–2025)
strahma01,2018,184,69,61.3,10.12,Post-Statcast (2015–2025)
strahma01,2019,344,118,114.7,9.26,Post-Statcast (2015–2025)
strahma01,2022,134,52,44.7,10.48,Post-Statcast (2015–2025)
strahma01,2023,263,108,87.7,11.09,Post-Statcast (2015–2025)
strahma01,2024,188,79,62.7,11.35,Post-Statcast (2015–2025)
strahma01,2025,187,70,62.3,10.11,Post-Statcast (2015–2025)
straida01,2012,118,32,39.3,7.32,Pre-Statcast (2005–2014)
straida01,2013,457,124,152.3,7.33,Pre-Statcast (2005–2014)
straida01,2014,156,47,52,8.13,Pre-Statcast (2005–2014)
straida01,2016,574,162,191.3,7.62,Post-Statcast (2015–2025)
straida01,2017,545,170,181.7,8.42,Post-Statcast (2015–2025)
straida01,2018,367,99,122.3,7.28,Post-Statcast (2015–2025)
straida01,2019,143,33,47.7,6.23,Post-Statcast (2015–2025)
strasst01,2010,204,92,68,12.18,Pre-Statcast (2005–2014)
strasst01,2012,478,197,159.3,11.13,Pre-Statcast (2005–2014)
strasst01,2013,549,191,183,9.39,Pre-Statcast (2005–2014)
strasst01,2014,645,242,215,10.13,Pre-Statcast (2005–2014)
strasst01,2015,382,155,127.3,10.96,Post-Statcast (2015–2025)
strasst01,2016,443,183,147.7,11.15,Post-Statcast (2015–2025)
strasst01,2017,526,204,175.3,10.47,Post-Statcast (2015–2025)
strasst01,2018,390,156,130,10.8,Post-Statcast (2015–2025)
strasst01,2019,627,251,209,10.81,Post-Statcast (2015–2025)
stratch01,2017,176,51,58.7,7.82,Post-Statcast (2015–2025)
stratch01,2018,435,112,145,6.95,Post-Statcast (2015–2025)
stratch01,2019,228,69,76,8.17,Post-Statcast (2015–2025)
stratch01,2020,90,39,30,11.7,Post-Statcast (2015–2025)
stratch01,2021,238,86,79.3,9.76,Post-Statcast (2015–2025)
stratch01,2022,190,60,63.3,8.53,Post-Statcast (2015–2025)
stratch01,2023,248,81,82.7,8.82,Post-Statcast (2015–2025)
stratch01,2024,175,44,58.3,6.79,Post-Statcast (2015–2025)
strathu01,2024,113,33,37.7,7.88,Post-Statcast (2015–2025)
streehu01,2005,235,72,78.3,8.27,Pre-Statcast (2005–2014)
streehu01,2006,212,67,70.7,8.53,Pre-Statcast (2005–2014)
streehu01,2007,150,63,50,11.34,Pre-Statcast (2005–2014)
streehu01,2008,210,69,70,8.87,Pre-Statcast (2005–2014)
streehu01,2009,185,70,61.7,10.22,Pre-Statcast (2005–2014)
streehu01,2010,142,45,47.3,8.56,Pre-Statcast (2005–2014)
streehu01,2011,175,55,58.3,8.49,Pre-Statcast (2005–2014)
streehu01,2012,117,47,39,10.85,Pre-Statcast (2005–2014)
streehu01,2013,170,46,56.7,7.31,Pre-Statcast (2005–2014)
streehu01,2014,178,57,59.3,8.65,Pre-Statcast (2005–2014)
streehu01,2015,187,57,62.3,8.23,Post-Statcast (2015–2025)
strichu01,2015,154,50,51.3,8.77,Post-Statcast (2015–2025)
strichu01,2016,183,57,61,8.41,Post-Statcast (2015–2025)
strichu01,2017,184,58,61.3,8.51,Post-Statcast (2015–2025)
strichu01,2018,136,37,45.3,7.35,Post-Statcast (2015–2025)
strichu01,2021,176,58,58.7,8.9,Post-Statcast (2015–2025)
strichu01,2022,187,60,62.3,8.66,Post-Statcast (2015–2025)
strichu01,2024,220,57,73.3,7,Post-Statcast (2015–2025)
stridsp01,2022,395,202,131.7,13.81,Post-Statcast (2015–2025)
stridsp01,2023,560,281,186.7,13.55,Post-Statcast (2015–2025)
stridsp01,2025,376,131,125.3,9.41,Post-Statcast (2015–2025)
stripro01,2016,300,74,100,6.66,Post-Statcast (2015–2025)
stripro01,2017,223,74,74.3,8.96,Post-Statcast (2015–2025)
stripro01,2018,366,136,122,10.03,Post-Statcast (2015–2025)
stripro01,2019,272,93,90.7,9.23,Post-Statcast (2015–2025)
stripro01,2020,148,40,49.3,7.3,Post-Statcast (2015–2025)
stripro01,2021,304,94,101.3,8.35,Post-Statcast (2015–2025)
stripro01,2022,403,111,134.3,7.44,Post-Statcast (2015–2025)
stripro01,2023,267,70,89,7.08,Post-Statcast (2015–2025)
stripro01,2024,256,49,85.3,5.17,Post-Statcast (2015–2025)
stromma01,2014,392,111,130.7,7.65,Pre-Statcast (2005–2014)
stromma01,2016,612,166,204,7.32,Post-Statcast (2015–2025)
stromma01,2017,603,164,201,7.34,Post-Statcast (2015–2025)
stromma01,2018,307,77,102.3,6.77,Post-Statcast (2015–2025)
stromma01,2019,553,159,184.3,7.76,Post-Statcast (2015–2025)
stromma01,2021,537,158,179,7.94,Post-Statcast (2015–2025)
stromma01,2022,416,119,138.7,7.72,Post-Statcast (2015–2025)
stromma01,2023,410,119,136.7,7.84,Post-Statcast (2015–2025)
stromma01,2024,464,113,154.7,6.58,Post-Statcast (2015–2025)
stromma01,2025,117,26,39,6,Post-Statcast (2015–2025)
stroppe01,2012,199,58,66.3,7.87,Pre-Statcast (2005–2014)
stroppe01,2013,172,66,57.3,10.36,Pre-Statcast (2005–2014)
stroppe01,2014,183,71,61,10.48,Pre-Statcast (2005–2014)
stroppe01,2015,204,81,68,10.72,Post-Statcast (2015–2025)
stroppe01,2016,142,60,47.3,11.41,Post-Statcast (2015–2025)
stroppe01,2017,181,65,60.3,9.7,Post-Statcast (2015–2025)
stroppe01,2018,179,57,59.7,8.6,Post-Statcast (2015–2025)
stroppe01,2019,125,49,41.7,10.58,Post-Statcast (2015–2025)
strzepe01,2022,105,40,35,10.29,Post-Statcast (2015–2025)
strzepe01,2023,111,37,37,9,Post-Statcast (2015–2025)
stulter01,2007,116,30,38.7,6.98,Pre-Statcast (2005–2014)
stulter01,2008,116,30,38.7,6.98,Pre-Statcast (2005–2014)
stulter01,2009,150,33,50,5.94,Pre-Statcast (2005–2014)
stulter01,2012,297,55,99,5,Pre-Statcast (2005–2014)
stulter01,2013,611,131,203.7,5.79,Pre-Statcast (2005–2014)
stulter01,2014,528,111,176,5.68,Pre-Statcast (2005–2014)
stulter01,2015,143,31,47.7,5.85,Post-Statcast (2015–2025)
stumpda01,2017,113,33,37.7,7.88,Post-Statcast (2015–2025)
stumpda01,2018,115,37,38.3,8.69,Post-Statcast (2015–2025)
sturtta01,2005,234,45,78,5.19,Pre-Statcast (2005–2014)
stutemi01,2011,186,58,62,8.42,Pre-Statcast (2005–2014)
suareal01,2016,252,54,84,5.79,Post-Statcast (2015–2025)
suareal01,2017,95,34,31.7,9.66,Post-Statcast (2015–2025)
suareal01,2024,401,108,133.7,7.27,Post-Statcast (2015–2025)
suarean01,2018,481,130,160.3,7.3,Post-Statcast (2015–2025)
suarean01,2019,98,25,32.7,6.89,Post-Statcast (2015–2025)
suarejo01,2019,243,72,81,8,Post-Statcast (2015–2025)
suarejo01,2021,295,85,98.3,7.78,Post-Statcast (2015–2025)
suarejo01,2022,327,103,109,8.5,Post-Statcast (2015–2025)
suarejo01,2023,101,28,33.7,7.49,Post-Statcast (2015–2025)
suarejo01,2024,157,56,52.3,9.63,Post-Statcast (2015–2025)
suarera01,2019,146,42,48.7,7.77,Post-Statcast (2015–2025)
suarera01,2021,318,107,106,9.08,Post-Statcast (2015–2025)
suarera01,2022,466,129,155.3,7.47,Post-Statcast (2015–2025)
suarera01,2023,375,119,125,8.57,Post-Statcast (2015–2025)
suarera01,2024,452,145,150.7,8.66,Post-Statcast (2015–2025)
suarera01,2025,472,151,157.3,8.64,Post-Statcast (2015–2025)
suarero01,2022,143,61,47.7,11.52,Post-Statcast (2015–2025)
suarero01,2024,195,59,65,8.17,Post-Statcast (2015–2025)
suarero01,2025,209,75,69.7,9.69,Post-Statcast (2015–2025)
suerowa01,2018,143,47,47.7,8.87,Post-Statcast (2015–2025)
suerowa01,2019,214,81,71.3,10.22,Post-Statcast (2015–2025)
suerowa01,2021,128,44,42.7,9.28,Post-Statcast (2015–2025)
suganto01,2025,471,106,157,6.08,Post-Statcast (2015–2025)
sulseco01,2021,190,73,63.3,10.37,Post-Statcast (2015–2025)
sulseco01,2022,102,38,34,10.06,Post-Statcast (2015–2025)
suppaje01,2005,583,114,194.3,5.28,Pre-Statcast (2005–2014)
suppaje01,2006,570,104,190,4.93,Pre-Statcast (2005–2014)
suppaje01,2007,620,114,206.7,4.96,Pre-Statcast (2005–2014)
suppaje01,2008,533,90,177.7,4.56,Pre-Statcast (2005–2014)
suppaje01,2009,485,80,161.7,4.45,Pre-Statcast (2005–2014)
suppaje01,2010,304,51,101.3,4.53,Pre-Statcast (2005–2014)
suppaje01,2012,92,7,30.7,2.05,Pre-Statcast (2005–2014)
surkaer01,2016,116,22,38.7,5.12,Post-Statcast (2015–2025)
suterbr01,2017,245,64,81.7,7.05,Post-Statcast (2015–2025)
suterbr01,2018,304,84,101.3,7.46,Post-Statcast (2015–2025)
suterbr01,2020,95,38,31.7,10.8,Post-Statcast (2015–2025)
suterbr01,2021,220,69,73.3,8.47,Post-Statcast (2015–2025)
suterbr01,2022,200,53,66.7,7.15,Post-Statcast (2015–2025)
suterbr01,2023,208,55,69.3,7.14,Post-Statcast (2015–2025)
suterbr01,2024,197,50,65.7,6.85,Post-Statcast (2015–2025)
suterbr01,2025,203,53,67.7,7.05,Post-Statcast (2015–2025)
svansma01,2025,181,68,60.3,10.14,Post-Statcast (2015–2025)
swanser01,2019,174,52,58,8.07,Post-Statcast (2015–2025)
swanser01,2021,106,35,35.3,8.92,Post-Statcast (2015–2025)
swanser01,2022,161,70,53.7,11.74,Post-Statcast (2015–2025)
swanser01,2023,200,75,66.7,10.12,Post-Statcast (2015–2025)
swanser01,2024,118,37,39.3,8.47,Post-Statcast (2015–2025)
swarmma01,2022,102,36,34,9.53,Post-Statcast (2015–2025)
swarzan01,2009,177,34,59,5.19,Pre-Statcast (2005–2014)
swarzan01,2011,306,55,102,4.85,Pre-Statcast (2005–2014)
swarzan01,2012,290,62,96.7,5.77,Pre-Statcast (2005–2014)
swarzan01,2013,288,69,96,6.47,Pre-Statcast (2005–2014)
swarzan01,2014,258,47,86,4.92,Pre-Statcast (2005–2014)
swarzan01,2016,93,31,31,9,Post-Statcast (2015–2025)
swarzan01,2017,232,91,77.3,10.59,Post-Statcast (2015–2025)
swarzan01,2019,160,52,53.3,8.78,Post-Statcast (2015–2025)
sweenbr01,2006,169,23,56.3,3.67,Pre-Statcast (2005–2014)
sweenbr01,2010,111,14,37,3.41,Pre-Statcast (2005–2014)
switzjo01,2006,101,18,33.7,4.81,Pre-Statcast (2005–2014)
syndeno01,2015,450,166,150,9.96,Post-Statcast (2015–2025)
syndeno01,2016,551,218,183.7,10.68,Post-Statcast (2015–2025)
syndeno01,2017,91,34,30.3,10.09,Post-Statcast (2015–2025)
syndeno01,2018,463,155,154.3,9.04,Post-Statcast (2015–2025)
syndeno01,2019,593,202,197.7,9.2,Post-Statcast (2015–2025)
syndeno01,2022,404,95,134.7,6.35,Post-Statcast (2015–2025)
syndeno01,2023,266,56,88.7,5.68,Post-Statcast (2015–2025)
taillja01,2016,312,85,104,7.36,Post-Statcast (2015–2025)
taillja01,2017,401,125,133.7,8.42,Post-Statcast (2015–2025)
taillja01,2018,573,179,191,8.43,Post-Statcast (2015–2025)
taillja01,2019,112,30,37.3,7.23,Post-Statcast (2015–2025)
taillja01,2021,433,140,144.3,8.73,Post-Statcast (2015–2025)
taillja01,2022,532,151,177.3,7.66,Post-Statcast (2015–2025)
taillja01,2023,463,140,154.3,8.16,Post-Statcast (2015–2025)
taillja01,2024,496,125,165.3,6.8,Post-Statcast (2015–2025)
taillja01,2025,389,98,129.7,6.8,Post-Statcast (2015–2025)
takahhi01,2010,366,114,122,8.41,Pre-Statcast (2005–2014)
takahhi01,2011,204,52,68,6.88,Pre-Statcast (2005–2014)
takahhi01,2012,151,52,50.3,9.3,Pre-Statcast (2005–2014)
takatsh01,2005,109,38,36.3,9.41,Pre-Statcast (2005–2014)
talbomi01,2010,478,88,159.3,4.97,Pre-Statcast (2005–2014)
talbomi01,2011,191,36,63.7,5.09,Pre-Statcast (2005–2014)
tallebr01,2006,163,37,54.3,6.13,Pre-Statcast (2005–2014)
tallebr01,2007,187,54,62.3,7.8,Pre-Statcast (2005–2014)
tallebr01,2008,169,47,56.3,7.51,Pre-Statcast (2005–2014)
tallebr01,2009,482,120,160.7,6.72,Pre-Statcast (2005–2014)
tallebr01,2010,232,53,77.3,6.17,Pre-Statcast (2005–2014)
tanakma01,2014,409,141,136.3,9.31,Pre-Statcast (2005–2014)
tanakma01,2015,462,139,154,8.12,Post-Statcast (2015–2025)
tanakma01,2016,599,165,199.7,7.44,Post-Statcast (2015–2025)
tanakma01,2017,535,194,178.3,9.79,Post-Statcast (2015–2025)
tanakma01,2018,468,159,156,9.17,Post-Statcast (2015–2025)
tanakma01,2019,546,149,182,7.37,Post-Statcast (2015–2025)
tanakma01,2020,144,44,48,8.25,Post-Statcast (2015–2025)
tanketa01,2006,123,46,41,10.1,Pre-Statcast (2005–2014)
tanketa01,2007,142,49,47.3,9.32,Pre-Statcast (2005–2014)
tapiado01,2021,101,26,33.7,6.95,Post-Statcast (2015–2025)
taschja01,2007,150,51,50,9.18,Pre-Statcast (2005–2014)
taschja01,2008,144,39,48,7.31,Pre-Statcast (2005–2014)
tatedi01,2021,203,49,67.7,6.52,Post-Statcast (2015–2025)
tatedi01,2022,221,60,73.7,7.33,Post-Statcast (2015–2025)
tatedi01,2024,110,27,36.7,6.63,Post-Statcast (2015–2025)
tateyyo01,2011,132,43,44,8.8,Pre-Statcast (2005–2014)
taubety01,2006,105,26,35,6.69,Pre-Statcast (2005–2014)
tavarju01,2005,197,47,65.7,6.44,Pre-Statcast (2005–2014)
tavarju01,2006,296,56,98.7,5.11,Pre-Statcast (2005–2014)
tavarju01,2007,404,77,134.7,5.15,Pre-Statcast (2005–2014)
tavarju01,2008,164,51,54.7,8.4,Pre-Statcast (2005–2014)
tavarju01,2009,105,32,35,8.23,Pre-Statcast (2005–2014)
taylobl01,2021,128,41,42.7,8.65,Post-Statcast (2015–2025)
taylogr02,2025,110,54,36.7,13.25,Post-Statcast (2015–2025)
taylojo02,2019,142,62,47.3,11.79,Post-Statcast (2015–2025)
taylojo02,2021,143,60,47.7,11.33,Post-Statcast (2015–2025)
tazawju01,2012,132,45,44,9.2,Pre-Statcast (2005–2014)
tazawju01,2013,205,72,68.3,9.48,Pre-Statcast (2005–2014)
tazawju01,2014,189,64,63,9.14,Pre-Statcast (2005–2014)
tazawju01,2015,176,56,58.7,8.59,Post-Statcast (2015–2025)
tazawju01,2016,149,54,49.7,9.79,Post-Statcast (2015–2025)
tazawju01,2017,166,38,55.3,6.18,Post-Statcast (2015–2025)
teafoev01,2011,132,28,44,5.73,Pre-Statcast (2005–2014)
teafoev01,2012,184,35,61.3,5.14,Pre-Statcast (2005–2014)
teherju01,2013,557,170,185.7,8.24,Pre-Statcast (2005–2014)
teherju01,2014,663,186,221,7.57,Pre-Statcast (2005–2014)
teherju01,2015,602,171,200.7,7.67,Post-Statcast (2015–2025)
teherju01,2016,564,167,188,7.99,Post-Statcast (2015–2025)
teherju01,2017,565,151,188.3,7.22,Post-Statcast (2015–2025)
teherju01,2018,527,162,175.7,8.3,Post-Statcast (2015–2025)
teherju01,2019,524,162,174.7,8.35,Post-Statcast (2015–2025)
teherju01,2020,94,20,31.3,5.74,Post-Statcast (2015–2025)
teherju01,2023,215,50,71.7,6.28,Post-Statcast (2015–2025)
tejedro01,2005,257,72,85.7,7.56,Pre-Statcast (2005–2014)
tejedro01,2006,221,40,73.7,4.89,Pre-Statcast (2005–2014)
tejedro01,2007,286,69,95.3,6.51,Pre-Statcast (2005–2014)
tejedro01,2008,136,45,45.3,8.93,Pre-Statcast (2005–2014)
tejedro01,2009,221,87,73.7,10.63,Pre-Statcast (2005–2014)
tejedro01,2010,183,56,61,8.26,Pre-Statcast (2005–2014)
teperry01,2015,99,22,33,6,Post-Statcast (2015–2025)
teperry01,2017,233,81,77.7,9.39,Post-Statcast (2015–2025)
teperry01,2018,194,68,64.7,9.46,Post-Statcast (2015–2025)
teperry01,2021,184,74,61.3,10.86,Post-Statcast (2015–2025)
teperry01,2022,172,47,57.3,7.38,Post-Statcast (2015–2025)
tepesni01,2013,279,76,93,7.35,Pre-Statcast (2005–2014)
tepesni01,2014,378,56,126,4,Pre-Statcast (2005–2014)
texeika01,2010,184,33,61.3,4.84,Pre-Statcast (2005–2014)
thatcjo01,2009,135,55,45,11,Pre-Statcast (2005–2014)
thatcjo01,2010,105,45,35,11.57,Pre-Statcast (2005–2014)
thatcjo01,2012,95,39,31.7,11.08,Pre-Statcast (2005–2014)
thatcjo01,2013,118,36,39.3,8.24,Pre-Statcast (2005–2014)
thatcjo01,2014,91,27,30.3,8.01,Pre-Statcast (2005–2014)
thayeda01,2012,173,47,57.7,7.34,Pre-Statcast (2005–2014)
thayeda01,2013,195,64,65,8.86,Pre-Statcast (2005–2014)
thayeda01,2014,196,62,65.3,8.54,Pre-Statcast (2005–2014)
thayeda01,2015,113,25,37.7,5.97,Post-Statcast (2015–2025)
thielca01,2013,138,39,46,7.63,Pre-Statcast (2005–2014)
thielca01,2014,143,35,47.7,6.61,Pre-Statcast (2005–2014)
thielca01,2021,192,77,64,10.83,Post-Statcast (2015–2025)
thielca01,2022,178,80,59.3,12.13,Post-Statcast (2015–2025)
thielca01,2023,92,36,30.7,10.57,Post-Statcast (2015–2025)
thielca01,2024,142,53,47.3,10.08,Post-Statcast (2015–2025)
thielca01,2025,174,56,58,8.69,Post-Statcast (2015–2025)
thomabr01,2010,208,30,69.3,3.89,Pre-Statcast (2005–2014)
thompaa01,2015,97,17,32.3,4.73,Post-Statcast (2015–2025)
thompbr01,2005,165,29,55,4.75,Pre-Statcast (2005–2014)
thompbr01,2006,170,32,56.7,5.08,Pre-Statcast (2005–2014)
thompbr01,2007,388,53,129.3,3.69,Pre-Statcast (2005–2014)
thompbr01,2008,194,32,64.7,4.45,Pre-Statcast (2005–2014)
thompbr01,2009,240,34,80,3.82,Pre-Statcast (2005–2014)
thompja03,2016,161,32,53.7,5.37,Post-Statcast (2015–2025)
thompja03,2017,139,35,46.3,6.8,Post-Statcast (2015–2025)
thompke02,2021,160,55,53.3,9.28,Post-Statcast (2015–2025)
thompke02,2022,345,108,115,8.45,Post-Statcast (2015–2025)
thompke02,2024,91,36,30.3,10.68,Post-Statcast (2015–2025)
thompma02,2023,162,44,54,7.33,Post-Statcast (2015–2025)
thompmi03,2006,276,35,92,3.42,Pre-Statcast (2005–2014)
thompri03,2011,162,56,54,9.33,Pre-Statcast (2005–2014)
thompry02,2021,102,37,34,9.79,Post-Statcast (2015–2025)
thompry02,2022,128,39,42.7,8.23,Post-Statcast (2015–2025)
thompry02,2023,92,21,30.7,6.16,Post-Statcast (2015–2025)
thompry02,2024,199,52,66.3,7.06,Post-Statcast (2015–2025)
thompry02,2025,124,36,41.3,7.84,Post-Statcast (2015–2025)
thompza01,2021,225,66,75,7.92,Post-Statcast (2015–2025)
thompza01,2022,365,90,121.7,6.66,Post-Statcast (2015–2025)
thompza02,2022,104,27,34.7,7.01,Post-Statcast (2015–2025)
thompza02,2023,199,72,66.3,9.77,Post-Statcast (2015–2025)
thomsjo01,2005,296,61,98.7,5.56,Pre-Statcast (2005–2014)
thomsjo01,2006,241,46,80.3,5.15,Pre-Statcast (2005–2014)
thornma01,2005,171,57,57,9,Pre-Statcast (2005–2014)
thornma01,2006,162,49,54,8.17,Pre-Statcast (2005–2014)
thornma01,2007,169,55,56.3,8.79,Pre-Statcast (2005–2014)
thornma01,2008,202,77,67.3,10.29,Pre-Statcast (2005–2014)
thornma01,2009,217,87,72.3,10.82,Pre-Statcast (2005–2014)
thornma01,2010,182,81,60.7,12.02,Pre-Statcast (2005–2014)
thornma01,2011,179,63,59.7,9.5,Pre-Statcast (2005–2014)
thornma01,2012,195,53,65,7.34,Pre-Statcast (2005–2014)
thornma01,2013,130,30,43.3,6.23,Pre-Statcast (2005–2014)
thornma01,2014,108,28,36,7,Pre-Statcast (2005–2014)
thornma01,2015,124,23,41.3,5.01,Post-Statcast (2015–2025)
thorntr01,2019,463,149,154.3,8.69,Post-Statcast (2015–2025)
thorntr01,2021,147,52,49,9.55,Post-Statcast (2015–2025)
thorntr01,2022,138,37,46,7.24,Post-Statcast (2015–2025)
thorntr01,2023,94,26,31.3,7.47,Post-Statcast (2015–2025)
thorntr01,2024,217,77,72.3,9.58,Post-Statcast (2015–2025)
thorntr01,2025,127,32,42.3,6.8,Post-Statcast (2015–2025)
thornty01,2013,200,48,66.7,6.48,Pre-Statcast (2005–2014)
thornty01,2015,103,34,34.3,8.91,Post-Statcast (2015–2025)
thornty01,2016,201,90,67,12.09,Post-Statcast (2015–2025)
thorpdr01,2024,133,25,44.3,5.08,Post-Statcast (2015–2025)
tillmch01,2009,195,39,65,5.4,Pre-Statcast (2005–2014)
tillmch01,2010,161,31,53.7,5.2,Pre-Statcast (2005–2014)
tillmch01,2011,186,46,62,6.68,Pre-Statcast (2005–2014)
tillmch01,2012,258,66,86,6.91,Pre-Statcast (2005–2014)
tillmch01,2013,619,179,206.3,7.81,Pre-Statcast (2005–2014)
tillmch01,2014,622,150,207.3,6.51,Pre-Statcast (2005–2014)
tillmch01,2015,519,120,173,6.24,Post-Statcast (2015–2025)
tillmch01,2016,516,140,172,7.33,Post-Statcast (2015–2025)
tillmch01,2017,279,63,93,6.1,Post-Statcast (2015–2025)
timlimi01,2005,241,59,80.3,6.61,Pre-Statcast (2005–2014)
timlimi01,2006,192,30,64,4.22,Pre-Statcast (2005–2014)
timlimi01,2007,166,31,55.3,5.04,Pre-Statcast (2005–2014)
timlimi01,2008,148,32,49.3,5.84,Pre-Statcast (2005–2014)
tinocje01,2019,108,28,36,7,Post-Statcast (2015–2025)
tinocje01,2024,122,42,40.7,9.3,Post-Statcast (2015–2025)
tollesh01,2012,113,39,37.7,9.32,Pre-Statcast (2005–2014)
tollesh01,2014,215,69,71.7,8.67,Pre-Statcast (2005–2014)
tollesh01,2015,217,76,72.3,9.46,Post-Statcast (2015–2025)
tollesh01,2016,109,29,36.3,7.18,Post-Statcast (2015–2025)
tomkobr01,2005,572,114,190.7,5.38,Pre-Statcast (2005–2014)
tomkobr01,2006,337,76,112.3,6.09,Pre-Statcast (2005–2014)
tomkobr01,2007,394,105,131.3,7.2,Pre-Statcast (2005–2014)
tomkobr01,2008,210,49,70,6.3,Pre-Statcast (2005–2014)
tomkobr01,2009,172,33,57.3,5.18,Pre-Statcast (2005–2014)
tomlijo01,2010,219,43,73,5.3,Pre-Statcast (2005–2014)
tomlijo01,2011,496,89,165.3,4.84,Pre-Statcast (2005–2014)
tomlijo01,2012,310,56,103.3,4.88,Pre-Statcast (2005–2014)
tomlijo01,2014,312,94,104,8.13,Pre-Statcast (2005–2014)
tomlijo01,2015,197,57,65.7,7.81,Post-Statcast (2015–2025)
tomlijo01,2016,522,118,174,6.1,Post-Statcast (2015–2025)
tomlijo01,2017,423,109,141,6.96,Post-Statcast (2015–2025)
tomlijo01,2018,211,46,70.3,5.89,Post-Statcast (2015–2025)
tomlijo01,2019,238,51,79.3,5.79,Post-Statcast (2015–2025)
tomlijo01,2020,119,36,39.7,8.17,Post-Statcast (2015–2025)
tomlijo01,2021,148,37,49.3,6.75,Post-Statcast (2015–2025)
tonkimi01,2016,215,80,71.7,10.05,Post-Statcast (2015–2025)
tonkimi01,2023,240,75,80,8.44,Post-Statcast (2015–2025)
tonkimi01,2024,238,85,79.3,9.64,Post-Statcast (2015–2025)
topaju01,2023,207,61,69,7.96,Post-Statcast (2015–2025)
topaju01,2025,180,49,60,7.35,Post-Statcast (2015–2025)
torreal01,2013,174,62,58,9.62,Pre-Statcast (2005–2014)
torreal01,2014,162,51,54,8.5,Pre-Statcast (2005–2014)
torreal01,2015,103,35,34.3,9.17,Post-Statcast (2015–2025)
torreca01,2012,159,42,53,7.13,Pre-Statcast (2005–2014)
torreca01,2013,259,75,86.3,7.82,Pre-Statcast (2005–2014)
torreca01,2014,291,96,97,8.91,Pre-Statcast (2005–2014)
torreca01,2015,173,48,57.7,7.49,Post-Statcast (2015–2025)
torreca01,2016,247,78,82.3,8.53,Post-Statcast (2015–2025)
torreca01,2017,218,56,72.7,6.94,Post-Statcast (2015–2025)
torrejo02,2017,205,63,68.3,8.3,Post-Statcast (2015–2025)
torresa01,2005,284,55,94.7,5.23,Pre-Statcast (2005–2014)
torresa01,2006,280,72,93.3,6.94,Pre-Statcast (2005–2014)
torresa01,2007,158,45,52.7,7.69,Pre-Statcast (2005–2014)
torresa01,2008,240,51,80,5.74,Pre-Statcast (2005–2014)
toussto01,2019,125,45,41.7,9.72,Post-Statcast (2015–2025)
toussto01,2021,150,48,50,8.64,Post-Statcast (2015–2025)
toussto01,2023,261,85,87,8.79,Post-Statcast (2015–2025)
towerjo01,2005,626,112,208.7,4.83,Pre-Statcast (2005–2014)
towerjo01,2006,186,35,62,5.08,Pre-Statcast (2005–2014)
towerjo01,2007,321,76,107,6.39,Pre-Statcast (2005–2014)
trabebi01,2006,130,25,43.3,5.19,Pre-Statcast (2005–2014)
trabebi01,2007,119,27,39.7,6.13,Pre-Statcast (2005–2014)
trachst01,2005,111,24,37,5.84,Pre-Statcast (2005–2014)
trachst01,2006,494,79,164.7,4.32,Pre-Statcast (2005–2014)
trachst01,2007,474,56,158,3.19,Pre-Statcast (2005–2014)
trachst01,2008,119,16,39.7,3.63,Pre-Statcast (2005–2014)
treinbl01,2014,152,30,50.7,5.33,Pre-Statcast (2005–2014)
treinbl01,2015,203,65,67.7,8.65,Post-Statcast (2015–2025)
treinbl01,2016,201,63,67,8.46,Post-Statcast (2015–2025)
treinbl01,2017,227,74,75.7,8.8,Post-Statcast (2015–2025)
treinbl01,2018,241,100,80.3,11.2,Post-Statcast (2015–2025)
treinbl01,2019,176,59,58.7,9.05,Post-Statcast (2015–2025)
treinbl01,2021,217,85,72.3,10.58,Post-Statcast (2015–2025)
treinbl01,2024,140,56,46.7,10.8,Post-Statcast (2015–2025)
triggan01,2016,169,55,56.3,8.79,Post-Statcast (2015–2025)
triggan01,2017,196,50,65.3,6.89,Post-Statcast (2015–2025)
triggan01,2018,124,43,41.3,9.36,Post-Statcast (2015–2025)
trivilo01,2018,222,82,74,9.97,Post-Statcast (2015–2025)
trivilo01,2019,180,57,60,8.55,Post-Statcast (2015–2025)
trivilo01,2021,221,67,73.7,8.19,Post-Statcast (2015–2025)
trivilo01,2022,161,67,53.7,11.24,Post-Statcast (2015–2025)
trivilo01,2025,143,37,47.7,6.99,Post-Statcast (2015–2025)
troncra01,2008,114,38,38,9,Pre-Statcast (2005–2014)
troncra01,2009,248,55,82.7,5.99,Pre-Statcast (2005–2014)
troncra01,2010,162,34,54,5.67,Pre-Statcast (2005–2014)
troncra01,2013,90,18,30,5.4,Pre-Statcast (2005–2014)
tropeni01,2015,113,38,37.7,9.08,Post-Statcast (2015–2025)
tropeni01,2016,205,68,68.3,8.96,Post-Statcast (2015–2025)
tropeni01,2018,228,64,76,7.58,Post-Statcast (2015–2025)
tuckery01,2008,111,28,37,6.81,Pre-Statcast (2005–2014)
tuivasa01,2017,127,34,42.3,7.23,Post-Statcast (2015–2025)
tuivasa01,2018,111,30,37,7.3,Post-Statcast (2015–2025)
turnbde01,2005,202,64,67.3,8.55,Pre-Statcast (2005–2014)
turnbde01,2006,169,69,56.3,11.02,Pre-Statcast (2005–2014)
turnbde01,2007,204,84,68,11.12,Pre-Statcast (2005–2014)
turnbsp01,2019,445,146,148.3,8.86,Post-Statcast (2015–2025)
turnbsp01,2020,170,51,56.7,8.1,Post-Statcast (2015–2025)
turnbsp01,2021,150,44,50,7.92,Post-Statcast (2015–2025)
turnbsp01,2023,93,24,31,6.97,Post-Statcast (2015–2025)
turnbsp01,2024,163,58,54.3,9.61,Post-Statcast (2015–2025)
turneja01,2012,165,36,55,5.89,Pre-Statcast (2005–2014)
turneja01,2013,354,77,118,5.87,Pre-Statcast (2005–2014)
turneja01,2014,339,71,113,5.65,Pre-Statcast (2005–2014)
turneja01,2017,117,23,39,5.31,Post-Statcast (2015–2025)
tylerky01,2024,95,25,31.7,7.11,Post-Statcast (2015–2025)
ucetaed01,2024,125,57,41.7,12.31,Post-Statcast (2015–2025)
ucetaed01,2025,228,103,76,12.2,Post-Statcast (2015–2025)
ueharko01,2009,200,48,66.7,6.48,Pre-Statcast (2005–2014)
ueharko01,2010,132,55,44,11.25,Pre-Statcast (2005–2014)
ueharko01,2011,195,85,65,11.77,Pre-Statcast (2005–2014)
ueharko01,2012,108,43,36,10.75,Pre-Statcast (2005–2014)
ueharko01,2013,223,101,74.3,12.23,Pre-Statcast (2005–2014)
ueharko01,2014,193,80,64.3,11.19,Pre-Statcast (2005–2014)
ueharko01,2015,121,47,40.3,10.49,Post-Statcast (2015–2025)
ueharko01,2016,141,63,47,12.06,Post-Statcast (2015–2025)
ueharko01,2017,129,50,43,10.47,Post-Statcast (2015–2025)
underdu01,2021,218,65,72.7,8.05,Post-Statcast (2015–2025)
underdu01,2022,172,57,57.3,8.95,Post-Statcast (2015–2025)
urbinug01,2005,239,97,79.7,10.96,Pre-Statcast (2005–2014)
urenajo01,2015,185,28,61.7,4.09,Post-Statcast (2015–2025)
urenajo01,2016,251,58,83.7,6.24,Post-Statcast (2015–2025)
urenajo01,2017,509,113,169.7,5.99,Post-Statcast (2015–2025)
urenajo01,2018,522,130,174,6.72,Post-Statcast (2015–2025)
urenajo01,2019,254,62,84.7,6.59,Post-Statcast (2015–2025)
urenajo01,2021,302,67,100.7,5.99,Post-Statcast (2015–2025)
urenajo01,2022,291,63,97,5.85,Post-Statcast (2015–2025)
urenajo01,2023,134,29,44.7,5.84,Post-Statcast (2015–2025)
urenajo01,2024,327,70,109,5.78,Post-Statcast (2015–2025)
urenajo01,2025,165,34,55,5.56,Post-Statcast (2015–2025)
uriasju01,2016,231,84,77,9.82,Post-Statcast (2015–2025)
uriasju01,2019,239,85,79.7,9.6,Post-Statcast (2015–2025)
uriasju01,2020,165,45,55,7.36,Post-Statcast (2015–2025)
uriasju01,2021,557,195,185.7,9.45,Post-Statcast (2015–2025)
uriasju01,2022,525,166,175,8.54,Post-Statcast (2015–2025)
uriasju01,2023,352,117,117.3,8.97,Post-Statcast (2015–2025)
uribeab01,2023,92,39,30.7,11.45,Post-Statcast (2015–2025)
uribeab01,2025,226,90,75.3,10.75,Post-Statcast (2015–2025)
urquijo01,2019,123,40,41,8.78,Post-Statcast (2015–2025)
urquijo01,2021,321,90,107,7.57,Post-Statcast (2015–2025)
urquijo01,2022,493,134,164.3,7.34,Post-Statcast (2015–2025)
urquijo01,2023,189,45,63,6.43,Post-Statcast (2015–2025)
valdece01,2017,92,21,30.7,6.16,Post-Statcast (2015–2025)
valdece01,2021,138,45,46,8.8,Post-Statcast (2015–2025)
valdefr01,2018,111,34,37,8.27,Post-Statcast (2015–2025)
valdefr01,2019,212,68,70.7,8.66,Post-Statcast (2015–2025)
valdefr01,2020,212,76,70.7,9.68,Post-Statcast (2015–2025)
valdefr01,2021,404,125,134.7,8.35,Post-Statcast (2015–2025)
valdefr01,2022,604,194,201.3,8.67,Post-Statcast (2015–2025)
valdefr01,2023,594,200,198,9.09,Post-Statcast (2015–2025)
valdefr01,2024,529,169,176.3,8.63,Post-Statcast (2015–2025)
valdefr01,2025,576,187,192,8.77,Post-Statcast (2015–2025)
valdeis01,2005,152,27,50.7,4.8,Pre-Statcast (2005–2014)
valdelu01,2012,121,29,40.3,6.47,Pre-Statcast (2005–2014)
valdeme01,2009,148,38,49.3,6.93,Pre-Statcast (2005–2014)
valdeph01,2020,91,30,30.3,8.9,Post-Statcast (2015–2025)
valdeph01,2021,120,35,40,7.88,Post-Statcast (2015–2025)
valdera02,2010,176,56,58.7,8.59,Pre-Statcast (2005–2014)
valdera02,2012,93,35,31,10.16,Pre-Statcast (2005–2014)
valdera02,2013,105,37,35,9.51,Pre-Statcast (2005–2014)
valvejo01,2005,199,75,66.3,10.18,Pre-Statcast (2005–2014)
valvejo01,2006,148,69,49.3,12.59,Pre-Statcast (2005–2014)
valvejo01,2007,193,78,64.3,10.91,Pre-Statcast (2005–2014)
valvejo01,2008,216,83,72,10.38,Pre-Statcast (2005–2014)
valvejo01,2009,162,56,54,9.33,Pre-Statcast (2005–2014)
valvejo01,2010,189,63,63,9,Pre-Statcast (2005–2014)
valvejo01,2011,217,69,72.3,8.59,Pre-Statcast (2005–2014)
valvejo01,2012,207,48,69,6.26,Pre-Statcast (2005–2014)
vanbejo01,2007,117,26,39,6,Pre-Statcast (2005–2014)
vanderi01,2007,245,82,81.7,9.04,Pre-Statcast (2005–2014)
vanderi01,2009,176,49,58.7,7.52,Pre-Statcast (2005–2014)
vargaca01,2025,231,54,77,6.31,Post-Statcast (2015–2025)
vargace01,2016,102,28,34,7.41,Post-Statcast (2015–2025)
vargacl01,2005,397,95,132.3,6.46,Pre-Statcast (2005–2014)
vargacl01,2006,503,123,167.7,6.6,Pre-Statcast (2005–2014)
vargacl01,2007,403,107,134.3,7.17,Pre-Statcast (2005–2014)
vargacl01,2008,111,20,37,4.86,Pre-Statcast (2005–2014)
vargacl01,2009,124,30,41.3,6.53,Pre-Statcast (2005–2014)
vargaja01,2005,221,59,73.7,7.21,Pre-Statcast (2005–2014)
vargaja01,2006,129,25,43,5.23,Pre-Statcast (2005–2014)
vargaja01,2009,275,54,91.7,5.3,Pre-Statcast (2005–2014)
vargaja01,2010,578,116,192.7,5.42,Pre-Statcast (2005–2014)
vargaja01,2011,603,131,201,5.87,Pre-Statcast (2005–2014)
vargaja01,2012,652,141,217.3,5.84,Pre-Statcast (2005–2014)
vargaja01,2013,450,109,150,6.54,Pre-Statcast (2005–2014)
vargaja01,2014,561,128,187,6.16,Pre-Statcast (2005–2014)
vargaja01,2015,129,27,43,5.65,Post-Statcast (2015–2025)
vargaja01,2017,539,134,179.7,6.71,Post-Statcast (2015–2025)
vargaja01,2018,276,84,92,8.22,Post-Statcast (2015–2025)
vargaja01,2019,449,124,149.7,7.46,Post-Statcast (2015–2025)
varlalo01,2023,204,71,68,9.4,Post-Statcast (2015–2025)
varlalo01,2024,149,49,49.7,8.88,Post-Statcast (2015–2025)
varlalo01,2025,218,75,72.7,9.29,Post-Statcast (2015–2025)
varvaan01,2013,220,43,73.3,5.28,Pre-Statcast (2005–2014)
varvaan01,2014,164,50,54.7,8.23,Pre-Statcast (2005–2014)
vasilmi01,2025,303,82,101,7.31,Post-Statcast (2015–2025)
vasquan02,2023,145,43,48.3,8.01,Post-Statcast (2015–2025)
vasques01,2009,159,45,53,7.64,Pre-Statcast (2005–2014)
vasques01,2010,161,55,53.7,9.22,Pre-Statcast (2005–2014)
vasques01,2011,91,20,30.3,5.93,Pre-Statcast (2005–2014)
vasques01,2012,95,14,31.7,3.98,Pre-Statcast (2005–2014)
vasqura02,2023,113,33,37.7,7.88,Post-Statcast (2015–2025)
vasqura02,2024,294,62,98,5.69,Post-Statcast (2015–2025)
vasqura02,2025,401,78,133.7,5.25,Post-Statcast (2015–2025)
vasquvi01,2009,134,29,44.7,5.84,Pre-Statcast (2005–2014)
vazquja01,2005,647,192,215.7,8.01,Pre-Statcast (2005–2014)
vazquja01,2006,608,184,202.7,8.17,Pre-Statcast (2005–2014)
vazquja01,2007,650,213,216.7,8.85,Pre-Statcast (2005–2014)
vazquja01,2008,625,200,208.3,8.64,Pre-Statcast (2005–2014)
vazquja01,2009,658,238,219.3,9.77,Pre-Statcast (2005–2014)
vazquja01,2010,472,121,157.3,6.92,Pre-Statcast (2005–2014)
vazquja01,2011,578,162,192.7,7.57,Pre-Statcast (2005–2014)
velasvi01,2015,167,58,55.7,9.38,Post-Statcast (2015–2025)
velasvi01,2016,393,152,131,10.44,Post-Statcast (2015–2025)
velasvi01,2017,216,68,72,8.5,Post-Statcast (2015–2025)
velasvi01,2018,440,161,146.7,9.88,Post-Statcast (2015–2025)
velasvi01,2019,352,130,117.3,9.97,Post-Statcast (2015–2025)
velasvi01,2020,102,46,34,12.18,Post-Statcast (2015–2025)
velasvi01,2021,283,101,94.3,9.64,Post-Statcast (2015–2025)
velasvi01,2022,226,69,75.3,8.24,Post-Statcast (2015–2025)
velasvi01,2023,112,37,37.3,8.92,Post-Statcast (2015–2025)
velazhe01,2018,255,53,85,5.61,Post-Statcast (2015–2025)
velazhe01,2019,169,49,56.3,7.83,Post-Statcast (2015–2025)
ventejo01,2010,249,93,83,10.08,Pre-Statcast (2005–2014)
ventejo01,2011,264,96,88,9.82,Pre-Statcast (2005–2014)
ventejo01,2012,176,69,58.7,10.59,Pre-Statcast (2005–2014)
ventejo01,2018,103,27,34.3,7.08,Post-Statcast (2015–2025)
ventuyo01,2014,549,159,183,7.82,Pre-Statcast (2005–2014)
ventuyo01,2015,490,156,163.3,8.6,Post-Statcast (2015–2025)
ventuyo01,2016,558,144,186,6.97,Post-Statcast (2015–2025)
verasjo01,2008,173,63,57.7,9.83,Pre-Statcast (2005–2014)
verasjo01,2009,151,40,50.3,7.15,Pre-Statcast (2005–2014)
verasjo01,2010,144,54,48,10.12,Pre-Statcast (2005–2014)
verasjo01,2011,213,79,71,10.01,Pre-Statcast (2005–2014)
verasjo01,2012,201,79,67,10.61,Pre-Statcast (2005–2014)
verasjo01,2013,188,60,62.7,8.62,Pre-Statcast (2005–2014)
verasjo01,2014,138,50,46,9.78,Pre-Statcast (2005–2014)
verhadr01,2017,103,25,34.3,6.55,Post-Statcast (2015–2025)
verhadr01,2018,169,53,56.3,8.47,Post-Statcast (2015–2025)
verhadr01,2019,174,51,58,7.91,Post-Statcast (2015–2025)
verhadr01,2023,183,60,61,8.85,Post-Statcast (2015–2025)
verlaju01,2006,558,124,186,6,Pre-Statcast (2005–2014)
verlaju01,2007,605,183,201.7,8.17,Pre-Statcast (2005–2014)
verlaju01,2008,603,163,201,7.3,Pre-Statcast (2005–2014)
verlaju01,2009,720,269,240,10.09,Pre-Statcast (2005–2014)
verlaju01,2010,673,219,224.3,8.79,Pre-Statcast (2005–2014)
verlaju01,2011,753,250,251,8.96,Pre-Statcast (2005–2014)
verlaju01,2012,715,239,238.3,9.03,Pre-Statcast (2005–2014)
verlaju01,2013,655,217,218.3,8.95,Pre-Statcast (2005–2014)
verlaju01,2014,618,159,206,6.95,Pre-Statcast (2005–2014)
verlaju01,2015,400,113,133.3,7.63,Post-Statcast (2015–2025)
verlaju01,2016,683,254,227.7,10.04,Post-Statcast (2015–2025)
verlaju01,2017,618,219,206,9.57,Post-Statcast (2015–2025)
verlaju01,2018,642,290,214,12.2,Post-Statcast (2015–2025)
verlaju01,2019,669,300,223,12.11,Post-Statcast (2015–2025)
verlaju01,2022,525,185,175,9.51,Post-Statcast (2015–2025)
verlaju01,2023,487,144,162.3,7.98,Post-Statcast (2015–2025)
verlaju01,2024,271,74,90.3,7.37,Post-Statcast (2015–2025)
verlaju01,2025,456,137,152,8.11,Post-Statcast (2015–2025)
verrelo01,2015,143,39,47.7,7.36,Post-Statcast (2015–2025)
verrelo01,2016,275,66,91.7,6.48,Post-Statcast (2015–2025)
vesiaal01,2021,120,54,40,12.15,Post-Statcast (2015–2025)
vesiaal01,2022,163,79,54.3,13.09,Post-Statcast (2015–2025)
vesiaal01,2023,149,64,49.7,11.6,Post-Statcast (2015–2025)
vesiaal01,2024,199,87,66.3,11.8,Post-Statcast (2015–2025)
vesiaal01,2025,179,80,59.7,12.07,Post-Statcast (2015–2025)
vestwi01,2021,105,27,35,6.94,Post-Statcast (2015–2025)
vestwi01,2022,189,63,63,9,Post-Statcast (2015–2025)
vestwi01,2023,145,56,48.3,10.43,Post-Statcast (2015–2025)
vestwi01,2024,211,63,70.3,8.06,Post-Statcast (2015–2025)
vestwi01,2025,206,75,68.7,9.83,Post-Statcast (2015–2025)
vieirth01,2024,114,39,38,9.24,Post-Statcast (2015–2025)
villabr02,2012,164,66,54.7,10.87,Pre-Statcast (2005–2014)
villaca01,2006,161,39,53.7,6.54,Pre-Statcast (2005–2014)
villaca01,2007,343,99,114.3,7.79,Pre-Statcast (2005–2014)
villaca01,2008,325,93,108.3,7.73,Pre-Statcast (2005–2014)
villaca01,2009,288,83,96,7.78,Pre-Statcast (2005–2014)
villaca01,2010,158,67,52.7,11.45,Pre-Statcast (2005–2014)
villaca01,2011,321,68,107,5.72,Pre-Statcast (2005–2014)
villaca01,2012,376,122,125.3,8.76,Pre-Statcast (2005–2014)
villaca01,2013,386,103,128.7,7.2,Pre-Statcast (2005–2014)
villaca01,2014,233,72,77.7,8.34,Pre-Statcast (2005–2014)
villaca01,2015,183,55,61,8.11,Post-Statcast (2015–2025)
villaca01,2016,222,61,74,7.42,Post-Statcast (2015–2025)
villaos01,2006,277,55,92.3,5.36,Pre-Statcast (2005–2014)
villaos01,2007,229,58,76.3,6.84,Pre-Statcast (2005–2014)
villaos01,2008,113,21,37.7,5.02,Pre-Statcast (2005–2014)
villape01,2015,150,29,50,5.22,Post-Statcast (2015–2025)
villoro01,2005,192,70,64,9.84,Pre-Statcast (2005–2014)
villoro01,2006,241,72,80.3,8.07,Pre-Statcast (2005–2014)
villoro01,2007,127,25,42.3,5.31,Pre-Statcast (2005–2014)
villoro01,2008,150,50,50,9,Pre-Statcast (2005–2014)
villoro01,2009,146,33,48.7,6.1,Pre-Statcast (2005–2014)
vinceni01,2013,139,49,46.3,9.52,Pre-Statcast (2005–2014)
vinceni01,2014,165,62,55,10.15,Pre-Statcast (2005–2014)
vinceni01,2016,181,65,60.3,9.7,Post-Statcast (2015–2025)
vinceni01,2017,194,50,64.7,6.96,Post-Statcast (2015–2025)
vinceni01,2018,169,56,56.3,8.95,Post-Statcast (2015–2025)
vinceni01,2019,134,47,44.7,9.47,Post-Statcast (2015–2025)
vizcaar01,2015,101,37,33.7,9.89,Post-Statcast (2015–2025)
vizcaar01,2016,116,50,38.7,11.64,Post-Statcast (2015–2025)
vizcaar01,2017,172,64,57.3,10.05,Post-Statcast (2015–2025)
vizcaar01,2018,115,40,38.3,9.39,Post-Statcast (2015–2025)
vizcalu01,2005,210,43,70,5.53,Pre-Statcast (2005–2014)
vizcalu01,2006,196,72,65.3,9.92,Pre-Statcast (2005–2014)
vizcalu01,2007,226,62,75.3,7.41,Pre-Statcast (2005–2014)
vizcalu01,2008,138,49,46,9.59,Pre-Statcast (2005–2014)
vodnivi01,2024,221,65,73.7,7.94,Post-Statcast (2015–2025)
vodnivi01,2025,152,49,50.7,8.7,Post-Statcast (2015–2025)
vogelry01,2005,244,52,81.3,5.75,Pre-Statcast (2005–2014)
vogelry01,2006,114,27,38,6.39,Pre-Statcast (2005–2014)
vogelry01,2011,539,139,179.7,6.96,Pre-Statcast (2005–2014)
vogelry01,2012,569,158,189.7,7.5,Pre-Statcast (2005–2014)
vogelry01,2013,311,67,103.7,5.82,Pre-Statcast (2005–2014)
vogelry01,2014,554,151,184.7,7.36,Pre-Statcast (2005–2014)
vogelry01,2015,405,108,135,7.2,Post-Statcast (2015–2025)
vogelry01,2016,247,61,82.3,6.67,Post-Statcast (2015–2025)
volqued01,2006,100,15,33.3,4.05,Pre-Statcast (2005–2014)
volqued01,2007,102,29,34,7.68,Pre-Statcast (2005–2014)
volqued01,2008,588,206,196,9.46,Pre-Statcast (2005–2014)
volqued01,2009,149,47,49.7,8.52,Pre-Statcast (2005–2014)
volqued01,2010,188,67,62.7,9.62,Pre-Statcast (2005–2014)
volqued01,2011,326,104,108.7,8.61,Pre-Statcast (2005–2014)
volqued01,2012,548,174,182.7,8.57,Pre-Statcast (2005–2014)
volqued01,2013,511,142,170.3,7.5,Pre-Statcast (2005–2014)
volqued01,2014,578,140,192.7,6.54,Pre-Statcast (2005–2014)
volqued01,2015,601,155,200.3,6.96,Post-Statcast (2015–2025)
volqued01,2016,568,139,189.3,6.61,Post-Statcast (2015–2025)
volqued01,2017,277,81,92.3,7.9,Post-Statcast (2015–2025)
volstch01,2008,253,52,84.3,5.55,Pre-Statcast (2005–2014)
volstch01,2009,477,107,159,6.06,Pre-Statcast (2005–2014)
volstch01,2010,525,102,175,5.25,Pre-Statcast (2005–2014)
volstch01,2011,497,117,165.7,6.36,Pre-Statcast (2005–2014)
volstch01,2012,334,61,111.3,4.93,Pre-Statcast (2005–2014)
volstch01,2018,142,29,47.3,5.51,Post-Statcast (2015–2025)
vothau01,2019,131,44,43.7,9.07,Post-Statcast (2015–2025)
vothau01,2020,149,44,49.7,7.97,Post-Statcast (2015–2025)
vothau01,2021,172,59,57.3,9.26,Post-Statcast (2015–2025)
vothau01,2022,305,90,101.7,7.97,Post-Statcast (2015–2025)
vothau01,2023,104,34,34.7,8.83,Post-Statcast (2015–2025)
vothau01,2024,183,61,61,9,Post-Statcast (2015–2025)
wachami01,2013,194,65,64.7,9.05,Pre-Statcast (2005–2014)
wachami01,2014,321,94,107,7.91,Pre-Statcast (2005–2014)
wachami01,2015,544,153,181.3,7.59,Post-Statcast (2015–2025)
wachami01,2016,414,114,138,7.43,Post-Statcast (2015–2025)
wachami01,2017,497,158,165.7,8.58,Post-Statcast (2015–2025)
wachami01,2018,253,71,84.3,7.58,Post-Statcast (2015–2025)
wachami01,2019,380,104,126.7,7.39,Post-Statcast (2015–2025)
wachami01,2020,102,37,34,9.79,Post-Statcast (2015–2025)
wachami01,2021,374,121,124.7,8.74,Post-Statcast (2015–2025)
wachami01,2022,382,104,127.3,7.35,Post-Statcast (2015–2025)
wachami01,2023,403,124,134.3,8.31,Post-Statcast (2015–2025)
wachami01,2024,500,145,166.7,7.83,Post-Statcast (2015–2025)
wachami01,2025,518,126,172.7,6.57,Post-Statcast (2015–2025)
wadats01,2014,208,57,69.3,7.4,Pre-Statcast (2005–2014)
wadats01,2015,97,31,32.3,8.63,Post-Statcast (2015–2025)
waddebr01,2025,94,22,31.3,6.32,Post-Statcast (2015–2025)
wadeco01,2008,214,51,71.3,6.43,Pre-Statcast (2005–2014)
wadeco01,2011,119,30,39.7,6.81,Pre-Statcast (2005–2014)
wadeco01,2012,117,38,39,8.77,Pre-Statcast (2005–2014)
waechdo01,2005,471,87,157,4.99,Pre-Statcast (2005–2014)
waechdo01,2006,159,25,53,4.25,Pre-Statcast (2005–2014)
waechdo01,2008,190,46,63.3,6.54,Pre-Statcast (2005–2014)
wagnebi02,2005,233,87,77.7,10.08,Pre-Statcast (2005–2014)
wagnebi02,2006,217,94,72.3,11.7,Pre-Statcast (2005–2014)
wagnebi02,2007,205,80,68.3,10.54,Pre-Statcast (2005–2014)
wagnebi02,2008,141,52,47,9.96,Pre-Statcast (2005–2014)
wagnebi02,2010,208,104,69.3,13.5,Pre-Statcast (2005–2014)
wagnene01,2013,114,33,38,7.82,Pre-Statcast (2005–2014)
wagnery01,2005,137,39,45.7,7.69,Pre-Statcast (2005–2014)
wagnery01,2006,92,20,30.7,5.87,Pre-Statcast (2005–2014)
wagueja01,2019,234,63,78,7.27,Post-Statcast (2015–2025)
wainwad01,2006,225,72,75,8.64,Pre-Statcast (2005–2014)
wainwad01,2007,606,136,202,6.06,Pre-Statcast (2005–2014)
wainwad01,2008,396,91,132,6.2,Pre-Statcast (2005–2014)
wainwad01,2009,699,212,233,8.19,Pre-Statcast (2005–2014)
wainwad01,2010,691,213,230.3,8.32,Pre-Statcast (2005–2014)
wainwad01,2012,596,184,198.7,8.34,Pre-Statcast (2005–2014)
wainwad01,2013,725,219,241.7,8.16,Pre-Statcast (2005–2014)
wainwad01,2014,681,179,227,7.1,Pre-Statcast (2005–2014)
wainwad01,2016,596,161,198.7,7.29,Post-Statcast (2015–2025)
wainwad01,2017,370,96,123.3,7.01,Post-Statcast (2015–2025)
wainwad01,2018,121,40,40.3,8.93,Post-Statcast (2015–2025)
wainwad01,2019,515,153,171.7,8.02,Post-Statcast (2015–2025)
wainwad01,2020,197,54,65.7,7.4,Post-Statcast (2015–2025)
wainwad01,2021,619,174,206.3,7.59,Post-Statcast (2015–2025)
wainwad01,2022,575,143,191.7,6.71,Post-Statcast (2015–2025)
wainwad01,2023,303,55,101,4.9,Post-Statcast (2015–2025)
wakefti01,2005,676,151,225.3,6.03,Pre-Statcast (2005–2014)
wakefti01,2006,420,90,140,5.79,Pre-Statcast (2005–2014)
wakefti01,2007,567,110,189,5.24,Pre-Statcast (2005–2014)
wakefti01,2008,543,117,181,5.82,Pre-Statcast (2005–2014)
wakefti01,2009,389,72,129.7,5,Pre-Statcast (2005–2014)
wakefti01,2010,420,84,140,5.4,Pre-Statcast (2005–2014)
wakefti01,2011,464,93,154.7,5.41,Pre-Statcast (2005–2014)
waldejo01,2011,181,67,60.3,9.99,Pre-Statcast (2005–2014)
waldejo01,2012,117,48,39,11.08,Pre-Statcast (2005–2014)
waldejo01,2013,141,54,47,10.34,Pre-Statcast (2005–2014)
waldejo01,2014,150,62,50,11.16,Pre-Statcast (2005–2014)
waldema01,2019,234,76,78,8.77,Post-Statcast (2015–2025)
waldike01,2022,104,33,34.7,8.57,Post-Statcast (2015–2025)
waldike01,2023,423,132,141,8.43,Post-Statcast (2015–2025)
waldrhu01,2025,169,55,56.3,8.79,Post-Statcast (2015–2025)
waldrma01,2023,124,31,41.3,6.75,Post-Statcast (2015–2025)
waldrma01,2024,440,133,146.7,8.16,Post-Statcast (2015–2025)
walkeja01,2005,146,30,48.7,5.55,Pre-Statcast (2005–2014)
walkeja01,2006,144,37,48,6.94,Pre-Statcast (2005–2014)
walkeja01,2007,184,41,61.3,6.02,Pre-Statcast (2005–2014)
walkeja01,2008,114,24,38,5.68,Pre-Statcast (2005–2014)
walkepe01,2005,252,43,84,4.61,Pre-Statcast (2005–2014)
walkepe01,2006,90,27,30,8.1,Pre-Statcast (2005–2014)
walkery01,2023,184,78,61.3,11.45,Post-Statcast (2015–2025)
walkery01,2024,240,99,80,11.14,Post-Statcast (2015–2025)
walkery01,2025,184,60,61.3,8.8,Post-Statcast (2015–2025)
walketa01,2014,114,34,38,8.05,Pre-Statcast (2005–2014)
walketa01,2015,509,157,169.7,8.33,Post-Statcast (2015–2025)
walketa01,2016,403,119,134.3,7.97,Post-Statcast (2015–2025)
walketa01,2017,472,146,157.3,8.35,Post-Statcast (2015–2025)
walketa01,2020,160,50,53.3,8.44,Post-Statcast (2015–2025)
walketa01,2021,477,146,159,8.26,Post-Statcast (2015–2025)
walketa01,2022,472,132,157.3,7.55,Post-Statcast (2015–2025)
walketa01,2023,518,138,172.7,7.19,Post-Statcast (2015–2025)
walketa01,2024,251,58,83.7,6.24,Post-Statcast (2015–2025)
walketa01,2025,371,86,123.7,6.26,Post-Statcast (2015–2025)
walkety01,2005,185,54,61.7,7.88,Pre-Statcast (2005–2014)
walkety01,2008,160,49,53.3,8.27,Pre-Statcast (2005–2014)
walkety01,2009,106,27,35.3,6.88,Pre-Statcast (2005–2014)
walkety01,2010,106,30,35.3,7.64,Pre-Statcast (2005–2014)
waltebr01,2025,161,52,53.7,8.72,Post-Statcast (2015–2025)
waltepj01,2010,90,22,30,6.6,Pre-Statcast (2005–2014)
waltepj01,2012,185,42,61.7,6.13,Pre-Statcast (2005–2014)
waltepj01,2013,118,22,39.3,5.03,Pre-Statcast (2005–2014)
wangch01,2005,349,47,116.3,3.64,Pre-Statcast (2005–2014)
wangch01,2006,654,76,218,3.14,Pre-Statcast (2005–2014)
wangch01,2007,598,104,199.3,4.7,Pre-Statcast (2005–2014)
wangch01,2008,285,54,95,5.12,Pre-Statcast (2005–2014)
wangch01,2009,126,29,42,6.21,Pre-Statcast (2005–2014)
wangch01,2011,187,25,62.3,3.61,Pre-Statcast (2005–2014)
wangch01,2012,97,15,32.3,4.18,Pre-Statcast (2005–2014)
wangch01,2016,160,30,53.3,5.06,Post-Statcast (2015–2025)
wangwe01,2019,93,18,31,5.23,Post-Statcast (2015–2025)
wantzan01,2022,151,52,50.3,9.3,Post-Statcast (2015–2025)
wantzan01,2023,118,33,39.3,7.55,Post-Statcast (2015–2025)
wardth01,2023,106,30,35.3,7.64,Post-Statcast (2015–2025)
warread01,2013,231,64,77,7.48,Pre-Statcast (2005–2014)
warread01,2014,236,76,78.7,8.69,Pre-Statcast (2005–2014)
warread01,2015,394,104,131.3,7.13,Post-Statcast (2015–2025)
warread01,2016,196,52,65.3,7.16,Post-Statcast (2015–2025)
warread01,2017,172,54,57.3,8.48,Post-Statcast (2015–2025)
warread01,2018,155,52,51.7,9.06,Post-Statcast (2015–2025)
warrear01,2022,108,40,36,10,Post-Statcast (2015–2025)
warrewi01,2025,487,171,162.3,9.48,Post-Statcast (2015–2025)
wasdijo01,2005,227,44,75.7,5.23,Pre-Statcast (2005–2014)
wasdijo01,2006,90,16,30,4.8,Pre-Statcast (2005–2014)
washbja01,2005,532,94,177.3,4.77,Pre-Statcast (2005–2014)
washbja01,2006,561,103,187,4.96,Pre-Statcast (2005–2014)
washbja01,2007,581,114,193.7,5.3,Pre-Statcast (2005–2014)
washbja01,2008,461,87,153.7,5.1,Pre-Statcast (2005–2014)
washbja01,2009,528,100,176,5.11,Pre-Statcast (2005–2014)
waterch01,2008,194,33,64.7,4.59,Pre-Statcast (2005–2014)
watkisp01,2021,164,35,54.7,5.76,Post-Statcast (2015–2025)
watkisp01,2022,316,63,105.3,5.38,Post-Statcast (2015–2025)
watsoto01,2011,123,37,41,8.12,Pre-Statcast (2005–2014)
watsoto01,2012,160,53,53.3,8.94,Pre-Statcast (2005–2014)
watsoto01,2013,215,54,71.7,6.78,Pre-Statcast (2005–2014)
watsoto01,2014,232,81,77.3,9.43,Pre-Statcast (2005–2014)
watsoto01,2015,226,62,75.3,7.41,Post-Statcast (2015–2025)
watsoto01,2016,203,58,67.7,7.71,Post-Statcast (2015–2025)
watsoto01,2017,200,53,66.7,7.15,Post-Statcast (2015–2025)
watsoto01,2018,198,72,66,9.82,Post-Statcast (2015–2025)
watsoto01,2019,162,41,54,6.83,Post-Statcast (2015–2025)
watsoto01,2021,172,44,57.3,6.91,Post-Statcast (2015–2025)
weathda01,2005,233,61,77.7,7.07,Pre-Statcast (2005–2014)
weathda01,2006,221,50,73.7,6.11,Pre-Statcast (2005–2014)
weathda01,2007,233,48,77.7,5.56,Pre-Statcast (2005–2014)
weathda01,2008,208,46,69.3,5.97,Pre-Statcast (2005–2014)
weathda01,2009,186,37,62,5.37,Pre-Statcast (2005–2014)
weathry01,2021,284,72,94.7,6.85,Post-Statcast (2015–2025)
weathry01,2023,173,43,57.7,6.71,Post-Statcast (2015–2025)
weathry01,2024,260,80,86.7,8.31,Post-Statcast (2015–2025)
weathry01,2025,115,37,38.3,8.69,Post-Statcast (2015–2025)
weaveje01,2005,672,157,224,6.31,Pre-Statcast (2005–2014)
weaveje01,2006,516,107,172,5.6,Pre-Statcast (2005–2014)
weaveje01,2007,440,80,146.7,4.91,Pre-Statcast (2005–2014)
weaveje01,2009,237,64,79,7.29,Pre-Statcast (2005–2014)
weaveje01,2010,133,26,44.3,5.28,Pre-Statcast (2005–2014)
weaveje02,2006,369,105,123,7.68,Pre-Statcast (2005–2014)
weaveje02,2007,483,115,161,6.43,Pre-Statcast (2005–2014)
weaveje02,2008,530,152,176.7,7.74,Pre-Statcast (2005–2014)
weaveje02,2009,633,174,211,7.42,Pre-Statcast (2005–2014)
weaveje02,2010,673,233,224.3,9.35,Pre-Statcast (2005–2014)
weaveje02,2011,707,198,235.7,7.56,Pre-Statcast (2005–2014)
weaveje02,2012,566,142,188.7,6.77,Pre-Statcast (2005–2014)
weaveje02,2013,463,117,154.3,6.82,Pre-Statcast (2005–2014)
weaveje02,2014,640,169,213.3,7.13,Pre-Statcast (2005–2014)
weaveje02,2015,477,90,159,5.09,Post-Statcast (2015–2025)
weaveje02,2016,534,103,178,5.21,Post-Statcast (2015–2025)
weaveje02,2017,127,23,42.3,4.89,Post-Statcast (2015–2025)
weavelu01,2016,109,45,36.3,11.15,Post-Statcast (2015–2025)
weavelu01,2017,181,72,60.3,10.74,Post-Statcast (2015–2025)
weavelu01,2018,409,121,136.3,7.99,Post-Statcast (2015–2025)
weavelu01,2019,193,69,64.3,9.65,Post-Statcast (2015–2025)
weavelu01,2020,156,55,52,9.52,Post-Statcast (2015–2025)
weavelu01,2021,197,62,65.7,8.5,Post-Statcast (2015–2025)
weavelu01,2022,107,38,35.7,9.59,Post-Statcast (2015–2025)
weavelu01,2023,371,109,123.7,7.93,Post-Statcast (2015–2025)
weavelu01,2024,252,103,84,11.04,Post-Statcast (2015–2025)
weavelu01,2025,194,72,64.7,10.02,Post-Statcast (2015–2025)
webbbr01,2005,687,172,229,6.76,Pre-Statcast (2005–2014)
webbbr01,2006,705,178,235,6.82,Pre-Statcast (2005–2014)
webbbr01,2007,709,194,236.3,7.39,Pre-Statcast (2005–2014)
webbbr01,2008,680,183,226.7,7.27,Pre-Statcast (2005–2014)
webbda01,2014,203,58,67.7,7.71,Pre-Statcast (2005–2014)
webbda01,2015,90,22,30,6.6,Post-Statcast (2015–2025)
webbja01,2019,97,28,32.3,7.79,Post-Statcast (2015–2025)
webbja01,2021,103,33,34.3,8.65,Post-Statcast (2015–2025)
webbja01,2023,161,57,53.7,9.56,Post-Statcast (2015–2025)
webbja01,2024,170,58,56.7,9.21,Post-Statcast (2015–2025)
webbja01,2025,198,58,66,7.91,Post-Statcast (2015–2025)
webblo01,2019,119,37,39.7,8.39,Post-Statcast (2015–2025)
webblo01,2020,163,46,54.3,7.62,Post-Statcast (2015–2025)
webblo01,2021,445,158,148.3,9.59,Post-Statcast (2015–2025)
webblo01,2022,577,163,192.3,7.63,Post-Statcast (2015–2025)
webblo01,2023,648,194,216,8.08,Post-Statcast (2015–2025)
webblo01,2024,614,172,204.7,7.56,Post-Statcast (2015–2025)
webblo01,2025,621,224,207,9.74,Post-Statcast (2015–2025)
webbry01,2010,177,44,59,6.71,Pre-Statcast (2005–2014)
webbry01,2011,152,31,50.7,5.51,Pre-Statcast (2005–2014)
webbry01,2012,181,44,60.3,6.56,Pre-Statcast (2005–2014)
webbry01,2013,241,54,80.3,6.05,Pre-Statcast (2005–2014)
webbry01,2014,148,37,49.3,6.75,Pre-Statcast (2005–2014)
webbry01,2015,152,31,50.7,5.51,Post-Statcast (2015–2025)
webbty01,2019,165,48,55,7.85,Post-Statcast (2015–2025)
weberry01,2016,109,23,36.3,5.7,Post-Statcast (2015–2025)
weberry01,2019,122,29,40.7,6.42,Post-Statcast (2015–2025)
weberry01,2020,129,27,43,5.65,Post-Statcast (2015–2025)
webstal01,2013,91,23,30.3,6.82,Pre-Statcast (2005–2014)
webstal01,2014,177,36,59,5.49,Pre-Statcast (2005–2014)
webstal01,2015,93,17,31,4.94,Post-Statcast (2015–2025)
weemsjo01,2022,119,41,39.7,9.3,Post-Statcast (2015–2025)
weemsjo01,2023,164,60,54.7,9.88,Post-Statcast (2015–2025)
weemsjo01,2024,125,35,41.7,7.56,Post-Statcast (2015–2025)
weissgr01,2024,190,58,63.3,8.24,Post-Statcast (2015–2025)
weissgr01,2025,201,57,67,7.66,Post-Statcast (2015–2025)
welleto01,2005,97,32,32.3,8.91,Pre-Statcast (2005–2014)
welleto01,2006,235,54,78.3,6.2,Pre-Statcast (2005–2014)
welleto01,2007,238,60,79.3,6.81,Pre-Statcast (2005–2014)
welleto01,2008,575,134,191.7,6.29,Pre-Statcast (2005–2014)
welleto01,2009,367,78,122.3,5.74,Pre-Statcast (2005–2014)
welleto01,2010,176,41,58.7,6.29,Pre-Statcast (2005–2014)
wellsal01,2021,128,26,42.7,5.48,Post-Statcast (2015–2025)
wellsda01,2005,552,107,184,5.23,Pre-Statcast (2005–2014)
wellsda01,2006,226,38,75.3,4.54,Pre-Statcast (2005–2014)
wellsda01,2007,472,82,157.3,4.69,Pre-Statcast (2005–2014)
wellski01,2005,546,132,182,6.53,Pre-Statcast (2005–2014)
wellski01,2006,133,20,44.3,4.06,Pre-Statcast (2005–2014)
wellski01,2007,488,122,162.7,6.75,Pre-Statcast (2005–2014)
wellski01,2008,113,31,37.7,7.41,Pre-Statcast (2005–2014)
wellski01,2009,218,43,72.7,5.33,Pre-Statcast (2005–2014)
wellski01,2012,112,19,37.3,4.58,Pre-Statcast (2005–2014)
wellsra01,2009,496,104,165.3,5.66,Pre-Statcast (2005–2014)
wellsra01,2010,583,144,194.3,6.67,Pre-Statcast (2005–2014)
wellsra01,2011,406,82,135.3,5.45,Pre-Statcast (2005–2014)
wellsty01,2021,171,65,57,10.26,Post-Statcast (2015–2025)
wellsty01,2022,311,76,103.7,6.6,Post-Statcast (2015–2025)
wellsty01,2023,356,117,118.7,8.87,Post-Statcast (2015–2025)
wendejb01,2019,98,34,32.7,9.37,Post-Statcast (2015–2025)
wendejb01,2021,131,39,43.7,8.04,Post-Statcast (2015–2025)
wentzjo01,2022,98,27,32.7,7.44,Post-Statcast (2015–2025)
wentzjo01,2023,317,98,105.7,8.35,Post-Statcast (2015–2025)
wentzjo01,2024,202,73,67.3,9.76,Post-Statcast (2015–2025)
wentzjo01,2025,294,92,98,8.45,Post-Statcast (2015–2025)
wernean01,2012,121,35,40.3,7.81,Pre-Statcast (2005–2014)
wesneha01,2022,99,33,33,9,Post-Statcast (2015–2025)
wesneha01,2023,268,83,89.3,8.36,Post-Statcast (2015–2025)
wesneha01,2024,203,67,67.7,8.91,Post-Statcast (2015–2025)
wesneha01,2025,96,29,32,8.16,Post-Statcast (2015–2025)
westbja01,2005,632,119,210.7,5.08,Pre-Statcast (2005–2014)
westbja01,2006,634,109,211.3,4.64,Pre-Statcast (2005–2014)
westbja01,2007,456,93,152,5.51,Pre-Statcast (2005–2014)
westbja01,2008,104,19,34.7,4.93,Pre-Statcast (2005–2014)
westbja01,2010,608,128,202.7,5.68,Pre-Statcast (2005–2014)
westbja01,2011,550,104,183.3,5.11,Pre-Statcast (2005–2014)
westbja01,2012,524,106,174.7,5.46,Pre-Statcast (2005–2014)
westbja01,2013,350,44,116.7,3.39,Pre-Statcast (2005–2014)
westse01,2009,310,70,103.3,6.1,Pre-Statcast (2005–2014)
wheelda01,2005,220,69,73.3,8.47,Pre-Statcast (2005–2014)
wheelda01,2006,214,68,71.3,8.58,Pre-Statcast (2005–2014)
wheelda01,2007,224,82,74.7,9.88,Pre-Statcast (2005–2014)
wheelda01,2008,199,53,66.3,7.19,Pre-Statcast (2005–2014)
wheelda01,2009,173,45,57.7,7.02,Pre-Statcast (2005–2014)
wheelda01,2010,145,46,48.3,8.57,Pre-Statcast (2005–2014)
wheelda01,2011,148,39,49.3,7.11,Pre-Statcast (2005–2014)
wheelza01,2013,300,84,100,7.56,Pre-Statcast (2005–2014)
wheelza01,2014,556,187,185.3,9.08,Pre-Statcast (2005–2014)
wheelza01,2017,259,81,86.3,8.44,Post-Statcast (2015–2025)
wheelza01,2018,547,179,182.3,8.84,Post-Statcast (2015–2025)
wheelza01,2019,586,195,195.3,8.98,Post-Statcast (2015–2025)
wheelza01,2020,213,53,71,6.72,Post-Statcast (2015–2025)
wheelza01,2021,640,247,213.3,10.42,Post-Statcast (2015–2025)
wheelza01,2022,459,163,153,9.59,Post-Statcast (2015–2025)
wheelza01,2023,576,212,192,9.94,Post-Statcast (2015–2025)
wheelza01,2024,600,224,200,10.08,Post-Statcast (2015–2025)
wheelza01,2025,449,195,149.7,11.73,Post-Statcast (2015–2025)
whiteal01,2011,154,37,51.3,6.49,Pre-Statcast (2005–2014)
whiteal01,2012,294,64,98,5.88,Pre-Statcast (2005–2014)
whitebr01,2023,122,44,40.7,9.74,Post-Statcast (2015–2025)
whitemi03,2021,140,49,46.7,9.45,Post-Statcast (2015–2025)
whitemi03,2022,297,78,99,7.09,Post-Statcast (2015–2025)
whiteri01,2005,225,40,75,4.8,Pre-Statcast (2005–2014)
whiteri01,2006,194,40,64.7,5.57,Pre-Statcast (2005–2014)
whiteri01,2007,104,18,34.7,4.67,Pre-Statcast (2005–2014)
whitese02,2007,106,16,35.3,4.08,Pre-Statcast (2005–2014)
whitese02,2009,193,28,64.3,3.92,Pre-Statcast (2005–2014)
whitese02,2010,103,15,34.3,3.93,Pre-Statcast (2005–2014)
whitlch01,2014,227,60,75.7,7.14,Pre-Statcast (2005–2014)
whitlch01,2017,172,43,57.3,6.75,Post-Statcast (2015–2025)
whitlga01,2021,220,81,73.3,9.94,Post-Statcast (2015–2025)
whitlga01,2022,235,82,78.3,9.42,Post-Statcast (2015–2025)
whitlga01,2023,215,72,71.7,9.04,Post-Statcast (2015–2025)
whitlga01,2025,216,91,72,11.38,Post-Statcast (2015–2025)
wickmbo01,2005,186,41,62,5.95,Pre-Statcast (2005–2014)
wickmbo01,2006,162,42,54,7,Pre-Statcast (2005–2014)
wickmbo01,2007,151,37,50.3,6.62,Pre-Statcast (2005–2014)
wickro01,2019,100,35,33.3,9.45,Post-Statcast (2015–2025)
wickro01,2022,192,69,64,9.7,Post-Statcast (2015–2025)
wicksjo01,2023,104,24,34.7,6.23,Post-Statcast (2015–2025)
wicksjo01,2024,138,42,46,8.22,Post-Statcast (2015–2025)
widenta01,2021,211,73,70.3,9.34,Post-Statcast (2015–2025)
wieckbr01,2019,104,49,34.7,12.72,Post-Statcast (2015–2025)
wilheto01,2011,98,30,32.7,8.27,Pre-Statcast (2005–2014)
wilheto01,2012,238,87,79.3,9.87,Pre-Statcast (2005–2014)
wilheto01,2013,177,45,59,6.86,Pre-Statcast (2005–2014)
wilheto01,2014,238,72,79.3,8.17,Pre-Statcast (2005–2014)
wilheto01,2015,186,60,62,8.71,Post-Statcast (2015–2025)
wilheto01,2016,139,28,46.3,5.44,Post-Statcast (2015–2025)
willibr02,2023,351,98,117,7.54,Post-Statcast (2015–2025)
willida07,2005,416,88,138.7,5.71,Pre-Statcast (2005–2014)
willida07,2006,207,32,69,4.17,Pre-Statcast (2005–2014)
willide03,2021,162,87,54,14.5,Post-Statcast (2015–2025)
willide03,2022,182,96,60.7,14.24,Post-Statcast (2015–2025)
willide03,2023,176,87,58.7,13.35,Post-Statcast (2015–2025)
willide03,2025,186,90,62,13.06,Post-Statcast (2015–2025)
willido03,2005,709,170,236.3,6.47,Pre-Statcast (2005–2014)
willido03,2006,670,160,223.3,6.45,Pre-Statcast (2005–2014)
willido03,2007,616,146,205.3,6.4,Pre-Statcast (2005–2014)
willido03,2009,101,17,33.7,4.54,Pre-Statcast (2005–2014)
willido03,2010,197,47,65.7,6.44,Pre-Statcast (2005–2014)
willido03,2011,227,57,75.7,6.78,Pre-Statcast (2005–2014)
williga01,2023,246,81,82,8.89,Post-Statcast (2015–2025)
williga01,2024,228,79,76,9.36,Post-Statcast (2015–2025)
williga01,2025,503,173,167.7,9.29,Post-Statcast (2015–2025)
willije02,2005,368,70,122.7,5.14,Pre-Statcast (2005–2014)
willije02,2007,90,15,30,4.5,Pre-Statcast (2005–2014)
willije02,2011,132,28,44,5.73,Pre-Statcast (2005–2014)
willije02,2012,413,98,137.7,6.41,Pre-Statcast (2005–2014)
willije02,2013,508,107,169.3,5.69,Pre-Statcast (2005–2014)
willije02,2014,345,82,115,6.42,Pre-Statcast (2005–2014)
willije02,2015,363,74,121,5.5,Post-Statcast (2015–2025)
willisc01,2006,118,42,39.3,9.61,Pre-Statcast (2005–2014)
willita01,2018,159,57,53,9.68,Post-Statcast (2015–2025)
willito02,2005,229,38,76.3,4.48,Pre-Statcast (2005–2014)
willito02,2006,171,24,57,3.79,Pre-Statcast (2005–2014)
willitr01,2017,451,117,150.3,7,Post-Statcast (2015–2025)
willitr01,2018,512,126,170.7,6.64,Post-Statcast (2015–2025)
willitr01,2019,437,113,145.7,6.98,Post-Statcast (2015–2025)
willitr01,2020,166,49,55.3,7.97,Post-Statcast (2015–2025)
willitr01,2021,273,90,91,8.9,Post-Statcast (2015–2025)
willitr01,2022,269,84,89.7,8.43,Post-Statcast (2015–2025)
willitr01,2023,433,111,144.3,6.92,Post-Statcast (2015–2025)
willitr01,2024,200,59,66.7,7.96,Post-Statcast (2015–2025)
willitr01,2025,248,65,82.7,7.08,Post-Statcast (2015–2025)
williwo02,2005,479,106,159.7,5.97,Pre-Statcast (2005–2014)
williwo02,2006,436,72,145.3,4.46,Pre-Statcast (2005–2014)
williwo02,2007,564,101,188,4.84,Pre-Statcast (2005–2014)
wilsoal01,2015,210,38,70,4.89,Post-Statcast (2015–2025)
wilsoal01,2016,219,49,73,6.04,Post-Statcast (2015–2025)
wilsoal01,2017,180,42,60,6.3,Post-Statcast (2015–2025)
wilsoal01,2018,185,43,61.7,6.28,Post-Statcast (2015–2025)
wilsobr01,2006,90,23,30,6.9,Pre-Statcast (2005–2014)
wilsobr01,2008,187,67,62.3,9.67,Pre-Statcast (2005–2014)
wilsobr01,2009,217,83,72.3,10.33,Pre-Statcast (2005–2014)
wilsobr01,2010,224,93,74.7,11.21,Pre-Statcast (2005–2014)
wilsobr01,2011,165,54,55,8.84,Pre-Statcast (2005–2014)
wilsobr01,2014,145,54,48.3,10.06,Pre-Statcast (2005–2014)
wilsobr02,2021,222,46,74,5.59,Post-Statcast (2015–2025)
wilsobr02,2022,347,79,115.7,6.15,Post-Statcast (2015–2025)
wilsobr02,2023,230,61,76.7,7.16,Post-Statcast (2015–2025)
wilsobr02,2024,314,82,104.7,7.05,Post-Statcast (2015–2025)
wilsobr02,2025,142,28,47.3,5.32,Post-Statcast (2015–2025)
wilsocj01,2005,144,30,48,5.62,Pre-Statcast (2005–2014)
wilsocj01,2006,133,43,44.3,8.73,Pre-Statcast (2005–2014)
wilsocj01,2007,205,63,68.3,8.3,Pre-Statcast (2005–2014)
wilsocj01,2008,139,41,46.3,7.96,Pre-Statcast (2005–2014)
wilsocj01,2009,221,84,73.7,10.26,Pre-Statcast (2005–2014)
wilsocj01,2010,612,170,204,7.5,Pre-Statcast (2005–2014)
wilsocj01,2011,670,206,223.3,8.3,Pre-Statcast (2005–2014)
wilsocj01,2012,607,173,202.3,7.7,Pre-Statcast (2005–2014)
wilsocj01,2013,637,188,212.3,7.97,Pre-Statcast (2005–2014)
wilsocj01,2014,527,151,175.7,7.74,Pre-Statcast (2005–2014)
wilsocj01,2015,396,110,132,7.5,Post-Statcast (2015–2025)
wilsoju10,2013,221,59,73.7,7.21,Pre-Statcast (2005–2014)
wilsoju10,2014,180,61,60,9.15,Pre-Statcast (2005–2014)
wilsoju10,2015,183,66,61,9.74,Post-Statcast (2015–2025)
wilsoju10,2016,176,65,58.7,9.97,Post-Statcast (2015–2025)
wilsoju10,2017,174,80,58,12.41,Post-Statcast (2015–2025)
wilsoju10,2018,164,69,54.7,11.36,Post-Statcast (2015–2025)
wilsoju10,2019,117,44,39,10.15,Post-Statcast (2015–2025)
wilsoju10,2021,102,29,34,7.68,Post-Statcast (2015–2025)
wilsoju10,2024,140,51,46.7,9.84,Post-Statcast (2015–2025)
wilsoju10,2025,145,57,48.3,10.61,Post-Statcast (2015–2025)
wilsopa02,2005,139,30,46.3,5.83,Pre-Statcast (2005–2014)
wilsost02,2022,159,53,53,9,Post-Statcast (2015–2025)
wilsost02,2023,159,57,53,9.68,Post-Statcast (2015–2025)
wilsost02,2024,104,34,34.7,8.83,Post-Statcast (2015–2025)
wilsost02,2025,166,51,55.3,8.3,Post-Statcast (2015–2025)
wilsoty01,2015,108,13,36,3.25,Post-Statcast (2015–2025)
wilsoty01,2016,282,55,94,5.27,Post-Statcast (2015–2025)
winanal01,2023,97,34,32.3,9.46,Post-Statcast (2015–2025)
winckjo01,2022,211,44,70.3,5.63,Post-Statcast (2015–2025)
winckjo01,2023,253,82,84.3,8.75,Post-Statcast (2015–2025)
winckjo01,2024,228,60,76,7.11,Post-Statcast (2015–2025)
windejo01,2022,201,47,67,6.31,Post-Statcast (2015–2025)
windejo01,2023,104,28,34.7,7.27,Post-Statcast (2015–2025)
wingetr01,2019,153,72,51,12.71,Post-Statcast (2015–2025)
winklda01,2018,181,69,60.3,10.29,Post-Statcast (2015–2025)
winklda01,2021,119,40,39.7,9.08,Post-Statcast (2015–2025)
winnco01,2025,125,35,41.7,7.56,Post-Statcast (2015–2025)
winnke01,2023,127,35,42.3,7.44,Post-Statcast (2015–2025)
winnke01,2024,166,48,55.3,7.81,Post-Statcast (2015–2025)
wisema01,2005,193,62,64.3,8.67,Pre-Statcast (2005–2014)
wisema01,2006,133,27,44.3,5.48,Pre-Statcast (2005–2014)
wisema01,2007,161,43,53.7,7.21,Pre-Statcast (2005–2014)
wislema01,2015,327,72,109,5.94,Post-Statcast (2015–2025)
wislema01,2016,470,115,156.7,6.61,Post-Statcast (2015–2025)
wislema01,2017,97,22,32.3,6.12,Post-Statcast (2015–2025)
wislema01,2018,120,32,40,7.2,Post-Statcast (2015–2025)
wislema01,2019,154,63,51.3,11.05,Post-Statcast (2015–2025)
wislema01,2021,146,62,48.7,11.47,Post-Statcast (2015–2025)
wislema01,2022,132,35,44,7.16,Post-Statcast (2015–2025)
witasja01,2005,190,73,63.3,10.37,Pre-Statcast (2005–2014)
witasja01,2007,94,18,31.3,5.17,Pre-Statcast (2005–2014)
withrch01,2013,104,43,34.7,11.16,Pre-Statcast (2005–2014)
withrch01,2016,113,28,37.7,6.69,Post-Statcast (2015–2025)
wittgni01,2016,155,42,51.7,7.32,Post-Statcast (2015–2025)
wittgni01,2017,127,43,42.3,9.14,Post-Statcast (2015–2025)
wittgni01,2018,101,31,33.7,8.29,Post-Statcast (2015–2025)
wittgni01,2019,173,60,57.7,9.36,Post-Statcast (2015–2025)
wittgni01,2021,187,61,62.3,8.81,Post-Statcast (2015–2025)
wojcias01,2017,187,64,62.3,9.24,Post-Statcast (2015–2025)
wojcias01,2019,247,80,82.3,8.74,Post-Statcast (2015–2025)
wojcias01,2020,111,31,37,7.54,Post-Statcast (2015–2025)
wolfebr01,2007,136,22,45.3,4.37,Pre-Statcast (2005–2014)
wolfra02,2005,240,61,80,6.86,Pre-Statcast (2005–2014)
wolfra02,2006,170,44,56.7,6.99,Pre-Statcast (2005–2014)
wolfra02,2007,308,94,102.7,8.24,Pre-Statcast (2005–2014)
wolfra02,2008,571,162,190.3,7.66,Pre-Statcast (2005–2014)
wolfra02,2009,643,160,214.3,6.72,Pre-Statcast (2005–2014)
wolfra02,2010,647,142,215.7,5.93,Pre-Statcast (2005–2014)
wolfra02,2011,637,134,212.3,5.68,Pre-Statcast (2005–2014)
wolfra02,2012,473,104,157.7,5.94,Pre-Statcast (2005–2014)
wolfra02,2015,104,28,34.7,7.27,Post-Statcast (2015–2025)
wolfro01,2013,143,21,47.7,3.97,Pre-Statcast (2005–2014)
woobr01,2023,263,93,87.7,9.55,Post-Statcast (2015–2025)
woobr01,2024,364,101,121.3,7.49,Post-Statcast (2015–2025)
woobr01,2025,560,198,186.7,9.55,Post-Statcast (2015–2025)
woodal02,2013,233,77,77.7,8.92,Pre-Statcast (2005–2014)
woodal02,2014,515,170,171.7,8.91,Pre-Statcast (2005–2014)
woodal02,2015,569,139,189.7,6.6,Post-Statcast (2015–2025)
woodal02,2016,181,66,60.3,9.85,Post-Statcast (2015–2025)
woodal02,2017,457,151,152.3,8.92,Post-Statcast (2015–2025)
woodal02,2018,455,135,151.7,8.01,Post-Statcast (2015–2025)
woodal02,2019,107,30,35.7,7.57,Post-Statcast (2015–2025)
woodal02,2021,416,152,138.7,9.87,Post-Statcast (2015–2025)
woodal02,2022,392,131,130.7,9.02,Post-Statcast (2015–2025)
woodal02,2023,293,74,97.7,6.82,Post-Statcast (2015–2025)
woodal02,2024,118,33,39.3,7.55,Post-Statcast (2015–2025)
woodbl01,2010,149,31,49.7,5.62,Pre-Statcast (2005–2014)
woodbl01,2011,209,62,69.7,8.01,Pre-Statcast (2005–2014)
woodbl01,2016,230,81,76.7,9.51,Post-Statcast (2015–2025)
woodbl01,2017,223,84,74.3,10.17,Post-Statcast (2015–2025)
woodfja01,2021,203,50,67.7,6.65,Post-Statcast (2015–2025)
woodfja01,2022,145,24,48.3,4.47,Post-Statcast (2015–2025)
woodfja01,2023,143,29,47.7,5.48,Post-Statcast (2015–2025)
woodfja01,2024,105,26,35,6.69,Post-Statcast (2015–2025)
woodfja01,2025,109,23,36.3,5.7,Post-Statcast (2015–2025)
woodhu01,2018,123,42,41,9.22,Post-Statcast (2015–2025)
woodhu01,2019,136,39,45.3,7.74,Post-Statcast (2015–2025)
woodke02,2005,198,77,66,10.5,Pre-Statcast (2005–2014)
woodke02,2008,199,84,66.3,11.4,Pre-Statcast (2005–2014)
woodke02,2009,165,63,55,10.31,Pre-Statcast (2005–2014)
woodke02,2010,138,49,46,9.59,Pre-Statcast (2005–2014)
woodke02,2011,153,57,51,10.06,Pre-Statcast (2005–2014)
woodmi01,2005,345,60,115,4.7,Pre-Statcast (2005–2014)
woodmi01,2006,194,29,64.7,4.04,Pre-Statcast (2005–2014)
woodmi01,2007,152,25,50.7,4.44,Pre-Statcast (2005–2014)
woodrbr01,2017,129,32,43,6.7,Post-Statcast (2015–2025)
woodrbr01,2018,127,47,42.3,9.99,Post-Statcast (2015–2025)
woodrbr01,2019,365,143,121.7,10.58,Post-Statcast (2015–2025)
woodrbr01,2020,221,91,73.7,11.12,Post-Statcast (2015–2025)
woodrbr01,2021,538,211,179.3,10.59,Post-Statcast (2015–2025)
woodrbr01,2022,460,190,153.3,11.15,Post-Statcast (2015–2025)
woodrbr01,2023,201,74,67,9.94,Post-Statcast (2015–2025)
woodrbr01,2025,194,83,64.7,11.55,Post-Statcast (2015–2025)
woodsja01,2006,315,66,105,5.66,Pre-Statcast (2005–2014)
woodssi01,2024,401,117,133.7,7.88,Post-Statcast (2015–2025)
woodssi01,2025,334,107,111.3,8.65,Post-Statcast (2015–2025)
woodtr01,2010,308,86,102.7,7.54,Pre-Statcast (2005–2014)
woodtr01,2011,318,76,106,6.45,Pre-Statcast (2005–2014)
woodtr01,2012,468,119,156,6.87,Pre-Statcast (2005–2014)
woodtr01,2013,600,144,200,6.48,Pre-Statcast (2005–2014)
woodtr01,2014,521,146,173.7,7.57,Pre-Statcast (2005–2014)
woodtr01,2015,302,118,100.7,10.55,Post-Statcast (2015–2025)
woodtr01,2016,183,47,61,6.93,Post-Statcast (2015–2025)
woodtr01,2017,282,65,94,6.22,Post-Statcast (2015–2025)
wootero01,2014,103,29,34.3,7.6,Pre-Statcast (2005–2014)
workmbr01,2013,125,47,41.7,10.15,Pre-Statcast (2005–2014)
workmbr01,2014,261,70,87,7.24,Pre-Statcast (2005–2014)
workmbr01,2017,119,37,39.7,8.39,Post-Statcast (2015–2025)
workmbr01,2018,124,37,41.3,8.06,Post-Statcast (2015–2025)
workmbr01,2019,215,104,71.7,13.06,Post-Statcast (2015–2025)
worleva01,2011,395,119,131.7,8.13,Pre-Statcast (2005–2014)
worleva01,2012,399,107,133,7.24,Pre-Statcast (2005–2014)
worleva01,2013,146,25,48.7,4.62,Pre-Statcast (2005–2014)
worleva01,2014,332,79,110.7,6.42,Pre-Statcast (2005–2014)
worleva01,2015,215,49,71.7,6.15,Post-Statcast (2015–2025)
worleva01,2016,260,56,86.7,5.82,Post-Statcast (2015–2025)
worleva01,2017,215,50,71.7,6.28,Post-Statcast (2015–2025)
worreti01,2005,146,39,48.7,7.21,Pre-Statcast (2005–2014)
wrighda04,2016,119,21,39.7,4.76,Post-Statcast (2015–2025)
wrighja01,2005,514,101,171.3,5.31,Pre-Statcast (2005–2014)
wrighja01,2006,468,79,156,4.56,Pre-Statcast (2005–2014)
wrighja01,2007,231,39,77,4.56,Pre-Statcast (2005–2014)
wrighja01,2008,253,60,84.3,6.4,Pre-Statcast (2005–2014)
wrighja01,2009,237,60,79,6.84,Pre-Statcast (2005–2014)
wrighja01,2010,175,28,58.3,4.32,Pre-Statcast (2005–2014)
wrighja01,2011,205,48,68.3,6.32,Pre-Statcast (2005–2014)
wrighja01,2012,203,54,67.7,7.18,Pre-Statcast (2005–2014)
wrighja01,2013,210,65,70,8.36,Pre-Statcast (2005–2014)
wrighja01,2014,211,54,70.3,6.91,Pre-Statcast (2005–2014)
wrighja02,2005,191,34,63.7,4.81,Pre-Statcast (2005–2014)
wrighja02,2006,421,84,140.3,5.39,Pre-Statcast (2005–2014)
wrighky01,2020,114,30,38,7.11,Post-Statcast (2015–2025)
wrighky01,2022,541,174,180.3,8.68,Post-Statcast (2015–2025)
wrighky01,2023,93,34,31,9.87,Post-Statcast (2015–2025)
wrighmi01,2015,134,26,44.7,5.24,Post-Statcast (2015–2025)
wrighmi01,2016,224,50,74.7,6.03,Post-Statcast (2015–2025)
wrighmi01,2018,253,74,84.3,7.9,Post-Statcast (2015–2025)
wrighst01,2015,218,52,72.7,6.44,Post-Statcast (2015–2025)
wrighst01,2016,470,127,156.7,7.3,Post-Statcast (2015–2025)
wrighst01,2018,161,42,53.7,7.04,Post-Statcast (2015–2025)
wrighwe01,2008,167,57,55.7,9.22,Pre-Statcast (2005–2014)
wrighwe01,2009,134,47,44.7,9.47,Pre-Statcast (2005–2014)
wrighwe01,2010,99,29,33,7.91,Pre-Statcast (2005–2014)
wrighwe01,2012,157,54,52.3,9.29,Pre-Statcast (2005–2014)
wrighwe01,2013,161,55,53.7,9.22,Pre-Statcast (2005–2014)
wrighwe01,2014,145,37,48.3,6.89,Pre-Statcast (2005–2014)
wroblju01,2024,109,26,36.3,6.44,Post-Statcast (2015–2025)
wroblju01,2025,200,76,66.7,10.26,Post-Statcast (2015–2025)
wuertmi01,2005,227,89,75.7,10.59,Pre-Statcast (2005–2014)
wuertmi01,2006,122,42,40.7,9.3,Pre-Statcast (2005–2014)
wuertmi01,2007,217,79,72.3,9.83,Pre-Statcast (2005–2014)
wuertmi01,2008,134,30,44.7,6.04,Pre-Statcast (2005–2014)
wuertmi01,2009,236,102,78.7,11.67,Pre-Statcast (2005–2014)
wuertmi01,2010,119,40,39.7,9.08,Pre-Statcast (2005–2014)
wuertmi01,2011,101,32,33.7,8.55,Pre-Statcast (2005–2014)
yabuke01,2005,174,44,58,6.83,Pre-Statcast (2005–2014)
yabuke01,2008,204,48,68,6.35,Pre-Statcast (2005–2014)
yabutya01,2008,113,25,37.7,5.97,Pre-Statcast (2005–2014)
yacabji01,2018,120,33,40,7.42,Post-Statcast (2015–2025)
yacabji01,2019,123,33,41,7.24,Post-Statcast (2015–2025)
yamamjo01,2019,236,82,78.7,9.38,Post-Statcast (2015–2025)
yamamyo01,2024,270,105,90,10.5,Post-Statcast (2015–2025)
yamamyo01,2025,521,201,173.7,10.42,Post-Statcast (2015–2025)
yanes01,2005,200,45,66.7,6.07,Pre-Statcast (2005–2014)
yanes01,2006,112,24,37.3,5.79,Pre-Statcast (2005–2014)
yanghy01,2021,106,25,35.3,6.37,Post-Statcast (2015–2025)
yarbrry01,2018,442,128,147.3,7.82,Post-Statcast (2015–2025)
yarbrry01,2019,425,117,141.7,7.43,Post-Statcast (2015–2025)
yarbrry01,2020,167,44,55.7,7.11,Post-Statcast (2015–2025)
yarbrry01,2021,465,117,155,6.79,Post-Statcast (2015–2025)
yarbrry01,2022,240,61,80,6.86,Post-Statcast (2015–2025)
yarbrry01,2023,269,67,89.7,6.72,Post-Statcast (2015–2025)
yarbrry01,2024,296,65,98.7,5.93,Post-Statcast (2015–2025)
yarbrry01,2025,192,55,64,7.73,Post-Statcast (2015–2025)
yateski01,2014,108,42,36,10.5,Pre-Statcast (2005–2014)
yateski01,2016,124,50,41.3,10.89,Post-Statcast (2015–2025)
yateski01,2017,170,88,56.7,13.98,Post-Statcast (2015–2025)
yateski01,2018,189,90,63,12.86,Post-Statcast (2015–2025)
yateski01,2019,182,101,60.7,14.98,Post-Statcast (2015–2025)
yateski01,2023,181,80,60.3,11.93,Post-Statcast (2015–2025)
yateski01,2024,185,85,61.7,12.41,Post-Statcast (2015–2025)
yateski01,2025,124,52,41.3,11.32,Post-Statcast (2015–2025)
yatesty01,2006,150,46,50,8.28,Pre-Statcast (2005–2014)
yatesty01,2007,198,69,66,9.41,Pre-Statcast (2005–2014)
yatesty01,2008,220,63,73.3,7.73,Pre-Statcast (2005–2014)
ynoaga01,2017,104,26,34.7,6.75,Post-Statcast (2015–2025)
ynoaga01,2019,332,67,110.7,5.45,Post-Statcast (2015–2025)
ynoahu01,2021,273,100,91,9.89,Post-Statcast (2015–2025)
ynoami01,2016,90,30,30,9,Post-Statcast (2015–2025)
youmash01,2007,172,29,57.3,4.55,Pre-Statcast (2005–2014)
youngal01,2019,250,71,83.3,7.67,Post-Statcast (2015–2025)
youngal01,2020,139,39,46.3,7.58,Post-Statcast (2015–2025)
youngal01,2021,156,43,52,7.44,Post-Statcast (2015–2025)
youngal01,2023,161,50,53.7,8.39,Post-Statcast (2015–2025)
youngbr01,2025,173,47,57.7,7.34,Post-Statcast (2015–2025)
youngch03,2005,494,137,164.7,7.49,Pre-Statcast (2005–2014)
youngch03,2006,538,164,179.3,8.23,Pre-Statcast (2005–2014)
youngch03,2007,519,167,173,8.69,Pre-Statcast (2005–2014)
youngch03,2008,307,93,102.3,8.18,Pre-Statcast (2005–2014)
youngch03,2009,228,50,76,5.92,Pre-Statcast (2005–2014)
youngch03,2012,345,80,115,6.26,Pre-Statcast (2005–2014)
youngch03,2014,495,108,165,5.89,Pre-Statcast (2005–2014)
youngch03,2015,370,83,123.3,6.06,Post-Statcast (2015–2025)
youngch03,2016,266,94,88.7,9.54,Post-Statcast (2015–2025)
youngch03,2017,90,22,30,6.6,Post-Statcast (2015–2025)
youngda02,2024,113,48,37.7,11.47,Post-Statcast (2015–2025)
zagurmi01,2012,112,34,37.3,8.2,Pre-Statcast (2005–2014)
zambrca01,2005,670,202,223.3,8.14,Pre-Statcast (2005–2014)
zambrca01,2006,642,210,214,8.83,Pre-Statcast (2005–2014)
zambrca01,2007,649,177,216.3,7.36,Pre-Statcast (2005–2014)
zambrca01,2008,566,130,188.7,6.2,Pre-Statcast (2005–2014)
zambrca01,2009,508,152,169.3,8.08,Pre-Statcast (2005–2014)
zambrca01,2010,389,117,129.7,8.12,Pre-Statcast (2005–2014)
zambrca01,2011,437,101,145.7,6.24,Pre-Statcast (2005–2014)
zambrca01,2012,397,95,132.3,6.46,Pre-Statcast (2005–2014)
zambrvi01,2005,499,112,166.3,6.06,Pre-Statcast (2005–2014)
zavadcl01,2009,153,52,51,9.18,Pre-Statcast (2005–2014)
zeferry01,2025,171,73,57,11.53,Post-Statcast (2015–2025)
zerpaan01,2023,128,36,42.7,7.59,Post-Statcast (2015–2025)
zerpaan01,2024,161,49,53.7,8.22,Post-Statcast (2015–2025)
zerpaan01,2025,194,58,64.7,8.07,Post-Statcast (2015–2025)
zieglbr01,2008,179,30,59.7,4.53,Pre-Statcast (2005–2014)
zieglbr01,2009,220,54,73.3,6.63,Pre-Statcast (2005–2014)
zieglbr01,2010,182,41,60.7,6.08,Pre-Statcast (2005–2014)
zieglbr01,2011,175,44,58.3,6.79,Pre-Statcast (2005–2014)
zieglbr01,2012,206,42,68.7,5.5,Pre-Statcast (2005–2014)
zieglbr01,2013,219,44,73,5.42,Pre-Statcast (2005–2014)
zieglbr01,2014,201,54,67,7.25,Pre-Statcast (2005–2014)
zieglbr01,2015,204,36,68,4.76,Post-Statcast (2015–2025)
zieglbr01,2016,204,58,68,7.68,Post-Statcast (2015–2025)
zieglbr01,2017,141,26,47,4.98,Post-Statcast (2015–2025)
zieglbr01,2018,221,50,73.7,6.11,Post-Statcast (2015–2025)
zimmebr02,2021,193,56,64.3,7.83,Post-Statcast (2015–2025)
zimmebr02,2022,221,49,73.7,5.99,Post-Statcast (2015–2025)
zimmejo02,2009,274,92,91.3,9.07,Pre-Statcast (2005–2014)
zimmejo02,2010,93,27,31,7.84,Pre-Statcast (2005–2014)
zimmejo02,2011,484,124,161.3,6.92,Pre-Statcast (2005–2014)
zimmejo02,2012,587,153,195.7,7.04,Pre-Statcast (2005–2014)
zimmejo02,2013,640,161,213.3,6.79,Pre-Statcast (2005–2014)
zimmejo02,2014,599,182,199.7,8.2,Pre-Statcast (2005–2014)
zimmejo02,2015,605,164,201.7,7.32,Post-Statcast (2015–2025)
zimmejo02,2016,316,66,105.3,5.64,Post-Statcast (2015–2025)
zimmejo02,2017,480,103,160,5.79,Post-Statcast (2015–2025)
zimmejo02,2018,394,111,131.3,7.61,Post-Statcast (2015–2025)
zimmejo02,2019,336,82,112,6.59,Post-Statcast (2015–2025)
zimmeky01,2021,162,46,54,7.67,Post-Statcast (2015–2025)
zitoba01,2005,685,171,228.3,6.74,Pre-Statcast (2005–2014)
zitoba01,2006,663,151,221,6.15,Pre-Statcast (2005–2014)
zitoba01,2007,590,131,196.7,5.99,Pre-Statcast (2005–2014)
zitoba01,2008,540,120,180,6,Pre-Statcast (2005–2014)
zitoba01,2009,576,154,192,7.22,Pre-Statcast (2005–2014)
zitoba01,2010,598,150,199.3,6.77,Pre-Statcast (2005–2014)
zitoba01,2011,161,32,53.7,5.37,Pre-Statcast (2005–2014)
zitoba01,2012,553,114,184.3,5.57,Pre-Statcast (2005–2014)
zitoba01,2013,400,86,133.3,5.8,Pre-Statcast (2005–2014)
zumayjo01,2006,250,97,83.3,10.48,Pre-Statcast (2005–2014)
zumayjo01,2007,101,27,33.7,7.22,Pre-Statcast (2005–2014)
zumayjo01,2009,93,30,31,8.71,Pre-Statcast (2005–2014)
zumayjo01,2010,115,34,38.3,7.98,Pre-Statcast (2005–2014)
zychto01,2017,122,35,40.7,7.75,Post-Statcast (2015–2025)
