"last_name, first_name",player_id,attempts,avg_hit_angle,anglesweetspotpercent,max_hit_speed,avg_hit_speed,ev50,fbld,gb,max_distance,avg_distance,avg_hr_distance,ev95plus,ev95percent,barrels,brl_percent,brl_pa,year
"Altuve, Jose",514888,580,11.2,31.2,106.5,86.1,96.2,90.2,84,410,159,386,166,28.6,18,3.1,2.6,2015
"Cabrera, Melky",466320,553,9.7,30.9,111,89.6,99.2,91.2,90.4,455,163,399,200,36.2,13,2.4,1.9,2015
"Escobar, Alcides",444876,553,9.6,30.4,106.2,84.6,93.2,86.4,84.2,407,154,395,91,16.5,5,0.9,0.8,2015
"Kinsler, Ian",435079,549,17.7,36.6,105.5,86.1,95.2,88.6,84.4,407,189,378,146,26.6,15,2.7,2.2,2015
"Aybar, Erick",430947,536,6.6,31.2,108.1,85.7,94.6,87.8,84.6,409,144,389,104,19.4,5,0.9,0.8,2015
"Revere, Ben",519184,536,5.1,34.9,111.4,83.1,92.6,86,81.3,389,133,367,78,14.6,0,0,0,2015
"Andrus, Elvis",462101,535,10.1,28,109.8,87.3,96.7,89.7,87.3,423,153,397,145,27.1,8,1.5,1.2,2015
"Strange-Gordon, Dee",543829,535,2.1,28.6,106.9,84.5,93.6,87.6,82.8,406,126,379,91,17,6,1.1,0.9,2015
"Pujols, Albert",405395,533,14.2,29.5,114,90.7,100.5,93.8,89.1,447,188,405,204,38.3,41,7.7,6.2,2015
"Markakis, Nick",455976,530,6.8,30.6,108.5,88.3,97.8,89.6,88.7,418,151,413,178,33.6,4,0.8,0.6,2015
"Fielder, Prince",425902,530,9.9,29.4,114.9,90.9,101.5,93.2,90.4,447,170,408,236,44.5,34,6.4,4.9,2015
"Seager, Kyle",572122,529,16.8,36.1,109.3,89.3,98.6,91.9,87.1,448,191,401,183,34.6,37,7,5.4,2015
"Pollock, AJ",572041,529,8.9,31.2,110.6,88.9,99.7,92.6,87.1,450,164,405,207,39.1,30,5.7,4.5,2015
"Machado, Manny",592518,528,12.8,29.7,114.9,91.4,101.7,94.4,90.6,440,180,399,220,41.7,40,7.6,5.6,2015
"Phillips, Brandon",408252,524,10.7,32.6,108.2,86.2,95.8,87.7,85.4,414,160,382,136,26,12,2.3,1.9,2015
"Betts, Mookie",605141,524,15.4,33.4,110.3,90.4,99.4,92.2,90.2,427,193,398,196,37.5,29,5.5,4.4,2015
"Ramirez, Alexei",493351,522,8.6,32.2,107.2,84.7,94.5,88,83.4,412,146,386,116,22.2,5,1,0.8,2015
"Canó, Robinson",429664,521,5.5,32.4,112.5,91,102.3,95.3,88.1,449,157,405,238,45.7,38,7.3,5.6,2015
"Bogaerts, Xander",593428,518,6.8,28,111.8,88,98.4,91.1,87,437,145,401,175,33.8,13,2.5,2,2015
"Arenado, Nolan",571448,517,16.3,33.7,110.2,90.6,100.2,94.2,87.8,456,201,411,208,40.2,43,8.3,6.5,2015
"Posey, Buster",457763,512,10.8,33.4,110.3,89,99,91.7,87.6,427,172,401,193,37.7,31,6.1,5,2015
"Blackmon, Charlie",453568,511,14.9,35.4,110.1,86.8,96.8,89.9,85,436,186,396,148,29,19,3.7,2.8,2015
"Pillar, Kevin",607680,510,14,28.4,112.4,85.8,96.4,88.2,85.6,413,158,391,135,26.5,9,1.8,1.4,2015
"Beltré, Adrian",134181,510,12.6,35.7,109.8,89.5,99.3,93.2,87,432,181,402,206,40.4,28,5.5,4.5,2015
"Donaldson, Josh",518626,499,10.5,31.1,113.6,92.5,103.1,96.5,89.5,454,179,408,232,46.5,61,12.2,8.6,2015
"Cespedes, Yoenis",493316,497,12.2,32.4,112.9,92.2,103.1,96.1,89,442,189,408,222,44.8,55,11.1,8.1,2015
"Hosmer, Eric",543333,495,6,30.1,113.9,89.8,101.6,94.7,87.4,446,156,408,202,40.8,35,7.1,5.2,2015
"Simmons, Andrelton",592743,490,3.5,27.8,108.9,86.4,96.6,90.5,84.9,413,135,399,142,29,5,1,0.9,2015
"Frazier, Todd",453943,490,18.8,32.7,111.7,89.6,100.2,93.7,86.7,436,199,404,190,38.8,44,9,6.5,2015
"Rizzo, Anthony",519203,488,17.3,35.7,112,88.7,99.9,93.6,84.3,440,197,406,187,38.3,39,8,5.6,2015
"Dozier, Brian",572821,488,19.1,34.2,108.9,87.2,96.9,92.5,81.1,433,196,393,152,31.1,29,5.9,4.1,2015
"Mauer, Joe",408045,486,4.4,33.3,107.6,89.5,99,94.4,86.5,434,144,401,194,39.9,18,3.7,2.7,2015
"Eaton, Adam",594809,486,7.5,26.7,108.3,88.1,97.6,89.3,88.3,440,146,397,150,30.9,15,3.1,2.2,2015
"Brantley, Michael",488726,483,9.5,36,110.1,89,98.7,92,87.4,420,166,389,175,36.2,19,3.9,3.2,2015
"Moustakas, Mike",519058,482,15.2,30.3,112.5,89.4,99.6,91.9,89.1,442,185,404,176,36.5,31,6.4,5,2015
"Longoria, Evan",446334,481,15.4,33.5,109.2,89.6,99.9,94.4,85.7,451,188,407,191,39.7,41,8.5,6.1,2015
"Duffy, Matt",622110,481,7.5,32.4,106.4,88,97.3,90.5,86.4,431,152,391,154,32,19,4,3.1,2015
"Solarte, Yangervis",500208,475,11.5,29.1,110.6,88.1,97.3,90.4,88.1,422,168,394,149,31.4,10,2.1,1.8,2015
"Polanco, Gregory",570256,475,10.4,30.5,115.6,89.9,100.8,92.3,89.3,422,171,398,189,39.8,21,4.4,3.2,2015
"Abreu, José",547989,474,9.9,30.4,114.9,91,102.4,94.5,89.5,447,166,396,198,41.8,44,9.3,6.6,2015
"Peralta, Jhonny",425509,474,13.4,35.2,109.4,88.2,98.1,91.5,85.4,447,173,406,161,34,21,4.4,3.3,2015
"Inciarte, Ender",542255,473,6.8,28.5,107.3,85.5,94.2,87.7,84.7,396,150,384,94,19.9,6,1.3,1.1,2015
"Calhoun, Kole",594777,472,11.6,35.6,108.9,86.2,97.5,90.9,81.4,432,181,404,152,32.2,32,6.8,4.7,2015
"Segura, Jean",516416,472,4.3,25.4,109.6,86.9,96.4,88.7,86.4,440,137,411,128,27.1,6,1.3,1,2015
"Morales, Kendrys",434778,470,10.1,34.3,113.4,91.9,101.9,95.2,89,469,185,405,224,47.7,42,8.9,6.6,2015
"Escobar, Yunel",488862,468,4.3,29.9,109.5,89.7,98.7,91.8,88.9,415,138,396,170,36.3,14,3,2.4,2015
"Kipnis, Jason",543401,468,9.2,35.9,106.4,89.4,98.8,92.6,86.7,435,171,389,180,38.5,13,2.8,2,2015
"González, Adrián",408236,467,14.2,40.7,107.9,88.8,98.7,93.3,84.4,447,194,392,172,36.8,39,8.4,6.1,2015
"Wong, Kolten",543939,467,11.3,31.9,110.5,87.5,98.2,89.4,87.6,434,163,392,158,33.8,14,3,2.3,2015
"Galvis, Freddy",520471,467,13.2,33,104,86.1,94.7,88.5,85.2,411,171,379,103,22.1,10,2.1,1.7,2015
"Murphy, Daniel",502517,467,11.9,32.3,113.3,89.9,99.2,93,88.3,428,172,392,177,37.9,22,4.7,4.1,2015
"Reddick, Josh",502210,464,14.8,32.1,108.7,88.4,98,91.7,86.6,438,183,397,152,32.8,23,5,4,2015
"Parra, Gerardo",467827,464,9.3,32.8,108.3,88.2,97.2,91.8,85.5,433,169,394,139,30,15,3.2,2.5,2015
"Marte, Starling",516782,464,5.5,32.5,111.9,87.8,99.5,94.6,83.7,467,148,410,163,35.1,31,6.7,4.9,2015
"LeMahieu, DJ",518934,462,3,32.7,108,90.5,99.6,92.6,89,462,145,410,185,40,9,1.9,1.5,2015
"Castro, Starlin",516770,461,7.1,28.2,113.2,86.3,97,90.3,84.8,448,145,412,129,28,20,4.3,3.5,2015
"Heyward, Jason",518792,460,4.6,23.9,111.2,89.1,99.5,91.2,89.3,423,146,401,159,34.6,13,2.8,2.1,2015
"Kemp, Matt",461314,457,12,34.4,109,89.5,99.4,93.4,85.5,437,182,393,185,40.5,38,8.3,5.9,2015
"Cain, Lorenzo",456715,457,9.5,35.4,111,90.2,100.5,92.8,88,458,179,413,174,38.1,25,5.5,4.1,2015
"Plouffe, Trevor",461858,454,13.6,33.5,108.2,89.8,99.8,93.6,87.3,432,187,398,179,39.4,36,7.9,5.7,2015
"Perez, Salvador",521692,454,13,32.8,110.9,87.3,98.2,90.9,85.8,454,179,406,148,32.6,24,5.3,4.3,2015
"Gattis, Evan",594828,452,10.5,29.6,112.3,88.9,99.9,94.3,86.4,443,167,383,177,39.2,32,7.1,5.3,2015
"Gregorius, Didi",544369,449,10.4,33.2,107.2,85.4,95.5,88.1,84,416,161,388,110,24.5,7,1.6,1.2,2015
"Headley, Chase",452104,449,11.9,36.7,109.9,86.8,97.8,90.3,84.8,451,164,408,146,32.5,23,5.1,3.6,2015
"Gardner, Brett",458731,447,11.1,32,109.7,88.8,98.1,91.7,86.9,422,169,389,156,34.9,18,4,2.7,2015
"Jones, Adam",430945,447,11.3,27.5,112.2,88.2,98.7,93,85.5,450,174,403,154,34.5,40,8.9,6.9,2015
"Fowler, Dexter",451594,447,12.2,32,110.1,87.2,97.2,90.7,84.1,420,173,390,135,30.2,20,4.5,2.9,2015
"Bautista, José",430832,445,16.9,29.9,116.3,92,102.5,95.6,90.9,451,203,408,203,45.6,56,12.6,8.4,2015
"Bruce, Jay",457803,444,15.6,34.2,111.4,89.7,99.7,92.9,86.4,457,195,404,167,37.6,36,8.1,5.5,2015
"Ortiz, David",120074,442,15.7,34.8,113.6,93,102.9,96.9,89.6,443,202,404,217,49.1,58,13.1,9.4,2015
"McCutchen, Andrew",457705,442,13.9,41,111.4,90.6,100.2,95,85.5,447,197,404,197,44.6,41,9.3,6,2015
"Burns, Billy",542993,442,8.1,26.9,104.8,83.2,92.1,85.3,83.6,424,134,391,65,14.7,2,0.5,0.4,2015
"Butler, Billy",456714,441,8.5,30.8,110,89.4,99.9,93.9,86.7,456,157,404,179,40.6,33,7.5,5.5,2015
"Walker, Neil",435522,441,14,33.3,107.4,88.9,98.4,93.2,85.5,437,182,398,166,37.6,21,4.8,3.5,2015
"Prado, Martín",445988,441,9.1,33.8,109.7,89,97.5,90.7,89.6,426,154,402,148,33.6,10,2.3,1.8,2015
"Encarnación, Edwin",429665,440,16.8,31.1,114,90,101.8,94.5,87.1,462,183,407,193,43.9,44,10,7.1,2015
"Molina, Yadier",425877,439,10.4,32.6,105.1,86.4,95.5,89.9,84.6,403,157,392,111,25.3,10,2.3,1.9,2015
"Forsythe, Logan",523253,435,15.4,33.6,108.7,88.4,97.4,91.8,86.5,435,184,398,140,32.2,16,3.7,2.6,2015
"Rollins, Jimmy",276519,433,16.2,31.9,106.1,85.7,94.8,89.6,82.6,422,174,393,100,23.1,11,2.5,2,2015
"Santana, Carlos",467793,433,12.4,27.9,111.4,89.2,100.4,93.5,88.2,447,163,400,172,39.7,31,7.2,4.7,2015
"Granderson, Curtis",434158,433,18.4,40.9,109.6,89.4,98.9,93.3,83.7,441,208,399,173,40,36,8.3,5.3,2015
"Reyes, José",408314,431,13.4,28.1,108.4,84.6,93.9,86,85.9,419,151,386,80,18.6,1,0.2,0.2,2015
"González, Carlos",471865,428,9.1,30.4,117.1,90.3,102.5,94.3,87.9,468,175,419,165,38.6,45,10.5,7.4,2015
"Cruz, Nelson",443558,427,9.2,35.4,119,92.6,104.8,97.7,88.9,469,181,411,204,47.8,60,14.1,9.2,2015
"Carpenter, Matt",572761,427,16.9,42.4,109.5,88.9,99,91.5,84.1,439,216,406,153,35.8,39,9.1,5.9,2015
"Semien, Marcus",543760,426,13.6,37.1,106.9,87.1,96.8,92,81.9,419,183,391,123,28.9,19,4.5,3.2,2015
"Pagán, Ángel",434636,425,11.5,32.9,110.7,86.3,95.2,87.6,85.6,401,175,376,97,22.8,3,0.7,0.5,2015
"Lawrie, Brett",543434,425,7.4,30.6,112.4,90,100.3,94.3,87.1,470,159,409,166,39.1,20,4.7,3.3,2015
"Flores, Wilmer",527038,424,14.6,32.1,110,86.4,95.8,90,84.8,419,171,389,109,25.7,8,1.9,1.6,2015
"Goldschmidt, Paul",502671,423,12.9,39.2,114,92,102,97,87.2,471,200,406,196,46.3,53,12.5,7.6,2015
"Trout, Mike",545361,422,14,38.9,117.7,92.9,104.3,97,88.6,477,204,410,205,48.6,69,16.4,10.1,2015
"Martinez, J.D.",502110,421,16.2,39.9,113.2,91.3,102.6,95.9,85,467,213,399,204,48.5,73,17.3,11.1,2015
"Hunter, Torii",116338,421,10.8,28.5,108.1,88.5,98.6,93.1,85.5,430,164,393,147,34.9,21,5,3.7,2015
"Peterson, Jace",607054,418,9.8,32.8,110,87.1,96.5,89,86.1,410,166,392,110,26.3,14,3.3,2.3,2015
"García, Avisaíl",541645,416,6.8,34.1,116.1,88.5,100.2,92.6,85.7,454,158,402,156,37.5,20,4.8,3.3,2015
"Zobrist, Ben",450314,416,8.2,29.3,107.8,88.6,97.6,92.4,86.8,422,156,385,145,34.9,15,3.6,2.8,2015
"Choo, Shin-Soo",425783,415,7.7,33.5,111.5,90.9,100.5,95.2,87.7,440,164,388,183,44.1,35,8.4,5.4,2015
"Kiermaier, Kevin",595281,414,9,29.7,112.2,87.6,98.1,90.7,87.2,426,154,397,128,30.9,10,2.4,1.9,2015
"Votto, Joey",458015,412,11.5,42.5,109.3,90.2,100,94.7,84.7,424,188,398,174,42.2,45,10.9,6.5,2015
"Ramirez, Aramis",133380,412,15.8,33.5,108.6,87.4,97.9,90.8,85.1,445,186,396,142,34.5,23,5.6,4.5,2015
"Giavotella, Johnny",543213,409,10,30.1,110.7,85.8,94.6,88,84.6,399,162,392,80,19.6,4,1,0.8,2015
"Maybin, Cameron",457727,407,2.1,26.8,109.7,88.2,98.8,91.2,87.3,428,130,401,146,35.9,11,2.7,2,2015
"Desmond, Ian",435622,406,6.4,25.9,114.4,90.8,101.6,94.6,89,477,149,414,167,41.1,28,6.9,4.4,2015
"Cabrera, Asdrúbal",452678,405,17.3,32.1,106.7,88.3,97,92.2,85.8,446,188,393,131,32.3,22,5.4,4,2015
"Lind, Adam",452252,405,10.8,31.4,109.8,89.5,99.2,93.6,86.9,438,177,401,146,36,29,7.2,5.1,2015
"Castellanos, Nick",592206,403,16.9,37.5,111.6,88.3,97.7,91.2,85.1,447,199,393,139,34.5,31,7.7,5.2,2015
"Sandoval, Pablo",467055,400,10,28.7,114,88,98.2,91.8,87.2,430,160,395,134,33.5,19,4.8,3.8,2015
"Beltrán, Carlos",136860,399,15.6,34.1,112.8,90.6,100.4,93.1,89.7,434,199,384,167,41.9,23,5.8,4.3,2015
"Hechavarría, Adeiny",588751,396,7.6,31.3,107.1,87.6,97.3,90.2,86.1,426,154,402,124,31.3,4,1,0.8,2015
"Martinez, Victor",400121,395,15,33.7,108.9,87.7,97.5,90.7,86.1,419,182,376,131,33.2,16,4.1,3.3,2015
"Braun, Ryan",460075,394,7.7,31.7,114.9,92.3,102.5,95.9,89.9,474,173,410,179,45.4,42,10.7,7.4,2015
"Harper, Bryce",547180,394,14.7,37.1,116,91.4,102.7,94.8,89.3,461,188,402,187,47.5,51,12.9,7.8,2015
"Crawford, Brandon",543063,392,8.5,34.2,110.6,90.3,100.2,95.4,86.2,425,172,400,168,42.9,34,8.7,6.1,2015
"Upton, Justin",457708,388,16.2,28.9,113.9,89.9,100.6,93.4,88.1,458,188,397,152,39.2,40,10.3,6.5,2015
"Norris, Derek",519083,385,14,31.4,112.1,87.1,98.8,90.7,86.6,423,173,382,135,35.1,9,2.3,1.6,2015
"Rodriguez, Alex",121347,385,12.2,31.4,116.5,91.3,101.4,95.6,88.2,471,183,406,169,43.9,42,10.9,6.8,2015
"Kendrick, Howie",435062,384,1.2,31.3,111.6,90.3,100.1,94,87.9,438,132,402,159,41.4,15,3.9,3,2015
"Suzuki, Kurt",435559,384,13.7,31,105.8,87.7,96.4,90.1,86.6,405,169,393,115,29.9,4,1,0.8,2015
"Ramos, Wilson",467092,382,4.5,30.1,114.2,90.5,101.9,96,87.6,447,144,404,170,44.5,24,6.3,4.8,2015
"Owings, Chris",572008,381,14.6,32.8,107.6,86.9,96,89.1,85.7,426,186,412,95,24.9,10,2.6,1.8,2015
"Iglesias, Jose",578428,379,4.5,26.1,108.6,83.7,93.4,87,83.1,377,134,366,71,18.7,0,0,0,2015
"Morrison, Logan",489149,379,11.7,29,113.6,89.9,100.5,92.3,89.2,442,171,399,143,37.7,26,6.9,5.1,2015
"Trumbo, Mark",444432,377,13.3,31,116.5,92,103.3,94.5,92.1,451,183,411,162,43,37,9.8,6.8,2015
"Infante, Omar",408299,377,14.3,29.7,104.7,84.2,93.9,87.1,82.7,397,164,387,77,20.4,3,0.8,0.7,2015
"Tulowitzki, Troy",453064,376,12.7,31.6,112.1,90,100.3,93.1,88.1,450,180,403,152,40.4,20,5.3,3.7,2015
"Realmuto, J.T.",592663,376,8.9,31.9,109.6,88.4,98.3,92.7,85.4,423,169,383,129,34.3,16,4.3,3.4,2015
"Yelich, Christian",592885,375,0,30.1,112.5,91.7,102,94.9,90,435,123,401,169,45.1,18,4.8,3.4,2015
"McCann, Brian",435263,375,17.5,29.1,112.6,89.5,98.4,92.4,88.4,437,190,389,137,36.5,20,5.3,3.7,2015
"Pierzynski, A.J.",150229,373,10.5,34.9,110,85.4,96,88.5,83.6,424,162,387,96,25.7,13,3.5,3,2015
"Herrera, Odúbel",546318,372,7.5,33.1,113.3,88.7,99.1,91.2,87.6,439,163,410,126,33.9,12,3.2,2.2,2015
"Davis, Chris",448801,370,17.5,39.7,113.2,92,102.3,96.5,86.1,458,214,404,170,45.9,64,17.3,9.6,2015
"Ellsbury, Jacoby",453056,370,11.6,33.2,108.6,86.5,96.4,87.9,87.4,401,160,385,105,28.4,11,3,2.2,2015
"Jackson, Austin",457706,369,7.3,34.4,109.1,89.6,99.1,92,87.8,431,158,391,147,39.8,14,3.8,2.7,2015
"Byrd, Marlon",407781,366,12.1,33.9,108.8,86.3,97.8,92.6,80,432,176,402,114,31.1,31,8.5,5.7,2015
"Bryant, Kris",592178,365,19.6,33.7,111.5,89.7,101,94.9,83.2,477,207,406,160,43.8,42,11.5,6.5,2015
"Moreland, Mitch",519048,364,11.5,35.4,112.5,91.4,101.8,96.7,87.9,455,178,404,167,45.9,38,10.4,7.4,2015
"Holt, Brock",571788,363,7.8,31.7,107.2,86.6,95.4,88.7,85.9,394,149,388,88,24.2,2,0.6,0.4,2015
"Cervelli, Francisco",465041,362,6.9,33.4,111.1,88.2,98.2,92.7,85,437,156,408,129,35.6,15,4.1,2.9,2015
"Peralta, David",444482,362,6.7,35.4,116,91.6,102.2,95.6,88.9,442,171,404,157,43.4,29,8,5.6,2015
"Lagares, Juan",501571,358,8.2,25.1,112.7,90.7,100.6,92.1,91.2,415,145,381,144,40.2,6,1.7,1.3,2015
"Suzuki, Ichiro",400085,356,3.3,27.2,106.9,83.2,92.7,85.9,82.3,377,120,342,49,13.8,2,0.6,0.5,2015
"Vogt, Stephen",519390,356,16.4,33.7,109.4,86.9,97.1,90.2,84.3,430,186,384,107,30.1,20,5.6,3.9,2015
"Odor, Rougned",596059,354,12.3,26.6,111.1,88.3,98.7,93,86.5,423,162,401,116,32.8,19,5.4,4,2015
"Harrison, Josh",543281,352,12,35.8,104.7,86.4,95.4,89.7,83.5,417,172,396,86,24.4,5,1.4,1.1,2015
"Ozuna, Marcell",542303,351,7.2,29.3,114.5,91.8,102.8,95.9,90,434,159,415,158,45,21,6,4.3,2015
"Hamilton, Billy",571740,350,11,27.1,104.2,83.7,91.6,84.4,83.8,417,162,394,31,8.9,2,0.6,0.4,2015
"Cabrera, Miguel",408234,349,12.2,35.8,115.6,93.8,104.2,97.4,91.1,454,183,410,186,53.3,37,10.6,7.2,2015
"Belt, Brandon",474832,349,16.1,46.4,109.4,89.8,100.1,93.7,83.6,475,213,396,146,41.8,35,10,6.3,2015
"Coghlan, Chris",458085,348,11,32.8,107.5,88.5,97.6,91.9,85.8,435,176,396,116,33.3,19,5.5,3.8,2015
"Ahmed, Nick",605113,348,12.4,26.4,107.2,86,95.3,89.1,84.9,402,171,387,78,22.4,6,1.7,1.3,2015
"Canha, Mark",592192,348,12.8,30.2,114.2,89.3,99.3,93.6,87.6,440,168,403,126,36.2,27,7.8,5.6,2015
"Miller, Brad",543543,347,8.4,27.7,113.4,90,100.8,93.3,88.4,436,160,391,139,40.1,15,4.3,3,2015
"Panik, Joe",605412,347,11.5,30,106.7,86.8,96.7,89.8,85,422,170,392,102,29.4,8,2.3,1.9,2015
"Gose, Anthony",543238,342,6.1,30.4,110.3,88.2,98.1,90.3,87.2,435,152,383,105,30.7,8,2.3,1.5,2015
"Rosario, Eddie",592696,341,14.5,30.8,106.2,87.7,96.7,91.7,84,433,185,400,105,30.8,21,6.2,4.4,2015
"Lindor, Francisco",596019,341,6.3,27.3,110.4,89.9,99.5,92.5,88.2,405,147,375,125,36.7,12,3.5,2.7,2015
"Martin, Russell",431145,340,9.7,26.8,111.5,89.2,100.1,93.7,86.9,437,159,398,136,40,28,8.2,5.5,2015
"Gómez, Carlos",460576,338,13.6,29,111.7,88.2,98.9,92.5,86.1,432,176,403,112,33.1,17,5,3.6,2015
"Duda, Lucas",446263,336,19.8,40.2,114.1,91.7,101.3,94.3,88.9,456,226,408,142,42.3,39,11.6,7,2015
"DeShields, Delino",592261,335,10.2,26.9,108.4,85.8,95.5,88.4,84.2,398,165,393,75,22.4,4,1.2,0.8,2015
"Ramirez, Hanley",434670,334,6.6,28.4,116.6,90.1,103,95.1,88.3,445,151,403,139,41.6,25,7.5,5.8,2015
"Pedroia, Dustin",456030,334,9,26.3,104.7,88.1,95.4,91.7,86.3,412,153,390,85,25.4,10,3,2.4,2015
"Howard, Ryan",429667,332,14.9,42.5,110.7,91.3,101,95.2,85.1,448,202,393,150,45.2,39,11.7,7.8,2015
"Valbuena, Luis",472528,331,17.4,38.4,108.3,89.5,98.8,93.9,84.9,431,202,391,130,39.3,29,8.8,5.9,2015
"Aoki, Norichika",493114,331,1.8,24.8,104.9,85.4,93.6,88.1,84.6,388,130,371,65,19.6,3,0.9,0.8,2015
"Escobar, Eduardo",500871,330,14,34.2,107.6,86.5,95.8,90.1,83.4,427,177,399,79,23.9,20,6.1,4.5,2015
"Loney, James",425766,330,12.1,34.8,109.7,85.5,94.6,86.9,85.5,411,163,393,71,21.5,4,1.2,1,2015
"Hardy, J.J.",429666,329,9.6,26.4,107.3,87.2,97.3,90.8,85.9,424,157,397,101,30.7,5,1.5,1.1,2015
"Bourn, Michael",456422,329,9.2,32.8,106.7,85.8,94.2,88.4,83.8,388,154,NA,61,18.5,6,1.8,1.2,2015
"Russell, Addison",608365,329,15.1,34.3,109.2,86.7,96.3,90.9,84,430,185,398,96,29.2,17,5.2,3.3,2015
"Mercer, Jordy",474568,328,8.3,32.6,107.8,87.2,96.9,89.8,85.5,411,159,392,96,29.3,7,2.1,1.6,2015
"Sogard, Eric",519299,326,11.6,32.2,107.5,85.5,93.8,86.5,85.9,410,155,410,61,18.7,1,0.3,0.2,2015
"Rios, Alex",425567,324,15.2,33,109.4,88.3,97.7,89.7,88.4,415,181,397,103,31.8,8,2.5,1.9,2015
"Moss, Brandon",461235,324,19.8,34.9,113.7,89.1,100.9,94.5,83.4,454,205,405,128,39.5,38,11.7,7.2,2015
"Hernández, César",514917,324,6,27.5,107.2,85.9,96.3,89,84.3,400,137,394,87,26.9,4,1.2,0.9,2015
"Ethier, Andre",444843,323,11,37.5,110.9,86.3,97.6,91,81.5,450,185,404,105,32.5,19,5.9,4.3,2015
"Kang, Jung Ho",628356,323,7.1,33.1,113.1,90.5,102.2,95.4,87.4,472,161,415,150,46.4,31,9.6,6.6,2015
"Freeman, Freddie",518692,320,14.4,43.4,110,90.6,100.2,94.1,85.8,451,198,404,143,44.7,36,11.3,7.5,2015
"Freese, David",501896,320,6.4,29.7,114.1,89,100,94.4,86.1,451,149,396,123,38.4,23,7.2,4.9,2015
"Turner, Justin",457759,319,14,40.8,107.6,89.5,99.1,92.9,85.8,432,194,397,121,37.9,23,7.2,5.2,2015
"Gyorko, Jedd",576397,319,14.1,30.7,109.3,88.8,98.5,92.3,85.9,427,174,402,113,35.4,20,6.3,4.4,2015
"Drew, Stephen",452220,319,16.9,27.9,107.2,86.4,95.7,89.5,84.2,420,187,379,82,25.7,10,3.1,2.3,2015
"Murphy, David",461815,318,7.7,28.6,109.5,88.3,98.3,90.8,87.4,419,163,386,112,35.2,10,3.1,2.6,2015
"Taylor, Michael A.",572191,317,9.8,32.8,112.7,88.7,99.6,94.2,84.4,493,168,413,113,35.6,20,6.3,3.9,2015
"Utley, Chase",400284,317,13.3,32.5,104.9,88.6,97.7,91.5,87.7,393,173,377,109,34.4,9,2.8,2.1,2015
"McCann, James",543510,316,8.6,30.1,108.3,88.3,98.6,90.4,87.7,427,149,397,118,37.3,11,3.5,2.6,2015
"Sánchez, Yolmer",570560,315,6.6,30.2,105.9,85.4,94.9,88.7,83.7,393,142,383,65,20.6,4,1.3,1,2015
"Asche, Cody",605125,315,14.8,33,109,87.2,97.7,91.6,84.1,424,190,400,104,33,18,5.7,3.9,2015
"Lucroy, Jonathan",518960,314,9.7,36,110.3,88.8,98.1,92.1,86,417,174,406,106,33.8,13,4.1,3.1,2015
"Pederson, Joc",592626,314,13.7,28.3,114.3,91.2,102.1,96.6,88,477,185,419,142,45.2,37,11.8,6.3,2015
"Correa, Carlos",621043,313,8.3,31.3,115.1,90,101.8,94.5,87.4,469,159,400,127,40.6,28,8.9,6.5,2015
"Teixeira, Mark",407893,312,15.7,31.1,111.2,89.6,100.1,94.3,85.8,437,190,392,129,41.3,29,9.3,6.3,2015
"Álvarez, Pedro",476883,310,7.1,28.4,115.4,91.9,103.9,98.4,87.7,479,158,416,146,47.1,38,12.3,7.7,2015
"Bour, Justin",571506,309,8.7,25.6,115,90.8,102.2,94.7,90.2,452,165,410,133,43,27,8.7,6.1,2015
"Alonso, Yonder",475174,309,7.4,32.7,107.8,87.8,97.9,91.1,85.5,414,151,396,104,33.7,10,3.2,2.5,2015
"Gennett, Scooter",571697,307,11.3,33.9,103.6,85.2,94.2,88.8,83.1,401,158,389,69,22.5,3,1,0.8,2015
"Goins, Ryan",572365,305,4.6,26.9,106.5,87.3,97.5,90.2,86.2,425,136,385,98,32.1,8,2.6,1.9,2015
"Smith, Seth",452234,302,11.7,32.8,110.8,89.9,100.1,93.2,87.6,431,181,406,128,42.4,24,7.9,5.3,2015
"Peña, Brayan",430910,302,8,24.8,104.9,85.6,93.7,86.9,85.8,378,137,NA,52,17.2,1,0.3,0.3,2015
"Cron, C.J.",543068,299,11.9,32.1,113.9,88.3,99.8,93.6,85.6,456,174,410,107,35.8,26,8.7,6.5,2015
"LaRoche, Adam",425560,298,13.2,31.5,109.2,89.6,98.6,92.7,87.6,448,181,400,107,35.9,24,8.1,5,2015
"Tomás, Yasmany",630111,297,5.1,30.3,112.6,89.3,99.9,93.7,86.5,410,158,393,113,38,12,4,2.8,2015
"Tejada, Rubén",514913,294,12.5,40.5,103.9,85,94.7,87.8,82.7,405,170,382,70,23.8,7,2.4,1.7,2015
"Cuddyer, Michael",150212,292,7.8,31.2,110.4,87.5,97.9,92.6,84.4,434,159,407,90,30.8,13,4.5,3.2,2015
"Hundley, Nick",460026,291,11.2,34.4,108.6,89.1,98.6,91.1,88.3,449,173,412,103,35.4,11,3.8,2.8,2015
"Napoli, Mike",435063,290,15.6,29,111.6,88.5,99.8,94.3,83.9,448,185,402,111,38.3,24,8.3,5.1,2015
"Hicks, Aaron",543305,288,11.9,34,107.8,88.8,97.8,92.5,86.4,431,175,412,96,33.3,9,3.1,2.3,2015
"Suárez, Eugenio",553993,284,14.8,31.3,109.8,88.6,97.6,91.1,86.2,423,175,382,95,33.5,15,5.3,3.8,2015
"Springer, George",543807,284,9.1,35.9,114.2,89.9,102.1,94.8,85.4,428,172,404,118,41.5,27,9.5,6,2015
"Ramírez, José",608070,283,11.9,27.9,106.7,86.7,95.2,88,86.9,447,163,402,68,24,5,1.8,1.4,2015
"Rasmus, Colby",458675,282,21.1,36.2,110.3,89.5,99,93.2,84.4,444,215,388,100,35.5,27,9.6,5.6,2015
"Uribe, Juan",346874,281,10.7,28.5,110.5,88.8,99.3,92.5,86.9,425,168,403,100,35.6,16,5.7,4,2015
"Gonzalez, Marwin",503556,277,11.2,31.4,108.3,88.8,98.5,93.3,86.1,408,162,389,95,34.3,10,3.6,2.7,2015
"Zimmerman, Ryan",475582,277,8,32.1,111.3,91.8,102.9,95,89.5,443,169,418,134,48.4,27,9.7,6.9,2015
"Amarista, Alexi",506560,277,11.2,29.2,104.1,85.6,93.4,89.2,82.5,396,159,381,45,16.2,3,1.1,0.8,2015
"Guyer, Brandon",446386,275,13.5,31.3,108.1,87,96.5,91,85.2,417,171,395,80,29.1,9,3.3,2.3,2015
"Davis, Khris",501981,273,12.5,31.9,110.8,89.8,100.8,96.4,83.3,453,198,415,117,42.9,40,14.7,9.1,2015
"Blanco, Grégor",453923,271,10.1,31.4,108.5,87.2,97.7,91.6,84.4,434,166,411,86,31.7,6,2.2,1.6,2015
"Chisenhall, Lonnie",502082,269,16.5,31.2,108.9,85.7,96.6,89.2,85.3,451,173,392,82,30.5,9,3.3,2.5,2015
"Davis, Rajai",434658,269,12.4,30.5,109.4,86.7,96.8,90.8,84.3,399,171,379,76,28.3,8,3,2.2,2015
"Valencia, Danny",502143,268,6,33.6,112.6,91.9,102.1,95.1,90,441,159,402,125,46.6,27,10.1,7.1,2015
"Espinosa, Danny",457787,267,12.7,27.7,109,86.3,97.7,90.6,83.9,421,172,393,76,28.5,17,6.4,4.1,2015
"Grandal, Yasmani",518735,267,11.5,27,115.1,90.7,101,94.7,89.1,439,172,404,113,42.3,24,9,5.6,2015
"Gordon, Alex",460086,267,15.7,33.7,110.8,88.4,98.8,91.5,86.2,455,188,403,91,34.1,14,5.2,3.3,2015
"Hill, Aaron",431094,267,12.3,36.3,105.1,88.3,96.5,91.3,86,437,199,403,79,29.6,6,2.2,1.7,2015
"Gomes, Yan",543228,265,17.7,41.9,107.7,87.5,97.4,90.9,84.3,432,203,403,87,32.8,17,6.4,4.4,2015
"Reynolds, Mark",448602,263,13.2,29.3,114.1,87.7,99,92.8,83.9,451,178,410,87,33.1,22,8.4,5.1,2015
"Robinson, Clint",519208,258,11.8,33.7,113.2,89.9,100.1,92.6,87.8,449,180,411,92,35.7,13,5,3.7,2015
"Venable, Will",461416,257,3.9,26.8,115.2,87,98.8,88.7,87.4,424,125,397,86,33.5,6,2.3,1.5,2015
"Lamb, Jake",571875,256,11.8,32,109.3,89.6,99.7,92.1,88.2,430,179,399,97,37.9,16,6.3,4.1,2015
"Castillo, Welington",456078,255,12.5,37.6,110.5,89.3,99.6,93,85.8,458,189,405,93,36.5,27,10.6,7.1,2015
"Paredes, Jimmy",517370,254,8.2,31.9,113.8,90.1,101.1,94.6,86.4,432,166,390,109,42.9,14,5.5,3.6,2015
"Werth, Jayson",150029,253,15.3,35.2,112.7,90,100.9,94.9,85.5,448,196,408,103,40.7,20,7.9,5.3,2015
"Francoeur, Jeff",425796,252,14.2,35.7,108,88,98.1,90.2,87.3,435,178,385,84,33.3,12,4.8,3.5,2015
"Joseph, Caleb",543376,252,16.3,40.5,108.3,87.7,97.2,91.3,84.4,426,201,392,80,31.7,14,5.6,4,2015
"Young, Chris",455759,250,19.4,33.6,109.6,85.6,95.9,89.7,84.9,438,184,392,65,26,12,4.8,3.4,2015
"Soler, Jorge",624585,248,11.1,37.5,116.2,91.7,103.2,94.8,89.5,427,182,398,107,43.1,25,10.1,6.2,2015
"Montero, Miguel",471083,247,12,39.3,109.1,88.3,97.9,92.4,84,432,191,391,87,35.2,21,8.5,5.2,2015
"De Aza, Alejandro",457477,245,14.8,36.7,105.4,86.8,95.9,89.6,83.6,409,188,384,57,23.3,7,2.9,1.9,2015
"Rendon, Anthony",543685,245,10.1,33.5,108.3,90.3,98.5,92.8,89.2,429,170,404,87,35.5,12,4.9,3.4,2015
"Carter, Chris",474892,245,21,32.7,113.8,91.2,102.8,97.5,83.5,454,221,407,115,46.9,38,15.5,8.3,2015
"Marisnick, Jake",545350,244,13.9,31.6,110.8,85.7,96.6,90.1,81.7,422,165,405,64,26.2,13,5.3,3.5,2015
"Colabello, Chris",499624,239,9.7,34.7,111.6,90,100.8,94.2,87.3,424,160,401,105,43.9,22,9.2,6.1,2015
"Spangenberg, Cory",605486,239,4.7,30.5,110.6,87.3,98.5,91.6,83.6,426,154,374,77,32.2,3,1.3,0.9,2015
"Paulsen, Ben",572019,237,10.7,34.6,112,88.3,99.1,92,86.1,444,174,419,81,34.2,14,5.9,4,2015
"Souza Jr., Steven",519306,231,13.9,27.7,113.2,88.9,101.5,94.4,86,446,167,404,90,39,22,9.5,5.2,2015
"Flowers, Tyler",452095,230,11.8,27.8,114.2,90.4,101.4,91.7,91.4,448,156,411,91,39.6,11,4.8,3,2015
"Zunino, Mike",572287,228,21.8,28.9,110.6,88.8,99.2,93.7,83.7,452,200,413,77,33.8,20,8.8,5.2,2015
"Castro, Jason",488771,225,15.8,35.6,109.5,88.5,97.8,91.5,85.1,429,183,373,69,30.7,13,5.8,3.5,2015
"Grichuk, Randal",545341,214,16.3,34.1,112,92.2,102.9,98,88.1,438,203,409,99,46.3,36,16.8,10.3,2015
"Betts, Mookie",605141,599,12.5,31.7,114.7,89.7,99.7,92.6,89.8,428,175,388,239,39.9,31,5.2,4.2,2016
"Altuve, Jose",514888,580,11.4,39.3,109,88.3,98.2,92.2,84.7,449,176,397,211,36.4,40,6.9,5.6,2016
"Pedroia, Dustin",456030,564,8.6,35.3,104.1,88.6,96.1,91.4,86.7,417,160,376,163,28.9,14,2.5,2,2016
"Canó, Robinson",429664,560,11.5,32.7,113.4,90.1,101.2,93.4,88.5,427,170,394,239,42.8,41,7.3,5.7,2016
"Escobar, Alcides",444876,556,9.4,31.7,105.8,84,93.3,86.6,83,417,152,399,98,17.6,8,1.4,1.2,2016
"Segura, Jean",516416,542,7.9,31,110,89,98.5,92.1,87.1,452,169,399,183,33.8,32,5.9,4.6,2016
"Prado, Martín",445988,536,8.6,31.2,105.8,87.9,96.7,88,88.8,415,151,396,165,30.8,7,1.3,1.1,2016
"Lindor, Francisco",596019,534,7.9,34.6,112.1,88.7,98.3,90.8,87.7,435,162,394,179,33.5,22,4.1,3.2,2016
"Bogaerts, Xander",593428,532,11,28,113.2,89,99.2,92.6,88.2,430,157,400,174,32.7,28,5.3,3.9,2016
"Cabrera, Melky",466320,530,11.2,33.6,110.6,89.5,98.4,90.2,90.8,428,175,392,181,34.2,11,2.1,1.7,2016
"Machado, Manny",592518,525,14.5,34.9,116.8,90.3,102.4,94.8,88.4,453,193,405,227,43.2,49,9.3,7,2016
"Pujols, Albert",405395,524,11.7,31.5,116.5,91.6,101.5,94.7,90.1,448,183,410,231,44.1,48,9.2,7.4,2016
"Arenado, Nolan",571448,523,18.9,32.7,111.2,89.5,99.4,92.8,87.3,462,199,411,208,39.8,47,9,6.8,2016
"Beltré, Adrian",134181,520,14.5,34.2,109.9,90.1,99.7,93.7,88.2,456,185,400,210,40.4,44,8.5,6.9,2016
"Eaton, Adam",594809,514,4.9,31.1,108.6,89.1,98.6,90.7,88.6,451,148,395,186,36.2,16,3.1,2.3,2016
"Jones, Adam",430945,513,14.7,31.8,110.5,88.7,99.1,92.6,86.2,453,184,398,178,34.7,41,8,6.1,2016
"Ramírez, José",608070,508,13.2,35,110.7,88.4,97.4,90.3,87.9,430,171,396,167,32.9,15,3,2.4,2016
"Abreu, José",547989,508,10.3,32.7,113.4,89.7,100.6,92.9,88.3,451,166,408,200,39.4,40,7.9,5.8,2016
"Markakis, Nick",455976,507,10.7,37.7,114.3,90.7,99.7,91.8,90.8,419,173,385,216,42.6,25,4.9,3.7,2016
"Kinsler, Ian",435079,506,18.3,37.4,105.5,87.1,96.8,90.5,83.4,417,200,381,156,30.8,19,3.8,2.8,2016
"Span, Denard",452655,501,6.6,29.5,108.8,86,97,88.9,84.9,441,145,381,149,29.7,14,2.8,2.2,2016
"Seager, Corey",608369,496,10.3,37.5,112.7,91.1,101.4,94.9,87.8,449,175,399,218,44,41,8.3,6,2016
"Longoria, Evan",446334,496,18.1,38.1,110.2,90.8,100.5,94.5,87.5,462,204,409,206,41.5,60,12.1,8.8,2016
"Seager, Kyle",572122,491,16.8,36.3,109.2,90.3,100.1,93.4,88.3,429,193,391,203,41.3,44,9,6.5,2016
"Gregorius, Didi",544369,490,14.6,32.4,108.8,86.1,95.4,88.6,85.5,402,172,373,124,25.3,14,2.9,2.3,2016
"Phillips, Brandon",408252,490,10.3,35.1,108.9,86.4,95.9,89,85.3,415,163,393,125,25.5,13,2.7,2.2,2016
"Santana, Carlos",467793,488,14.4,29.3,111.2,90.8,101.2,93.8,90.1,447,178,405,211,43.2,48,9.8,7,2016
"LeMahieu, DJ",518934,486,6.1,36.2,111.9,91.8,101.4,93,91.6,450,157,418,232,47.7,24,4.9,3.8,2016
"Cabrera, Miguel",408234,484,12.3,40.1,114.3,93.6,104.2,97.2,91,462,196,405,245,50.6,77,15.9,11.3,2016
"Dozier, Brian",572821,484,18.8,31.2,107.7,88.1,98.5,94.3,82.3,454,190,400,175,36.2,40,8.3,5.8,2016
"Blackmon, Charlie",453568,483,15.2,39.1,112.7,87.7,98.4,90.6,85.4,455,193,403,162,33.5,33,6.8,5.1,2016
"Murphy, Daniel",502517,482,16.8,36.3,113.5,90.7,100.2,93.1,90,448,200,399,200,41.5,41,8.5,7,2016
"Calhoun, Kole",594777,481,15.1,36.2,109.6,89.8,99.7,92,89.1,434,187,393,195,40.5,30,6.2,4.5,2016
"Schoop, Jonathan",570731,481,11.9,29.7,113.6,87.4,99.7,93.2,84.5,458,163,410,169,35.1,33,6.9,5.1,2016
"Kemp, Matt",461314,479,14.5,37.2,110.7,88.2,99.1,93.3,82.4,452,195,409,182,38,53,11.1,7.9,2016
"Posey, Buster",457763,479,9.9,32.6,110.2,90.5,100,94.4,87.5,423,170,401,207,43.2,33,6.9,5.4,2016
"Franco, Maikel",596748,479,11.8,28.6,113.2,89.5,100.8,94.2,87.6,471,166,404,195,40.7,33,6.9,5.2,2016
"Rizzo, Anthony",519203,478,16.3,31.6,113.5,89.1,99.9,92.4,86.7,451,193,402,173,36.2,44,9.2,6.5,2016
"Hosmer, Eric",543333,477,4,26,114.9,92,102.3,95.3,90.5,447,155,403,211,44.2,44,9.2,6.6,2016
"Kipnis, Jason",543401,476,14.8,38.2,108.2,89.9,99.2,93.7,86.3,445,187,400,188,39.5,32,6.7,4.7,2016
"Ellsbury, Jacoby",453056,474,10.7,30.8,109.9,86.9,96.9,89.9,86.7,431,157,382,149,31.4,8,1.7,1.3,2016
"Odor, Rougned",596059,474,14.2,31.2,112.1,89.6,100.5,93.7,86.8,465,183,397,178,37.6,37,7.8,5.9,2016
"Núñez, Eduardo",456488,473,8.4,28.8,112,89.6,99.6,92,89.6,438,157,401,175,37,21,4.4,3.5,2016
"Molina, Yadier",425877,473,9.4,35.5,106.6,87.8,96.3,90.7,85.9,414,171,387,133,28.1,17,3.6,2.9,2016
"Encarnación, Edwin",429665,471,15.8,35.9,112.8,90.8,101,95.6,86.4,471,188,409,192,40.8,58,12.3,8.3,2016
"Desmond, Ian",435622,468,4.8,28.4,112,90.7,101.5,94.3,89.2,445,147,403,204,43.6,35,7.5,5.2,2016
"Springer, George",543807,467,8.8,32.1,115.9,89.4,101.2,94.4,85.7,455,171,409,180,38.5,49,10.5,6.6,2016
"Martinez, Victor",400121,466,15.5,37.8,110.2,90,99.5,93.9,87,421,190,389,196,42.1,39,8.4,6.4,2016
"Castro, Starlin",516770,465,8.9,32.3,113.2,88.5,98.8,92.4,86.5,443,163,404,159,34.2,25,5.4,4.1,2016
"Pillar, Kevin",607680,464,11.6,27.8,113,87.1,98.2,91,85.5,424,150,400,140,30.2,14,3,2.4,2016
"Donaldson, Josh",518626,463,14.9,32.2,114.1,92.2,103,97.6,88.3,469,187,405,228,49.2,57,12.3,8.1,2016
"Inciarte, Ender",542255,461,8.2,31.5,103.1,85.5,92.9,87.7,84.4,412,146,390,69,15,3,0.7,0.5,2016
"Galvis, Freddy",520471,460,13.6,33.9,107.9,87.4,96.1,90.5,84.9,417,179,383,126,27.4,13,2.8,2.1,2016
"McCutchen, Andrew",457705,458,16.6,32.1,111.4,89.6,100.1,94.1,86.5,439,195,395,191,41.7,39,8.5,5.8,2016
"Ortiz, David",120074,458,16.9,39.3,113.4,93.2,103,97,89.8,442,213,402,216,47.2,71,15.5,11.4,2016
"Rendon, Anthony",543685,458,16.9,35.4,111.4,91.1,100.6,93.5,90.7,449,197,403,190,41.5,27,5.9,4.2,2016
"González, Adrián",408236,457,9.6,38.9,107.8,88.2,97.5,91.8,85.2,438,167,392,155,33.9,21,4.6,3.3,2016
"Turner, Justin",457759,457,17,37.4,109.2,90.6,99.4,93.2,88.4,458,196,393,189,41.4,40,8.8,6.4,2016
"Escobar, Yunel",488862,457,1.9,27.8,109.5,89.3,98.9,91.6,88.3,413,129,398,165,36.1,13,2.8,2.3,2016
"González, Carlos",471865,456,9,32.2,118,90.2,102.7,93.1,89.1,462,172,427,188,41.2,39,8.6,6.2,2016
"Beltrán, Carlos",136860,455,12.6,32.3,110.9,90.1,100.3,92.5,90,436,171,386,175,38.5,31,6.8,5.2,2016
"Herrera, Odúbel",546318,453,10.3,30.7,113.5,87.7,98.2,89.6,87.9,430,168,398,140,30.9,19,4.2,2.9,2016
"Bryant, Kris",592178,452,20.8,36.3,112.6,89.3,100.6,93.9,83.4,469,204,401,176,38.9,53,11.7,7.6,2016
"Piscotty, Stephen",572039,452,13.7,33.2,110.7,88.3,99.3,92.9,85.1,450,176,411,171,37.8,39,8.6,6,2016
"Gardner, Brett",458731,450,7.4,27.8,107.2,86.5,95.5,89.8,84.6,420,141,399,108,24,11,2.4,1.7,2016
"Zobrist, Ben",450314,449,9.5,32.5,110.4,89.2,98.2,92.6,86.6,422,162,386,160,35.6,20,4.5,3.2,2016
"Andrus, Elvis",462101,447,9,32.4,108.4,87.4,97.4,90.5,86.5,420,156,394,142,31.8,8,1.8,1.4,2016
"Crawford, Brandon",543063,447,12.9,33.6,109.4,88.9,98.5,93.1,85.6,424,180,382,155,34.7,24,5.4,3.9,2016
"Ozuna, Marcell",542303,446,10.9,32.3,113.8,90.8,101,94,89.6,447,172,406,188,42.2,35,7.8,5.8,2016
"Mercer, Jordy",474568,445,11.1,27.9,106.4,86.9,96.4,89.8,85.6,466,154,399,117,26.3,10,2.2,1.7,2016
"Yelich, Christian",592885,445,2.7,31.9,113.6,92.6,103,96.7,90.5,451,146,404,222,49.9,43,9.7,6.5,2016
"Myers, Wil",571976,444,10.1,36.7,113.2,88.6,100.1,92.7,85.4,453,170,401,174,39.2,31,7,4.6,2016
"Votto, Joey",458015,444,11.6,40.5,109,89.6,98.8,93.6,85,420,185,396,177,39.9,43,9.7,6.4,2016
"Morales, Kendrys",434778,443,11.3,34.5,115.6,92.8,102.7,96.4,89.8,459,190,410,221,49.9,48,10.8,7.8,2016
"Trumbo, Mark",444432,443,15.1,31.8,117.2,92.8,104.5,96.8,91,458,195,410,198,44.7,69,15.6,10.3,2016
"Correa, Carlos",621043,441,7,32.9,118.2,91,102.6,95,88.6,462,158,408,192,43.5,34,7.7,5.2,2016
"Heyward, Jason",518792,440,10.7,28.9,110.8,86.8,97.5,89.6,86.9,409,163,383,136,30.9,13,3,2.2,2016
"Hechavarría, Adeiny",588751,440,8,29.8,106.7,88.1,97.3,89.6,88,419,157,389,138,31.4,5,1.1,0.9,2016
"García, Adonis",611177,439,7.9,30.1,108.9,89,98.4,91.7,88.3,435,154,393,153,34.9,23,5.2,4.1,2016
"Hernández, César",514917,438,5,29.9,106.5,87,96.9,90.9,85.1,407,134,378,128,29.2,8,1.8,1.3,2016
"Goldschmidt, Paul",502671,437,11,33,112,91,101.3,94.9,88.5,439,176,411,186,42.6,34,7.8,4.8,2016
"Cruz, Nelson",443558,437,11.2,34.8,116.3,94.6,105.5,99.3,91.6,459,186,413,229,52.4,72,16.5,10.8,2016
"Frazier, Todd",453943,435,20.5,31.5,113.5,89.1,99.4,93.9,85.9,431,192,399,155,35.6,44,10.1,6.6,2016
"Ramirez, Hanley",434670,433,9.3,29.6,114.9,90.6,102.6,94.9,89.6,455,167,397,182,42,45,10.4,7.3,2016
"Pagán, Ángel",434636,432,12.4,36.1,107,85.7,94.5,87.4,85.5,427,165,390,94,21.8,13,3,2.4,2016
"Semien, Marcus",543760,431,15.4,31.8,108.4,88,98.2,92.9,83.3,455,191,399,152,35.3,29,6.7,4.7,2016
"Iglesias, Jose",578428,427,8.3,29,111,83.6,93.9,86.9,83,424,138,379,89,20.8,3,0.7,0.6,2016
"Panik, Joe",605412,425,12.9,30.6,106.8,86.3,96,90.1,84.6,419,169,389,114,26.8,19,4.5,3.6,2016
"Villar, Jonathan",542340,424,4.7,28.8,114,90.3,100.6,94.5,88.2,436,148,399,162,38.2,27,6.4,4,2016
"Freeman, Freddie",518692,423,17.3,44.7,114.6,91.3,101.3,95.6,85.3,448,214,396,189,44.7,56,13.2,8.1,2016
"Harrison, Josh",543281,423,13,36.4,103.3,86.5,94.8,89.5,84,410,182,388,97,22.9,9,2.1,1.7,2016
"Granderson, Curtis",434158,420,18.7,33.8,109.1,87.8,97.8,91.6,83.5,442,192,388,139,33.1,29,6.9,4.6,2016
"Bradley Jr., Jackie",598265,420,10.1,29,109.1,90.3,99.8,94.5,87.6,430,170,398,165,39.3,36,8.6,5.7,2016
"Cabrera, Asdrúbal",452678,420,15.5,36.4,107.7,88.9,97.2,92.3,86,416,184,381,140,33.3,24,5.7,4.2,2016
"Ramirez, Alexei",493351,418,9,30.9,105.5,84.5,94.5,86.9,83.7,403,137,381,100,23.9,2,0.5,0.4,2016
"Trout, Mike",545361,417,13.8,37.6,117.1,90.9,102.4,94.3,87.2,446,197,412,168,40.3,60,14.4,8.8,2016
"Bruce, Jay",457803,416,14.8,35.8,111.8,88.9,99.1,93,84.5,452,194,397,159,38.2,35,8.4,5.9,2016
"Braun, Ryan",460075,416,4.6,27.2,114.7,90,101,94.5,88.2,450,154,403,162,38.9,35,8.4,6.2,2016
"Simmons, Andrelton",592743,415,4.5,29.6,105.8,86.7,96.5,89.2,85.4,409,136,397,123,29.6,5,1.2,1,2016
"Polanco, Gregory",570256,415,14,34.5,113.7,89.9,100.7,94,87.7,461,184,399,166,40,25,6,4.3,2016
"Suárez, Eugenio",553993,413,16,38.3,108.8,86.6,97,90.9,83,465,181,398,120,29.1,26,6.3,4.1,2016
"Alonso, Yonder",475174,412,11.2,33.3,110.6,88.6,99.5,92.2,87.1,431,166,392,154,37.4,17,4.1,3.2,2016
"Realmuto, J.T.",592663,412,9.8,28.4,109.7,88.6,98.8,92.5,87.4,432,150,402,145,35.2,16,3.9,2.9,2016
"Mazara, Nomar",608577,411,8.6,32.6,117.8,88,99.2,91.4,86.2,491,156,416,144,35,28,6.8,4.9,2016
"Vogt, Stephen",519390,410,19.4,40.7,108.4,85.9,96.1,90,80.9,413,199,391,110,26.8,21,5.1,3.9,2016
"Ramos, Wilson",467092,407,4.8,32.4,111.5,90.8,101.9,96,87.4,455,154,405,176,43.2,30,7.4,5.7,2016
"Mauer, Joe",408045,403,3.8,36.5,108,89.9,99.1,94.3,86.2,405,150,378,173,42.9,24,6,4.2,2016
"Miller, Brad",543543,402,12,29.6,113.1,90.6,101.5,94.3,90,446,181,406,171,42.5,39,9.7,6.5,2016
"Harper, Bryce",547180,399,15.2,30.1,112.7,88.9,100,92.7,86.9,461,178,409,144,36.1,29,7.3,4.6,2016
"Utley, Chase",400284,399,11.9,35.6,107.5,87.7,97.1,91.4,84.8,433,172,398,135,33.8,17,4.3,3,2016
"Belt, Brandon",474832,398,21.2,42.2,106.1,87.2,98.2,91.6,80,457,217,401,129,32.4,45,11.3,6.9,2016
"Perez, Salvador",521692,397,18.9,29.5,112.7,88.8,99.6,92.5,88.5,432,186,396,150,37.8,25,6.3,4.6,2016
"Duvall, Adam",594807,396,19.2,36.1,110.7,88.6,100,94.4,82.5,457,203,401,164,41.4,48,12.1,7.9,2016
"Russell, Addison",608365,396,15.2,32.3,108.1,87.6,97.7,92.3,84.4,465,181,399,125,31.6,37,9.3,6.2,2016
"Tulowitzki, Troy",453064,395,14.2,33.7,111.1,90,100,93.9,87.4,454,184,396,161,40.8,38,9.6,7,2016
"Tomás, Yasmany",630111,395,10,33.7,114.3,90.6,100.8,95.1,87.4,460,189,407,166,42,42,10.6,7.5,2016
"Davis, Khris",501981,394,13.3,31.5,115.9,92,103,97.9,86.8,467,194,408,190,48.2,67,17,11,2016
"Lucroy, Jonathan",518960,394,14.5,37.6,110.9,87.6,98.7,91.4,85.1,429,186,398,138,35,29,7.4,5.3,2016
"Kendrick, Howie",435062,394,1.7,26.9,111,90.5,100.9,93.6,88.8,434,134,389,166,42.1,23,5.8,4.2,2016
"Upton, Justin",457708,393,15.5,33.3,114.4,91.3,103.6,94.9,89.9,453,194,410,179,45.5,49,12.5,7.8,2016
"Werth, Jayson",150029,392,15,31.9,114.7,91.4,101.5,92.7,91.8,453,186,411,175,44.6,29,7.4,4.8,2016
"Gennett, Scooter",571697,387,12.3,34.4,108.5,86.9,95.7,89,86.4,437,173,393,95,24.5,15,3.9,2.8,2016
"Forsythe, Logan",523253,386,13.6,38.9,109.4,90,99.1,93.5,86.4,432,186,397,150,38.9,29,7.5,5.1,2016
"Marte, Starling",516782,386,9.2,35.8,111.6,87.5,99.6,92.6,83.9,443,161,415,143,37,21,5.4,4,2016
"Cozart, Zack",446359,385,15.2,31.4,105.6,86.3,96.1,89.4,84.1,444,174,392,106,27.5,9,2.3,1.8,2016
"Cuthbert, Cheslor",596144,382,12.4,27,111.7,89.3,99.7,91.7,89.9,427,156,392,141,36.9,9,2.4,1.8,2016
"Martin, Leonys",547982,380,12.9,30.3,111.5,87.6,99.2,90.9,86.8,419,162,383,119,31.3,19,5,3.3,2016
"Dickerson, Corey",572816,378,18.1,34.1,112.7,89,99.1,92.9,85.5,448,197,398,144,38.1,42,11.1,7.7,2016
"Aoki, Norichika",493114,378,3,23.5,104.8,87.2,95.3,89.7,86.5,402,125,383,94,24.9,3,0.8,0.6,2016
"Cespedes, Yoenis",493316,377,16.3,32.9,114.6,91.7,102.5,95.1,90.4,457,192,407,179,47.5,37,9.8,6.8,2016
"Crisp, Coco",424825,374,13.7,36.1,106.4,85.5,94.7,88.5,82.5,417,179,389,87,23.3,9,2.4,1.8,2016
"Lamb, Jake",571875,373,10.4,34.6,111.6,91.3,101,96.1,88.1,453,188,406,162,43.4,43,11.5,7.2,2016
"Gonzalez, Marwin",503556,373,9.3,30.3,110.2,89.3,99.9,94.1,85.8,440,158,392,134,35.9,20,5.4,3.9,2016
"Carpenter, Matt",572761,372,18.2,43,111.1,90.7,99.8,93.8,84.8,439,218,398,156,41.9,42,11.3,7.4,2016
"Napoli, Mike",435063,368,18.5,33.2,114.2,89.6,100.7,96.3,82.9,463,194,413,145,39.4,49,13.3,7.6,2016
"Drury, Brandon",592273,365,9.3,31.5,113.3,88.8,99.5,92.8,87.3,445,164,406,134,36.7,25,6.8,5,2016
"Marte, Ketel",606466,362,7,28.7,113.5,85.8,94.7,87.2,87,400,136,400,72,19.9,1,0.3,0.2,2016
"Orlando, Paulo",449181,358,8.3,28.5,111.6,89.6,100.4,93,88.7,446,155,411,134,37.4,19,5.3,3.9,2016
"Valencia, Danny",502143,358,9.8,35.2,113.8,90.1,101.4,94,88.7,456,161,411,147,41.1,28,7.8,5.4,2016
"Headley, Chase",452104,354,11.9,33.6,109,87.2,98,90.1,85.4,433,165,391,117,33.1,21,5.9,4,2016
"Owings, Chris",572008,354,8.6,28.8,107.9,88.1,97.7,91.3,86,434,169,397,116,32.8,10,2.8,2.1,2016
"Espinosa, Danny",457787,353,14.8,26.3,112.2,90.1,100,94.8,86.2,421,183,399,118,33.4,29,8.2,4.8,2016
"Carter, Chris",474892,353,18.6,36.3,114.3,91.7,103.5,97,84.8,465,223,412,163,46.2,62,17.6,9.6,2016
"Díaz, Aledmys",649557,352,12.6,30.1,112.2,89.5,99.9,92.7,88,440,178,403,138,39.2,16,4.5,3.5,2016
"Aybar, Erick",430947,352,6.2,26.7,107.5,85,93.2,87.5,84.1,403,133,380,53,15.1,2,0.6,0.4,2016
"Davis, Rajai",434658,351,14.5,29.9,107.7,86.5,96.6,89.8,84.8,426,163,399,105,29.9,12,3.4,2.4,2016
"Shaw, Travis",543768,351,16.2,34.2,112.3,88.6,99.1,92.8,85.6,449,196,407,120,34.2,28,8,5.3,2016
"Davis, Chris",448801,350,17.2,35.7,111.2,91.1,101.6,96.2,85.9,446,212,405,154,44,53,15.1,8,2016
"Solarte, Yangervis",500208,345,12.9,27.5,110.2,88.5,97.9,91.4,87.7,440,171,393,115,33.3,13,3.8,2.9,2016
"Hardy, J.J.",429666,344,12.3,29.4,109.1,90.2,99.5,92.9,89.5,423,167,377,135,39.2,13,3.8,3,2016
"Upton, B.J.",425834,344,9.2,31.1,110.7,88.3,98.5,92.3,85.5,446,161,409,126,36.6,20,5.8,3.7,2016
"Reddick, Josh",502210,343,14.3,31.8,109,88.1,97.9,90.3,87.7,426,172,391,112,32.7,12,3.5,2.7,2016
"Moreland, Mitch",519048,342,14.4,33.6,112.5,90.6,101.3,94.9,88.6,456,184,414,135,39.5,33,9.6,6.6,2016
"Wieters, Matt",446308,342,16.4,34.5,110.2,87.9,97.6,92.6,84,439,187,389,113,33,25,7.3,5.4,2016
"Martinez, J.D.",502110,337,13.4,38,114.7,91.5,102.3,96.2,86.8,439,190,397,159,47.2,48,14.2,9.3,2016
"Fowler, Dexter",451594,337,12.4,37.1,109.6,88.1,98,90.5,86.4,439,185,398,114,33.8,19,5.6,3.4,2016
"Cron, C.J.",543068,337,12.4,33.8,115.4,89.5,101.1,93.1,87.3,467,182,408,132,39.2,28,8.3,6.3,2016
"Saunders, Michael",459431,337,11.1,33.2,110.4,90,100.8,94.2,86.7,422,180,388,150,44.5,26,7.7,4.7,2016
"McCann, Brian",435263,332,18.9,31.9,109,88.9,98.2,92.1,87.9,450,191,390,119,35.8,19,5.7,3.9,2016
"Walker, Neil",435522,331,18,36.6,108.2,89.1,98.6,92.7,85.6,423,193,394,124,37.5,24,7.3,5.2,2016
"Hamilton, Billy",571740,330,10.5,28.8,106.8,83.4,91.4,84.9,83.2,385,144,366,38,11.5,1,0.3,0.2,2016
"Zimmerman, Ryan",475582,329,9.1,28.9,113.9,92.6,103,95.8,91.7,421,164,404,150,45.6,23,7,4.9,2016
"Travis, Devon",581527,325,11.4,34.2,107.3,87,97.4,90.6,85.3,434,164,396,101,31.1,13,4,3,2016
"Gattis, Evan",594828,325,12.9,32.6,114,89.4,99.9,93.6,87.5,439,184,399,116,35.7,34,10.5,6.8,2016
"Bautista, José",430832,324,14.8,30.6,115.3,91.5,102.9,96.4,90,436,179,387,148,45.7,27,8.3,5.2,2016
"Hill, Aaron",431094,323,15.9,35.3,105.1,86.7,95.8,89.4,85.5,404,186,385,86,26.6,4,1.2,0.9,2016
"Chisenhall, Lonnie",502082,322,18,33.2,108.7,86.2,96.4,88.2,86.9,425,176,390,80,24.8,9,2.8,2.2,2016
"Revere, Ben",519184,320,5.5,28.7,102.9,83.6,92.8,86.3,82.2,395,137,388,52,16.3,2,0.6,0.5,2016
"Pérez, Hernán",541650,317,12.4,34.1,108.2,88.8,98.9,90,88.6,460,172,392,121,38.2,12,3.8,2.8,2016
"Cain, Lorenzo",456715,317,9.2,35.6,110.7,88.6,99.1,89.2,89.1,445,160,402,106,33.4,14,4.4,3.2,2016
"Báez, Javier",595879,316,14.1,25.6,112.3,88.4,98.8,92.2,86.3,425,170,390,102,32.3,18,5.7,4,2016
"Lind, Adam",452252,314,10.8,33.8,112.8,91.2,101,95.2,88.9,444,181,399,134,42.7,27,8.6,6.3,2016
"Giavotella, Johnny",543213,314,9.7,30.6,104.7,85.7,94.4,88.4,84.6,399,151,380,69,22,5,1.6,1.4,2016
"Martin, Russell",431145,313,10,29.4,110.7,89.2,99.7,93.8,86.2,444,168,398,126,40.3,29,9.3,5.4,2016
"Holliday, Matt",407812,312,8.6,27.9,115.5,93.1,103.6,96.7,92.1,466,171,399,149,47.8,25,8,5.9,2016
"Barnhart, Tucker",571466,310,9.6,39,105.1,86.1,95.1,90.2,82.3,403,163,377,72,23.2,8,2.6,1.9,2016
"Kepler, Max",596146,309,8.5,30.1,115.4,89.7,100.7,90.9,90.6,442,168,396,116,37.5,12,3.9,2.7,2016
"Loney, James",425766,308,13,34.1,108.9,87.5,97,89.3,86.8,426,166,380,97,31.5,5,1.6,1.4,2016
"Jaso, John",444379,308,7.7,32.8,106.1,86.3,97.3,89.8,84.4,418,155,393,99,32.1,15,4.9,3.5,2016
"Grichuk, Randal",545341,306,16.3,27.8,114.2,91.4,102.2,95.1,89.5,443,187,407,141,46.1,30,9.8,6.3,2016
"Castellanos, Nick",592206,305,16.9,48.2,109.2,89.4,99.3,94.1,80.7,437,216,400,119,39,44,14.4,9.8,2016
"Gyorko, Jedd",576397,305,14.9,36.1,108.2,87.7,98.5,93.2,82.2,456,190,402,110,36.1,30,9.8,6.8,2016
"Pence, Hunter",452254,303,5.5,26.1,113.7,91,101.9,95.4,89,458,148,403,125,41.3,21,6.9,4.8,2016
"Suzuki, Kurt",435559,302,14.6,31.5,106.3,87.3,96.7,90.5,85.7,423,173,383,92,30.5,8,2.6,2.1,2016
"Anderson, Tim",641313,300,6.6,30,108.1,87.8,98.1,91.5,86.1,427,146,396,103,34.3,16,5.3,3.7,2016
"García, Avisaíl",541645,300,5.4,31.3,117.1,90.2,102.2,95.2,87.4,465,149,414,120,40,24,8,5.3,2016
"Castillo, Welington",456078,299,12.9,34.1,112.1,88.8,99.3,92.1,85.7,438,185,391,112,37.5,18,6,3.9,2016
"Parra, Gerardo",467827,298,4.9,32.9,108.1,87.4,97.4,93,83.4,439,156,417,96,32.2,15,5,3.9,2016
"Gordon, Alex",460086,298,15.2,35.2,107.6,87.8,98.6,92.6,82.8,436,189,407,109,36.6,26,8.7,5.1,2016
"Freese, David",501896,295,2.2,31.2,111.2,91,101.7,95.3,88.7,439,135,395,143,48.5,24,8.1,4.9,2016
"Kiermaier, Kevin",595281,293,14,29.7,111.4,87.9,98.4,91.4,88.2,430,160,388,95,32.4,13,4.4,3.1,2016
"Bourn, Michael",456422,293,8.3,32.4,105.1,85.1,93.9,88.9,82.1,408,159,400,51,17.4,9,3.1,2.2,2016
"Smith, Seth",452234,293,8.3,32.1,111.6,89.5,100,94.6,86.2,432,157,403,119,40.6,26,8.9,5.9,2016
"Suzuki, Ichiro",400085,290,7.4,36.2,105.5,84.2,93.7,86.6,83.6,392,143,369,58,20,2,0.7,0.5,2016
"Duffy, Matt",622110,286,7.3,34.6,108.7,87.3,96.9,90.1,85.3,424,155,403,87,30.4,10,3.5,2.7,2016
"Peterson, Jace",607054,286,3.7,31.5,108.1,88.2,97.5,90.7,86.9,437,140,393,94,32.9,9,3.1,2.2,2016
"Teixeira, Mark",407893,284,12.8,33.1,109.6,88.4,98.6,93.1,85.6,444,171,385,106,37.3,21,7.4,4.8,2016
"Escobar, Eduardo",500871,283,15.1,32.5,107.7,85.6,95.9,89.5,83.5,448,171,392,69,24.4,9,3.2,2.4,2016
"Reynolds, Mark",448602,283,12.2,33.2,111.8,87.9,99.6,92.3,84.1,484,167,413,105,37.1,17,6,3.9,2016
"Maybin, Cameron",457727,283,4.6,27.2,112.5,87.9,98,89.7,87.9,410,131,367,91,32.2,8,2.8,2,2016
"Pederson, Joc",592626,279,15.3,30.8,112.3,92.3,103.7,97.1,90.2,463,186,408,131,47,35,12.5,7.4,2016
"Norris, Derek",519083,279,18.9,38,109,87.4,98.5,91.6,84.2,421,188,387,91,32.6,15,5.4,3.3,2016
"Gómez, Carlos",460576,278,11.1,29.9,112.3,87.8,99,93.4,84,445,153,411,89,32,18,6.5,4,2016
"Moss, Brandon",461235,277,22.5,37.2,113.5,88.5,100.3,93.5,82.2,454,223,400,108,39,37,13.4,8,2016
"Lowrie, Jed",476704,277,11.9,38.3,107,86,94.9,89,83.7,406,166,345,68,24.5,2,0.7,0.5,2016
"Rupp, Cameron",519237,276,9,28.6,113.6,91.3,103.1,94.9,88.9,465,169,409,130,47.1,25,9.1,6,2016
"Stanton, Giancarlo",519317,275,13.9,29.5,120.1,93.9,106.8,97,93.9,504,187,423,131,47.6,43,15.6,9.2,2016
"Grandal, Yasmani",518735,275,12.4,28.4,111,91.3,102.3,96,88.6,449,183,410,123,44.7,34,12.4,7.4,2016
"Strange-Gordon, Dee",543829,273,3.7,26,101.5,82.8,92.4,85.5,81.6,377,121,377,38,14,0,0,0,2016
"Souza Jr., Steven",519306,273,13,37.4,113.6,89.9,101,94.6,85.4,438,178,401,104,38.1,29,10.6,6.2,2016
"Dietrich, Derek",518618,272,13,39.3,110.6,85.5,97.4,91.2,81,432,179,407,87,32,22,8.1,5.3,2016
"Bourjos, Peter",488721,271,7.8,26.2,112.1,88.1,98.4,91.1,87.1,412,147,398,89,32.8,7,2.6,1.8,2016
"Jay, Jon",445055,271,7,34.3,103.4,86.1,95.3,89.1,84.2,406,137,376,63,23.2,3,1.1,0.8,2016
"Fielder, Prince",425902,268,11.5,32.1,113,88.8,99.4,92.1,87.4,437,171,414,85,31.7,16,6,4.3,2016
"Morrison, Logan",489149,266,12,32,113.7,90.5,101.6,95.7,87.6,444,174,408,111,41.7,20,7.5,5,2016
"Wong, Kolten",543939,266,10.9,29.7,107.5,86.8,95.9,88.5,86.2,401,168,385,70,26.3,8,3,2.2,2016
"Plouffe, Trevor",461858,263,12.3,29.3,110.7,90.2,100.2,93.9,88.9,436,171,396,106,40.3,17,6.5,4.9,2016
"Hicks, Aaron",543305,263,10.7,28.5,107.6,89.1,98,92.5,87.4,446,166,379,92,35,12,4.6,3.3,2016
"Puig, Yasiel",624577,263,11.7,24.7,114.6,90.4,101.7,94.6,90.8,439,151,395,108,41.1,17,6.5,4.6,2016
"Sanó, Miguel",593934,262,16.9,32.4,114.2,92.4,102.7,96.9,86.8,451,211,405,129,49.2,37,14.1,7.5,2016
"Cervelli, Francisco",465041,259,6.4,27.4,107.8,86.5,97.3,91.8,83.4,393,140,352,79,30.5,4,1.5,1,2016
"Kim, Hyun Soo",547957,255,6.5,30.2,111.8,90.5,99.2,92.9,89.8,421,166,390,93,36.5,13,5.1,3.8,2016
"Rasmus, Colby",458675,253,18.2,30.8,109.4,88.5,99.5,93.2,83.6,436,194,411,93,36.8,21,8.3,5,2016
"Rosario, Eddie",592696,249,11.3,33.3,105.8,87.7,97.1,92.4,83.9,446,165,392,79,31.7,12,4.8,3.4,2016
"Joseph, Tommy",571830,246,16.8,32.9,112.5,89.9,101.3,94.6,87,455,199,409,103,41.9,29,11.8,8.4,2016
"Story, Trevor",596115,245,18,44.5,112.3,91,102.1,94.9,86.3,456,223,422,109,44.5,34,13.9,8.2,2016
"Lawrie, Brett",543434,243,16.8,30.9,109.8,88.9,99.3,93,87.8,417,180,394,84,34.6,16,6.6,4.2,2016
"Álvarez, Pedro",476883,242,13.3,31.4,115,92.7,104.5,98.7,90,452,179,405,119,49.2,31,12.8,8.2,2016
"Kang, Jung Ho",628356,241,11,29,110.9,90.3,101.2,96.4,85.2,445,182,403,96,39.8,20,8.3,5.4,2016
"Guyer, Brandon",446386,240,13.9,32.9,106.9,87.3,96.6,90.3,85.5,420,174,388,67,27.9,10,4.2,2.9,2016
"McCann, James",543510,239,16.2,29.3,109.5,88.4,99.4,91.6,85.7,439,179,415,88,36.8,23,9.6,6.2,2016
"Jankowski, Travis",608671,238,0.8,28.2,108,86.2,96.3,86.8,86,412,121,402,64,26.9,3,1.3,0.8,2016
"Grossman, Robbie",543257,236,13.2,35.2,108.6,86.5,96.6,88.6,84.9,419,178,397,67,28.4,12,5.1,3.1,2016
"Howard, Ryan",429667,220,16.6,37.7,109.2,92,100.7,95.9,87,455,208,400,105,47.7,34,15.5,9.4,2016
"Conforto, Michael",624424,218,15.1,37.2,115,90.2,100.4,92.8,87.5,425,198,390,85,39,22,10.1,6.3,2016
"Valbuena, Luis",472528,216,16.1,32.4,109.4,87.4,97.4,92.4,82.3,437,189,404,67,31,16,7.4,4.7,2016
"Naquin, Tyler",571980,213,10.6,35.7,112.7,91,101.7,94.4,88.6,439,174,404,96,45.1,18,8.5,4.9,2016
"Castro, Jason",488771,207,11.6,34.3,108.7,89.5,99.9,93.4,86.1,453,173,402,83,40.1,20,9.7,5.3,2016
"Nieuwenhuis, Kirk",543590,202,9.7,28.7,111.2,90.3,100.2,95.2,86.8,427,171,402,75,37.1,20,9.9,5.1,2016
"Rodríguez, Sean",446481,202,12.8,35.1,111.3,90.4,101.3,96.6,84.1,458,195,404,74,36.6,23,11.4,6.7,2016
"Smoak, Justin",475253,187,18.7,40.6,110.2,91.6,100.7,94.6,88,411,201,391,79,42.2,22,11.8,6.5,2016
"Inciarte, Ender",542255,575,10.2,34.3,102.7,82.8,92.3,87.5,78.7,434,152,382,75,13.1,3,0.5,0.4,2017
"Strange-Gordon, Dee",543829,566,2.4,27.7,104.1,81.6,91.7,85.9,79.6,395,123,380,63,11.2,1,0.2,0.1,2017
"Lindor, Francisco",596019,566,14.6,32.2,111.7,89.1,99.1,92.8,85.4,456,192,401,203,35.9,40,7.1,5.5,2017
"Betts, Mookie",605141,554,14.3,31.9,111.7,88.4,99.3,92.9,87.4,434,179,396,208,37.9,25,4.5,3.5,2017
"Cabrera, Melky",466320,554,8.9,33.6,113.6,88.3,98.7,90.9,87.5,420,161,393,194,35.1,21,3.8,3.2,2017
"Andrus, Elvis",462101,547,7.6,32.5,108.1,86.5,97.3,91.8,82.9,436,160,403,171,31.3,23,4.2,3.3,2017
"Simmons, Andrelton",592743,530,7.8,31.3,109.7,86.1,96.4,90.8,83.6,438,155,395,151,28.7,13,2.5,2,2017
"LeMahieu, DJ",518934,527,3.3,31.7,109.2,89.3,99.7,92.5,87.6,433,138,390,218,41.4,10,1.9,1.5,2017
"Machado, Manny",592518,524,13.6,30.2,116.3,91.3,103.6,96.7,88.6,470,179,406,249,47.5,55,10.5,8,2017
"Ramírez, José",608070,521,15,35.5,108.3,88.2,98.3,91.9,85.2,440,185,391,180,34.7,26,5,4,2017
"Longoria, Evan",446334,516,12.7,32.4,109.9,86.7,97.3,92.7,82.4,422,170,394,167,32.4,27,5.2,4,2017
"Blackmon, Charlie",453568,515,13.4,38.1,110.8,87.3,98.9,91.7,83.1,477,190,411,187,36.4,45,8.7,6.2,2017
"Altuve, Jose",514888,511,9.7,34.8,109.1,86.1,96.8,91.3,82.2,430,167,393,143,28.1,34,6.7,5.1,2017
"Canó, Robinson",429664,510,7.5,33.9,112.7,90.3,101.1,94,87.9,443,165,398,224,44,32,6.3,4.9,2017
"Escobar, Alcides",444876,508,14,34.1,105.3,84,94.3,88.5,80.5,411,172,385,106,21,11,2.2,1.7,2017
"Merrifield, Whit",593160,507,16.4,36.5,110.5,87.6,96.9,92.1,82.8,430,195,396,149,29.6,26,5.1,4.1,2017
"Arenado, Nolan",571448,507,17.6,37.5,109.9,88.8,99.1,93,84.4,456,207,409,192,37.9,43,8.5,6.3,2017
"Abreu, José",547989,506,11.1,34.2,114.9,90.6,102.6,95.5,87.1,454,180,408,228,45.2,48,9.5,7.1,2017
"Pujols, Albert",405395,504,13.5,31.9,112.2,88.7,99.3,93.3,85.6,459,177,408,197,39.2,27,5.4,4.2,2017
"Galvis, Freddy",520471,503,15.2,32.8,106,86.3,95.1,90.1,82.9,417,179,387,118,23.5,12,2.4,1.8,2017
"Phillips, Brandon",408252,502,8.2,31.1,108.4,84.6,95.3,89.2,82.1,434,142,406,124,25.1,12,2.4,2,2017
"Hosmer, Eric",543333,501,3.9,30.3,118,89.8,101.3,94.2,87.8,458,150,402,196,39.4,35,7,5.2,2017
"Pillar, Kevin",607680,498,13,33.3,111.9,86,96.8,90.1,84,451,172,402,144,29.1,17,3.4,2.7,2017
"Jones, Adam",430945,488,11.9,33.6,110.9,86.9,97.6,91.4,83.8,452,167,392,151,31.1,31,6.4,4.9,2017
"Schoop, Jonathan",570731,487,13,35.3,116,87.8,100.2,92.7,85.3,462,169,402,181,37.2,34,7,5,2017
"Rizzo, Anthony",519203,486,15.5,34.2,113.6,88.4,100.3,94.4,82.9,462,186,408,189,39.1,45,9.3,6.5,2017
"Markakis, Nick",455976,486,8.8,34,114.4,88.3,98,91.5,86.5,429,160,391,167,34.7,16,3.3,2.4,2017
"Cain, Lorenzo",456715,486,10.2,32.1,112,89.1,99.7,92.2,88.2,436,173,399,173,35.6,17,3.5,2.6,2017
"Franco, Maikel",596748,485,11.5,26.6,113,88.8,99.9,93.6,86.8,431,165,391,175,36.2,29,6,4.7,2017
"Votto, Joey",458015,482,14.1,40.5,110.9,87.5,97.5,92.6,80.4,449,197,398,158,32.8,44,9.1,6.2,2017
"Gardner, Brett",458731,480,10.3,34.4,107.9,86.4,96.8,90.2,83.7,415,167,387,149,31,18,3.8,2.6,2017
"Santana, Carlos",467793,479,13,28.4,112.3,88.6,100.5,93.4,85.1,434,173,395,184,38.6,36,7.5,5.4,2017
"Dozier, Brian",572821,478,16.7,32,111.8,87.9,97.8,94.4,81.5,435,190,395,165,34.7,40,8.4,5.7,2017
"Castellanos, Nick",592206,477,14.2,42.8,110.5,89.1,99.7,93.2,83.3,448,202,397,200,42,51,10.7,7.7,2017
"Seager, Kyle",572122,474,21,35.2,109.1,88.3,98.1,92.1,84.5,433,207,396,160,33.9,41,8.6,6.3,2017
"Gurriel, Yuli",493329,473,10.4,29.2,114.4,89.9,100.8,94.4,87.8,435,170,393,205,43.5,16,3.4,2.8,2017
"Ozuna, Marcell",542303,471,10.2,31,114.5,90.9,103.4,96.8,86.7,468,167,413,214,45.6,44,9.3,6.5,2017
"Gregorius, Didi",544369,471,17.7,35.5,106.2,84.5,94.3,88.5,82,429,186,377,98,20.9,17,3.6,3,2017
"Yelich, Christian",592885,471,4.6,29.5,112.4,90.6,102.3,94.7,88,442,145,397,214,45.8,33,7,4.8,2017
"Benintendi, Andrew",643217,470,14.7,31.7,108.5,87.5,98.3,91.4,84.9,454,177,398,157,33.4,26,5.5,4,2017
"Lowrie, Jed",476704,470,18.7,43.2,106.3,89.1,97.9,91.7,86.3,426,202,392,177,37.7,28,6,4.3,2017
"Panik, Joe",605412,468,11.4,32.9,108,85,95,89.9,81.2,426,167,390,111,23.9,12,2.6,2.1,2017
"Bregman, Alex",608324,467,16.4,34.5,105.6,87.6,97.8,91.8,84.2,430,185,389,159,34.3,22,4.7,3.5,2017
"Moustakas, Mike",519058,467,18.2,34,112.9,87.4,98.9,92.3,85,440,197,397,157,33.8,40,8.6,6.7,2017
"Kinsler, Ian",435079,465,19.5,37.2,105.9,86.3,96.3,91.3,81.7,414,198,383,140,30.1,23,4.9,3.8,2017
"Murphy, Daniel",502517,460,17.3,39.6,108.4,89.6,99.2,92.8,87.1,428,196,389,192,41.8,22,4.8,3.7,2017
"Bogaerts, Xander",593428,457,8.1,26.7,113.9,87.3,98.1,90.8,86.5,437,145,401,138,30.2,6,1.3,0.9,2017
"McCutchen, Andrew",457705,457,14.2,33.7,109.5,88.4,99.6,93.4,83.5,432,183,393,176,38.9,35,7.7,5.4,2017
"Hamilton, Billy",571740,456,10.2,32.2,103.7,80.5,90.1,84.3,78.7,405,148,376,53,11.7,2,0.4,0.3,2017
"Odor, Rougned",596059,449,15.9,27.2,112.4,89.1,99.6,94.2,85.6,466,180,395,164,36.6,27,6,4.1,2017
"Rosario, Eddie",592696,448,13.3,32.4,107.5,87.2,97.4,93.2,81.2,445,175,397,142,31.8,33,7.4,5.6,2017
"Mauer, Joe",408045,445,6.2,35.7,108.2,90.6,99.8,94.8,87.4,413,155,395,206,46.3,20,4.5,3.4,2017
"Segura, Jean",516416,442,6.7,32.8,109.1,87.6,98.3,90.6,86,428,149,390,152,34.5,14,3.2,2.5,2017
"Springer, George",543807,441,9.3,31.1,114.6,89.2,101.9,96.1,84.5,473,170,403,189,43.2,41,9.3,6.5,2017
"Calhoun, Kole",594777,441,12.3,34.9,110.1,88.3,98.2,92,85.6,425,176,397,156,35.5,25,5.7,3.8,2017
"Dickerson, Corey",572816,438,13.9,35.6,112.9,87.2,98.1,91.1,83.5,449,182,401,138,31.7,33,7.5,5.3,2017
"Molina, Yadier",425877,437,14.5,35.2,106.2,87.9,97.5,92.1,84.6,434,184,398,151,35,26,5.9,4.8,2017
"Stanton, Giancarlo",519317,437,11.2,31.6,122.2,92,105.9,100,86.8,468,183,418,199,45.6,76,17.4,11,2017
"Bell, Josh",605137,436,8.6,28.9,112.4,87.6,99,92.1,85.2,441,155,403,148,34.3,28,6.4,4.5,2017
"Healy, Ryon",592387,436,12.8,35.6,112.7,88.3,100.1,93.2,84.5,443,176,413,175,40.4,33,7.6,5.5,2017
"Smoak, Justin",475253,434,17.1,39.4,110,89.6,100.4,94.6,83.3,437,204,401,186,43,59,13.6,9.3,2017
"Peralta, David",444482,434,4.2,27,113.8,88,99.7,93.8,85,455,144,395,153,35.4,18,4.1,3.1,2017
"Posey, Buster",457763,433,11.6,36.5,109.6,88.7,97.8,92.5,84.7,431,178,387,150,34.8,15,3.5,2.6,2017
"Rendon, Anthony",543685,432,18.3,34.7,110.1,89.8,98.8,92.6,87.3,454,207,402,164,38.4,28,6.5,4.6,2017
"Mazara, Nomar",608577,430,11.3,30.5,113.6,89,100.4,94.9,85.6,453,165,414,159,37.1,28,6.5,4.5,2017
"Span, Denard",452655,430,11,34.2,108.5,85.3,95.6,89.3,83.5,420,164,392,108,25.1,14,3.3,2.6,2017
"Reyes, José",408314,430,15.8,32.8,108.4,84.3,94.5,88.5,82.4,406,179,384,104,24.2,11,2.6,2,2017
"Realmuto, J.T.",592663,429,10.1,32.6,111.4,88.2,99.1,91.8,85.8,444,166,396,152,35.5,27,6.3,4.7,2017
"Morales, Kendrys",434778,428,9.5,31.1,113,91.1,102.1,96.2,87.5,465,173,414,199,46.6,43,10,7.1,2017
"Anderson, Tim",641313,428,8,31.8,108.8,85.6,97.4,91.5,81.7,451,152,404,133,31.1,22,5.1,3.6,2017
"Duvall, Adam",594807,428,21.1,34.8,110.8,87.3,97.7,92.4,82.3,437,201,396,139,32.6,38,8.9,5.9,2017
"Bryant, Kris",592178,427,17,35.1,113,87,98.8,92.3,80.5,451,196,401,156,36.6,41,9.6,6.2,2017
"Encarnación, Edwin",429665,426,16.8,36.4,112,89.2,100.8,94.2,84.1,466,195,405,181,42.5,44,10.3,6.6,2017
"Bautista, José",430832,424,17,29.7,112.9,88.3,99.7,93.1,85.4,450,188,402,151,35.6,28,6.6,4.1,2017
"Cruz, Nelson",443558,423,12.4,34.5,117.7,93.2,105.3,98.6,88.4,469,198,411,204,48.3,60,14.2,9.3,2017
"Polanco, Jorge",593871,423,16.3,31.4,107,85,95.5,89.1,81.4,428,176,392,109,25.8,11,2.6,2,2017
"Peraza, José",606299,421,11.2,32.5,106.9,82.8,93.3,84.3,83.2,445,154,406,84,20,7,1.7,1.4,2017
"Bruce, Jay",457803,419,18.4,39.4,111.5,88.4,99,92.4,83.6,436,206,400,162,38.8,44,10.5,7.1,2017
"Choo, Shin-Soo",425783,418,7.9,35.9,109.8,88.7,99.3,93.7,84.4,447,168,401,158,37.8,36,8.6,5.7,2017
"Reddick, Josh",502210,418,17.8,38.3,110.2,87.7,97.7,90.6,85.8,422,195,386,131,31.6,16,3.8,3,2017
"Núñez, Eduardo",456488,416,6.3,25.2,111.5,86.4,98,91.2,84.7,412,139,388,134,32.4,7,1.7,1.4,2017
"Mercer, Jordy",474568,416,9.1,35.3,106.3,85.8,96.6,90.4,82,444,163,394,134,32.4,13,3.1,2.3,2017
"Goldschmidt, Paul",502671,415,11.6,32.8,112.4,91.5,101.9,96.6,86.8,453,178,405,197,47.5,55,13.3,8.3,2017
"Crawford, Brandon",543063,414,11.3,34.8,108.5,87.5,97.6,92.3,83.9,431,168,391,138,33.5,24,5.8,4.2,2017
"Seager, Corey",608369,411,11.1,40.4,110.9,89.7,101.3,94.9,83.9,450,178,408,182,44.3,35,8.5,5.7,2017
"Arcia, Orlando",606115,411,6.8,28.7,107.3,85.7,96.6,90.6,82.9,422,147,399,113,27.6,16,3.9,2.9,2017
"Trumbo, Mark",444432,411,12.7,26.5,118.5,89.8,101.9,94.3,88.3,461,170,401,158,38.5,29,7.1,4.8,2017
"Solarte, Yangervis",500208,409,14.7,31.8,110.2,85.4,96.7,89.3,84.4,455,172,393,112,27.6,16,3.9,3.1,2017
"Turner, Justin",457759,409,18.5,37.7,107.8,89.4,98.4,92.2,86.6,430,208,396,156,38.6,35,8.6,6.4,2017
"Hernández, César",514917,408,4.5,33.3,107.8,85.7,96.9,89.9,83.1,407,150,390,121,29.7,12,2.9,2.1,2017
"Mancini, Trey",641820,408,7.1,30.9,115.5,88.6,100.9,95.1,85,459,158,399,167,41.2,41,10,7,2017
"García, Avisaíl",541645,408,7.6,31.4,115.5,90.3,101.6,95.3,86.6,451,159,407,166,40.8,36,8.8,6.4,2017
"Shaw, Travis",543768,404,14.9,34.7,113.7,88.6,100.2,93.3,85.3,478,184,402,159,39.4,30,7.4,5,2017
"Puig, Yasiel",624577,404,10.4,27.2,116,88.5,101.1,94.1,85.7,450,163,411,151,37.6,38,9.4,6.7,2017
"Zimmerman, Ryan",475582,403,8.3,32.3,113.1,91.4,103.3,97.8,86.3,462,173,405,195,49.1,49,12.2,8.5,2017
"Herrera, Odúbel",546318,402,9.7,35.1,114.6,87.2,99.1,91,85.5,434,172,396,130,32.3,25,6.2,4.4,2017
"Iglesias, Jose",578428,402,8.7,32.6,105.2,82.9,93.7,86.7,81.8,433,142,393,85,21.1,5,1.2,1,2017
"Cabrera, Asdrúbal",452678,402,12,37.6,105.3,87.2,97,92.1,83.4,428,175,393,134,33.5,19,4.7,3.5,2017
"Kepler, Max",596146,401,13.2,31.9,113.2,88.7,100.4,92.3,88,440,174,398,147,36.7,16,4,2.8,2017
"Harrison, Josh",543281,401,16.5,38.4,103.2,84.9,94.7,89.7,79.5,422,186,377,96,24.1,11,2.7,2,2017
"Pence, Hunter",452254,395,4.2,25.3,114,89,99.6,94,86.8,444,142,395,148,37.6,23,5.8,4.3,2017
"Myers, Wil",571976,394,15.4,35.3,112.5,89.4,101.3,95.3,85.4,461,191,407,175,44.6,36,9.1,5.5,2017
"Moreland, Mitch",519048,393,11.6,34.9,113.3,89.3,99.8,94.9,84.4,449,184,412,142,36.4,47,12,8.2,2017
"Suárez, Eugenio",553993,392,14.8,39,108.8,86.2,97.8,91.6,81.1,451,189,393,126,32.1,27,6.9,4.3,2017
"Gamel, Ben",592325,391,10.9,33.2,108.5,86.3,96.7,90.2,83.4,414,166,385,114,29.3,16,4.1,2.9,2017
"Lamb, Jake",571875,389,12.2,34.4,109.4,88.3,99.2,93,84.1,481,191,407,141,36.3,36,9.3,5.7,2017
"Headley, Chase",452104,388,11.7,36.9,107.9,87.2,97.5,90.3,84.9,435,170,396,129,33.2,18,4.6,3.1,2017
"Margot, Manuel",622534,386,10.4,34.5,109.7,85.3,96.8,90,81.9,424,173,395,111,29.3,10,2.6,1.9,2017
"Sánchez, Yolmer",570560,384,10.4,32.6,106.5,84.8,95.6,89,82,422,159,399,94,24.6,13,3.4,2.4,2017
"Perez, Salvador",521692,381,18.7,34.4,111.3,88.7,100,92.7,84.7,451,211,404,147,38.9,36,9.4,7.2,2017
"Ramirez, Hanley",434670,380,12.6,35,114.3,88.5,100.6,93.4,84.8,469,182,415,146,38.4,36,9.5,6.5,2017
"Carpenter, Matt",572761,379,22.8,37.7,108.2,89.7,98.9,92.4,85.8,427,223,400,139,37,31,8.2,5,2017
"Upton, Justin",457708,378,15.7,36,114.2,88.8,100.9,94.3,84.3,454,199,405,156,41.3,50,13.2,7.9,2017
"Davis, Khris",501981,378,14.2,37.6,113.5,92.2,103.4,98.7,85,458,203,408,198,52.4,67,17.7,10.3,2017
"Lucroy, Jonathan",518960,376,7.8,31.6,106.7,85,95.2,87.4,84.1,435,151,416,91,24.3,9,2.4,1.9,2017
"Taylor, Chris",621035,373,12.2,39.7,110.1,87.1,98.4,91.2,83.3,443,179,398,126,34.1,30,8,5.3,2017
"Swanson, Dansby",621020,372,8.3,31.2,107.6,86.9,97.8,91.6,83.8,419,155,395,120,32.5,11,3,2,2017
"Beltrán, Carlos",136860,371,13.4,29.4,109.6,87.3,97.3,91.5,84.8,438,183,397,115,31,17,4.6,3.3,2017
"Heyward, Jason",518792,369,11.4,29.3,112.7,86.6,97.7,90.7,85.6,434,161,397,115,31.3,15,4.1,3.1,2017
"Joseph, Tommy",571830,369,14.1,30.9,112.8,89.3,101.3,94.2,86.8,447,177,401,148,40.3,27,7.3,5.1,2017
"Zobrist, Ben",450314,369,9.3,29,106.9,87.2,97,90.7,85.1,425,158,393,119,32.2,17,4.6,3.4,2017
"Beckham, Tim",542921,368,8.5,34.8,110.1,88.4,100.1,94.3,84.3,456,166,402,149,40.7,35,9.5,6.1,2017
"Morrison, Logan",489149,366,17.6,39.6,114.4,88.6,100.8,94.2,82,444,206,405,155,42.3,47,12.8,7.8,2017
"Pedroia, Dustin",456030,364,10.5,33.2,101.9,85.2,94.3,88.6,83.6,395,155,381,76,21.1,4,1.1,0.9,2017
"Cozart, Zack",446359,364,14.8,35.7,108.3,85.8,96.2,89.5,82.6,433,183,391,105,28.9,16,4.4,3.2,2017
"Joyce, Matt",459964,363,15.1,38,109.7,88.2,98.4,93.4,82.6,438,202,403,125,34.4,32,8.8,5.9,2017
"Escobar, Eduardo",500871,363,17.8,37.2,108.4,86.5,97.2,90.6,83.1,438,197,404,111,30.6,30,8.3,6,2017
"Cabrera, Miguel",408234,362,12.4,41.7,111.5,91.1,101.7,95.4,86.3,451,190,388,174,48.2,38,10.5,7.2,2017
"Gonzalez, Marwin",503556,361,11.7,29.4,109.8,88.7,99,93.7,84.4,443,167,386,132,36.6,24,6.6,4.7,2017
"Bradley Jr., Jackie",598265,360,9.5,30.6,110.6,88.3,100.1,94.4,84,441,160,407,144,40,27,7.5,5,2017
"Pérez, Hernán",541650,359,10.3,29.2,108.5,84.9,96.2,90.4,81.9,423,153,398,99,27.6,11,3.1,2.4,2017
"González, Carlos",471865,357,6.2,28.9,117.1,87.5,100.3,93,84.7,478,159,415,132,37,21,5.9,3.9,2017
"Gordon, Alex",460086,356,13.8,34.6,109.6,86.3,97.6,92.4,80.6,433,172,390,110,31.3,16,4.5,3,2017
"Sánchez, Gary",596142,355,13.1,33.5,115.7,90.8,103.2,95.9,87.6,493,175,416,152,42.9,42,11.8,8,2017
"Frazier, Todd",453943,354,20.3,33.1,109.8,87.5,97.7,93.3,83.1,441,196,402,107,30.3,34,9.6,5.9,2017
"Pollock, AJ",572041,354,8.5,35,108.7,88.1,99.7,94.2,83.5,433,170,406,135,38.4,20,5.6,4.3,2017
"Schebler, Scott",594988,353,11.6,30,111.2,89.1,101.4,95.6,85.3,457,172,405,144,40.8,36,10.2,6.8,2017
"Castro, Starlin",516770,353,6.9,30.6,110.4,87.4,99.6,93.3,84.1,452,150,398,129,36.5,16,4.5,3.4,2017
"Frazier, Adam",624428,353,9.2,37.1,111.9,85.8,95.1,87.9,84.3,432,158,401,84,24.2,7,2,1.5,2017
"Santana, Domingo",570267,350,10.5,40.6,113.7,89.2,99.9,93.2,85.8,476,175,393,141,40.4,33,9.4,5.4,2017
"Gennett, Scooter",571697,349,13.2,34.7,106.8,86.4,97.8,92.1,80.7,452,179,393,123,35.3,23,6.6,4.6,2017
"Reynolds, Mark",448602,348,11.8,36.5,112.1,87.2,99.4,93.2,82,482,182,419,125,35.9,29,8.3,4.9,2017
"Souza Jr., Steven",519306,347,11.7,33.4,116.2,88.8,100.7,94.8,83.4,455,181,408,133,38.6,40,11.5,6.5,2017
"Freeman, Freddie",518692,347,16,40.1,109,89.7,99.8,93.8,84,443,209,401,146,42.7,46,13.3,8.9,2017
"Drury, Brandon",592273,344,7.7,33.7,111.7,88.2,99,93.8,84.2,444,160,408,132,38.7,17,4.9,3.5,2017
"Kemp, Matt",461314,340,8.4,39.1,111.9,88.3,99.6,93.6,83.7,423,171,395,131,38.8,32,9.4,6.9,2017
"Judge, Aaron",592450,338,15.8,38.2,121.1,95,108.1,100.5,88.6,496,216,413,185,54.7,87,25.7,12.8,2017
"Bellinger, Cody",641355,337,17.5,35.3,112.8,90.8,101.6,96.6,84.7,447,199,404,153,45.7,41,12.2,7.5,2017
"Valencia, Danny",502143,336,8.9,31.5,114,88.2,99.8,92.8,86.2,434,159,404,125,37.5,19,5.7,3.8,2017
"Parra, Gerardo",467827,334,8.3,37.7,106.1,86,96.5,90.8,81.2,436,171,398,99,29.7,7,2.1,1.6,2017
"Correa, Carlos",621043,334,9.3,38.6,112,90.5,102,95.2,86.7,449,173,399,150,44.9,31,9.3,6.4,2017
"Báez, Javier",595879,333,10.1,28.2,113.3,87.9,99.5,94,84.4,463,168,410,119,36,28,8.4,5.5,2017
"Alonso, Yonder",475174,333,19.4,35.7,111.5,89.2,100.1,93.4,86.1,436,197,402,137,41.1,33,9.9,6.3,2017
"Turner, Trea",607208,333,7.1,29.1,111.9,89.1,99.8,94,86.3,437,160,402,130,39.2,18,5.4,4,2017
"Pham, Tommy",502054,332,6.9,34.3,111.6,89.6,102,94.6,86.4,443,151,407,145,43.7,31,9.3,5.8,2017
"Goins, Ryan",572365,332,9.9,27.1,107,86.2,96.6,90.8,83.9,439,153,400,98,29.6,10,3,2.2,2017
"Wieters, Matt",446308,332,12.4,34.3,106,85.7,96,91.1,81.2,434,171,410,96,29.3,13,3.9,2.8,2017
"Martinez, Victor",400121,331,13.3,37.8,107.1,88.7,97.4,92.7,85.1,420,182,381,114,34.5,18,5.4,4.1,2017
"Granderson, Curtis",434158,329,20.2,33.1,109.2,87.7,97.8,93,82.4,431,202,398,111,34.4,36,10.9,6.8,2017
"Gyorko, Jedd",576397,328,15.5,32.3,110.6,86.4,97.2,92.6,81.3,450,179,394,102,31.5,26,7.9,5.4,2017
"Heredia, Guillermo",628338,324,10.2,29,107.8,84.6,95,88.2,83.2,409,151,387,74,22.8,5,1.5,1.2,2017
"Harper, Bryce",547180,324,14.1,35.5,116.3,91.1,102.5,95.3,88.5,451,184,407,136,42.6,37,11.4,7.5,2017
"Fowler, Dexter",451594,323,13.1,40.2,112.4,88.5,98.8,92.3,84.6,429,192,397,118,36.9,21,6.5,4.3,2017
"Polanco, Gregory",570256,320,13.1,30.3,112.1,86.5,97.4,91.6,84.6,434,174,407,98,30.6,12,3.8,2.9,2017
"Spangenberg, Cory",605486,319,9.9,35.4,108.8,87.1,97,91.6,83.5,432,156,406,91,29,14,4.4,2.9,2017
"Maldonado, Martín",455117,319,12.9,26.3,110.4,85.4,98,91,81.9,447,162,405,100,31.3,18,5.6,3.8,2017
"Buxton, Byron",621439,319,15.2,31.7,110.9,88.1,98.6,92.7,83.1,441,176,403,101,32,18,5.6,3.5,2017
"Trout, Mike",545361,316,18,36.4,114.7,88.8,102,94.3,84.1,448,199,411,126,39.9,42,13.3,8.3,2017
"Freese, David",501896,314,3.1,31.2,110.2,88.9,100.6,94,86.1,449,141,397,134,42.9,20,6.4,4,2017
"Story, Trevor",596115,313,19.2,37.1,110.1,89.4,100,93.8,84.7,438,208,407,120,38.3,33,10.5,5.9,2017
"Grandal, Yasmani",518735,312,12.6,34.3,109.3,88.2,98.7,93.8,84.3,425,177,389,121,38.8,23,7.4,4.8,2017
"Dietrich, Derek",518618,312,16.7,32.1,110.8,85.9,97.5,90.1,82,425,192,391,102,32.7,18,5.8,3.9,2017
"Walker, Neil",435522,311,17,35.4,109.8,85.9,97.4,90.1,82.6,431,182,400,97,31.3,15,4.8,3.3,2017
"Barnhart, Tucker",571466,310,9.7,36.1,104.5,86.2,95.7,91.4,81.7,444,165,401,79,25.6,7,2.3,1.7,2017
"Braun, Ryan",460075,308,7.7,30.8,114.7,89.9,101.8,96,85.8,429,163,401,135,44,26,8.4,6.1,2017
"Martinez, J.D.",502110,308,15.4,37.7,114.8,91,103.4,97.1,84.4,461,210,412,151,49.3,60,19.5,12.3,2017
"Grossman, Robbie",543257,307,12.2,37.1,109.8,86.4,96.3,89.9,83.8,422,178,400,82,26.8,9,2.9,2,2017
"Thames, Eric",519346,306,12.8,36.3,112,88.2,100.1,94.1,82.1,436,195,392,120,39.3,34,11.1,6.2,2017
"Donaldson, Josh",518626,306,14.1,31.7,113.5,90.9,102.3,97,85.5,454,187,407,137,44.9,43,14.1,8.7,2017
"Renfroe, Hunter",592669,306,15.3,32.4,113.7,88,100.3,94.3,82.8,449,192,404,104,34.1,34,11.1,7.1,2017
"Jay, Jon",445055,304,10.3,40.1,104.4,85.7,94.5,87,84.9,394,153,376,69,22.7,2,0.7,0.5,2017
"Maybin, Cameron",457727,303,4.6,29,109.2,87.2,97.4,91.3,85.1,430,144,393,99,32.7,10,3.3,2.2,2017
"Escobar, Yunel",488862,299,2.3,31.8,111.7,89,99.5,93.6,86.3,438,147,412,117,39.1,15,5,3.9,2017
"Wong, Kolten",543939,298,9.7,32.9,109.7,86.4,96.8,90,84.5,425,155,413,85,28.9,9,3,2.2,2017
"Aoki, Norichika",493114,298,4.5,28.2,106.6,86.1,95.5,89.9,84.8,404,134,384,74,24.8,3,1,0.8,2017
"Dyson, Jarrod",502481,297,9.5,30.3,104.5,82.4,93.1,87.4,80.7,407,143,387,55,18.5,5,1.7,1.3,2017
"McCann, Brian",435263,296,14.5,33.8,106.4,87.6,97.4,92.5,84.6,425,177,394,100,33.8,16,5.4,4,2017
"Ellsbury, Jacoby",453056,295,10,33.2,108.4,85.6,96,90.1,83.1,420,164,375,75,25.4,8,2.7,2,2017
"Beltré, Adrian",134181,294,12.5,36.1,107.4,86.7,97.1,91.4,82,430,182,398,95,32.5,17,5.8,4.4,2017
"DeJong, Paul",657557,294,18.1,42.2,108.6,86.6,99.7,93.7,77.6,434,193,398,115,40.1,27,9.2,6.1,2017
"d'Arnaud, Travis",518595,292,13.5,33.2,111.6,88,98.4,93.3,83.5,455,173,400,104,35.7,19,6.5,5.1,2017
"Brantley, Michael",488726,292,9.9,33.9,110.2,88.4,98.9,91.8,87,423,159,401,105,36.1,12,4.1,3.2,2017
"Duda, Lucas",446263,290,19.2,40.3,114.5,90.3,101.2,95.2,85.1,451,208,404,127,43.8,35,12.1,7.1,2017
"Flores, Wilmer",527038,288,17,36.8,108.1,87.5,98.1,91.6,84.2,414,194,389,97,33.9,17,5.9,4.7,2017
"Kiermaier, Kevin",595281,286,8.1,28.3,110.9,86.9,97.8,91.5,84.4,443,159,410,87,30.5,15,5.2,3.6,2017
"Bour, Justin",571506,286,9.7,37.1,114.8,89.2,101.9,95.3,85.6,446,178,399,115,40.4,31,10.8,7.2,2017
"DeShields, Delino",592261,284,11.5,28.2,104.4,83.6,94.7,89.1,79.6,407,158,398,62,21.9,8,2.8,1.8,2017
"Contreras, Willson",575929,282,7.1,29.4,115.1,88.2,100.6,95.7,83.6,442,157,409,101,35.9,29,10.3,6.8,2017
"Grichuk, Randal",545341,281,16.2,37.4,113.3,89,101.4,95.4,81.6,434,200,406,116,41.4,45,16,10.2,2017
"Owings, Chris",572008,281,12.4,33.8,108.4,86.6,96.7,90.5,83.6,442,166,407,77,27.6,10,3.6,2.6,2017
"Aybar, Erick",430947,281,7.5,30.2,105.2,82.7,92.4,87.4,79.4,413,144,388,44,15.8,5,1.8,1.4,2017
"Belt, Brandon",474832,279,22,34.8,108.4,89.3,99.8,93.9,85.1,456,215,406,112,40.6,31,11.1,6.9,2017
"Barney, Darwin",446381,278,11.7,32,101.7,82.7,91.7,87.1,80.1,401,152,373,34,12.2,1,0.4,0.3,2017
"Haniger, Mitch",571745,277,10.9,36.8,111.2,87.7,98.8,93.2,82.5,437,174,400,98,35.4,17,6.1,4.1,2017
"Villar, Jonathan",542340,274,3.1,26.6,114.7,88.3,99.7,93.6,85.9,450,140,395,93,34.2,15,5.5,3.4,2017
"Schwarber, Kyle",656941,272,18.6,29.8,116.1,89.6,101.6,95.5,84.2,470,196,409,113,41.5,41,15.1,8.4,2017
"Kipnis, Jason",543401,272,17.5,37.9,107.8,86.2,96.6,91.1,81.9,416,196,391,86,31.6,13,4.8,3.5,2017
"Mahtook, Mikie",543484,271,10.2,32.8,111.9,88.4,99.2,92,85.6,448,171,410,103,38,15,5.5,4,2017
"Altherr, Aaron",571437,269,11.2,32.7,112.3,89.3,102.1,94.1,86.5,421,173,395,115,42.8,28,10.4,6.8,2017
"Hedges, Austin",595978,269,17.8,29,108.9,87.8,98.5,93,84.4,430,183,391,91,34.3,18,6.7,4.3,2017
"Hechavarría, Adeiny",588751,267,9.8,32.2,108.7,87.8,98.3,91.5,86,417,159,397,92,34.6,8,3,2.3,2017
"Bonifacio, Jorge",593528,267,14.7,37.5,112.7,87.6,99.9,91.9,83.3,437,184,407,105,39.6,24,9,5.7,2017
"McCann, James",543510,267,15.7,40.4,109.2,87.2,98.1,90.9,83.6,435,184,397,91,34.1,21,7.9,5.4,2017
"Difo, Wilmer",594694,266,6.7,32.3,110.3,84.5,95.9,89.7,80.9,445,142,422,68,26.1,6,2.3,1.6,2017
"Napoli, Mike",435063,265,22.2,29.1,112.5,88.3,100.3,94.1,83,448,204,406,110,41.5,42,15.8,8.7,2017
"Taylor, Michael A.",572191,265,12.4,35.1,112.7,87.5,100.4,94.3,82.5,439,180,401,100,38.3,26,9.8,6,2017
"Davis, Chris",448801,265,15,40.4,109.8,90.1,101.2,95.1,83.9,427,203,395,120,45.5,34,12.8,6.5,2017
"Holliday, Matt",407812,264,11.8,31.4,116,89.9,102.5,95.4,86.5,459,168,413,117,44.3,27,10.2,6.3,2017
"Conforto, Michael",624424,262,13.7,38.5,111.4,89.1,101.4,95.1,83.2,450,186,393,112,43.4,32,12.2,7.3,2017
"Semien, Marcus",543760,261,17.2,37.9,106.5,87.1,96.6,91.1,82.9,406,189,382,78,30,12,4.6,3.1,2017
"Russell, Addison",608365,261,14.8,35.6,110,88,98,91,85.3,437,188,401,92,35.2,15,5.7,3.9,2017
"Vázquez, Christian",543877,261,8,34.5,105.7,85.2,95.1,88.6,82.5,409,157,398,58,22.2,7,2.7,2,2017
"Desmond, Ian",435622,258,0,22.5,111.6,87.6,99.1,93.1,85.2,421,124,381,80,31.3,7,2.7,1.9,2017
"Descalso, Daniel",518614,257,13,37.7,107.4,87.2,97.5,92.4,81.6,416,195,400,75,29.2,13,5.1,3.3,2017
"Forsythe, Logan",523253,257,12.1,40.1,103.6,88.9,96.7,92.3,85.5,442,187,409,88,34.4,10,3.9,2.3,2017
"Piscotty, Stephen",572039,257,10.3,35.8,109.3,86.1,97.7,91.6,81.7,443,171,402,88,34.9,17,6.6,4.2,2017
"Davis, Rajai",434658,255,11.3,34.1,107,86,95.5,90.9,82.9,410,167,387,63,24.8,6,2.4,1.6,2017
"Utley, Chase",400284,255,11,36.9,107.7,86.9,96.3,91.7,81.5,424,187,398,72,28.5,11,4.3,3.1,2017
"Romine, Andrew",461865,255,7.9,33.7,105.4,83.7,95,88.2,80.7,397,158,389,68,26.7,4,1.6,1.1,2017
"Piña, Manny",444489,255,17.6,40,108.2,87.1,96.5,90.6,84.1,434,194,397,76,29.8,10,3.9,2.8,2017
"Adams, Matt",571431,255,15.9,34.1,111.3,88.9,100.5,94.3,83.7,431,188,396,102,40.3,27,10.6,7.4,2017
"Davidson, Matt",571602,254,17.7,35.8,112.6,89,101.3,94.9,82.7,476,201,408,106,41.7,39,15.4,8.8,2017
"Gallo, Joey",608336,253,23,36,117.3,93.3,105.6,99.1,86,490,227,420,132,52.2,56,22.1,10.5,2017
"Smith, Seth",452234,252,9.9,36.9,112.4,89.8,100.3,94.9,84.7,428,184,400,103,40.9,18,7.1,4.8,2017
"Sanó, Miguel",593934,252,13.1,36.9,114.6,92.3,105.1,98.5,85.3,469,200,413,118,47,40,15.9,8.3,2017
"Castro, Jason",488771,250,13.2,39.6,109.6,87.2,98.4,91.2,83.6,433,177,405,80,32,17,6.8,4.2,2017
"Gómez, Carlos",460576,249,15.9,37.3,113.1,88.6,99.8,91.2,86.5,461,200,407,87,34.9,22,8.8,5.2,2017
"Pearce, Steve",456665,248,13.8,35.1,108.6,87.2,98,92.1,83.3,434,177,393,89,35.9,17,6.9,4.9,2017
"Castillo, Welington",456078,246,14.4,39,108.3,89.4,100.2,93.8,84.7,440,187,399,108,44.3,25,10.2,6.8,2017
"Valbuena, Luis",472528,246,17.2,30.1,108.4,87.5,97.7,93.1,82.4,438,196,400,82,33.3,27,11,6.7,2017
"Cron, C.J.",543068,246,18.2,37.8,114.9,88.9,101,93.6,85,461,199,416,95,38.6,25,10.2,6.7,2017
"Gomes, Yan",543228,245,16.2,29.4,110.2,86.4,97.8,92.6,81.5,457,174,391,80,32.7,14,5.7,3.7,2017
"Pirela, José",517369,244,6,29.5,112.9,89.3,100.6,94,86,450,161,410,95,39.1,11,4.5,3.2,2017
"Hernández, Gorkys",491676,241,9.3,31.1,108.9,85.2,96.2,89.3,84.6,389,150,NA,63,26.1,4,1.7,1.1,2017
"Happ, Ian",664023,241,13.3,36.9,114.2,88.5,100.9,93.4,84.5,443,195,403,95,39.4,32,13.3,7.7,2017
"Broxton, Keon",542979,241,10.3,39,109.8,87.2,98.8,92.8,80.9,449,183,403,84,34.9,28,11.6,6,2017
"Hicks, Aaron",543305,240,11.7,30,109.3,86.7,97.8,92.8,82.3,436,180,375,78,32.5,18,7.5,5,2017
"Asuaje, Carlos",641319,237,14.3,36.7,103.1,84.5,93.9,89.4,80.1,420,169,393,44,18.8,4,1.7,1.2,2017
"Flowers, Tyler",452095,237,11.2,32.1,112.8,89.6,101.2,93.2,87.1,447,169,395,95,40.1,15,6.3,4.1,2017
"Moss, Brandon",461235,236,17.8,36.4,112.8,89.6,101.6,94.6,81.8,474,206,411,99,41.9,35,14.8,8.7,2017
"Miller, Brad",543543,232,11.1,26.7,112.7,89.3,100.5,94,86.3,445,178,412,89,38.4,14,6,3.4,2017
"Zunino, Mike",572287,228,20.5,35.1,114.1,90.3,103.4,96,84.5,470,200,412,107,46.9,33,14.5,7.6,2017
"Martin, Russell",431145,225,6.9,32.9,108.9,88.3,99.7,95.1,83,449,157,399,85,37.9,16,7.1,4.4,2017
"Hernández, Enrique",571771,221,13.6,30.8,111.5,88.5,98.7,93.1,84.5,421,178,397,80,36.5,16,7.2,4.7,2017
"Williams, Nick",608384,220,7.8,37.3,109.2,88.1,99.9,93.4,83.6,445,161,397,91,41.4,17,7.7,5,2017
"Avila, Alex",488671,193,12.4,49.7,107.9,91,101.1,95.7,84.7,443,197,400,98,50.8,29,15,7.7,2017
"Peraza, José",606299,570,15,37.7,108.7,85.8,95.2,87.3,85.9,426,177,391,134,23.6,14,2.5,2,2018
"Lindor, Francisco",596019,560,14.7,34.3,114.5,90.6,100.8,94.3,88.3,445,189,400,227,41,52,9.3,7,2018
"Markakis, Nick",455976,552,10.1,38.4,109.3,90.6,99.1,92.2,90.2,429,170,398,229,41.6,17,3.1,2.4,2018
"Turner, Trea",607208,534,9.3,28.8,112.3,89.1,99.8,92.5,87.3,427,158,396,206,38.6,31,5.8,4.2,2018
"Machado, Manny",592518,533,14.4,33.8,114.8,91.6,102.9,95.1,90.1,444,184,403,257,48.2,60,11.3,8.5,2018
"Albies, Ozzie",645277,527,16.1,34,109.9,86.8,96.7,91.7,82.8,427,176,389,155,29.4,25,4.7,3.7,2018
"Segura, Jean",516416,527,7.8,29.8,111.6,87.7,97.8,90.3,86.9,420,145,399,170,32.3,19,3.6,3,2018
"Merrifield, Whit",593160,526,16.9,40.7,106.4,87,96.7,91.1,83.2,430,183,401,163,31.2,24,4.6,3.4,2018
"Inciarte, Ender",542255,519,10.9,32.6,105,84.9,93.8,87.9,83,433,156,380,97,18.7,8,1.5,1.2,2018
"Brantley, Michael",488726,517,9.5,38.1,108.6,90.2,98.9,91.9,89.5,424,169,392,194,38.4,18,3.5,2.9,2018
"Simmons, Andrelton",592743,516,7.8,27.9,109.7,88.2,98.3,92,87.4,402,149,382,186,36.3,21,4.1,3.5,2018
"Bregman, Alex",608324,512,16.8,37.9,107.6,89.4,98.8,93.5,86.3,420,190,384,204,39.9,39,7.6,5.5,2018
"Semien, Marcus",543760,510,15.5,34.9,107.1,86.8,97,91.3,83.3,428,177,393,163,32.1,23,4.5,3.3,2018
"Ramírez, José",608070,504,19,34.3,110.2,89,98.4,92.4,86.9,434,196,388,173,35.1,42,8.3,6,2018
"Blackmon, Charlie",453568,495,12,34.9,110.4,87.5,98.5,91.2,84.3,447,173,407,174,35.2,32,6.5,4.6,2018
"Rizzo, Anthony",519203,495,14.7,36.2,112.6,90.1,100.4,93.2,88.4,453,185,404,200,40.6,32,6.5,4.8,2018
"Freeman, Freddie",518692,492,14.5,44.7,109.6,89.1,99.1,93.7,83,441,190,402,196,39.8,46,9.3,6.5,2018
"Jones, Adam",430945,491,13.2,35.6,108.1,88.3,98,91.5,86.9,422,174,396,162,33.1,24,4.9,3.9,2018
"Strange-Gordon, Dee",543829,490,5.8,30.2,104.7,83.2,92.2,85.1,82.3,388,130,365,61,12.5,1,0.2,0.2,2018
"Benintendi, Andrew",643217,482,12.8,37.3,109.5,88.6,98,91.9,85.2,437,182,394,162,33.7,31,6.4,4.7,2018
"Gurriel, Yuli",493329,481,11.5,32.6,107.9,89.3,98.3,89.7,91,427,165,378,176,36.6,9,1.9,1.6,2018
"Andujar, Miguel",609280,480,12.3,34.6,110.4,89.2,99.4,92.7,87.8,428,168,389,175,36.5,30,6.3,5,2018
"Ozuna, Marcell",542303,476,10.8,30.3,117.2,91.5,102.9,94.9,90.1,479,165,415,214,45.1,46,9.7,7.3,2018
"Moustakas, Mike",519058,476,19.9,31.3,112.2,89.5,100.2,92.9,89.4,438,188,398,186,39.1,42,8.8,6.6,2018
"Castro, Starlin",516770,475,8.4,32,109.3,88.5,99,91.9,87.1,427,154,400,172,36.2,33,6.9,5.1,2018
"Arenado, Nolan",571448,475,15.3,35.4,109.2,89.8,99.6,94.4,86.1,464,184,408,192,40.5,34,7.2,5.1,2018
"Santana, Carlos",467793,475,15.2,30.1,113.5,88.9,100,93.2,87.9,445,175,399,185,39.1,33,6.9,4.9,2018
"Castellanos, Nick",592206,472,15.2,45.3,110.3,89.6,99.3,93.6,84.9,424,197,384,192,40.7,53,11.2,7.8,2018
"Hosmer, Eric",543333,472,-1.5,26.3,112.2,88.7,100.8,95.1,86.3,439,118,400,177,38.2,28,5.9,4.1,2018
"Lowrie, Jed",476704,471,17.4,38,108,89.2,98.1,91.9,86.5,410,197,380,178,37.9,25,5.3,3.7,2018
"Gennett, Scooter",571697,467,14,37.5,108.5,87.3,97.2,90.9,83.9,420,179,377,151,32.3,27,5.8,4.2,2018
"Sánchez, Yolmer",570560,467,9.3,34.9,110.3,86.7,96.3,91.2,84.2,449,157,405,132,28.3,14,3,2.1,2018
"Anderson, Brian",605119,463,8.7,29.2,113.3,90.2,100.7,93,89.6,434,149,398,196,42.4,27,5.8,4,2018
"Galvis, Freddy",520471,462,13.7,32.3,105.8,88.6,96.5,91.8,85.9,419,176,382,131,28.9,18,3.9,2.7,2018
"LeMahieu, DJ",518934,460,5.9,31.3,109.3,91.3,101,93.2,90,439,163,399,198,43.2,24,5.2,4.1,2018
"Altuve, Jose",514888,459,10.1,34,112.3,87.2,98.2,92.3,82.8,443,159,399,155,33.8,27,5.9,4.5,2018
"Rosario, Eddie",592696,458,17.8,32.5,108.1,87.7,97.5,92.6,82.8,418,186,378,153,34.2,38,8.3,6.4,2018
"Rendon, Anthony",543685,455,17.9,39.8,109.9,90.7,100.5,93.7,89,430,200,395,204,44.8,47,10.3,7.9,2018
"Haniger, Mitch",571745,455,12.7,36.5,112.8,90.2,100.9,94.2,87.4,443,174,400,196,43.2,47,10.3,6.9,2018
"Marte, Starling",516782,454,8.9,31.5,112,88.4,99.4,94.2,84.9,462,160,399,175,38.8,34,7.5,5.6,2018
"Hernández, César",514917,454,11.4,30.2,109.4,85.7,96.4,88.8,84.2,441,159,393,129,28.5,19,4.2,2.7,2018
"Seager, Kyle",572122,449,18.5,37,110.5,89.8,98.8,92.6,87.6,424,197,385,178,39.6,25,5.6,4,2018
"Escobar, Eduardo",500871,448,18.9,38.6,108.8,86.5,96.6,90.8,82.3,447,197,400,122,27.6,37,8.3,5.9,2018
"Cain, Lorenzo",456715,447,4.9,30.9,112.4,89.1,100.2,91,88.6,431,139,402,181,40.5,15,3.4,2.4,2018
"Gregorius, Didi",544369,445,16,32.8,109.4,87,97.1,90.8,86,430,180,379,137,30.8,21,4.7,3.7,2018
"Marte, Ketel",606466,444,5.8,28.8,115.1,88.8,99.7,92,87.8,465,146,405,163,36.9,22,5,3.8,2018
"Báez, Javier",595879,444,9.6,32.9,113.7,90.6,102,96.8,86.6,481,174,404,191,43.3,56,12.6,8.7,2018
"Yelich, Christian",592885,441,5,36.7,113.6,92.6,103.6,97.2,89.6,441,160,407,224,50.8,57,12.9,8.8,2018
"Rosario, Amed",642708,441,7.7,32.4,109.5,87.8,97.6,90.4,86.9,437,151,405,142,32.3,17,3.9,2.9,2018
"Profar, Jurickson",595777,440,12.4,33.6,112.2,87.3,97.4,91.7,84.4,436,168,403,140,31.8,22,5,3.7,2018
"Jay, Jon",445055,440,4.2,31.6,105,85.1,94.6,89,82.7,413,131,387,94,21.4,8,1.8,1.4,2018
"Kepler, Max",596146,439,16.3,30.1,112.7,89.5,99.9,93.8,86,427,189,395,165,38.2,29,6.6,4.7,2018
"Peralta, David",444482,438,6.7,32.9,114.8,91.5,102.6,95.4,90,449,164,400,203,46.3,34,7.8,5.5,2018
"Piscotty, Stephen",572039,437,13.2,34.3,111.6,88.5,99.6,93.4,84.4,443,174,394,168,38.7,42,9.6,6.9,2018
"Martínez, José A.",500874,435,8.1,37.5,113.8,91,101.6,94.1,88.3,436,169,404,194,44.6,41,9.4,6.9,2018
"Betts, Mookie",605141,434,18.5,39.4,110.6,92.2,101.4,95.8,88.6,452,207,400,218,50.6,61,14.1,9.9,2018
"Story, Trevor",596115,434,15.9,38.2,112.5,91,102.4,95,87.4,487,201,421,200,46.2,55,12.7,8.4,2018
"Mancini, Trey",641820,434,5.4,27.6,115,89.9,101.2,95,87,438,147,387,186,42.9,51,11.8,8,2018
"Gardner, Brett",458731,432,9.4,30.6,110.1,88,97.4,91.7,86.4,426,156,386,142,32.9,12,2.8,2,2018
"McCutchen, Andrew",457705,431,13.4,36.2,110.9,90,99.8,94.1,86.2,427,179,387,180,41.9,36,8.4,5.3,2018
"Herrera, Odúbel",546318,430,13,28.8,114.7,86.7,98.4,89.8,86.3,453,162,394,137,31.9,21,4.9,3.5,2018
"Martinez, J.D.",502110,430,10.8,40,116.7,93,103.7,96.7,89.1,443,184,398,226,52.7,69,16,10.6,2018
"Dozier, Brian",572821,429,17.5,30.5,104.8,86.8,96,91.8,82.8,409,179,379,123,29.4,27,6.3,4.3,2018
"Cabrera, Asdrúbal",452678,429,14.5,33.1,108.3,90.1,98.7,93.9,87.6,421,178,385,170,39.6,31,7.2,5.2,2018
"Dickerson, Corey",572816,428,15.1,37.6,111.4,87.9,97.8,91.8,84.3,447,184,400,138,32.4,26,6.1,4.9,2018
"Kinsler, Ian",435079,426,17.7,36.6,106.1,85.3,95.2,89,83.4,440,178,389,111,26.2,13,3.1,2.4,2018
"Rojas, Miguel",500743,426,9.3,35.2,106.6,84.7,94.8,87.1,84,431,145,390,101,23.8,4,0.9,0.8,2018
"Springer, George",543807,425,9.5,30.1,114.7,88.6,100.1,93.3,86.1,476,157,411,159,37.4,38,8.9,6.2,2018
"Martinez, Victor",400121,425,14.1,35.1,107.6,87.8,96.6,90.8,85.7,416,181,384,130,30.6,20,4.7,3.9,2018
"Escobar, Alcides",444876,423,10.6,30,105.5,84.6,94.4,88.2,82.1,398,155,386,91,21.5,9,2.1,1.7,2018
"Anderson, Tim",641313,423,10.8,33.3,112.5,85.8,96.3,90.6,82.1,414,161,384,118,27.9,20,4.7,3.3,2018
"Kipnis, Jason",543401,422,17.8,34.4,107.4,86.9,96.7,90.6,83.4,417,191,382,130,31.6,28,6.6,4.7,2018
"Goldschmidt, Paul",502671,420,15.7,37.1,112.9,90.8,101.8,95.9,87,450,191,400,185,44,57,13.6,8.3,2018
"Pillar, Kevin",607680,420,16.8,39.3,111.1,87.3,98.8,90.9,85.6,440,181,390,154,36.7,24,5.7,4.4,2018
"Olson, Matt",621566,419,18.1,35.1,113.3,93.3,103.5,97.4,90.7,475,189,408,218,52.2,51,12.2,7.7,2018
"Bogaerts, Xander",593428,417,12.6,32.9,111.9,90.6,101.1,95.1,87.8,436,169,407,174,41.8,41,9.8,7.1,2018
"Stanton, Giancarlo",519317,416,11.7,30,121.7,93.7,106.9,99.7,91.5,458,175,405,211,50.8,63,15.1,8.9,2018
"Núñez, Eduardo",456488,415,9.4,27.2,110.2,88.3,99,90.4,89.6,411,148,383,148,35.7,14,3.4,2.8,2018
"Crawford, Brandon",543063,414,11.3,37.2,108.8,87.5,97.4,90.6,86.1,436,168,386,138,33.3,15,3.6,2.5,2018
"Desmond, Ian",435622,414,0.1,28.5,112,90.1,100.7,95.8,87.5,472,130,405,179,43.2,29,7,4.7,2018
"Duffy, Matt",622110,413,4.8,33.7,104.9,86.8,96.1,90,85.2,410,134,403,116,28.1,5,1.2,0.9,2018
"Ahmed, Nick",605113,413,11.9,36.3,106.2,86.9,96.6,91.5,82.8,438,175,393,124,30,21,5.1,3.7,2018
"Hoskins, Rhys",656555,413,22.5,35.8,112,88.9,99.7,94.3,82.5,444,212,393,161,39.2,47,11.4,7.1,2018
"Carpenter, Matt",572761,410,21.6,44.1,109.4,90.7,100.1,94.4,84.3,432,231,389,183,44.7,56,13.7,8.3,2018
"Bellinger, Cody",641355,409,16.2,32,112.9,89.8,100.3,95.5,86.6,443,183,405,157,38.9,35,8.6,5.5,2018
"Davis, Khris",501981,408,18.1,37.7,112.8,92.5,102.7,97.2,87.7,438,211,405,195,48.1,70,17.2,10.7,2018
"Choo, Shin-Soo",425783,407,6.1,35.9,109.5,89.3,99.9,95.2,84.1,447,164,404,165,40.5,45,11.1,6.8,2018
"Perez, Salvador",521692,407,18,35.4,112.1,91.3,101.4,94.3,89,454,203,398,193,47.5,44,10.8,8.1,2018
"Votto, Joey",458015,405,13.4,45.9,107.5,88.1,97.5,92.5,81.4,417,192,383,142,35.1,27,6.7,4.3,2018
"Mauer, Joe",408045,404,4.4,36.9,107.6,91.1,99.9,95,88.1,427,154,406,174,44.3,20,5,3.7,2018
"Wendle, Joey",621563,403,10.7,31.8,110.1,88.8,97.9,91.7,87.5,420,165,400,144,35.7,11,2.7,2,2018
"Zobrist, Ben",450314,403,9,35,107.5,89.9,98.1,91.7,88.8,423,163,386,156,38.7,12,3,2.3,2018
"Chapman, Matt",656305,403,14.9,30.5,115.3,93.1,103.5,95.9,93.1,434,182,397,192,47.8,36,8.9,5.8,2018
"Pujols, Albert",405395,403,14.1,34.5,112.1,90,99.8,93.6,88.8,430,179,400,165,40.9,25,6.2,5,2018
"Bell, Josh",605137,402,9.4,29.6,115.6,90.2,101,94.2,88.5,432,160,402,157,39.3,28,7,4.8,2018
"Cruz, Nelson",443558,400,12.8,31.3,117,93.9,105.7,97.2,92.7,465,180,411,207,51.7,55,13.8,9.3,2018
"Solarte, Yangervis",500208,400,14.1,30,113.1,87.1,97.5,90.7,85.8,459,161,403,128,32,18,4.5,3.6,2018
"Molina, Yadier",425877,399,15.4,37.6,107.2,88.2,97.3,92.3,84.5,438,184,394,135,33.8,22,5.5,4.4,2018
"Alonso, Yonder",475174,398,15.7,36.9,112.3,87.8,99.2,92.5,85.5,431,181,399,146,37.5,39,9.8,6.8,2018
"Margot, Manuel",622534,397,11.5,33.8,112.9,89.4,99.3,92.8,88.9,424,168,396,146,37,13,3.3,2.5,2018
"Shaw, Travis",543768,397,16.9,31.2,114.6,88.9,100.1,93.1,86.6,452,191,402,152,38.3,41,10.3,7,2018
"Abreu, José",547989,396,12.2,35.4,115.5,91.3,102.8,95.1,89.1,451,178,407,179,45.2,36,9.1,6.5,2018
"Suárez, Eugenio",553993,391,14.8,38.6,112.8,91.2,101.2,93,89.8,451,192,400,178,45.6,38,9.7,6.3,2018
"Smith, Mallex",605480,391,3.7,32.2,104.7,85.8,94.8,89.4,83.3,412,144,394,90,23,6,1.5,1.1,2018
"Iglesias, Jose",578428,390,12.1,31.3,106.5,84.8,94.9,88.2,84.3,402,153,386,88,22.6,5,1.3,1.1,2018
"Harper, Bryce",547180,390,14.4,35.1,115.1,91,102.1,96.3,85.6,473,187,409,177,45.4,45,11.5,6.5,2018
"Conforto, Michael",624424,388,12.3,36.6,112.4,88.1,99.3,93.5,84,472,173,395,146,37.8,37,9.5,5.8,2018
"Heyward, Jason",518792,384,9.6,29.7,110.7,88.3,99.4,91.2,88.8,423,163,396,149,38.8,11,2.9,2.3,2018
"Gordon, Alex",460086,384,10.9,36.5,109,88.5,99.2,93.4,84.3,422,170,399,152,39.7,26,6.8,4.6,2018
"Candelario, Jeimer",600869,384,15.3,32,112.7,87.1,98.3,91.8,85.2,440,174,398,129,33.6,23,6,3.7,2018
"Longoria, Evan",446334,384,13.6,32.6,110.4,88.5,98.5,93,85.7,435,177,399,143,37.2,29,7.6,5.7,2018
"Healy, Ryon",592387,382,12.3,32.2,112,89.6,100.4,93.2,88.4,441,165,402,159,41.6,27,7.1,5.2,2018
"Hicks, Aaron",543305,377,13.2,34.2,110,89.7,99.9,93.3,86.9,417,182,388,162,43,33,8.8,5.7,2018
"Realmuto, J.T.",592663,377,14.5,39.8,109.8,88.9,99.6,92.4,86,434,177,406,155,41.2,34,9,6.4,2018
"Hamilton, Billy",571740,377,15.3,36.3,101.9,80.5,89.2,83,79.2,392,159,375,32,8.5,2,0.5,0.4,2018
"Mazara, Nomar",608577,376,5.3,28.2,117.1,90.5,101.8,94.2,89.1,449,149,416,163,43.4,32,8.5,6,2018
"Encarnación, Edwin",429665,375,18,34.1,112.2,89.9,100.8,94.3,85.9,434,192,401,152,41.4,42,11.2,7.3,2018
"Franco, Maikel",596748,374,9.5,29.4,114.5,88,99.2,91.7,88,435,153,394,127,34.1,24,6.4,5.2,2018
"Gonzalez, Marwin",503556,370,11.3,35.4,110.1,89.1,99.6,93.8,84.4,422,175,395,153,41.5,25,6.8,4.5,2018
"Barnhart, Tucker",571466,370,12.4,35.1,106.6,87.1,96.6,90.9,84.9,421,162,382,112,30.3,13,3.5,2.5,2018
"Almora Jr., Albert",546991,369,8.3,30.1,110,86.6,97.2,89,86.6,435,146,385,101,27.4,5,1.4,1,2018
"Moncada, Yoán",660162,365,15.4,36.4,113.1,91,100.8,94.2,88.2,433,191,397,161,44.2,35,9.6,5.4,2018
"Span, Denard",452655,365,13.3,36.7,108.1,87.2,96.5,89.3,86.7,415,169,391,108,29.6,10,2.7,2,2018
"Swanson, Dansby",621020,365,14.1,31.8,108.5,88,98.2,91.9,85.8,438,168,399,124,34,15,4.1,2.8,2018
"Díaz, Aledmys",649557,364,13.7,32.7,112.9,89.1,99.7,93.2,86.8,431,176,392,144,39.6,27,7.4,6,2018
"Calhoun, Kole",594777,364,12.1,34.3,109.4,90.4,99.9,94.4,86.4,436,181,403,157,43.1,34,9.3,6.2,2018
"Schoop, Jonathan",570731,363,11.5,30.9,111.2,86.4,97.8,90,85.3,446,156,393,111,30.6,18,5,3.6,2018
"Upton, Justin",457708,363,11.9,34.7,114.9,90.7,102.5,96.8,85.9,443,185,403,172,47.4,51,14,8.3,2018
"Taylor, Chris",621035,362,16.4,39.5,111.5,88.9,99.2,92.4,84.8,440,196,399,136,38.5,30,8.3,5,2018
"Cron, C.J.",543068,361,15.2,34.3,114.4,88,100.8,93.9,85.4,464,181,408,132,36.6,44,12.2,7.9,2018
"Dietrich, Derek",518618,361,15.8,34.1,111,87.4,99,90.8,86.2,448,170,397,136,37.8,22,6.1,4,2018
"Camargo, Johan",622666,359,12.6,31.2,109.6,88,97.8,91,86.8,431,166,389,121,33.7,18,5,3.4,2018
"Aguilar, Jesús",542583,359,16.2,38.2,110,89.8,100.5,93.8,85.1,433,198,396,154,42.9,41,11.4,7.2,2018
"Reddick, Josh",502210,359,18.2,32,105.9,85.6,95.7,89.8,82.9,434,179,378,97,27,14,3.9,2.9,2018
"Pham, Tommy",502054,357,6.6,38.7,112.1,93,102.8,95.3,91.4,454,171,407,178,49.9,36,10.1,6.3,2018
"Lucroy, Jonathan",518960,357,13.5,37,106.6,86.9,96,90.1,85.7,408,169,386,98,27.5,8,2.2,1.8,2018
"Contreras, Willson",575929,357,8,28.9,114.1,88.2,99.9,92.9,85.5,435,155,392,119,33.3,26,7.3,4.8,2018
"Kemp, Matt",461314,354,15.8,42.1,111.4,89.6,100.2,94.2,83.8,427,195,409,134,39.1,39,11,7.7,2018
"Odor, Rougned",596059,354,13.9,30.2,112.6,90.7,100.9,95.1,87.6,447,177,403,137,38.7,25,7.1,4.7,2018
"Flores, Wilmer",527038,353,17.1,32.6,108.5,86.3,95.9,89.7,85.6,422,180,384,95,27.1,10,2.8,2.3,2018
"González, Carlos",471865,353,9,29.7,118.3,89.7,102.1,92.2,89.4,473,160,420,138,39.1,22,6.2,4.4,2018
"Smoak, Justin",475253,352,15,36.9,110.7,89.5,100.3,94.4,84.6,420,187,390,149,42.5,38,10.8,6.4,2018
"Pirela, José",517369,351,4.7,25.1,112.1,89,100.4,91.2,89.3,424,132,408,129,37.4,12,3.4,2.5,2018
"Polanco, Gregory",570256,351,20.1,33.6,112.9,88.9,99.8,93.6,86.8,440,191,401,132,37.8,33,9.4,6.2,2018
"Trout, Mike",545361,351,18.6,41,118,91.2,103.5,95.9,85.2,459,212,407,162,46.2,58,16.5,9.5,2018
"Posey, Buster",457763,347,10.3,35.2,108.1,89.1,97.9,91.8,87,421,165,398,121,34.9,18,5.2,4,2018
"Beltré, Adrian",134181,345,13.6,39.7,109.2,88.7,98.4,91.8,85.6,439,187,399,129,37.4,22,6.4,4.6,2018
"Bradley Jr., Jackie",598265,341,12.3,35.2,112.4,92.2,102,96.4,88.7,438,178,401,171,50.1,35,10.3,6.5,2018
"Moran, Colin",592567,340,10.7,38.2,107.8,88.2,97.7,92.4,85,416,165,399,122,35.9,18,5.3,3.9,2018
"Panik, Joe",605412,333,9.9,32.4,108.1,86.6,96.1,88.3,86.7,400,154,374,98,29.7,9,2.7,2.3,2018
"Difo, Wilmer",594694,333,12.8,33.9,104.2,83.1,92.9,87,80.4,403,156,380,63,19,8,2.4,1.8,2018
"Hernández, Enrique",571771,333,16.5,28.8,110.4,89.1,99.3,92.7,87.7,431,179,401,121,37,24,7.2,5.2,2018
"Kingery, Scott",664068,331,17.4,38.7,109.1,86.2,97.2,90.3,80.8,405,188,378,104,31.7,18,5.4,3.7,2018
"Andrus, Elvis",462101,331,8.7,30.8,109.7,87.2,96.7,90,86.3,428,152,404,101,30.5,14,4.2,3.3,2018
"Villar, Jonathan",542340,331,3.2,26.9,110.9,88.5,99,91.9,87.1,430,134,399,119,36,17,5.1,3.3,2018
"Devers, Rafael",646240,331,11.2,30.2,116.3,90.9,102.3,95.2,89.7,447,167,399,139,42,30,9.1,6.1,2018
"Parra, Gerardo",467827,331,9.2,34.4,105.5,86.8,96.1,90.2,84.3,433,156,402,88,26.6,9,2.7,2,2018
"Russell, Addison",608365,324,11.8,36.4,108.2,86.7,96.2,90,84.1,409,174,379,86,26.5,7,2.2,1.5,2018
"Braun, Ryan",460075,323,6.4,36.2,116.3,92.3,103.1,97.4,88.1,443,168,401,160,49.5,35,10.8,7.9,2018
"Morales, Kendrys",434778,323,10,34.4,111.6,92.3,102,95.3,90.3,437,180,395,170,52.6,39,12.1,8.3,2018
"Pollock, AJ",572041,321,13.5,31.5,108.6,89.2,99.3,93.7,84.8,455,183,405,130,40.6,32,10,7,2018
"Puig, Yasiel",624577,320,12.1,33.8,115.3,89.5,102.5,93.7,87.5,463,177,413,130,41,34,10.6,7.7,2018
"Grossman, Robbie",543257,320,15.1,34.1,108.6,87.1,96.5,89.7,86.2,422,173,394,89,28.4,7,2.2,1.5,2018
"Grandal, Yasmani",518735,319,14.1,32.9,111,88.9,99.7,94.5,84.5,429,187,404,127,40.4,37,11.6,7.1,2018
"DeJong, Paul",657557,318,19.1,37.7,110.4,89.3,99.5,93.4,85.6,486,205,400,128,40.3,29,9.1,5.9,2018
"Hernández, Teoscar",606192,316,16.9,35.1,112.2,91.9,102.5,97.7,85.3,440,201,401,146,46.2,49,15.5,9.4,2018
"Soto, Juan",665742,316,6.2,29.7,113.7,90.5,101.2,97.5,86.5,440,151,395,133,42.2,31,9.8,6.3,2018
"Torres, Gleyber",650402,315,19,38.7,109.4,88.9,98.8,91.2,87.3,444,196,396,116,36.8,29,9.2,6,2018
"Pederson, Joc",592626,314,15.8,29.9,113.9,91.5,101.3,94.7,90.2,437,191,391,125,40.6,26,8.3,5.9,2018
"Goodrum, Niko",592348,314,11.1,37.6,110.7,88,98.3,91.5,85.1,418,176,387,111,35.4,25,8,5.1,2018
"Gattis, Evan",594828,314,17.8,31.2,111.8,87.6,98.3,92.1,83.6,430,185,389,108,34.4,24,7.6,5.3,2018
"McCann, James",543510,313,16.2,37.7,111.4,87.8,98.4,91.5,87,437,177,394,117,37.4,16,5.1,3.5,2018
"Turner, Justin",457759,313,18.3,44.7,106.5,89.1,97.8,91.4,86.7,430,204,399,115,36.7,24,7.7,5.6,2018
"Acuña Jr., Ronald",660670,313,13.1,34.2,113.9,90.9,102.9,95.3,87.3,452,181,410,146,46.6,42,13.4,8.6,2018
"Mercer, Jordy",474568,311,13.1,40.8,110.1,87.6,97.3,90.6,85.4,443,174,402,99,31.8,15,4.8,3.4,2018
"Suzuki, Kurt",435559,310,18.4,33.2,106,87.2,97.4,91.2,84,415,182,382,108,35,12,3.9,3.1,2018
"Engel, Adam",641553,308,14.7,27.3,113.4,87,98.4,91.7,85.3,423,170,399,100,32.5,8,2.6,1.7,2018
"Hernández, Gorkys",491676,307,12.6,29.3,108.5,87.5,99,92.4,85.5,433,148,403,110,35.8,23,7.5,5.1,2018
"Moreland, Mitch",519048,307,11.5,33.9,114.3,91,102,95.3,86.7,443,184,417,137,44.8,37,12.1,8.1,2018
"Grichuk, Randal",545341,305,18.7,35.1,114.1,90.7,102.1,95.9,86.9,471,201,403,132,43.4,44,14.4,9.5,2018
"Frazier, Todd",453943,304,18.5,31.9,114.1,89.5,100,93.9,87.3,437,194,395,112,37.1,21,6.9,4.4,2018
"Ramos, Wilson",467092,304,4.4,33.6,113.3,91.3,101.7,95.4,89.3,446,150,396,146,48.2,22,7.2,5.3,2018
"Wong, Kolten",543939,302,9.1,25.5,107.1,87.6,97.2,91.1,85.9,409,149,386,93,30.9,10,3.3,2.5,2018
"Correa, Carlos",621043,302,11.6,33.1,112.8,88.2,99.3,93.7,84.5,455,164,402,101,33.4,21,7,4.5,2018
"Bour, Justin",571506,302,10,33.4,115.5,88.9,100.9,95.6,85.2,437,167,405,118,39.1,31,10.3,6.2,2018
"Kiner-Falefa, Isiah",643396,300,7,28.7,107.9,84.9,94.5,86.1,85.4,393,132,373,71,23.7,2,0.7,0.5,2018
"Renfroe, Hunter",592669,299,18.4,28.8,113.7,89.9,101.8,97.5,85.2,438,183,402,130,43.6,37,12.4,8.4,2018
"Williams, Nick",608384,296,10.5,37.2,113.3,88.8,99.6,90.8,87.8,439,174,401,112,38,20,6.8,4.5,2018
"Belt, Brandon",474832,294,23.3,43.9,107.6,87,97.9,90.5,82.4,429,217,389,93,31.6,31,10.5,6.8,2018
"Gallo, Joey",608336,293,21.9,37.5,117.5,94.3,105.9,99.9,86.3,495,225,410,145,49.5,66,22.5,11.4,2018
"Nimmo, Brandon",607043,293,10.7,33.4,110.9,89.9,100.3,94.1,88.3,449,159,397,123,42.1,19,6.5,3.6,2018
"Travis, Devon",581527,293,7.8,31.4,111.5,88.4,99.3,92.1,87.2,428,147,393,110,37.8,15,5.1,4,2018
"Murphy, Daniel",502517,291,16.2,42.3,106.9,87.6,96,89.4,87.1,425,195,394,84,29,14,4.8,4,2018
"Schwarber, Kyle",656941,291,12.3,34,117.1,90.9,102.9,95.6,87.7,444,177,404,131,45,37,12.7,7.3,2018
"Jones, JaCoby",592444,290,12.7,35.2,112.3,88.8,99.8,92.6,87,403,174,385,103,35.5,17,5.9,3.6,2018
"Forsythe, Logan",523253,289,10.4,29.4,106.1,87.3,96.1,89.6,86.4,423,151,393,86,29.8,3,1,0.7,2018
"Gomes, Yan",543228,287,18.7,41.5,109.1,88.9,98.9,92.3,85,435,200,391,110,38.7,24,8.4,5.5,2018
"Bryant, Kris",592178,285,17.8,37.9,110.2,85.8,97.7,91.3,78.8,448,186,406,95,33.5,26,9.1,5.7,2018
"Harrison, Josh",543281,283,15.7,36,105.1,85.9,95.4,90.3,81.7,421,180,386,74,26.1,11,3.9,2.9,2018
"Schebler, Scott",594988,283,8.7,32.9,111.1,90.2,101.1,94.1,88,449,161,406,121,42.8,30,10.6,7,2018
"Davis, Chris",448801,282,15.1,35.5,111.8,89.3,99.8,94.5,83.7,434,189,403,113,40.1,29,10.3,5.6,2018
"Canha, Mark",592192,279,15.5,36.6,108.5,87,98.1,92.7,82.9,434,182,400,97,34.8,25,9,6.1,2018
"Maldonado, Martín",455117,279,14.7,30.8,108.9,85.7,95.8,90,83,425,168,397,74,26.5,14,5,3.5,2018
"Gyorko, Jedd",576397,278,15.2,35.6,107.7,87.3,97.2,92.1,81.8,425,181,390,88,31.7,21,7.6,5.2,2018
"Jankowski, Travis",608671,276,3.3,26.8,104.3,85.6,94.4,85.6,86.5,415,119,385,52,19.3,2,0.7,0.5,2018
"Beckham, Tim",542921,272,9.8,31.6,111.2,87.1,98.2,92.2,83.6,431,158,405,96,35.3,16,5.9,4,2018
"Davidson, Matt",571602,272,13.8,36,115.1,90,101.6,95.8,86.6,450,187,400,115,42.3,33,12.1,6.7,2018
"Maybin, Cameron",457727,269,7.9,34.6,111,86.7,97.2,90.7,84.1,429,153,416,89,33.1,11,4.1,2.9,2018
"Duvall, Adam",594807,268,22.6,31,109.6,89,100.2,93.5,85.6,441,202,392,111,41.6,28,10.4,6.6,2018
"Guzmán, Ronald",608597,267,14.1,33.3,111.3,86.6,98.4,90.2,84.4,443,178,386,88,33.1,17,6.4,4,2018
"Frazier, Adam",624428,267,10.4,34.5,105.5,88,96.8,90.2,86.8,413,163,383,84,31.5,11,4.1,3.1,2018
"Muncy, Max",571970,266,18.3,36.8,110.6,90.3,101.5,95,85,445,206,399,121,46.4,45,16.9,9.4,2018
"Judge, Aaron",592450,266,12.4,35.7,119.9,94.7,106.8,97.7,92.1,471,183,397,144,54.1,43,16.2,8.6,2018
"Canó, Robinson",429664,265,8.2,37.4,113.4,93,102.5,94.9,92.5,419,162,399,136,51.5,22,8.3,6.3,2018
"Walker, Neil",435522,264,13.7,42.8,107,88.1,98,92.4,83.2,436,192,402,88,33.3,16,6.1,4,2018
"Palka, Daniel",594953,264,11.6,28,118.4,92.3,105.4,97.4,90.1,448,172,410,129,49,38,14.4,8.5,2018
"Brinson, Lewis",621446,264,7.5,27.3,113.6,89.5,100.5,93.7,87,429,150,411,103,39.2,23,8.7,5.7,2018
"DeShields, Delino",592261,264,7.9,27.3,106.3,84.3,93.4,86.9,83.6,386,143,374,37,14,3,1.1,0.8,2018
"Arcia, Orlando",606115,263,4,24.3,107.4,86.3,96.9,90.6,84.9,403,121,384,75,28.6,6,2.3,1.6,2018
"Bader, Harrison",664056,260,13.7,34.6,113.6,87.1,98,91.6,83.9,431,177,403,80,30.8,18,6.9,4.2,2018
"Adrianza, Ehire",501303,259,16.4,34.4,107.1,86.6,96.9,90.3,83.2,405,182,388,79,30.6,13,5,3.6,2018
"Gómez, Carlos",460576,259,19.8,32.4,113.1,87.1,98,90.2,86.7,424,179,399,76,29.3,13,5,3.2,2018
"García, Avisaíl",541645,259,9.6,26.6,116.7,90.3,102.3,95.8,86.8,481,163,400,112,43.2,30,11.6,7.8,2018
"Eaton, Adam",594809,257,9,33.9,109.4,87.7,97.7,90.3,86.5,408,152,396,78,30.4,8,3.1,2.2,2018
"Dozier, Hunter",641531,254,12.9,33.1,112.9,89.5,100.7,93.8,85.8,439,182,401,102,40.2,27,10.6,7,2018
"Cervelli, Francisco",465041,254,16.3,35.8,110.2,88.8,99,93.6,84.5,428,183,383,101,39.8,21,8.3,5.2,2018
"Holt, Brock",571788,250,6.8,33.2,105.9,87.9,96.9,90.9,86.3,426,152,402,77,30.8,9,3.6,2.5,2018
"Villanueva, Christian",570799,248,20.8,33.5,110,86.7,97.4,90.6,85.2,434,188,392,75,31.3,24,9.7,6.3,2018
"Descalso, Daniel",518614,246,19.1,41.5,105.5,89,98.1,92.3,85.9,432,210,385,86,35.2,25,10.2,5.9,2018
"Trumbo, Mark",444432,245,10.4,33.1,113.4,92.8,103.9,95.9,92.5,444,172,400,119,48.6,25,10.2,7,2018
"Bruce, Jay",457803,245,21.4,37.6,109,88.4,98.3,92.6,84,412,205,390,85,34.8,22,9,6.1,2018
"Kiermaier, Kevin",595281,245,7.5,26.1,110.2,86,97.6,90.7,83.8,416,143,394,71,29,11,4.5,3,2018
"Martin, Leonys",547982,243,18.3,33.7,112.9,89.1,100.9,92.9,87.8,421,188,392,94,38.7,26,10.7,7.4,2018
"Morrison, Logan",489149,239,20.5,36,112.6,88.7,100.1,94.7,84.1,442,200,407,89,38.2,26,10.9,7.2,2018
"Taylor, Michael A.",572191,239,8.1,27.2,110.8,88.5,99,93.1,85.5,425,153,392,82,34.3,15,6.3,3.9,2018
"Granderson, Curtis",434158,239,16.9,44.8,108.3,88.7,97.9,92.3,83.3,423,202,384,82,34.3,15,6.3,3.7,2018
"Sánchez, Gary",596142,231,14.2,29.4,121.1,90.3,102.6,97.7,85.9,460,171,412,96,41.6,32,13.9,8.6,2018
"Duda, Lucas",446263,229,19.6,42.8,114.1,89.5,99.8,92.5,86,436,212,407,84,36.7,23,10,6.3,2018
"Bauers, Jake",641343,227,12.1,33.9,110,87.6,98.1,93.1,83.5,420,171,397,71,31.3,16,7,4.1,2018
"Zunino, Mike",572287,225,18,33.3,116,89.5,102.6,97.1,82.4,470,188,404,101,44.9,31,13.8,7.7,2018
"Ohtani, Shohei",660271,225,12.4,35.6,113.9,92.9,104.3,97.8,88.6,449,180,413,115,51.1,36,16,9.8,2018
"Chirinos, Robinson",455139,222,21.9,36.5,107.3,88,99.2,93.3,81.2,456,206,393,88,39.6,24,10.8,5.6,2018
"Happ, Ian",664023,222,14.1,39.2,110.5,90,100.7,93.4,87.8,437,193,400,90,40.5,27,12.2,5.8,2018
"Myers, Wil",571976,219,9.4,38.8,112.9,90.5,102.4,95.5,86.1,450,171,402,100,45.7,16,7.3,4.7,2018
"Iannetta, Chris",455104,216,13.6,36.6,114.5,92,102.2,96,87.5,469,189,421,94,43.7,20,9.3,5.6,2018
"Bautista, José",430832,215,19.4,34.9,111.9,90.8,101.4,95.3,88.5,429,193,393,92,43.2,17,7.9,4.3,2018
"Jackson, Austin",457706,215,11.1,33.5,108.6,87,97,90.5,84.9,419,158,404,69,32.4,6,2.8,1.6,2018
"Martin, Russell",431145,207,10.1,22.7,108.7,90.6,99.9,95.4,90,424,147,389,89,43,13,6.3,3.7,2018
"Alfaro, Jorge",595751,207,8.4,35.3,116.6,91.7,103.9,94.5,90,446,167,420,91,44.2,22,10.6,5.8,2018
"Merrifield, Whit",593160,559,15.6,42.2,104.8,87.1,96.3,90.6,82.9,434,183,392,163,29.2,25,4.5,3.4,2019
"Semien, Marcus",543760,556,14.9,34,108.2,88.9,98.4,93.3,85.5,438,182,401,209,38.1,47,8.5,6.3,2019
"Fletcher, David",664058,534,9.9,37.5,104.5,83.8,93.2,86.5,82.8,413,162,375,90,17.1,1,0.2,0.2,2019
"Castro, Starlin",516770,534,11,29.6,113.3,88.5,99.3,91.5,87.4,438,161,399,201,37.7,33,6.2,4.9,2019
"Albies, Ozzie",645277,532,15.6,36.8,110.8,88.9,98.2,91.4,86.3,444,190,395,181,34,35,6.6,5,2019
"Devers, Rafael",646240,531,10.5,33.1,115,92.5,103.3,96.4,90,458,176,403,257,48.5,48,9,6.8,2019
"Pillar, Kevin",607680,529,14.1,32.9,111.7,86.4,98,90.8,84,440,163,400,163,30.8,26,4.9,4,2019
"Polanco, Jorge",593871,524,19.1,41.4,108.2,88,97.5,91.7,83.3,424,208,393,172,33.1,35,6.7,5,2019
"LeMahieu, DJ",518934,517,6.6,36.2,111.1,91.9,101.3,95.3,89.5,446,161,386,252,48.7,39,7.5,6,2019
"Hernández, César",514917,516,9.5,31.8,108.4,86,96.1,88.5,85.6,424,147,391,146,28.3,14,2.7,2.1,2019
"Escobar, Eduardo",500871,516,18.4,38.6,106.9,87.8,96.8,91.1,83.8,433,212,393,162,31.4,36,7,5.2,2019
"Andrus, Elvis",462101,514,7.2,32.5,110.2,88.4,98,90.6,87.6,447,151,402,178,34.8,18,3.5,2.8,2019
"Brantley, Michael",488726,513,10.6,36.3,108.9,88.8,98.9,92.4,87.1,438,165,394,187,37.3,28,5.5,4.4,2019
"Lindor, Francisco",596019,507,12.3,29.6,113.5,91,101.1,93.7,90.4,437,174,397,207,41,38,7.5,5.8,2019
"Segura, Jean",516416,507,7.2,31,113.1,88.2,98.1,90.6,87.8,427,149,389,166,32.7,16,3.2,2.6,2019
"Betts, Mookie",605141,505,19,39.4,109.3,91,100.6,94.1,88.3,438,206,391,239,47.4,52,10.3,7.4,2019
"Gurriel, Yuli",493329,505,14.3,33.5,110.6,89.3,99.1,91.4,90.4,450,173,387,188,38.1,18,3.6,2.9,2019
"Arenado, Nolan",571448,503,17.7,34.6,109.9,89.4,99.2,92.9,87.9,463,192,406,189,37.6,40,8,6,2019
"Bogaerts, Xander",593428,498,13.3,35.1,112.4,90.7,101.2,94.3,88.6,451,184,397,221,44.5,43,8.6,6.2,2019
"Rosario, Amed",642708,497,8.8,34.8,110.3,89.4,98.8,91.7,88.2,428,161,396,195,39.5,21,4.2,3.2,2019
"Abreu, José",547989,492,10.9,35.2,117.9,92.1,103.1,96.1,89.6,447,168,404,237,48.2,63,12.8,9.1,2019
"Marte, Ketel",606466,485,11.5,34.4,116.3,90,101.1,93.5,87.8,482,174,407,194,40,45,9.3,7.2,2019
"Frazier, Adam",624428,484,13.1,36.2,106.1,87.1,96.1,89.4,86,423,174,391,136,28.3,9,1.9,1.5,2019
"Rosario, Eddie",592696,482,16.8,33.2,108.6,89.2,98.4,93.9,85,433,188,392,172,36,41,8.5,6.9,2019
"Blackmon, Charlie",453568,481,14.6,36.8,110.6,88.7,99.7,92.8,85,464,189,412,194,40.3,40,8.3,6.3,2019
"Alberto, Hanser",593643,480,11.9,32.5,103.6,84.4,94.2,86.9,83.2,418,156,395,89,18.5,14,2.9,2.5,2019
"Bregman, Alex",608324,479,19.6,35.5,107.4,89.3,98.4,92.3,88,440,202,382,178,38,23,4.8,3.3,2019
"Castellanos, Nick",592206,475,13.9,39.8,111.2,88.9,99.9,93.9,83.2,436,197,394,196,41.5,52,10.9,7.8,2019
"Freeman, Freddie",518692,472,14.4,40,112,89.7,100.3,93.8,85.1,446,192,404,200,42.5,58,12.3,8.4,2019
"Villar, Jonathan",542340,472,8.2,30.3,114,88.9,100.1,92.8,87.5,456,157,412,175,37.1,32,6.8,4.5,2019
"Eaton, Adam",594809,472,15.3,33.9,110.7,88.9,98.7,91.6,88,444,180,392,162,34.3,18,3.8,2.7,2019
"Rendon, Anthony",543685,468,19.5,38.7,107.7,90.4,100.1,93.5,88.3,431,208,398,218,46.6,56,12,8.7,2019
"Santana, Carlos",467793,467,11.7,29.1,112.8,91.8,101.7,93.5,91.9,426,171,396,209,44.9,45,9.6,6.6,2019
"Mancini, Trey",641820,464,7.8,36.4,113.9,90.3,101.6,95.8,85.7,438,172,404,198,42.7,48,10.3,7.1,2019
"Gordon, Alex",460086,463,9.3,33.7,110.6,88.7,98.7,92.5,85.5,454,170,399,178,38.4,25,5.4,3.9,2019
"Machado, Manny",592518,462,13,31.2,112.6,91.2,102.1,94.5,91.6,455,178,400,202,43.7,37,8,5.6,2019
"Hosmer, Eric",543333,461,2.1,28.9,114.3,90.8,102.1,94.1,88.9,432,137,402,212,46,33,7.2,4.9,2019
"Cain, Lorenzo",456715,460,6.9,31.1,110.4,89.5,100.2,91.6,89.2,433,148,403,190,42.1,19,4.1,3,2019
"Ahmed, Nick",605113,456,7.6,35.5,108.3,87.8,97.7,91.8,84.6,443,161,410,155,34,30,6.6,4.8,2019
"Bellinger, Cody",641355,455,17.9,39.6,110.6,91.1,101.2,95,86.4,442,207,405,207,45.9,58,12.7,8.8,2019
"García, Leury",544725,452,6.2,30.1,108.5,88.2,97.2,90.8,86.6,431,142,408,135,29.9,17,3.8,2.8,2019
"Marte, Starling",516782,451,8.2,30.8,111.6,88.6,100.2,93.8,85.3,455,159,404,171,38.6,36,8,6.1,2019
"Pham, Tommy",502054,445,5.2,29.7,113.3,90.9,101.8,95.4,88.4,458,149,406,200,45,35,7.9,5.4,2019
"Reddick, Josh",502210,445,15.8,35.7,107.7,86.1,96.7,88.8,85.3,436,174,386,127,29.4,15,3.4,2.7,2019
"Martinez, J.D.",502110,442,12.5,41.9,112.6,91.4,102.3,95.1,87.6,434,192,403,213,48.3,53,12,8.1,2019
"DeJong, Paul",657557,440,18.3,33,111.7,87,98.2,92.9,82,462,192,410,146,33.9,38,8.6,5.7,2019
"Chapman, Matt",656305,439,16.6,25.1,114.4,92.7,103.5,97.1,91,453,185,408,211,49,53,12.1,7.9,2019
"Acuña Jr., Ronald",660670,439,14.2,40.5,115.9,90.6,103.4,95.6,84.8,466,191,416,208,47.4,66,15,9.2,2019
"Iglesias, Jose",578428,437,7.1,29.5,107.7,84.1,94.7,87.3,83.2,423,136,389,102,24.2,10,2.3,1.9,2019
"McNeil, Jeff",643446,436,13.8,34.2,107.2,89,98.1,92.2,87.1,444,172,392,160,36.7,21,4.8,3.7,2019
"Newman, Kevin",621028,434,8.5,33.4,107.1,85.3,95,87.9,83.7,426,150,399,107,24.8,9,2.1,1.7,2019
"Goldschmidt, Paul",502671,434,15.4,36.4,111.5,90.1,101.1,94.5,86.1,464,198,410,182,42.4,49,11.3,7.2,2019
"Pujols, Albert",405395,431,12.5,26.5,112.3,88.3,98.7,92.2,87.2,438,167,403,155,36.6,25,5.8,4.6,2019
"Kepler, Max",596146,429,18.2,30.5,112.5,89.7,100.8,92.9,88.8,438,195,392,179,42.1,38,8.9,6.4,2019
"Rizzo, Anthony",519203,429,12.6,36.8,113.4,89,100.2,92.5,87,472,176,401,158,37,29,6.8,4.7,2019
"Rojas, Miguel",500743,427,9.1,31.9,109.2,87.4,96.9,89.3,86.3,415,155,399,123,28.8,11,2.6,2.1,2019
"Moustakas, Mike",519058,427,17.4,32.3,112.9,89.5,100.6,93.8,87,459,193,402,173,40.8,44,10.3,7.5,2019
"Puig, Yasiel",624577,426,13.8,30,114.4,90,101,94.1,88,455,182,410,162,39.1,39,9.2,6.4,2019
"Grichuk, Randal",545341,425,16,31.3,112.6,89.3,100.7,93.9,87.1,469,178,401,169,39.8,36,8.5,5.7,2019
"Torres, Gleyber",650402,424,17.6,38.2,109.6,89.1,99.2,92.8,86.3,438,192,397,156,36.8,43,10.1,7.1,2019
"Realmuto, J.T.",592663,423,14.4,35,112.9,90.3,101.1,94.4,87.7,456,186,393,174,41.1,37,8.7,6.2,2019
"Altuve, Jose",514888,422,9.7,28,109.3,87.4,98.2,93.2,84,448,151,395,142,34.5,34,8.1,6.2,2019
"Robles, Victor",645302,417,16.7,33.8,110.5,83.3,94.9,88.6,78.1,446,163,401,96,23,20,4.8,3.2,2019
"Alonso, Pete",624413,417,14.8,36.9,118.3,90.7,103.5,96.6,85.9,489,189,414,176,42.7,66,15.8,9.5,2019
"Story, Trevor",596115,417,17.5,36.5,111.8,91,101.2,93.8,90.3,459,197,414,192,46,36,8.6,5.5,2019
"Soto, Juan",665742,416,12.5,36.3,112.8,92,102.1,97,86.4,443,191,403,199,47.8,51,12.3,7.7,2019
"Bell, Josh",605137,416,13.1,34.6,116.2,92.4,103.1,96.1,89.9,474,186,411,193,47.2,53,12.7,8.6,2019
"Soler, Jorge",624585,415,15.4,34.7,115.7,92.6,104.4,97.2,88.7,465,199,414,208,50.1,70,16.9,10.3,2019
"Galvis, Freddy",520471,415,14.7,31.8,105.6,88.8,97.6,91.3,87.4,434,177,388,151,36.4,23,5.5,3.9,2019
"Ramírez, José",608070,414,19.8,32.6,112.1,89.2,98.6,91.8,87.7,431,199,397,148,35.7,26,6.3,4.8,2019
"Turner, Trea",607208,410,9.9,29.8,113.5,90.4,101.2,93.1,89.7,453,158,408,172,42,28,6.8,4.9,2019
"Benintendi, Andrew",643217,409,17.6,39.9,107.7,89.1,98.2,91.9,87.4,436,193,389,154,37.7,33,8.1,5.4,2019
"Ramos, Wilson",467092,407,-0.1,25.8,111,90,100.6,93.8,88.8,427,120,390,173,42.5,19,4.7,3.6,2019
"Heyward, Jason",518792,406,11.3,31.8,111.8,88.8,99.6,91.2,88.2,427,168,391,147,36.5,23,5.7,3.9,2019
"Wong, Kolten",543939,406,12.6,28.1,107.7,86.1,96,89.3,85.1,432,164,396,102,25.4,9,2.2,1.6,2019
"Votto, Joey",458015,405,15.2,40.7,109.5,88.9,98.4,91.4,85.7,425,194,399,151,38.2,28,6.9,4.6,2019
"Conforto, Michael",624424,405,15.9,35.8,112.2,89.2,100,93.7,83.4,452,194,402,158,39.2,48,11.9,7.4,2019
"Belt, Brandon",474832,403,22.4,40.9,106.6,87.3,97.9,91.3,82.7,434,216,389,144,35.7,35,8.7,5.7,2019
"Hoskins, Rhys",656555,403,24,31,111,89.7,99.4,94,86.3,429,209,388,156,38.7,39,9.7,5.5,2019
"Núñez, Renato",600524,402,19.9,32.1,114.8,89.9,101.4,94.1,88.1,450,194,412,164,40.9,43,10.7,7.2,2019
"Bryant, Kris",592178,400,19.2,35.8,111.4,87.6,98.5,92.3,83.3,445,190,403,135,34.1,37,9.3,5.8,2019
"Meadows, Austin",640457,399,16.7,38.1,115.4,90.4,101.3,94.7,85.8,447,205,399,171,42.9,50,12.5,8.5,2019
"Choo, Shin-Soo",425783,399,9.2,31.8,111.8,91.9,102,96.7,88.5,472,161,410,195,49,35,8.8,5.3,2019
"Harper, Bryce",547180,399,13.7,37.6,116.4,91.9,103.1,96.8,86.5,466,196,411,182,45.6,59,14.8,8.7,2019
"Panik, Joe",605412,397,12.8,33.8,106.2,86.8,95.3,89.6,85.3,414,171,390,102,25.8,8,2,1.6,2019
"Donaldson, Josh",518626,396,13.3,33.3,114.2,92.9,103.5,98.1,89,443,185,406,200,50.5,62,15.7,9.4,2019
"Turner, Justin",457759,396,17.8,38.6,107.7,90.3,99.3,93.1,88.1,433,202,401,168,43,31,7.8,5.6,2019
"Seager, Corey",608369,395,14.3,35.2,109.7,88.8,98.8,93.3,84.1,441,189,403,149,38.2,29,7.3,5.4,2019
"Arcia, Orlando",606115,393,6.6,26.5,109.9,87.9,97.6,91.4,85.9,434,150,393,121,31.3,17,4.3,3.1,2019
"Suárez, Eugenio",553993,392,17.7,38,112.3,89.3,100.8,93.1,86.1,457,195,400,157,40.8,54,13.8,8.2,2019
"Calhoun, Kole",594777,392,14.9,34.9,110.1,89.5,99.9,95.1,84,440,189,403,164,42.6,44,11.2,7,2019
"Anderson, Tim",641313,391,8.7,37.6,107.8,88.3,98.4,90.7,86.7,440,167,398,147,37.6,20,5.1,3.9,2019
"Cabrera, Miguel",408234,390,12.3,38.5,111.4,90.3,100.4,92.3,89.1,453,173,396,173,44.4,25,6.4,4.6,2019
"Sánchez, Yolmer",570560,389,14.2,31.9,107.5,87.1,95.8,88.8,86.9,392,165,354,105,27,4,1,0.7,2019
"Profar, Jurickson",595777,387,14,29.7,108.2,86.7,97.1,91.8,83.7,425,171,387,118,31.3,25,6.5,4.8,2019
"Vázquez, Christian",543877,387,13.6,38.5,107.4,89.4,98.6,92.8,86.6,443,186,387,156,40.3,23,5.9,4.4,2019
"Crawford, Brandon",543063,387,8.3,36.7,106.7,87.8,97.8,92.8,83.9,443,161,401,136,35.1,21,5.4,3.8,2019
"Jones, Adam",430945,387,13.5,31.3,108.5,86.2,97.3,90.2,84.3,441,167,405,120,31,26,6.7,4.9,2019
"Gardner, Brett",458731,386,13.8,29.5,109.7,87.8,97.5,91.7,85.8,430,166,382,126,32.7,16,4.1,2.9,2019
"Adames, Willy",642715,382,10.8,36.1,110.9,88.5,99.1,93,84.4,462,166,396,136,35.6,32,8.4,5.5,2019
"Kipnis, Jason",543401,381,14.1,32.8,107.1,88.1,97.7,91.2,85.4,449,179,393,130,34.4,21,5.5,4.1,2019
"Dozier, Hunter",641531,380,16.7,35.8,115.1,91.1,102,94.2,89.2,453,201,401,163,42.9,38,10,6.5,2019
"Grandal, Yasmani",518735,379,14.2,37.5,111.3,90.7,101.1,95,87.5,442,187,400,156,41.8,43,11.3,6.8,2019
"Schwarber, Kyle",656941,379,15.5,35.4,117.6,93.5,104.4,97.9,90,473,197,406,193,51.2,55,14.5,9,2019
"Báez, Javier",595879,377,7.7,36.3,114.1,91.1,102.4,96.1,86.7,460,172,404,163,43.6,48,12.7,8.6,2019
"Walker, Christian",572233,375,14.8,34.1,112.4,91.1,102.7,95.3,87.9,447,182,411,183,48.8,49,13.1,8.1,2019
"Guerrero Jr., Vladimir",665489,375,6.7,30.9,118.9,89.4,101.6,93.2,88.2,451,157,418,145,38.7,29,7.7,5.6,2019
"Yelich, Christian",592885,374,11.3,33.2,117.9,93.3,104.9,96.8,91,462,184,407,182,49.1,59,15.8,10.2,2019
"Reynolds, Bryan",668804,373,9.4,37,112.1,89.5,100.2,92.4,87.5,424,170,401,153,41.6,25,6.7,4.6,2019
"Ozuna, Marcell",542303,372,13.5,32.8,115.3,91.8,102.9,96.3,88.6,455,179,403,179,49.2,45,12.1,8.2,2019
"Smith, Mallex",605480,372,7.3,29,105.7,85.2,94.2,88.6,83.4,398,144,379,74,20.1,8,2.2,1.4,2019
"Springer, George",543807,370,10.5,31.6,114.3,89.8,102.2,95.4,85.7,474,176,408,160,44.8,52,14.1,9.4,2019
"Murphy, Daniel",502517,368,14.8,36.7,106.4,86.3,95.9,89.3,84.1,427,181,388,104,28.3,9,2.4,1.9,2019
"García, Avisaíl",541645,367,9.8,34.1,116.2,89.5,102.3,95.2,86.4,485,166,416,148,40.3,43,11.7,8.1,2019
"Molina, Yadier",425877,366,13.9,40.7,106.2,87.4,96.9,91.7,83.4,429,179,400,125,35,14,3.8,3.1,2019
"Mercado, Óscar",640458,365,14.9,33.2,109.5,88,97.9,90.9,86,407,180,385,124,34.2,15,4.1,3.1,2019
"Swanson, Dansby",621020,365,14.4,36.7,108.4,89.9,99.8,93.1,86.8,424,186,402,152,41.6,37,10.1,6.8,2019
"Markakis, Nick",455976,361,7.3,34.1,114.7,91.2,100.3,92.5,91,418,157,392,160,44.3,11,3,2.3,2019
"Simmons, Andrelton",592743,361,9.5,18.8,108.8,87.8,97.5,89.6,88.8,410,135,386,119,33.6,6,1.7,1.4,2019
"Moncada, Yoán",660162,361,12.3,40.4,115.8,93.1,102.9,95.5,91.8,462,185,406,173,47.9,44,12.2,7.9,2019
"Urshela, Gio",570482,359,13.7,37.3,113.3,90.5,100.1,94.2,87.5,461,185,407,149,41.6,25,7,5.3,2019
"Braun, Ryan",460075,357,7.3,33.3,111.7,91.5,102.1,95.6,89.2,443,163,404,160,45.3,34,9.5,6.7,2019
"Trout, Mike",545361,354,22.2,43.8,116.6,90.9,103.5,95.1,84.2,486,234,419,155,44.4,67,18.9,11.2,2019
"Cron, C.J.",543068,353,12.8,34,115.9,91.1,103.1,96.2,87.7,464,187,404,158,45,53,15,10.6,2019
"Moran, Colin",592567,353,12.5,37.1,110.1,88.2,98.6,93.3,84.6,422,169,393,121,34.8,26,7.4,5.2,2019
"Cabrera, Asdrúbal",452678,351,14.4,37.3,108.4,89.1,97.6,93.2,85.2,416,190,390,124,35.3,20,5.7,3.9,2019
"Fowler, Dexter",451594,350,12.9,40.3,111.1,85.5,96.5,90.5,80.1,430,181,391,99,28.7,26,7.4,4.5,2019
"Anderson, Brian",605119,348,11.1,31.3,114.4,89.9,100.8,94.6,86.7,446,173,398,160,46,31,8.9,6,2019
"Odor, Rougned",596059,346,17.9,30.6,113.1,91.1,101.7,96.2,87.1,471,203,404,157,45.6,47,13.6,8.1,2019
"Olson, Matt",621566,346,19.4,36.1,111.9,92.7,103.3,97.2,89,450,203,400,171,50.4,50,14.5,9.1,2019
"Longoria, Evan",446334,346,14,35.8,110.3,89.7,99.4,93.2,86.8,438,184,406,141,40.8,26,7.5,5.1,2019
"Kiermaier, Kevin",595281,345,6.9,26.4,111.4,89.2,100,93.3,88.3,437,146,412,130,37.7,19,5.5,4,2019
"Reyes, Franmil",614177,345,9.5,33.3,115,93.3,103.8,98.2,88.6,457,181,408,176,51,51,14.8,9.3,2019
"Bradley Jr., Jackie",598265,344,9.1,30.5,112.1,90.2,100.7,95.2,87,478,164,393,154,44.8,33,9.6,5.8,2019
"Muncy, Max",571970,342,14.5,38.9,110.1,89.8,100.6,94.4,84.7,464,195,404,147,43.4,41,12,7,2019
"Frazier, Todd",453943,341,17.1,34.6,108.4,88.3,99.1,92,85.8,437,185,392,129,38.3,25,7.3,5,2019
"Strange-Gordon, Dee",543829,341,5.8,27.9,102.5,84.2,93.3,87,83,368,132,361,63,19,0,0,0,2019
"Pederson, Joc",592626,341,15.6,31.4,113.7,91.2,101.9,96.1,88,454,179,399,146,43.5,35,10.3,6.8,2019
"Sogard, Eric",519299,339,19.3,40.7,102.9,85.7,94.1,88.3,83.6,414,187,378,69,20.4,7,2.1,1.6,2019
"Narváez, Omar",553882,339,17.9,40.4,106.1,85.5,95.5,88.8,82.3,420,193,385,93,28.1,18,5.3,3.7,2019
"Cabrera, Melky",466320,338,8.9,32.5,110.2,88.2,98.2,89.9,88.4,433,152,394,111,33,7,2.1,1.8,2019
"Davis, Khris",501981,337,13.1,31.5,109.9,90.2,100.1,95.2,85.4,432,184,396,133,40.4,33,9.8,6.2,2019
"Grossman, Robbie",543257,336,12.1,36,110.6,87.7,96.9,90,86.3,423,174,389,103,30.9,8,2.4,1.7,2019
"Posey, Buster",457763,336,9.1,32.4,107.6,88.6,98.1,92.6,85.6,435,159,399,122,36.3,16,4.8,3.6,2019
"Jiménez, Eloy",650391,336,9.3,32.4,114.1,91.2,102.7,96.6,87.4,471,167,409,161,47.9,43,12.8,8.5,2019
"Lopez, Nicky",670032,332,3,22,105.4,85,93.7,86.1,85.3,398,116,393,65,19.7,4,1.2,1,2019
"Ramírez, Harold",623912,331,3.8,29,113,88.9,99.7,92,87.8,433,136,389,115,34.7,21,6.3,4.7,2019
"Franco, Maikel",596748,331,14.8,24.2,114.1,89.1,100.6,93.4,88.2,433,163,410,127,38.4,23,6.9,5.4,2019
"Santana, Danny",542454,328,13.5,37.8,113.1,91.4,101,94.7,88.2,448,191,406,143,43.6,31,9.5,6.1,2019
"Gonzalez, Marwin",503556,328,11,35.1,109.2,90.7,100.2,94.5,87.9,437,172,403,144,44,21,6.4,4.5,2019
"Mazara, Nomar",608577,327,10.7,33.9,114.6,89.1,101,93.9,86.1,505,172,416,127,39.3,35,10.7,7.5,2019
"Desmond, Ian",435622,327,8.7,32.4,113.6,90.9,102.3,93.6,90.1,486,163,425,139,42.5,34,10.4,7.1,2019
"Tapia, Raimel",606132,326,7.5,36.5,107.1,87.6,97,90,86,440,158,402,103,31.6,12,3.7,2.7,2019
"Cruz, Nelson",443558,326,13.1,38.3,117,93.7,105.4,99.2,89,478,197,411,168,51.5,65,19.9,12.5,2019
"Canó, Robinson",429664,324,7.4,33.6,112.1,90.9,101.5,93.2,90.2,429,161,401,150,46.3,24,7.4,5.7,2019
"McMahon, Ryan",641857,322,8.8,36.3,112.9,91.9,102.3,95.8,89.1,479,166,415,154,48,29,9,5.4,2019
"Hernández, Enrique",571771,321,19.4,35.5,113.3,88.3,98.5,91.8,86.7,432,188,398,110,34.5,18,5.6,3.9,2019
"Peraza, José",606299,320,17.3,32.5,109.4,85,95.4,87.5,85.2,432,177,384,78,25.6,1,0.3,0.2,2019
"Laureano, Ramón",657656,320,14.7,37.2,111.6,89.7,100,93.3,86.7,438,187,405,127,40.4,31,9.7,6.4,2019
"Schoop, Jonathan",570731,318,12.4,35.5,114.9,87.6,100.5,93.7,83.7,467,171,404,122,38.5,28,8.8,6,2019
"Encarnación, Edwin",429665,318,22.5,34.6,113,90.1,101.2,94.5,87.3,442,206,401,134,42.4,41,12.9,8.4,2019
"Dyson, Jarrod",502481,317,9.6,28.4,105.5,83.9,94.2,88.4,81.2,403,139,389,69,21.8,5,1.6,1.1,2019
"Davis, J.D.",605204,315,10.2,36.8,114.7,91.5,102.8,95.2,88.7,449,171,404,149,47.9,35,11.1,7.7,2019
"Vogelbach, Daniel",596129,315,17.1,39,113.1,88.8,100.1,93.6,83.8,448,203,398,119,38,33,10.5,5.9,2019
"Kingery, Scott",664068,314,17.8,39.2,111.4,88.4,99.1,93.5,83.4,437,197,390,122,38.9,25,8,5,2019
"Margot, Manuel",622534,313,14.2,27.8,109.6,87.7,98.7,91,88,417,152,391,109,34.8,11,3.5,2.5,2019
"Dozier, Brian",572821,312,19,32.1,106.6,88.5,98,92.9,84.6,435,189,394,110,35.4,21,6.7,4.4,2019
"Smoak, Justin",475253,309,16.7,37.5,110.8,90.3,99.9,93.7,87.4,438,205,400,123,39.8,34,11,6.8,2019
"Seager, Kyle",572122,309,18.4,36.9,107.1,89.5,98.6,93.2,84.7,420,202,383,121,39.7,26,8.4,5.9,2019
"Choi, Ji Man",596847,309,12.8,37.9,110.1,91.2,101,94.7,87.8,445,186,400,132,42.7,35,11.3,7.2,2019
"Drury, Brandon",592273,308,13.8,36.7,112.5,86.9,99.2,93.2,83.2,426,167,391,113,36.7,28,9.1,6.3,2019
"Canha, Mark",592192,305,15.2,32.1,110.9,89.1,99.7,94.3,86.1,436,179,396,124,41.1,29,9.5,5.8,2019
"McCann, James",543510,303,10.8,36,112,90.2,100.6,94.4,87,446,164,404,134,44.2,28,9.2,5.9,2019
"Verdugo, Alex",657077,300,9,33.7,111.3,89.4,99.8,93.1,88,459,162,400,117,39.7,17,5.7,4.5,2019
"Arraez, Luis",650333,300,11.4,41.7,102.2,87.1,94.6,89.2,85.3,402,173,389,68,22.8,8,2.7,2.2,2019
"Wolters, Tony",547172,299,10.1,37.5,103.4,85.3,93.8,88.2,83.1,413,166,361,59,19.7,0,0,0,2019
"Santander, Anthony",623993,298,15.3,31.2,112.9,89.9,100.6,92.4,89.7,435,189,407,109,36.6,23,7.7,5.7,2019
"Peralta, David",444482,296,6.4,29.1,113.2,90.1,100.8,94.5,88,448,149,409,121,40.9,16,5.4,3.8,2019
"Carpenter, Matt",572761,293,19,36.2,108.9,88,97.1,91.8,81.8,442,203,406,89,31.1,21,7.2,4.3,2019
"Renfroe, Hunter",592669,292,19.1,32.2,114.1,89.9,101.1,94.6,85.9,470,199,413,115,39.4,35,12,7.1,2019
"Mondesi, Adalberto",609275,292,10.2,31.2,108.4,88.7,98.6,92.6,86.3,443,169,413,99,34,25,8.6,5.6,2019
"Kendrick, Howie",435062,290,10.8,36.9,112.4,91.7,102.2,94.4,90.4,435,175,411,140,48.3,33,11.4,8.9,2019
"Santana, Domingo",570267,289,11.3,40.1,109.5,89,100.1,94.7,82.2,425,179,399,118,42.1,35,12.1,6.9,2019
"Goodwin, Brian",571718,288,18.4,38.5,111.4,87.6,97.9,91.1,83.5,453,200,397,94,33.3,18,6.3,3.9,2019
"Voit, Luke",572228,288,12.9,39.6,112.6,89.9,101,95.5,82.8,470,183,410,122,42.4,40,13.9,7.8,2019
"Goodrum, Niko",592348,287,13,38,109.4,89.3,100.1,92.4,86.8,419,176,381,119,41.5,18,6.3,3.8,2019
"Ruiz, Rio",547004,285,11.3,33.7,107.8,88.4,98.2,93.3,85.1,427,159,388,104,36.5,8,2.8,1.9,2019
"Almora Jr., Albert",546991,284,8.5,30.6,111.7,86.3,97.1,90.9,84.9,445,149,408,78,27.5,13,4.6,3.6,2019
"Smith Jr., Dwight",596105,280,7.3,30.4,114.3,89.1,100.1,92,88,442,156,403,110,39.3,11,3.9,2.8,2019
"Alfaro, Jorge",595751,279,4.7,33.3,114.7,90.8,103.2,96.4,86.6,473,154,404,125,44.8,32,11.5,6.9,2019
"Ohtani, Shohei",660271,278,6.8,31.7,115.1,92.8,102.9,97,89,447,163,406,131,47.1,34,12.2,8,2019
"Winker, Jesse",608385,278,7.2,32,110.8,89.2,99.7,93.6,86.1,415,158,381,111,41.1,12,4.3,3.1,2019
"Piscotty, Stephen",572039,277,12.5,31.8,111.2,89.2,100,92.6,86.2,418,173,395,111,41,21,7.6,5.3,2019
"Senzel, Nick",669222,275,11.1,31.6,107.6,87.8,98.8,92,85.6,422,162,390,104,38.2,22,8,5.3,2019
"Castro, Harold",605612,274,8.6,36.9,105,87.2,96.5,91.7,83.4,408,148,389,78,28.6,10,3.6,2.7,2019
"Pérez, Roberto",547379,273,5.7,32.2,112.8,90.2,101.4,95,86.7,447,163,404,112,41.3,30,11,6.7,2019
"Cooper, Garrett",643265,273,4.5,33.7,113.5,89.1,101.2,94.2,85.7,447,151,418,110,40.3,26,9.5,6.2,2019
"Gregorius, Didi",544369,273,17.7,30.8,110.8,88,98.4,91.6,87.8,416,186,392,97,35.5,16,5.9,4.7,2019
"Sánchez, Gary",596142,272,19.2,33.8,118.3,91,103.4,95.9,86.1,481,208,417,114,41.9,52,19.1,11.7,2019
"d'Arnaud, Travis",518595,272,14.6,33.8,113.1,90,100.2,93.6,87.6,453,180,405,108,39.7,21,7.7,5.4,2019
"Stewart, Christin",621514,272,19.1,37.5,112,86.9,98.1,91.6,81.1,419,196,402,92,33.8,20,7.4,4.8,2019
"Dahl, David",621311,271,11.2,40.6,107.1,88.7,98.8,93.9,82.4,447,189,405,107,39.5,28,10.3,6.8,2019
"Jansen, Danny",643376,270,16.3,31.9,111.4,88.9,99.3,92.6,87.7,430,184,409,108,40,16,5.9,4.2,2019
"Myers, Wil",571976,269,12.2,32.7,111.5,90.2,101.6,96.7,85.6,468,177,408,111,41.4,30,11.2,6.1,2019
"Crawford, J.P.",641487,268,12.4,34.7,108.6,85,95.4,87.3,84,427,156,384,66,24.8,9,3.4,2.3,2019
"Yastrzemski, Mike",573262,268,19.5,36.9,108.5,89.6,100.3,94.6,85.2,472,204,406,115,42.9,30,11.2,7.3,2019
"Rengifo, Luis",650859,268,9.6,31,108.6,87.1,97.5,90.6,85.4,427,151,412,79,29.9,16,6,3.9,2019
"DeShields, Delino",592261,267,13.5,32.6,104,86.9,95.4,90.9,84.2,398,164,384,65,24.3,6,2.2,1.5,2019
"Edman, Tommy",669242,265,14.2,37.4,110.1,87.4,97.2,90.6,85.8,421,177,387,89,33.6,14,5.3,4,2019
"Hernández, Teoscar",606192,265,15.3,30.6,112.1,91.2,101.6,96.2,86.6,450,191,401,112,42.3,31,11.7,6.7,2019
"Walker, Neil",435522,261,11.7,40.6,106.2,86.2,96.3,89.1,83.5,428,177,400,81,31,17,6.5,4.5,2019
"Contreras, Willson",575929,260,7.5,31.2,113.1,88.5,101.6,94.7,84.3,463,167,408,108,41.5,30,11.5,7.3,2019
"Bauers, Jake",641343,260,15,31.5,109.5,88.1,98,91,87,450,174,393,86,33.1,13,5,3.1,2019
"Dixon, Brandon",641525,259,17,39,113.3,89.6,100.5,93.4,86.8,447,190,398,107,41.3,29,11.2,6.9,2019
"Phegley, Josh",572033,258,17.4,34.5,106.3,84.1,95.2,89.1,78.7,413,186,382,62,24.3,8,3.1,2.3,2019
"Thames, Eric",519346,258,19,36,110.5,90.9,100.6,93.5,87.4,432,209,396,111,44.2,23,8.9,5,2019
"Taylor, Chris",621035,258,13.8,38.8,108.3,86,97.5,90,81,426,183,399,82,32.3,14,5.4,3.4,2019
"Tellez, Rowdy",642133,257,14,37,115.2,90.7,101.9,94.5,87.2,455,191,406,107,41.6,34,13.2,8.3,2019
"Pinder, Chad",640461,257,8.6,31.9,110,90.9,101.4,96.1,87.9,437,168,405,110,44.4,21,8.2,5.7,2019
"Martínez, José A.",500874,254,6.9,36.6,110.8,88.9,100.3,93.6,85.3,440,159,412,99,39.3,18,7.1,4.8,2019
"Díaz, Yandy",650490,250,5.7,34,114.3,91.7,102.5,97,89.2,428,162,388,112,44.8,26,10.4,7.5,2019
"Maldonado, Martín",455117,250,12.7,26.4,110.1,88.2,98.4,93.7,85,425,158,383,87,35.1,19,7.6,5.1,2019
"Chirinos, Robinson",455139,248,16.9,35.1,107.8,87,98.4,92.8,80.4,431,179,395,90,37,19,7.7,4.3,2019
"Aguilar, Jesús",542583,240,13.8,33.8,112.2,89.4,100.2,93.2,87.1,446,175,402,92,38.3,18,7.5,4.9,2019
"Judge, Aaron",592450,238,11.6,40.3,118.1,96,107,99.7,91.7,467,200,396,139,58.4,48,20.2,10.7,2019
"Pollock, AJ",572041,238,13.7,29.8,108.1,90.6,99.8,93.8,88.9,429,173,398,95,39.9,19,8,5.6,2019
"Candelario, Jeimer",600869,237,15.8,32.9,114.2,88.2,99.3,92.2,86.1,467,186,402,80,33.8,14,5.9,3.6,2019
"Kelly, Carson",608348,236,14.3,39.8,109.1,88.9,99.3,92.4,85.3,434,191,399,95,40.4,20,8.5,5.5,2019
"Barnhart, Tucker",571466,235,11.8,32.8,107.5,86.4,95.6,90.2,84.2,415,166,380,63,27.9,7,3,1.9,2019
"Severino, Pedro",600474,235,13.2,35.7,111,87.6,99,92,84.3,430,172,402,79,33.6,20,8.5,5.9,2019
"Hamilton, Billy",571740,234,15.1,32.5,99.9,80.7,89.9,83.5,81.2,374,155,NA,17,7.3,0,0,0,2019
"Bader, Harrison",664056,233,15.3,31.3,111.2,88.4,99.2,94.2,83.9,454,195,411,82,35.3,23,9.9,5.7,2019
"Biggio, Cavan",624415,233,20.1,44.2,104.6,88.9,98,92.1,82.6,429,225,393,93,39.9,21,9,4.9,2019
"Gurriel Jr., Lourdes",666971,232,14.4,33.6,109.6,90.4,100.6,95.6,86.8,452,188,408,105,45.3,26,11.2,7.6,2019
"Garcia, Greg",594824,231,4.3,28.6,108.3,85.8,96,88.7,84,423,129,389,62,27,6,2.6,1.6,2019
"Gomes, Yan",543228,231,18.1,32,107.6,87.6,98.1,91.6,84.6,447,190,406,83,36.1,16,6.9,4.5,2019
"O'Hearn, Ryan",656811,231,13,29.9,111.2,90.5,100.5,95.8,88.1,440,175,403,101,43.7,21,9.1,5.7,2019
"Tatis Jr., Fernando",665487,227,6.7,33,115.9,90.4,102.6,95.8,85.7,468,166,405,100,44.1,30,13.2,8.1,2019
"Garver, Mitch",641598,226,15.3,33.6,109.7,91.1,101.4,97.2,84.8,443,199,400,113,50,35,15.5,9.7,2019
"Wilkerson, Stevie",592859,224,11.1,33.5,104.9,86.3,95.9,91,83.5,423,161,392,68,30.4,8,3.6,2.2,2019
"Sanó, Miguel",593934,222,15.9,36,114.2,94.4,105.2,99.6,89,496,206,416,127,57.2,47,21.2,10.7,2019
"Alvarez, Yordan",670541,221,13.4,39.4,117.9,92.2,104,96.5,86.5,454,202,410,107,48.9,37,16.7,10,2019
"Granderson, Curtis",434158,221,19.4,38.5,107,88.8,97.7,92.9,82.8,439,196,393,77,34.8,16,7.2,4.4,2019
"Chavis, Michael",656308,220,11.7,32.3,113.8,88.8,100.2,93.6,86.7,451,174,417,78,35.5,25,11.4,6.5,2019
"Forsythe, Logan",523253,219,12.3,39.7,107.1,89.2,98.3,92.7,85.2,432,184,399,87,40.1,12,5.5,3.3,2019
"Bote, David",623520,212,7.7,34.9,113.8,89.7,100.6,93.1,87.8,469,162,404,77,36.3,12,5.7,3.4,2019
"Gamel, Ben",592325,209,9.9,35.4,111.1,88.2,98.7,91.2,85.4,421,171,398,78,38,8,3.8,2.2,2019
"Hiura, Keston",669374,208,16.4,35.6,112.4,91.4,103,95.2,88.8,442,193,402,100,50,28,13.5,8,2019
"Hedges, Austin",595978,206,21.6,32,108.7,86.7,97.7,92,81.7,449,193,403,67,32.5,17,8.3,4.9,2019
"Davis, Chris",448801,171,14.1,39.8,108.4,89.1,98.7,93.1,84,417,193,390,67,39.2,18,10.5,5.1,2019
"Merrifield, Whit",593160,216,15.8,39.8,105.8,86.1,95.9,89.6,81.7,406,180,388,59,27.3,11,5.1,4.2,2020
"Turner, Trea",607208,199,9.5,34.2,111.2,90.5,100.6,93.3,88.7,422,166,399,81,40.7,19,9.5,7.3,2020
"Lindor, Francisco",596019,197,13.5,36.5,111.4,89.9,99.7,93.3,86.8,412,176,390,81,41.1,11,5.6,4.1,2020
"Alberto, Hanser",593643,193,13.2,32.6,103.8,82.3,93.5,88.4,79.5,391,141,381,40,20.7,2,1,0.9,2020
"Machado, Manny",592518,191,15.6,34.6,115.7,90.2,102.7,94.1,88.2,436,177,413,83,43.5,21,11,8.3,2020
"Gregorius, Didi",544369,190,17.8,35.3,104.7,83.8,96.1,90.2,79,417,171,385,53,27.9,8,4.2,3.4,2020
"Franco, Maikel",596748,189,8.4,33.3,112.5,86.7,100.2,94.2,82.5,420,157,402,73,38.6,11,5.8,4.5,2020
"Gurriel, Yuli",493329,189,13.9,34.4,107.1,89.3,98.5,91.4,88.4,420,180,394,69,36.5,7,3.7,3,2020
"Marte, Starling",516782,188,6.5,29.8,110.6,87.1,97.6,91.2,84.6,447,143,411,57,30.3,12,6.4,4.8,2020
"La Stella, Tommy",600303,187,17.1,32.1,108.8,88,96.3,90.4,87.3,430,171,392,53,28.3,9,4.8,3.9,2020
"Fletcher, David",664058,185,4.1,30.8,107,84.7,93.9,86.7,85.2,365,126,359,33,17.8,1,0.5,0.4,2020
"Guerrero Jr., Vladimir",665489,183,4.6,29.5,116.1,92.5,104.1,94.6,91.7,415,142,396,93,50.8,16,8.7,6.6,2020
"Blackmon, Charlie",453568,182,13.5,38.5,109.7,86.9,97.3,89.5,84.6,446,175,418,54,29.7,9,4.9,3.6,2020
"Abreu, José",547989,182,10.9,37.4,114,92.9,104.3,97.1,89.2,452,177,406,97,53.3,26,14.3,9.9,2020
"Betts, Mookie",605141,182,18.5,40.1,108.5,90.7,100,92.6,88.7,416,200,396,79,43.4,14,7.7,5.7,2020
"Kiner-Falefa, Isiah",643396,180,0.8,22.2,106.2,87.2,96.6,90.5,85.8,398,117,370,56,31.1,4,2.2,1.8,2020
"Rosario, Eddie",592696,178,18.1,30.3,105,87.5,97.1,92,84,419,176,394,63,35.4,11,6.2,4.8,2020
"Polanco, Jorge",593871,177,16.1,39,109.2,86.6,96.7,89.2,84.9,391,175,378,59,33.3,5,2.8,2.2,2020
"Ramírez, José",608070,177,23.2,36.7,114.3,88.7,99.3,94.1,84,434,193,395,63,35.6,18,10.2,7.1,2020
"Freeman, Freddie",518692,177,17.2,49.2,109.3,92.4,101.8,96.1,88.1,443,207,409,96,54.2,26,14.7,9.9,2020
"Seager, Corey",608369,177,11.9,38.4,113.1,93.2,103.8,98.3,86.3,447,193,411,99,55.9,28,15.8,12.1,2020
"Hernández, César",514917,177,5.6,36.7,108.2,89.1,99,92.5,86.6,420,147,405,66,37.3,7,4,2.7,2020
"Seager, Kyle",572122,176,17.7,30.7,108.7,89.1,98.4,93.1,83.9,426,192,391,70,39.8,18,10.2,7.3,2020
"Frazier, Adam",624428,175,12.3,34.9,107.5,85.5,95.6,89.5,83,415,157,401,44,25.1,7,4,3,2020
"LeMahieu, DJ",518934,175,2.3,29.7,109.5,91.3,100.5,94.4,89.5,403,134,361,80,45.7,5,2.9,2.3,2020
"Story, Trevor",596115,172,20.8,40.1,109,89.9,100.4,94,86.4,449,205,414,71,41.3,15,8.7,5.8,2020
"Walker, Christian",572233,171,11.5,34.5,110.4,90.4,101.9,94.8,86.7,451,174,417,83,48.5,11,6.4,4.5,2020
"Solak, Nick",669256,171,9.4,27.5,111.7,89.9,99.6,90.6,90.2,413,156,384,69,40.4,8,4.7,3.4,2020
"Bellinger, Cody",641355,171,16.6,29.2,110.6,89.3,100.5,93.5,86.9,438,182,394,71,41.5,16,9.4,6.6,2020
"McCutchen, Andrew",457705,170,18.2,36.5,109.9,89.7,99.2,93.2,86.3,422,188,391,70,41.2,14,8.2,5.8,2020
"Ozuna, Marcell",542303,169,16.4,39.1,115.6,93,103.5,96.6,89,469,190,429,92,54.4,26,15.4,9.7,2020
"Grichuk, Randal",545341,169,12.6,27.2,110.9,88.9,100.5,95.9,84.1,428,164,393,67,39.6,19,11.2,8.2,2020
"Swanson, Dansby",621020,167,14.7,40.1,109.3,89.1,99.7,92,84.6,427,190,399,68,40.7,19,11.4,7.2,2020
"Crawford, J.P.",641487,167,11.5,34.1,110.1,85.8,97.3,89.3,85.1,420,154,394,52,31.1,3,1.8,1.3,2020
"Rizzo, Anthony",519203,167,16.7,34.7,114.5,87.7,99.6,93,85.4,430,172,386,58,34.7,13,7.8,5.3,2020
"Pillar, Kevin",607680,167,13.4,34.7,108,87.1,98.1,92,82.2,435,177,400,61,36.5,9,5.4,4,2020
"Arenado, Nolan",571448,166,19.1,27.1,108.9,87.8,98.2,92.5,85.4,441,180,412,56,33.7,9,5.4,4.5,2020
"Devers, Rafael",646240,165,10.6,33.3,116.7,93,102.9,94.7,91.5,449,171,414,72,43.6,20,12.1,8.1,2020
"Santana, Carlos",467793,164,12.2,32.3,111.5,88,99.3,92.3,86.7,445,163,418,60,36.6,11,6.7,4.3,2020
"Escobar, Eduardo",500871,164,18.1,34.8,106.7,88.6,97.1,90.3,87.3,415,172,394,52,31.7,9,5.5,4.1,2020
"Tatis Jr., Fernando",665487,164,8.7,32.3,113.4,95.9,105.4,100.2,91.6,458,175,410,102,62.2,32,19.5,12.5,2020
"Tucker, Kyle",663656,164,14.9,34.1,110.9,91.1,100.6,94.9,86.4,432,185,391,73,44.5,15,9.1,6.6,2020
"Flores, Wilmer",527038,163,19,37.4,107.8,87.9,97.8,92.1,85,418,189,382,56,34.4,10,6.1,4.7,2020
"Marte, Ketel",606466,163,10,28.8,115.9,89.2,100.2,92,90.5,401,151,388,66,40.5,6,3.7,3.1,2020
"Bogaerts, Xander",593428,163,8.7,31.3,112.5,89,99.7,94.9,83.6,440,169,408,60,36.8,14,8.6,6.2,2020
"Gurriel Jr., Lourdes",666971,162,10.5,39.5,109.5,90.8,101.1,93.9,88.2,447,169,402,80,49.4,19,11.7,8.5,2020
"McNeil, Jeff",643446,162,11.5,37,106.2,86.6,95.6,90.3,84.1,401,165,393,43,26.5,4,2.5,1.9,2020
"Semien, Marcus",543760,161,19.3,32.9,108,86.2,96.4,91.8,78.8,419,181,394,46,28.6,8,5,3.4,2020
"Peralta, David",444482,160,6.4,29.4,113.8,89.2,100.6,91.5,88.5,445,148,413,58,36.3,8,5,3.7,2020
"Voit, Luke",572228,160,15.2,37.5,111.7,88.9,100.7,95.9,82.2,437,177,397,64,40,21,13.1,9,2020
"Anderson, Tim",641313,159,6.7,33.3,108.8,87.2,99,93.7,82.5,422,149,394,57,35.8,16,10.1,7.2,2020
"Dickerson, Corey",572816,159,11.1,25.8,108.8,85.7,97.1,90.7,83.4,438,143,399,49,30.8,9,5.7,4.3,2020
"Biggio, Cavan",624415,159,16.7,31.4,103.6,87.4,96.8,91.6,83.2,401,175,379,49,30.8,8,5,3,2020
"Rendon, Anthony",543685,158,19.5,39.2,109.1,90.1,98.6,92.4,88.9,426,191,394,64,40.5,10,6.3,4.3,2020
"Edman, Tommy",669242,158,8.2,31,109,86.5,98,92,84.3,412,140,395,53,33.5,6,3.8,2.6,2020
"Jiménez, Eloy",650391,158,5.7,32.9,113.6,92.4,103.9,97.7,89.3,466,151,394,88,55.7,26,16.5,11.5,2020
"Reyes, Victor",622682,157,10.7,39.5,108.6,90,98.6,92.1,88.7,416,164,394,65,41.4,6,3.8,2.8,2020
"Longoria, Evan",446334,157,10.7,29.9,111.5,91.7,101.5,95.9,88.7,432,163,401,71,45.2,18,11.5,8.6,2020
"Verdugo, Alex",657077,157,5.9,31.2,109.5,87,98,91.9,84.9,433,145,390,54,34.4,10,6.4,4.5,2020
"Cabrera, Miguel",408234,155,12.1,36.8,112.2,93.2,102.7,95.6,91.2,450,170,395,77,49.7,15,9.7,6.5,2020
"Profar, Jurickson",595777,155,11,34.8,107.7,87.2,96.9,89.8,86.3,421,156,392,43,27.7,5,3.2,2.5,2020
"Cabrera, Asdrúbal",452678,154,13.7,30.5,107,89.5,98,93.6,88,413,162,392,59,38.3,10,6.5,4.7,2020
"Wong, Kolten",543939,154,10.8,31.2,103.7,86.5,95.6,89.4,85.8,392,139,353,41,26.6,1,0.6,0.5,2020
"Martinez, J.D.",502110,154,14.7,39.6,110.7,89.5,99.9,93.9,82.6,437,205,403,64,41.6,17,11,7.2,2020
"Altuve, Jose",514888,153,9.3,24.8,106.9,86.7,97.5,93.6,83.6,437,141,396,51,33.3,7,4.6,3.3,2020
"Springer, George",543807,153,18.3,35.3,115,88.7,101,94.3,85.1,455,187,412,65,42.5,19,12.4,8.6,2020
"Correa, Carlos",621043,153,11.3,26.1,109,88.8,99.8,92.9,87.7,461,142,419,64,42.1,9,5.9,4.1,2020
"Pollock, AJ",572041,153,13,37.9,110,89.6,100.2,94.7,83.8,428,187,403,66,43.1,16,10.5,7.6,2020
"Grisham, Trent",663757,153,13.5,37.3,111.9,88.3,100.5,93.7,84.7,457,161,413,64,41.8,17,11.1,6.7,2020
"Ahmed, Nick",605113,153,9.4,30.1,107.7,87.7,98,92.4,84.5,425,142,409,51,33.3,8,5.2,3.7,2020
"Aguilar, Jesús",542583,152,16,37.5,109.9,89.3,99.1,91.6,88,436,180,400,57,37.5,11,7.2,5.1,2020
"Solano, Donovan",456781,152,15.5,43.4,108.1,88.5,98.3,91.2,85.9,413,186,400,53,34.9,7,4.6,3.4,2020
"Mondesi, Adalberto",609275,151,13.7,18.5,111,90.6,100.5,94.6,89.8,458,136,418,59,39.1,11,7.3,4.7,2020
"Harper, Bryce",547180,150,16,33.3,114.7,92.5,104.1,96,88.3,470,193,405,76,50.7,26,17.3,10.7,2020
"Tapia, Raimel",606132,150,1.8,28.7,107.2,85.3,96.6,88.4,84.3,431,124,410,45,30,3,2,1.5,2020
"Castellanos, Nick",592206,150,16.5,39.3,108.5,91,100.6,95,86.2,433,201,409,70,46.7,24,16,9.9,2020
"Goldschmidt, Paul",502671,149,11.7,42.3,111.3,89.2,99.3,94.2,84,443,179,405,61,40.9,16,10.7,6.9,2020
"Báez, Javier",595879,149,10.3,24.8,116,89.4,101.3,94.9,86.9,450,147,423,60,40.3,12,8.1,5.1,2020
"Alonso, Pete",624413,148,15.5,30.4,118.4,90.2,102.4,96.3,86.5,456,175,405,61,41.2,19,12.8,7.9,2020
"Canó, Robinson",429664,148,6.2,31.8,113.5,90.4,102.6,94.7,89.1,441,144,400,69,46.6,11,7.4,6,2020
"Segura, Jean",516416,148,11.2,30.4,109.4,87.7,99.7,92.3,86.5,423,148,387,57,38.5,9,6.1,4.1,2020
"Reyes, Franmil",614177,147,11.2,31.3,114.7,92.4,103.4,97.5,89.4,462,160,422,66,44.9,19,12.9,7.9,2020
"Trout, Mike",545361,147,23.1,36.1,112.9,93.7,103.5,96.1,91.5,449,219,413,81,55.1,22,15,9.1,2020
"Reddick, Josh",502210,147,19.1,34.7,106.7,85.9,96.1,88.6,84.9,413,173,408,43,29.3,7,4.8,3.3,2020
"Conforto, Michael",624424,145,11,38.6,114.4,88.4,99.9,94.6,82.3,434,166,403,53,36.6,16,11,6.9,2020
"Muncy, Max",571970,145,14.2,29,109.8,88.5,99.7,94.7,81.9,428,179,402,58,40,18,12.4,7.3,2020
"Bradley Jr., Jackie",598265,144,4.3,28.5,112.4,88.4,98.6,93.2,85,447,142,407,52,36.4,11,7.6,5.1,2020
"Calhoun, Kole",594777,144,17,36.1,109,89.4,99.5,94,84.2,438,192,400,55,38.2,17,11.8,7.5,2020
"Nimmo, Brandon",607043,143,7.6,30.8,106.9,87.2,98,92.3,84.3,425,149,400,47,32.9,11,7.7,4.9,2020
"Votto, Joey",458015,143,15.4,36.4,113.2,87.4,98.4,92.6,80.5,442,190,396,51,35.7,13,9.1,5.8,2020
"Cronenworth, Jake",630105,143,10.6,37.8,110.1,89.8,100,91.5,88.9,426,170,400,61,42.7,15,10.5,7.8,2020
"Brantley, Michael",488726,142,10.2,34.5,105.3,88.7,98.3,92.2,85.9,401,165,375,53,37.3,7,4.9,3.7,2020
"Myers, Wil",571976,142,13.4,40.8,109.2,91,101.6,94.6,87.2,445,191,407,65,45.8,21,14.8,9.6,2020
"Arcia, Orlando",606115,142,9.6,37.3,108.7,89,99.3,91.7,89.2,422,162,396,55,38.7,8,5.6,4.2,2020
"Canha, Mark",592192,142,19.4,37.3,108.9,89.7,98.9,92.4,86.8,425,198,400,56,39.4,11,7.7,4.5,2020
"Ruiz, Rio",547004,141,10.5,27.7,109,87.9,99.2,94.2,83.1,407,159,379,55,39,12,8.5,5.9,2020
"Bell, Josh",605137,140,5.9,24.3,114.2,91.7,102.1,95.4,90.1,428,134,405,60,42.9,12,8.6,5.4,2020
"Riley, Austin",663586,140,13.6,30.7,111,91,101.3,94.2,88.4,471,167,424,60,42.9,14,10,6.8,2020
"Newman, Kevin",621028,138,8.7,32.6,104.7,85.5,95.9,87.7,84.5,400,148,381,39,28.3,1,0.7,0.6,2020
"Gonzalez, Marwin",503556,138,12.6,31.9,106,89.2,98.2,92.6,86,430,171,406,53,38.4,7,5.1,3.5,2020
"Lewis, Kyle",641786,137,11.1,37.2,110.9,88.3,98.8,92.6,83.2,438,174,405,48,35,16,11.7,6.6,2020
"Lowe, Brandon",664040,137,18.1,37.2,111.4,89.8,101.6,94.3,83.2,459,198,406,59,43.1,24,17.5,10.7,2020
"Duvall, Adam",594807,137,22.9,30.7,114.2,88.1,100.7,94.4,79,450,202,397,55,40.1,19,13.9,9.1,2020
"Yastrzemski, Mike",573262,137,18.4,35,105.6,88.2,99.3,93.2,83.6,425,184,387,58,42.3,15,10.9,6.7,2020
"Kepler, Max",596146,136,22.2,30.9,110.3,88.5,99.2,91.7,88.9,444,182,400,52,38.2,7,5.1,3.6,2020
"Happ, Ian",664023,136,9,36.8,109.1,91.1,101.3,94.5,87.9,434,168,387,66,48.5,14,10.3,6.1,2020
"Candelario, Jeimer",600869,136,13.3,37.5,110.8,90.2,102,94.8,85.8,437,173,406,64,47.1,14,10.3,6.8,2020
"Anderson, Brian",605119,135,9.6,34.8,109.5,87.4,99.1,93.4,82.2,446,164,391,53,39.3,13,9.6,5.7,2020
"Davis, J.D.",605204,135,3.3,29.6,111.2,90.1,102.1,96.1,87.4,426,140,388,61,45.2,12,8.9,5.2,2020
"Smith, Dominic",642086,135,10.8,43,110.7,89.8,100.3,94.9,83.1,441,179,403,63,46.7,18,13.3,9,2020
"Villar, Jonathan",542340,134,1.6,18.7,111.1,86.7,99.5,91,86.3,429,111,419,48,35.8,2,1.5,1,2020
"Contreras, Willson",575929,134,9.1,35.8,114.1,89.8,102.3,95.4,85.9,451,158,410,64,47.8,14,10.4,6.2,2020
"Hiura, Keston",669374,134,14.3,34.3,110.2,87.4,100,93.7,82.8,438,170,408,53,39.6,19,14.2,7.7,2020
"Wendle, Joey",621563,134,5.1,32.8,104.9,86.7,97.1,90.7,83.7,410,152,386,43,32.1,5,3.7,2.7,2020
"González, Erik",570481,134,5.5,33.6,111.4,88.5,100.6,93,86,443,154,396,59,44,9,6.7,4.7,2020
"Olson, Matt",621566,133,19.6,30.1,112.5,92.3,102.8,96.7,90,454,187,413,61,45.9,17,12.8,6.9,2020
"Núñez, Renato",600524,132,21.1,37.9,110.3,86.3,98.9,92.6,79.6,422,184,392,48,36.4,16,12.1,7.4,2020
"Suárez, Eugenio",553993,132,17.9,29.5,111.4,89.1,101.2,94.2,84.1,434,194,404,59,44.7,19,14.4,8.2,2020
"García, Avisaíl",541645,132,8.7,37.1,113.3,87.4,99.3,92.1,84.7,427,147,412,49,37.1,5,3.8,2.4,2020
"Eaton, Adam",594809,131,5.7,30.5,109.8,87.8,98.9,90.9,85.6,434,144,410,50,38.2,6,4.6,3.4,2020
"Robert Jr., Luis",673357,131,16.7,36.6,115.8,87.9,101.5,94.9,82.2,458,180,416,53,40.5,17,13,7.5,2020
"Taylor, Chris",621035,131,9.1,33.6,109.6,88,101,95.8,80.4,446,162,397,59,45,15,11.5,7,2020
"Hicks, Aaron",543305,131,11.1,29.8,109.5,88.2,99.7,93.2,84.8,428,154,389,50,38.2,9,6.9,4.3,2020
"Lopez, Nicky",670032,131,1.4,29.8,104.6,84.9,95.5,91.2,81,396,126,396,35,26.7,2,1.5,1,2020
"Moncada, Yoán",660162,130,13.9,33.8,109.9,87.8,98.7,91.3,85.9,448,159,400,43,33.1,8,6.2,3.5,2020
"Urshela, Gio",570482,130,12.3,38.5,111,91.4,100.2,93.6,89.9,412,178,383,53,40.8,9,6.9,5.2,2020
"Vázquez, Christian",543877,130,14.4,33.1,108.8,88.4,98.4,91.2,86.6,424,164,395,52,40,6,4.6,3.2,2020
"Nola, Austin",543592,129,12.5,40.3,110.1,89.7,99.9,92.3,88.8,424,174,396,56,43.4,10,7.8,5.4,2020
"Reynolds, Bryan",668804,128,10.2,35.2,110.7,87.5,99.2,91.8,82.6,436,169,409,49,38.3,13,10.2,6.3,2020
"Laureano, Ramón",657656,128,12.3,34.4,111.3,87.7,99.2,93.7,84.1,441,168,402,44,34.4,12,9.4,5.4,2020
"Pujols, Albert",405395,128,16.4,30.5,108.8,88.6,98.3,91.8,89.1,437,161,398,44,34.4,7,5.5,4.3,2020
"Bregman, Alex",608324,128,17.3,35.9,105.6,88.9,97.4,90.3,88.8,412,184,395,43,33.6,5,3.9,2.8,2020
"Hernández, Teoscar",606192,128,15.3,40.6,115.9,93.3,104.8,98.2,86.6,466,195,418,68,53.1,23,18,11.1,2020
"Santander, Anthony",623993,128,24.7,40.6,113.2,88.6,100,92.1,87.8,426,202,388,47,36.7,13,10.2,7.9,2020
"Grossman, Robbie",543257,128,15.2,33.6,108.1,89,98.3,92,87,421,175,379,48,37.5,7,5.5,3.6,2020
"Moran, Colin",592567,127,8.3,32.3,112,91.9,102.6,96.6,89.9,450,144,410,60,47.2,17,13.4,8.5,2020
"Cruz, Nelson",443558,127,9.4,39.4,114.4,91.6,102.7,98,86.1,448,168,417,60,47.2,19,15,8.9,2020
"Crawford, Brandon",543063,127,12.4,35.4,109.8,88.7,98.7,93.6,84.3,425,171,402,50,39.4,12,9.4,6.2,2020
"Gordon, Alex",460086,126,11.6,34.1,112.3,82.8,96.3,90.3,76.8,437,149,396,32,25.4,4,3.2,2.2,2020
"Molina, Yadier",425877,126,12.3,38.1,104.2,84.7,95.3,90.2,81.8,413,163,385,32,25.4,3,2.4,1.9,2020
"Iglesias, Jose",578428,126,7.6,43.7,110.2,86.2,99.1,91.5,82.5,396,154,386,46,36.5,4,3.2,2.7,2020
"Soto, Juan",665742,126,4.3,33.3,113.3,92.1,104.2,99.5,86.3,466,161,416,65,51.6,23,18.3,11.7,2020
"Bohm, Alec",664761,126,4.8,34.9,109.6,90.2,101.5,93.6,87.6,446,145,412,59,46.8,13,10.3,7.2,2020
"Realmuto, J.T.",592663,125,11.6,32.8,112.4,90.2,101.3,95.5,87.2,431,163,397,53,42.4,17,13.6,8.7,2020
"Turner, Justin",457759,125,17.5,40.8,107.8,90.3,99.4,93.1,87,436,203,404,55,44,14,11.2,8,2020
"Schwarber, Kyle",656941,125,8.8,28.8,114.9,92.8,103.1,95.7,90.7,444,162,406,59,47.2,14,11.2,6.3,2020
"Schoop, Jonathan",570731,125,8.7,26.4,114.4,87.2,100.2,92.9,86.9,442,137,408,42,33.6,7,5.6,4,2020
"Dubón, Mauricio",643289,124,16.7,40.3,106.3,86.2,96.6,89.7,82.8,416,190,380,38,30.6,5,4,2.8,2020
"Yelich, Christian",592885,124,7.1,32.3,112,94,103.8,97.1,91.5,460,163,413,69,55.6,15,12.1,6.1,2020
"Dickerson, Alex",543105,122,17.8,30.3,114.6,90.9,101.1,93.1,89.8,480,176,409,54,44.3,13,10.7,7.7,2020
"Akiyama, Shogo",673451,121,2.9,34.7,104,85.1,94.9,90.8,80.8,385,133,NA,32,26.4,1,0.8,0.5,2020
"Severino, Pedro",600474,121,9.5,36.4,111.2,87.6,99.1,91.5,85,414,163,403,38,31.4,9,7.4,5.1,2020
"Margot, Manuel",622534,121,7.5,31.4,108.2,89.4,98.9,91.3,88.7,417,142,417,41,33.9,5,4.1,3.1,2020
"Robles, Victor",645302,118,19,37.3,109.2,82.2,94.7,86.3,78.2,385,159,376,27,22.9,2,1.7,1.1,2020
"Hosmer, Eric",543333,117,8.7,33.3,112,90.8,102,94.4,88.9,443,167,408,55,47,12,10.3,7.7,2020
"d'Arnaud, Travis",518595,116,8.1,42.2,109.7,93.4,103.4,96.2,90.1,434,175,414,67,57.8,13,11.2,7.1,2020
"Perez, Salvador",521692,115,14.2,41.7,110.4,91,101.1,94.4,86.5,447,198,415,54,47,16,13.9,10.3,2020
"Frazier, Todd",453943,115,20.5,33,108.1,87.8,98.3,93.8,81.7,429,191,392,36,31.3,6,5.2,3.5,2020
"Shaw, Travis",543768,114,19.8,34.2,112.8,90.9,101.5,93.7,89.8,448,198,399,51,44.7,9,7.9,5,2020
"Gallo, Joey",608336,114,26.8,28.1,113.5,91.2,102,96.8,81.1,448,199,417,50,43.9,16,14,7.1,2020
"Belt, Brandon",474832,113,18,40.7,109.1,90.7,101.3,95.1,83.3,429,212,400,53,46.9,19,16.8,10.6,2020
"Heyward, Jason",518792,112,11.3,42,108.1,87.6,99.3,90.9,85.1,416,162,383,45,40.2,5,4.5,2.8,2020
"Ramos, Wilson",467092,112,6.5,26.8,110.1,89,101,94.6,86.6,440,147,409,47,42,8,7.1,5.2,2020
"Hampson, Garrett",641658,111,14.4,38.7,105.6,86.3,96.4,89.1,82.8,428,177,410,26,23.4,9,8.1,4.9,2020
"Galvis, Freddy",520471,111,13.6,27,107.7,87,96.5,92.5,82.9,400,157,375,31,27.9,5,4.5,3.1,2020
"Adames, Willy",642715,111,12.5,36.9,109.1,88.8,100.6,96.1,83.4,426,162,395,45,40.5,11,9.9,5.4,2020
"Dozier, Hunter",641531,110,17,26.4,110.3,86.4,98.3,89.4,86.5,442,171,406,34,30.9,9,8.2,4.8,2020
"Hernández, Enrique",571771,109,16.2,26.6,110.2,88.5,99.7,93.2,86.7,414,164,381,47,43.1,8,7.3,5.4,2020
"Rosario, Amed",642708,109,4.2,30.3,107.8,86.5,97.6,89.1,85.4,434,131,399,36,33,4,3.7,2.7,2020
"Lopes, Tim",621005,109,6.5,29.4,109.1,87.2,98.5,92.3,85.3,376,137,374,43,39.4,3,2.8,2,2020
"Piscotty, Stephen",572039,108,13.5,34.3,111.1,88.1,99.2,92.7,84.7,454,163,415,43,39.8,7,6.5,4.1,2020
"Valaika, Pat",642162,108,18.2,38.9,108.2,88.7,98.2,91.9,86.2,429,192,392,37,34.3,9,8.3,6,2020
"Hoskins, Rhys",656555,108,25.1,32.4,111.2,89.7,100.5,93.9,85.3,421,199,393,45,41.7,16,14.8,8.6,2020
"Torres, Gleyber",650402,108,14.9,33.3,110.2,88.6,98.8,91.1,85.9,438,179,423,41,38,4,3.7,2.5,2020
"Tsutsugo, Yoshi",660294,108,17.2,25,108.9,90.2,100.5,95.2,88.4,437,171,395,51,47.2,10,9.3,5.4,2020
"Mullins, Cedric",656775,107,15.9,23.4,110.2,88.6,98.5,92.5,87.4,427,126,402,34,31.8,3,2.8,2,2020
"McMahon, Ryan",641857,107,9.2,27.1,109.7,90.1,101.2,95.5,85.7,451,168,418,46,43,12,11.2,6.2,2020
"Rojas, Miguel",500743,107,12.2,38.3,107,87.2,97.1,88.6,86.3,416,170,389,33,30.8,1,0.9,0.7,2020
"Markakis, Nick",455976,107,9.5,35.5,106.1,89,99,90.6,89.5,394,156,392,45,42.1,2,1.9,1.4,2020
"Encarnación, Edwin",429665,106,22.8,29.2,112.9,85.4,98.6,92.4,79.1,448,186,408,35,33,14,13.2,7.7,2020
"DeJong, Paul",657557,106,21.7,41.5,105.5,89.2,99,93.3,83.8,409,201,395,43,40.6,8,7.5,4.6,2020
"Grandal, Yasmani",518735,105,15.6,38.1,110.5,90.3,99.9,95.3,84.9,441,189,408,46,43.8,8,7.6,4.1,2020
"Upton, Justin",457708,105,18.6,25.7,111.5,91.7,101.5,96.4,88.9,430,179,392,46,43.8,9,8.6,5.4,2020
"García Jr., Luis",671277,105,-3.6,27.6,111.1,83.5,96.5,90.6,79.7,427,111,419,31,29.5,5,4.8,3.6,2020
"Moustakas, Mike",519058,105,16.3,36.2,111.7,88.8,100,93,84.4,421,199,391,42,40,10,9.5,6.1,2020
"France, Ty",664034,104,14.8,44.2,108.2,85.7,97.1,91.5,81.1,446,176,425,31,29.8,9,8.7,5.8,2020
"Winker, Jesse",608385,104,10.5,37.5,113,92.1,101.6,95.3,89.5,447,176,392,51,49,14,13.5,7.7,2020
"Moreland, Mitch",519048,104,12.5,31.7,110.1,88.2,99.4,93.9,82,427,172,397,42,40.4,15,14.4,9.9,2020
"Braun, Ryan",460075,103,15.3,35.9,110.2,89.8,100.3,92.6,90.3,426,173,397,42,40.8,12,11.7,8.5,2020
"Ohtani, Shohei",660271,103,9.2,32,111.9,89.1,100.1,94.1,84.3,439,154,402,44,42.7,11,10.7,6.3,2020
"Murphy, Daniel",502517,103,15.5,35.9,109.6,85.1,95.4,86.9,86.8,410,164,389,26,25.2,5,4.9,3.8,2020
"Simmons, Andrelton",592743,102,6,27.5,105.8,86.5,96.4,87.8,89,359,113,NA,32,31.4,0,0,0,2020
"Acuña Jr., Ronald",660670,100,18.1,34,114.8,92.3,105.3,99.5,84.9,495,206,414,56,56,16,16,7.9,2020
"Hays, Austin",669720,99,11,27.3,106.9,87,97.3,88.8,86.5,407,146,405,31,31.3,4,4,3,2020
"White, Evan",657108,99,13.7,26.3,112.8,91.7,102.4,97.2,87.7,440,177,405,52,52.5,14,14.1,6.9,2020
"Mountcastle, Ryan",663624,98,10.8,34.7,108.2,87.4,100.1,91.4,86.1,420,164,409,41,41.8,7,7.1,5,2020
"Chavis, Michael",656308,98,10,37.8,108.3,88.3,99.3,93.2,84.2,428,159,410,37,37.8,7,7.1,4.4,2020
"O'Neill, Tyler",641933,97,15.1,23.7,107.4,88,99.3,95.4,79.8,438,174,404,38,39.2,8,8.2,5.1,2020
"Miller, Brad",543543,97,11.2,33,110.3,89.8,100.7,95.2,85.7,446,170,409,42,43.3,13,13.4,7.6,2020
"Díaz, Yandy",650490,97,-7.9,24.7,113,88.3,98.6,92.9,86.1,426,101,385,30,30.9,2,2.1,1.4,2020
"Sogard, Eric",519299,96,15.2,43.8,104.6,84.4,92.2,85.8,84,380,167,380,14,14.6,0,0,0,2020
"Bichette, Bo",666182,96,12,37.5,109.2,89.2,100.6,95.9,84.5,435,177,403,39,40.6,12,12.5,9.4,2020
"Gardner, Brett",458731,96,15,35.4,107.9,89.2,98.9,93.6,84.4,412,178,384,35,36.5,5,5.2,3.2,2020
"Sanó, Miguel",593934,96,20.2,31.3,115.8,95.2,107.1,101.3,91,458,203,412,55,57.3,22,22.9,10.7,2020
"Kiermaier, Kevin",595281,96,-0.4,28.1,110.2,87.7,99.4,95.4,84.2,427,118,413,40,41.7,6,6.3,3.8,2020
"Buxton, Byron",621439,96,23.6,25,111.9,91.2,102.6,96.8,86.6,442,187,410,46,47.9,13,13.5,9.6,2020
"Suzuki, Kurt",435559,95,18,31.6,104,83.9,94.6,88.2,80.8,390,183,384,23,24.2,3,3.2,2.3,2020
"Polanco, Gregory",570256,95,20.8,36.8,114.2,92.9,103.4,97,91,446,208,411,49,51.6,12,12.6,6.9,2020
"Tellez, Rowdy",642133,95,10.6,30.5,117.4,90.7,103.1,95.9,88.1,459,161,409,43,45.3,8,8.4,6.3,2020
"Naquin, Tyler",571980,95,13,34.7,110.3,91.7,101.8,95,89.5,425,171,387,49,51.6,9,9.5,6.4,2020
"Castro, Willi",650489,94,11.3,38.3,109.6,85.3,98.3,89.1,82.4,445,170,398,30,31.9,9,9.6,6.4,2020
"Moore, Dylan",664238,94,17.3,39.4,109.8,90.4,100.9,95,85.5,436,188,398,42,44.7,13,13.8,8.2,2020
"Inciarte, Ender",542255,94,8.4,29.8,98.5,78.2,89.4,85.3,71.2,384,147,384,6,6.4,1,1.1,0.8,2020
"Jansen, Danny",643376,93,16.3,35.5,109.3,85.1,98.2,90.5,78,427,179,409,33,35.5,8,8.6,5.4,2020
"Smith, Will",669257,93,24.2,41.9,108.8,90.8,100.2,94.5,81.3,439,218,396,44,47.3,12,12.9,8.8,2020
"Kelly, Carson",608348,93,16.7,32.3,105.4,86.3,97.3,89.4,84.6,425,173,394,32,34.4,4,4.3,3.1,2020
"Panik, Joe",605412,93,9.3,34.4,105.8,87.5,97,91.9,84.7,412,149,412,31,33.3,1,1.1,0.7,2020
"Odor, Rougned",596059,93,20.7,28,110.6,86,98.4,93.3,79.9,434,184,394,30,32.3,11,11.8,7.4,2020
"Carpenter, Matt",572761,92,17.1,44.6,106.2,88.1,97.5,93.1,79.8,439,204,404,33,36.3,9,9.8,5.3,2020
"Sánchez, Gary",596142,92,19.2,29.3,117.5,91.8,104,99,85.9,457,188,405,46,50,16,17.4,9,2020
"Goodrum, Niko",592348,92,16,34.8,105.6,88.8,98.9,94.3,81.8,426,197,402,37,40.2,9,9.8,5,2020
"Mazara, Nomar",608577,92,6.7,28.3,109.1,91,101,93.8,90.2,414,142,414,45,48.9,7,7.6,4.7,2020
"Goodwin, Brian",571718,92,20.7,41.3,109.6,89.9,99.4,93.8,85,411,197,392,38,41.3,10,10.9,6.1,2020
"Giménez, Andrés",665926,91,13.5,30.8,109.5,86.8,96.8,89.9,86.8,388,141,382,24,26.4,3,3.3,2.3,2020
"Bryant, Kris",592178,91,20.7,34.1,108.8,86.1,97.6,92.4,79.9,446,181,420,29,31.9,5,5.5,3.4,2020
"Soler, Jorge",624585,90,15.5,36.7,114,92.5,104.2,98,87.2,448,183,410,46,51.1,17,18.9,9.8,2020
"Chapman, Matt",656305,89,24.1,40.4,115.9,93.6,103.8,99,86.8,444,205,414,46,51.7,16,18,10.5,2020
"Choi, Ji Man",596847,89,15.7,30.3,109.9,89,100,94.5,85.1,429,167,401,35,39.3,3,3.4,2.1,2020
"Cooper, Garrett",643265,89,9.5,39.3,109.7,90.1,101,92.5,87.4,455,172,419,37,41.6,9,10.1,6.8,2020
"Stallings, Jacob",607732,88,12.4,31.8,105,88.6,99.1,91,86,419,178,401,33,37.5,4,4.5,2.8,2020
"Frazier, Clint",640449,88,11.6,38.6,108.8,89.4,100.2,94.5,82.7,410,180,381,38,43.2,11,12.5,6.9,2020
"Pederson, Joc",592626,87,12.5,26.4,112.1,93,102.2,98.1,90.4,435,157,411,39,44.8,9,10.3,6.5,2020
"Joyce, Matt",459964,87,12.5,36.8,106.2,86.7,96.4,91,81.7,404,181,395,28,32.2,3,3.4,2,2020
"Maldonado, Martín",455117,86,19.1,38.4,106.7,86.1,96.2,90,81.8,418,173,383,23,26.7,7,8.1,4.2,2020
"Bote, David",623520,86,9.3,25.6,110.3,92.4,102.3,95.8,91,455,150,414,45,52.3,9,10.5,6.2,2020
"Berti, Jon",542932,86,7.2,32.6,109.9,86.6,98.3,87.1,86.9,417,130,409,29,33.7,3,3.5,2,2020
"Renfroe, Hunter",592669,86,17.5,23.3,111.9,89.6,100.9,96.5,85.7,445,167,406,34,39.5,9,10.5,6.5,2020
"Hoerner, Nico",663538,86,0.8,26.7,106.7,87.5,97.8,93.5,84,391,130,NA,32,37.2,1,1.2,0.8,2020
"Camargo, Johan",622666,85,9.8,23.5,106.3,87.3,98.1,93.3,83.6,442,150,399,28,32.9,4,4.7,3.1,2020
"Caratini, Victor",605170,85,6.2,25.9,111,87.9,99.4,93.4,85,398,141,371,31,36.5,3,3.5,2.3,2020
"Romine, Austin",519222,84,7.7,33.3,111.6,87.9,101.3,91.7,87.9,418,142,389,40,47.6,4,4.8,3,2020
"Meadows, Austin",640457,84,24.2,28.6,108.6,90.3,100,94.4,85.4,445,208,407,37,44,6,7.1,3.9,2020
"Vogelbach, Daniel",596129,82,10.2,29.3,111.4,89.5,100.4,95.7,84.2,441,157,408,34,41.5,7,8.5,5.1,2020
"Gyorko, Jedd",576397,81,15.3,35.8,108,88.6,99.8,95.1,83.4,423,179,396,35,43.2,13,16,9.6,2020
"Thames, Eric",519346,81,14.6,35.8,105.8,88.7,99.4,95.3,83.6,429,177,410,38,46.9,5,6.2,3.6,2020
"Long Jr., Shed",643418,80,2.6,21.3,107.5,87.1,97.8,94.6,83.8,414,112,411,26,32.5,5,6.3,3.9,2020
"Murphy, Sean",669221,79,14.7,31.6,112.5,92.2,102.2,97.1,89.1,464,172,418,39,49.4,10,12.7,7.1,2020
"Choo, Shin-Soo",425783,79,11.4,38,111.2,90,99.6,95.1,86.1,405,158,397,28,35.4,8,10.1,6.3,2020
"Smoak, Justin",475253,78,15.3,33.3,107,89.6,98.9,95.2,85.6,416,171,379,31,39.7,3,3.8,2.3,2020
"O'Hearn, Ryan",656811,77,11.9,32.5,105.4,90.7,99.8,95.8,86.1,433,173,421,34,44.2,5,6.5,3.8,2020
"Taveras, Leody",665750,77,14.3,41.6,107.8,88.9,100.1,91.9,88.1,404,164,393,32,41.6,5,6.5,3.7,2020
"Kemp, Matt",461314,76,11.9,38.2,109.6,85.3,96.9,91,81,468,175,418,22,28.9,6,7.9,4.5,2020
"Gamel, Ben",592325,75,11.5,49.3,108.2,87.9,98.1,91.8,84.8,425,166,406,24,32,5,6.7,3.9,2020
"Kipnis, Jason",543401,75,18.2,28,107,86.2,97,90.9,84.9,426,182,422,23,30.7,7,9.3,5.2,2020
"Narváez, Omar",553882,69,18.7,36.2,105.5,81.6,91.8,87.6,77.7,387,166,365,15,21.7,5,7.2,4,2020
"Adell, Jo",666176,69,11.4,30.4,115.5,90.6,101.2,93.2,90.9,437,157,407,25,36.2,3,4.3,2.3,2020
"Bader, Harrison",664056,67,15.7,35.8,107.9,86,98.8,94.4,79.2,425,169,414,24,35.8,8,11.9,6.4,2020
"Merrifield, Whit",593160,573,14.1,39.8,107.8,86.9,96.2,91.4,82.2,414,169,384,165,28.8,20,3.5,2.8,2021
"Fletcher, David",664058,573,8.4,30,107.9,82.3,92.7,83.3,83.8,377,129,369,90,15.7,0,0,0,2021
"Edman, Tommy",669242,552,9.5,31.5,112.9,87.5,98.1,90.5,86,436,151,405,194,35.1,23,4.2,3.3,2021
"Kiner-Falefa, Isiah",643396,548,5.4,31.6,107.9,85.5,96.3,89.5,83.6,423,134,401,158,28.8,10,1.8,1.5,2021
"Altuve, Jose",514888,517,15.6,31.9,109.1,87.7,98.4,92.9,84.1,435,163,386,181,35,33,6.4,4.9,2021
"Frazier, Adam",624428,512,12.6,38.9,108.7,85.4,94.8,87.1,85.3,411,158,383,129,25.2,5,1,0.8,2021
"Crawford, J.P.",641487,510,9.8,34.1,110.5,86.3,97.3,88.3,86.4,430,146,383,156,30.6,12,2.4,1.7,2021
"Semien, Marcus",543760,509,20.3,35.2,109.5,89.7,99.3,93.9,84.3,439,199,388,210,41.3,50,9.8,6.9,2021
"LeMahieu, DJ",518934,508,5,33.3,110.6,90.6,100.1,92.9,89.2,412,141,375,220,43.5,19,3.7,2.8,2021
"Albies, Ozzie",645277,508,21.1,37,111.4,89.6,98.7,92.3,86.3,439,200,401,189,37.2,47,9.3,6.9,2021
"Bichette, Bo",666182,507,7.3,33.5,115.5,91.4,102.6,94.6,90,468,153,401,241,47.5,50,9.9,7.2,2021
"Arenado, Nolan",571448,504,20,34.1,110.6,89,98.7,92.1,87.4,409,188,387,189,37.5,34,6.7,5.2,2021
"Schoop, Jonathan",570731,498,10.8,30.1,117.1,88.1,101.2,91.7,87.9,440,145,395,200,40.2,34,6.8,5,2021
"Guerrero Jr., Vladimir",665489,496,9.4,33.7,117.4,95.1,106.8,98.5,93.4,465,172,409,274,55.2,75,15.1,10.7,2021
"Freeman, Freddie",518692,495,12,37.2,113.6,91.4,101.8,95.4,87.4,446,178,407,228,46.1,57,11.5,8.2,2021
"Turner, Trea",607208,489,11.4,34.6,112.2,89.6,101.3,92.6,88.1,443,159,406,226,46.2,36,7.4,5.6,2021
"Newman, Kevin",621028,485,9.9,31.8,109.4,85.3,95.8,86.8,86.1,400,146,384,126,26,8,1.6,1.4,2021
"Cronenworth, Jake",630105,483,12.5,35.8,110.8,88.6,98.7,92.2,86.5,445,165,400,169,35,35,7.2,5.4,2021
"Mullins, Cedric",656775,482,14.8,35.5,109.7,89.4,99.4,92.4,88.7,440,171,397,190,39.4,39,8.1,5.8,2021
"Polanco, Jorge",593871,476,19.3,36.1,109.9,89.4,99.6,93.5,83.1,435,188,399,178,37.4,48,10.1,7.5,2021
"Gurriel, Yuli",493329,474,13.4,31,109.1,89.8,99.9,91,91.3,413,161,384,199,42,16,3.4,2.6,2021
"Machado, Manny",592518,473,14,33.8,119.6,93.1,104.9,96.8,91.5,453,177,401,247,52.2,63,13.3,9.8,2021
"Goldschmidt, Paul",502671,472,17.1,36.9,112.2,92.6,102.7,96.6,88.7,470,188,415,239,50.6,64,13.6,9.4,2021
"France, Ty",664034,471,11,35.9,111.1,88.5,99.6,92.5,85.5,442,160,403,183,38.9,32,6.8,4.9,2021
"Ramírez, José",608070,470,18.3,33.4,112.6,90,100.9,94.7,88.1,429,179,388,199,42.4,52,11.1,8.2,2021
"Santana, Carlos",467793,468,12.9,28,111.2,89.9,100.5,94.1,88.2,447,155,408,196,41.9,32,6.8,4.9,2021
"Olson, Matt",621566,463,16.2,32.4,115.3,91.6,102.9,96.1,88.7,445,178,401,226,48.8,59,12.7,8.8,2021
"Haniger, Mitch",571745,459,14.8,33.6,110,89.3,100.9,94.2,85.2,438,172,401,207,45.1,58,12.6,8.4,2021
"Perez, Salvador",521692,454,15.9,34.1,114.4,93,104.1,97.6,88.8,460,189,407,255,56.2,74,16.3,11.1,2021
"Verdugo, Alex",657077,453,7.7,34.7,110.8,90,100.4,94.6,87.2,446,150,402,196,43.3,33,7.3,5.5,2021
"Devers, Rafael",646240,452,13.1,35.2,114.4,92.9,104.1,97.3,90.3,457,175,414,234,51.8,68,15,10.2,2021
"Straw, Myles",664702,448,11.9,41.7,109.8,87.1,95.7,88,86.7,409,165,364,117,26.2,6,1.3,0.9,2021
"Seager, Kyle",572122,446,19.5,35.7,111,89,99.7,94.1,82.4,446,196,402,179,40.1,55,12.3,8.2,2021
"Correa, Carlos",621043,445,12.1,33.5,116.4,90.2,101.6,94,88.5,442,166,386,190,42.7,42,9.4,6.6,2021
"Reynolds, Bryan",668804,444,13.4,39.9,112.7,89.4,100.9,93.8,84,454,181,410,181,40.8,46,10.4,7.1,2021
"Turner, Justin",457759,441,19.2,36.5,109.8,90.9,99.6,93.3,89,425,192,394,187,42.4,35,7.9,5.7,2021
"Segura, Jean",516416,441,5.8,30.8,113.1,87.2,99.7,92.5,84.6,433,137,396,165,37.4,26,5.9,4.6,2021
"Hernández, César",514917,438,10.7,32.6,110.2,87.4,98.4,90.6,85.3,425,159,395,145,33.2,30,6.8,4.7,2021
"Lopez, Nicky",670032,438,2.8,27.4,107.9,86.8,95.9,90,85.2,395,121,382,118,26.9,3,0.7,0.5,2021
"Alonso, Pete",624413,438,14.7,34.5,118.4,91,103.7,95.5,88,453,183,407,207,47.3,65,14.8,10.2,2021
"Rosario, Amed",642708,434,5.6,32,111.5,88.8,100.1,90.8,88.7,423,140,404,188,43.5,12,2.8,2,2021
"Harrison, Josh",543281,433,14.5,39.5,108.2,87.2,97.2,89.9,85.5,417,172,396,141,32.6,19,4.4,3.4,2021
"Abreu, José",547989,433,10.4,31.2,115.6,92,102.9,95.3,90,458,161,402,213,49.3,44,10.2,6.7,2021
"Riley, Austin",663586,430,14.2,36.5,114.2,90.1,102.9,95,84.8,449,178,403,196,45.6,57,13.3,8.6,2021
"Swanson, Dansby",621020,429,14.1,36.6,109.6,89.3,99.9,94.4,83.8,440,177,403,183,42.7,49,11.4,7.5,2021
"Escobar, Eduardo",500871,426,20.8,38,110.8,87,98.2,91.8,82.2,453,190,407,147,34.5,38,8.9,6.3,2021
"Blackmon, Charlie",453568,426,10.2,32.6,109.8,87.6,99.4,92.7,84.4,444,157,410,164,38.5,30,7,5.2,2021
"Martinez, J.D.",502110,425,16.9,41.2,113.2,92.1,102.4,95.3,88.1,444,195,398,210,49.4,53,12.5,8.4,2021
"Andrus, Elvis",462101,423,8.1,34,109.8,87.8,98.1,91.3,86.3,422,146,401,147,34.8,9,2.1,1.7,2021
"Bogaerts, Xander",593428,423,12.5,36.4,113.6,89.6,100.9,93.7,86.4,446,168,402,182,43,41,9.7,6.8,2021
"Rojas, Miguel",500743,423,11.5,32.4,109.4,86.2,96.9,89,86.4,409,152,398,139,32.9,12,2.8,2.2,2021
"Tapia, Raimel",606132,422,-4.4,19.9,109.9,85.7,97,88.7,85,442,98,414,133,31.5,9,2.1,1.7,2021
"Candelario, Jeimer",600869,422,12.6,38.6,111,88.7,99.8,91.7,85.9,436,171,396,165,39.1,38,9,6.1,2021
"Tucker, Kyle",663656,421,17.6,42,111.1,91.4,100.8,94.3,88.8,459,201,394,200,47.5,49,11.6,8.6,2021
"Brantley, Michael",488726,417,9.9,38.8,109.4,89.5,99.7,92.8,87.6,424,159,398,179,42.9,24,5.8,4.7,2021
"Castellanos, Nick",592206,416,14,44,111.9,89.8,101.5,94.9,83,446,190,399,195,46.9,44,10.6,7.5,2021
"Mancini, Trey",641820,414,9.7,36,113.9,88.9,101.5,93.8,86,455,159,409,174,42,43,10.4,7,2021
"Soto, Juan",665742,414,5.8,29.7,116.6,93,104.6,98.1,89.4,454,148,399,218,52.7,55,13.3,8.4,2021
"Rizzo, Anthony",519203,414,14.8,31.2,115.2,90.1,100.7,93.1,88.1,449,168,402,170,41.1,32,7.7,5.6,2021
"Hosmer, Eric",543333,413,3.3,26.6,112.5,90.5,102.4,95.3,89.3,453,133,415,194,47,24,5.8,4.2,2021
"Grossman, Robbie",543257,410,21.1,39.5,110.9,87.8,97.7,90.7,84,442,198,391,140,34.1,31,7.6,4.6,2021
"Iglesias, Jose",578428,409,11.3,35.5,110.2,85.4,96.6,88.9,83.1,417,155,396,117,28.6,14,3.4,2.7,2021
"Anderson, Tim",641313,409,4.3,32.5,110.2,89.6,100.5,94.8,86.3,417,141,389,171,42.3,32,7.8,5.8,2021
"Gurriel Jr., Lourdes",666971,405,10.5,35.8,110.7,89.7,100.4,94.3,86.3,460,165,399,174,43,39,9.6,7.2,2021
"Hernández, Enrique",571771,405,17.9,36.5,111.3,90.8,100,93.7,88.1,434,191,393,175,43.2,34,8.4,5.8,2021
"Hernández, Teoscar",606192,404,13.1,37.4,115.7,91.8,103.3,96.3,86.7,464,182,405,198,49,56,13.9,9.4,2021
"Meadows, Austin",640457,404,21.7,36.1,110.3,89.3,99.2,91.9,87.4,443,201,394,153,37.9,35,8.7,5.9,2021
"Benintendi, Andrew",643217,403,15.4,38.2,107.6,89.6,98.8,93.9,83.8,420,187,391,174,43.2,36,8.9,6.7,2021
"Grichuk, Randal",545341,401,16.1,30.4,113.8,89.8,101.3,93.5,88.6,459,167,403,165,41.1,34,8.5,6.2,2021
"Bell, Josh",605137,400,4.9,28.5,115.8,92.5,103.3,96.5,90.3,448,144,411,208,52,35,8.8,6.2,2021
"Carlson, Dylan",666185,399,15.1,40.6,109,88.2,97.4,91.4,84.5,420,179,395,124,31.1,28,7,4.5,2021
"Lowe, Nathaniel",663993,398,5,31.4,113.9,90.8,101.9,93,89.4,465,146,413,181,45.5,38,9.5,5.9,2021
"Judge, Aaron",592450,397,11.6,38.5,119,95.8,107.1,98.5,93.3,455,185,402,230,58.4,70,17.6,11.1,2021
"Peralta, David",444482,397,5.3,27.2,113.8,89.3,101.2,93.1,88.1,445,133,410,166,41.8,20,5,3.7,2021
"Renfroe, Hunter",592669,397,15.6,32.7,116.4,90.1,102.7,96.3,85.6,456,177,413,176,44.3,57,14.4,10,2021
"Cruz, Nelson",443558,396,11.8,31.8,117.5,92.9,105.5,97.6,90.4,457,169,410,208,52.5,54,13.6,9.2,2021
"India, Jonathan",663697,396,13.1,33.6,110.2,87.6,99.5,93,83.4,451,164,407,153,38.6,38,9.6,6,2021
"Alvarez, Yordan",670541,395,14.1,37.2,116.4,93.2,104.4,97.4,88.5,456,192,408,214,54.2,63,15.9,10.6,2021
"Canha, Mark",592192,393,13.5,36.1,107.7,87.3,97.9,92.7,83,416,169,386,139,35.4,28,7.1,4.5,2021
"Smith, Pavin",656976,393,9,33.6,110.8,87.2,100.1,92.3,84.8,443,158,410,168,42.7,20,5.1,3.7,2021
"Story, Trevor",596115,392,17.5,34.2,111,90.6,100.8,94.1,87.5,475,187,419,167,42.6,39,9.9,6.6,2021
"Farmer, Kyle",571657,392,15.8,36,107.6,87.2,97.5,92,83.5,424,168,394,125,31.9,17,4.3,3.2,2021
"García, Adolis",666969,391,14.7,29.4,112.4,91,101.1,96.3,85.7,450,174,398,178,45.5,45,11.5,7.2,2021
"Arraez, Luis",650333,386,9.9,41.5,104.2,88.4,96.2,91.1,85.7,405,162,400,118,30.6,9,2.3,1.9,2021
"McMahon, Ryan",641857,386,14.3,40.2,111.5,90.5,100.8,93.9,86.8,478,184,409,168,43.5,28,7.3,4.7,2021
"Betts, Mookie",605141,385,18.9,34,107.9,90.3,99.1,93.3,87.1,427,186,396,158,41,30,7.8,5.5,2021
"Hays, Austin",669720,385,12.5,32.2,110.3,88.8,99.7,92.9,85.8,421,164,391,151,39.2,35,9.1,6.6,2021
"Díaz, Yandy",650490,384,6.6,28.9,113.5,89.9,101.6,93,89.2,439,145,397,156,40.6,27,7,5,2021
"Crawford, Brandon",543063,383,14.7,35.8,109.8,88.8,99.8,94.7,83.5,444,178,399,166,43.3,44,11.5,8,2021
"Walsh, Jared",665120,381,7.8,33.6,114.8,89.6,101.7,94,86.8,437,153,402,157,41.3,43,11.3,7.4,2021
"Mountcastle, Ryan",663624,380,16.3,38.9,114.6,89.1,100.5,92.5,84.9,447,189,396,151,39.7,45,11.8,7.7,2021
"Bryant, Kris",592178,380,15.1,37.1,110.4,88.2,99.2,92.8,82.8,434,180,391,152,40,39,10.3,6.7,2021
"Soler, Jorge",624585,379,15.7,30.9,117.9,91.2,103.6,95.8,88.2,465,178,422,178,47,48,12.7,8,2021
"Herrera, Odúbel",546318,379,7.3,32.5,113,88.9,100.9,92.2,88.3,434,145,413,152,40.1,18,4.7,3.7,2021
"Vázquez, Christian",543877,379,13.6,32.7,109.7,86.3,97,90.2,83.9,409,157,390,118,31.1,10,2.6,2,2021
"Muncy, Max",571970,378,15.2,34.9,112.3,91.2,102.1,97.3,83.6,466,190,411,176,46.6,61,16.1,10.3,2021
"Urías, Luis",649966,378,14.2,34.9,111.5,87.9,99.1,93.4,84.8,427,166,397,153,40.5,35,9.3,6.1,2021
"Lowe, Brandon",664040,371,16.9,37.2,111.2,89.3,100.9,93.8,83.8,441,193,398,160,43.1,52,14,8.5,2021
"Marte, Starling",516782,371,4.6,32.3,112.9,87.6,100.2,93.4,84.5,436,137,418,147,39.6,31,8.4,5.9,2021
"Wong, Kolten",543939,365,12.8,34.8,107.1,88.3,98.3,91.5,86.3,415,162,391,127,34.8,20,5.5,4.1,2021
"Lindor, Francisco",596019,365,14.4,35.3,112.9,90.7,100.7,94,88.3,436,172,396,161,44.1,30,8.2,5.7,2021
"Moncada, Yoán",660162,365,11.3,40,113.8,90.1,100.9,92.8,88,433,165,402,149,41.2,30,8.2,4.9,2021
"Arozarena, Randy",668227,364,7.6,29.7,112.6,89.9,101.3,94.5,87.3,445,149,401,154,42.3,30,8.2,5,2021
"Molina, Yadier",425877,364,15.3,34.1,108.2,88,97.7,92.1,84.6,433,173,394,115,31.6,19,5.2,4,2021
"Aguilar, Jesús",542583,363,19,34.7,110.6,89.6,100,92.5,87.4,444,193,399,149,41,31,8.5,6.1,2021
"Cabrera, Miguel",408234,363,10,32.8,112.6,91.4,102,95.9,88.1,445,162,394,178,49,30,8.3,5.7,2021
"Torres, Gleyber",650402,361,14.2,37.1,111.6,87.1,98.7,92,82.1,425,169,389,129,35.7,28,7.8,5.4,2021
"Harper, Bryce",547180,360,13.3,38.6,116.3,92.5,104.1,97.6,86.5,468,186,411,179,49.7,65,18.1,10.9,2021
"McCutchen, Andrew",457705,357,14.6,33.6,110.8,88.8,99.4,93.4,83.9,445,175,402,141,39.5,32,9,5.6,2021
"Cron, C.J.",543068,357,15.8,31.9,114.7,88.8,101.7,92.5,86.6,465,183,420,150,42,41,11.5,7.5,2021
"Stanton, Giancarlo",519317,356,10.3,32.6,122.2,95.1,108.7,99.3,93.3,472,168,414,198,56.3,56,15.7,9.7,2021
"Margot, Manuel",622534,356,10.7,31.5,109.6,87.9,99.8,92.1,86.3,427,150,401,143,40.2,18,5.1,3.9,2021
"Solak, Nick",669256,355,7,29.3,110.6,86.9,98.2,92.9,83.4,423,138,386,119,33.5,23,6.5,4.5,2021
"Simmons, Andrelton",592743,354,3.9,28.8,108.2,84.1,94.6,87.3,84,408,122,389,77,21.8,2,0.6,0.4,2021
"Lowrie, Jed",476704,353,16.4,36.5,109.9,90.7,100.2,94.1,87.7,433,188,398,162,45.9,33,9.3,6.4,2021
"Pham, Tommy",502054,351,7.6,35.6,112.7,90.8,101.8,96.1,86.7,486,159,402,167,47.6,35,10,6.2,2021
"Donaldson, Josh",518626,351,14.6,30.2,114.7,94.1,104.2,98.7,90.4,446,173,410,185,52.7,61,17.4,11.2,2021
"Rojas, Josh",668942,351,8.4,40.7,104.6,88.2,97.1,91.6,85.6,428,159,404,109,31.1,17,4.8,3.1,2021
"Ohtani, Shohei",660271,350,16.6,35.4,119,93.6,105.9,100.4,85.9,470,197,416,187,53.6,78,22.3,12.2,2021
"Wendle, Joey",621563,350,6.2,30.6,108.7,87.9,98.2,91.8,84.9,451,152,390,121,34.6,16,4.6,3.2,2021
"Realmuto, J.T.",592663,349,11.5,31.2,111.2,89.6,101.3,94.3,85.9,433,160,382,156,44.7,30,8.6,5.6,2021
"Winker, Jesse",608385,348,10.8,38.2,113.4,90.6,101.3,95.6,86.9,456,171,407,164,47.1,39,11.2,8,2021
"Grisham, Trent",663757,348,12.3,30.7,109.4,88.8,99.3,93.1,85.5,419,162,386,128,36.8,18,5.2,3.4,2021
"Taylor, Michael A.",572191,346,12.1,30.3,111.5,89.4,100.4,92.5,86.7,458,162,405,139,40.2,23,6.6,4.4,2021
"García, Avisaíl",541645,345,9.3,35.9,116.7,90.4,102.7,95.2,87.1,464,166,409,160,46.4,42,12.2,8.2,2021
"Taylor, Chris",621035,344,17.4,38.1,110.7,88.2,99.8,92.7,82.8,443,182,404,131,38.1,35,10.2,6,2021
"Duvall, Adam",594807,342,23.6,33.3,113.8,89.8,101.6,94.9,83.3,483,197,414,150,43.9,55,16.1,9.9,2021
"Adames, Willy",642715,342,16.8,35.1,112.5,89.5,100.7,94.4,83,446,189,397,153,44.7,39,11.4,7,2021
"Yastrzemski, Mike",573262,341,19.4,33.1,109.4,89.5,99.2,93.5,84.4,451,191,401,134,39.3,35,10.3,6.6,2021
"Hampson, Garrett",641658,340,13,33.5,107,87,97.2,91.6,81.5,456,174,403,106,31.2,17,5,3.4,2021
"Smith, Dominic",642086,340,14.9,40.6,109.5,89,99.2,92.6,85.6,435,179,400,138,40.6,22,6.5,4.5,2021
"Suárez, Eugenio",553993,339,18.3,33,111.9,89.1,100.3,93.9,84.7,452,190,406,135,39.8,51,15,8.9,2021
"Dozier, Hunter",641531,339,15.8,33,113,89.9,100.9,94.1,87.3,434,182,406,143,42.2,30,8.8,5.5,2021
"Flores, Wilmer",527038,336,18,32.7,109.7,88.6,97.9,92.7,84.9,429,179,393,119,35.4,20,6,4.6,2021
"Chapman, Matt",656305,336,18.6,32.1,113.3,89.7,101.1,94,86,431,187,409,140,41.7,46,13.7,7.4,2021
"Kepler, Max",596146,334,16.3,35.3,110.8,89.8,100.9,93,88.6,422,180,395,142,42.5,36,10.8,7.3,2021
"Ahmed, Nick",605113,333,10.1,27.6,109.5,87.2,96.7,90.5,85.8,419,145,399,93,27.9,8,2.4,1.7,2021
"García, Leury",544725,332,4.3,29.8,109.6,86.1,97.4,90.2,83.5,430,129,406,108,32.5,11,3.3,2.3,2021
"Tatis Jr., Fernando",665487,329,13.8,33.1,116.6,93.9,105.7,99.9,87.9,477,184,416,183,55.6,70,21.3,12.8,2021
"McNeil, Jeff",643446,329,12,30.4,108.3,88.1,97.7,91.6,87.2,417,154,403,110,33.4,14,4.3,3.3,2021
"Votto, Joey",458015,325,18.2,44.3,114.1,92.9,102.5,96.9,86.1,466,207,403,173,53.2,56,17.2,10.5,2021
"Rosario, Eddie",592696,324,15.5,34.3,108.4,88.5,98.1,93.1,84,423,173,392,116,35.8,19,5.9,4.6,2021
"Smith, Will",669257,324,19.4,38,108.6,90.1,99.8,93.8,84.5,444,205,396,142,43.8,35,10.8,7,2021
"Villar, Jonathan",542340,324,7,29.9,114.9,88,99.8,93.2,84.7,437,148,404,113,34.9,24,7.4,4.8,2021
"Chisholm Jr., Jazz",665862,324,9,28.7,112.1,90.2,100.8,94.7,87,446,152,410,136,42,29,9,5.7,2021
"Vaughn, Andrew",683734,321,9.7,33.6,115,91.1,101.7,94.5,88.2,447,169,408,151,47.3,35,10.9,7.5,2021
"Báez, Javier",595879,321,10.6,32.4,116.7,90.1,102.1,95.8,86.6,455,156,403,145,45.2,43,13.4,7.9,2021
"O'Neill, Tyler",641933,318,17.8,39.9,113.1,93,104.2,98.2,86.3,463,192,414,166,52.2,57,17.9,10.6,2021
"Pederson, Joc",592626,317,14.1,31.2,113.6,91,102,96.3,86.4,435,174,408,151,47.6,32,10.1,6.7,2021
"Narváez, Omar",553882,313,17.9,40.3,107.9,84.6,95.2,89.3,78.8,415,182,395,80,25.6,16,5.1,3.6,2021
"Franco, Maikel",596748,313,9.1,28.1,113.9,88.2,99.5,92.6,86.3,434,139,402,106,33.9,16,5.1,4,2021
"Happ, Ian",664023,312,9.9,30.8,112.1,89.5,100.7,93.8,85.6,451,159,402,129,41.3,34,10.9,6.4,2021
"Urshela, Gio",570482,312,7.5,36.2,110.4,88.9,99.8,93.2,85.4,453,157,400,131,42,25,8,5.7,2021
"Santander, Anthony",623993,310,18,34.5,112.8,90.7,101.4,94.2,90,443,180,406,135,43.5,26,8.4,5.9,2021
"Posey, Buster",457763,310,8.7,38.4,109.2,88.5,98.7,93.8,83.4,428,160,387,122,39.4,25,8.1,5.5,2021
"Castro, Willi",650489,310,11.4,34.2,115.4,85.6,98.1,88.8,85.5,424,145,390,91,29.4,16,5.2,3.6,2021
"Gregorius, Didi",544369,308,18.3,32.1,107.6,86.1,96.3,88.8,85.8,438,166,389,82,26.6,7,2.3,1.7,2021
"Naquin, Tyler",571980,308,9.6,31.2,113.5,89.8,101.6,93.3,87.6,459,154,410,128,41.6,32,10.4,7,2021
"Pollock, AJ",572041,306,12,35,111.2,90.3,101.2,95.5,84.8,430,176,405,145,47.4,34,11.1,8.1,2021
"Myers, Wil",571976,305,10.6,31.5,107.8,88,99.2,92.6,83.3,434,157,394,116,38,23,7.5,4.6,2021
"Rodgers, Brendan",663898,305,6.3,30.5,111.8,88.8,100.4,92.8,86.1,451,152,408,123,40.3,19,6.2,4.6,2021
"Conforto, Michael",624424,304,13.2,32.9,111.3,88.5,99.6,93.5,84.4,469,166,408,120,39.5,28,9.2,5.8,2021
"Bregman, Alex",608324,299,15.9,33.8,107.5,89,98.7,92,87.6,418,171,383,114,38.1,19,6.4,4.8,2021
"Gardner, Brett",458731,298,12.5,28.9,108.6,86.7,97.8,92.1,84.5,408,147,378,98,33.2,10,3.4,2.2,2021
"Walker, Christian",572233,297,15.6,34,111.1,88.8,100.3,92.4,86.7,440,177,404,122,41.1,19,6.4,4.3,2021
"Baddoo, Akil",668731,294,13.8,37.4,111.8,86,97.3,91.1,80.9,450,173,385,95,32.3,26,8.8,5.6,2021
"Stallings, Jacob",607732,291,10.7,37.1,106.2,88.1,98.1,91.1,85.5,409,164,393,106,36.4,13,4.5,3,2021
"Profar, Jurickson",595777,291,14,30.6,107.6,85.3,96.6,89.5,84,431,145,384,88,30.2,8,2.7,1.9,2021
"Seager, Corey",608369,290,10.7,36.6,115.3,91,102.1,97.3,85.7,464,172,404,143,49.3,36,12.4,8.8,2021
"Yelich, Christian",592885,289,2.8,29.4,114.9,91,102.9,96.1,87.5,454,137,409,141,48.8,22,7.6,4.6,2021
"Kemp, Tony",643393,288,18.4,38.5,100.6,86.7,94.5,89.8,82.8,387,178,359,63,21.9,3,1,0.8,2021
"Sanó, Miguel",593934,288,17.6,32.3,117.1,93.4,105.5,99.4,87.3,495,185,415,161,55.9,51,17.7,9.6,2021
"Ramírez, Harold",623912,286,6.2,24.5,114.8,91.3,102.9,95.1,90.4,428,137,393,135,47.2,18,6.3,5,2021
"Gallo, Joey",608336,286,22.7,29,115.1,91.5,103.5,98,84.7,462,190,408,130,45.8,53,18.5,8.6,2021
"Bader, Harrison",664056,284,13.3,27.1,111.5,86.2,98.2,91.3,82.7,453,161,405,90,31.7,20,7,5,2021
"Galvis, Freddy",520471,284,14.1,34.9,109.3,86.8,97.4,90.9,84.3,416,165,383,90,31.7,14,4.9,3.6,2021
"Torreyes, Ronald",591720,283,12.2,30,106.9,82.2,92.1,85.7,79.9,401,140,375,40,14.1,1,0.4,0.3,2021
"Hoskins, Rhys",656555,283,21.7,36.7,112.2,91.2,101.8,95.8,85.3,441,204,407,131,46.3,48,17,10.8,2021
"Toro, Abraham",647351,283,13.7,29.7,109,86.8,97.9,90.1,84.1,430,172,382,96,33.9,21,7.4,5.6,2021
"Murphy, Sean",669221,282,15.4,31.9,112.8,89.2,100.7,93.5,87,454,172,411,120,42.6,32,11.3,7.1,2021
"Marte, Ketel",606466,281,10.3,33.5,116,91.1,102.7,95.1,90,457,162,410,136,48.4,25,8.9,6.7,2021
"Stephenson, Tyler",663886,280,7.4,36.1,106.6,88.4,98.5,93.1,85,420,150,391,107,38.2,15,5.4,3.7,2021
"Contreras, Willson",575929,279,9.6,30.1,115.4,91.8,103.7,96,89.6,464,155,410,135,48.4,31,11.1,6.4,2021
"Díaz, Elias",553869,279,14.7,30.1,109.5,87.1,99.8,91.4,85.3,451,168,404,105,37.6,22,7.9,5.9,2021
"Hayes, Ke'Bryan",663647,277,2.6,27.4,111,90.2,101.4,93.5,88.4,424,135,394,127,45.8,14,5.1,3.5,2021
"Severino, Pedro",600474,275,15.2,33.5,114.6,88.2,101,93.8,85.5,442,160,407,106,38.5,21,7.6,5,2021
"Schwarber, Kyle",656941,274,15.4,36.9,116.6,92.3,103.9,97.3,86.5,463,186,414,143,52.2,48,17.5,10.2,2021
"Bohm, Alec",664761,273,5.6,33.3,111.6,92,102,93.6,91.5,436,145,387,135,49.5,18,6.6,4.3,2021
"Gomes, Yan",543228,272,14.1,39.3,107.7,89.6,98.9,94.2,86,429,179,397,104,38.2,24,8.8,6.4,2021
"Reyes, Franmil",614177,272,9.7,31.3,114.9,92,104.7,97.9,87.8,452,165,414,132,48.5,46,16.9,9.9,2021
"Dickerson, Corey",572816,269,10.1,29,109.8,87.8,99.3,93,85.4,432,141,398,96,35.7,8,3,2.2,2021
"Escobar, Alcides",444876,267,11.1,36.3,105.7,81.7,93.7,85.9,77.8,410,145,400,56,21,8,3,2.3,2021
"Gosselin, Phil",594838,265,11.5,30.2,110,87.6,98.4,90.5,85.8,430,158,396,93,35.1,9,3.4,2.4,2021
"McCann, James",543510,263,9.3,32.3,112.5,87.3,99.6,92.3,84.3,417,147,387,107,40.7,16,6.1,3.9,2021
"Dalbec, Bobby",666915,262,17.3,36.3,115.6,92.4,103.5,97,86.6,453,195,403,126,48.1,53,20.2,11.7,2021
"Sánchez, Gary",596142,262,20.5,34.4,113.4,89.5,101.4,95.1,83.8,446,180,406,110,42,36,13.7,8.2,2021
"Bradley Jr., Jackie",598265,258,9.6,27.9,108.4,89.7,98.9,93.5,87.6,415,144,404,104,40.3,13,5,3,2021
"Castro, Starlin",516770,257,9.2,33.9,111.2,88.4,99.9,93.1,85.8,433,148,413,103,40.1,14,5.4,4,2021
"Heyward, Jason",518792,255,7.5,27.5,115.3,88.2,100.6,93.3,87.1,428,137,405,108,42.4,12,4.7,3.4,2021
"DeJong, Paul",657557,255,16.4,33.3,109.5,86.3,98.6,93.5,79,431,182,400,90,35.3,27,10.6,6.7,2021
"Solano, Donovan",456781,254,11,39.8,108.1,88.3,98.2,92,84.1,410,175,390,93,36.6,19,7.5,5.5,2021
"Lux, Gavin",666158,254,11.3,34.6,109.7,89.8,99.9,92.6,88.7,421,154,399,102,40.2,10,3.9,2.6,2021
"Wade Jr., LaMonte",664774,254,19.8,37.8,109.3,90.1,99.9,92.7,88.4,430,189,396,106,41.7,27,10.6,7.1,2021
"Kiermaier, Kevin",595281,253,1.1,29.6,107.9,86.6,98,91.3,84.5,406,130,376,92,36.4,10,4,2.6,2021
"Barnhart, Tucker",571466,251,15.5,37.1,106.7,87.1,96.4,91,83.4,412,172,392,78,31.1,10,4,2.6,2021
"Torrens, Luis",620443,250,6.1,34.4,109.2,90.9,100.3,95,87.9,432,153,391,108,43.2,26,10.4,6.9,2021
"Nimmo, Brandon",607043,248,8.8,34.3,111.5,89.3,100.1,91.4,88.8,423,149,397,102,41.1,10,4,2.6,2021
"Maldonado, Martín",455117,247,17.6,30.8,108.2,88,97.3,91.6,83.1,401,178,378,82,33.2,14,5.7,3.3,2021
"Pillar, Kevin",607680,245,20.2,34.7,110.5,85.8,97.3,91.3,83.1,418,180,393,78,31.8,18,7.3,5.2,2021
"Laureano, Ramón",657656,244,11.9,37.7,112.1,87.9,100.5,94,82.7,432,167,407,98,40.2,26,10.7,6.9,2021
"Gamel, Ben",592325,241,16.7,41.5,108.5,89,98.8,92.6,84,423,193,396,88,36.5,19,7.9,4.8,2021
"Polanco, Gregory",570256,240,15.9,32.5,116.2,89.9,102.6,95.8,86.1,428,177,408,116,48.3,23,9.6,6,2021
"Kelly, Carson",608348,235,18.6,37.9,109.2,88.2,98.1,92.2,84.1,438,191,396,80,34,20,8.5,5.6,2021
"Caratini, Victor",605170,235,8.4,31.5,112.5,90,101.4,92.1,89.5,440,151,388,104,44.3,16,6.8,4.5,2021
"Robles, Victor",645302,235,19.9,30.2,108.3,84.1,96.9,90.6,78.8,424,154,412,64,27.2,6,2.6,1.6,2021
"Moran, Colin",592567,234,7.2,34.2,110.2,89.1,99.6,93.5,85.6,432,148,392,87,37.2,19,8.1,5.3,2021
"Haase, Eric",606992,234,16,35.9,113.2,90.9,102.2,95.7,86.9,442,183,407,112,47.9,32,13.7,8.4,2021
"Cabrera, Asdrúbal",452678,233,14.5,30,106.6,87.8,97.1,92.7,84.1,409,165,392,72,30.9,14,6,4,2021
"Kelenic, Jarred",672284,232,14.4,32.8,110.9,87.5,99.2,92.7,83.8,435,171,402,91,39.2,23,9.9,6.1,2021
"Heredia, Guillermo",628338,225,12.7,35.6,109.7,86.6,98.1,92.1,82.1,433,162,402,78,34.7,9,4,2.6,2021
"Bellinger, Cody",641355,224,22.2,33.5,107.4,89.3,98.2,92.2,85.4,422,186,383,77,34.4,16,7.1,4.6,2021
"Odor, Rougned",596059,223,19.6,29.1,112.1,89.1,100,94.3,84.2,443,166,398,84,38,20,9,5.5,2021
"Belt, Brandon",474832,223,23,35,109.9,89.2,101.2,94.2,79.3,452,207,399,100,44.8,38,17,10,2021
"Moore, Dylan",664238,222,20.4,33.3,110.3,86.5,98.1,90.5,84.3,427,179,402,74,33.3,19,8.6,5,2021
"Springer, George",543807,221,19,37.1,116.4,89.4,101.6,95.4,84.5,470,190,403,92,41.6,34,15.4,9.9,2021
"Miller, Brad",543543,219,12.9,31.1,113.9,92.4,103.1,96,90,443,164,401,105,47.9,27,12.3,7.2,2021
"Acuña Jr., Ronald",660670,217,18.2,39.6,117.9,93.8,105.9,97.9,88.4,481,200,416,119,54.8,44,20.3,12.2,2021
"Upton, Justin",457708,214,15.6,30.4,116.5,90.1,101.8,93.9,87.7,436,172,401,89,41.6,25,11.7,6.9,2021
"Grandal, Yasmani",518735,203,14.2,32.5,112,93.1,103.7,98.3,89.2,457,177,404,108,53.2,27,13.3,7.2,2021
"Zunino, Mike",572287,202,23.2,31.7,117.3,90.7,103.9,100,81.4,472,195,403,95,47,49,24.3,13.1,2021
"Wisdom, Patrick",621550,185,19.1,39.5,114.2,91.2,103,96.2,83.8,453,204,410,96,51.9,30,16.2,8,2021
"Zimmer, Bradley",605548,181,7,29.3,113.9,90.7,102.6,95.2,87.4,471,152,438,77,42.5,17,9.4,4.9,2021
"Semien, Marcus",543760,547,19.9,32.4,110.1,87.3,97.8,91.3,84.2,430,186,394,191,34.9,37,6.8,5.1,2022
"Rosario, Amed",642708,530,5,31.1,110.8,88.4,99.7,92.1,86.9,450,138,407,203,38.3,24,4.5,3.6,2022
"Ramírez, José",608070,528,20.7,33.7,114.2,87.7,98.9,91.2,86.9,422,179,392,195,36.9,35,6.6,5.1,2022
"Turner, Trea",607208,527,10.2,35.3,112.5,88.9,100.2,92.1,86.3,439,163,402,219,41.6,40,7.6,5.6,2022
"Guerrero Jr., Vladimir",665489,526,4.3,27.9,118.4,92.8,105.5,98.2,90.3,467,144,407,265,50.4,59,11.2,8.4,2022
"Freeman, Freddie",518692,517,13.6,42.9,112.3,91.3,100.8,94.5,87.5,446,185,407,247,47.8,51,9.9,7.2,2022
"Verdugo, Alex",657077,513,8.4,37.8,111,89.1,99.1,93.1,85.9,447,163,399,196,38.2,31,6,4.8,2022
"Kwan, Steven",680757,509,11.8,34.6,107.1,85.1,94.2,87.4,83.9,400,155,381,106,20.8,7,1.4,1.1,2022
"Arraez, Luis",650333,507,12.9,38.7,107.3,88.9,96.2,90.8,87.5,403,169,381,153,30.2,18,3.6,3,2022
"Lindor, Francisco",596019,504,13.8,29.2,110.7,89.3,99.7,93.5,86.7,440,163,394,208,41.3,42,8.3,5.9,2022
"Bichette, Bo",666182,499,8.5,33.3,112.4,91.9,102.7,95.2,89.9,427,156,388,251,50.3,48,9.6,6.9,2022
"Abreu, José",547989,495,8,34.5,113,92.2,103,95,90.3,451,159,406,256,51.8,47,9.5,6.9,2022
"Seager, Corey",608369,495,13.6,38.4,111.3,91.1,101.6,94.6,86.7,435,185,404,225,45.5,52,10.5,7.8,2022
"Arenado, Nolan",571448,489,21.7,35.4,111.4,88.8,99.6,93,85.4,428,186,387,190,38.9,40,8.2,6.5,2022
"Mullins, Cedric",656775,488,17.4,29.1,109.4,88.8,98.9,91.3,89.5,433,164,389,182,37.3,24,4.9,3.6,2022
"Bohm, Alec",664761,486,10.4,37.7,110.8,90.2,100.6,92.4,89.6,431,156,393,209,43,33,6.8,5.2,2022
"Bregman, Alex",608324,481,19.5,36.2,109.2,88.9,98.4,92.6,85.5,412,186,380,182,37.8,35,7.3,5.3,2022
"Profar, Jurickson",595777,478,12.9,34.5,109.4,87.5,97.9,90.2,85.8,418,156,381,164,34.3,19,4,2.9,2022
"Frazier, Adam",624428,478,13.6,37.4,105.1,85.1,95,88.9,82.5,403,159,344,117,24.5,7,1.5,1.2,2022
"Alonso, Pete",624413,478,18.2,34.5,116.5,89.8,102.8,94.4,87.4,451,180,404,214,44.8,59,12.3,8.6,2022
"McNeil, Jeff",643446,477,12.8,39,110,86.9,96.3,89.9,85.6,410,166,394,144,30.2,13,2.7,2.2,2022
"Gurriel, Yuli",493329,475,14.6,30.3,109.6,88.2,98.3,90.5,89.2,401,161,377,169,35.6,9,1.9,1.5,2022
"Betts, Mookie",605141,472,18.6,36.2,109,90.5,100,94.7,85.5,421,199,394,212,44.9,46,9.7,7.2,2022
"Nimmo, Brandon",607043,470,6.1,28.1,111.9,89.4,100.3,92.1,88.8,434,142,402,187,39.8,33,7,4.9,2022
"Edman, Tommy",669242,468,8.7,31.4,112.8,88.6,98.9,92.7,87.4,427,147,393,177,37.8,29,6.2,4.6,2022
"Cronenworth, Jake",630105,464,18.2,32.3,108.6,87.6,97.9,91.4,84.3,423,184,389,158,34.1,26,5.6,3.8,2022
"Swanson, Dansby",621020,462,15.7,37,109.6,90.2,100.8,94.6,84.9,441,183,407,214,46.3,50,10.8,7.2,2022
"France, Ty",664034,462,10,34.8,110.4,87.6,99,91.3,85.5,438,153,398,170,36.8,25,5.4,4.1,2022
"Witt Jr., Bobby",677951,461,16.8,32.5,113.7,89.7,100.8,92.6,87.3,443,183,416,178,38.6,40,8.7,6.3,2022
"Walker, Christian",572233,459,17,33.3,112.6,90,101.5,93.8,87.7,467,181,414,202,44,53,11.5,7.9,2022
"Santander, Anthony",623993,457,21.4,33.5,112,90.1,101.3,94.3,88.9,455,185,398,198,43.3,53,11.6,8.2,2022
"Bell, Josh",605137,456,8.4,30.7,112.2,88.9,100.6,92.6,87.6,443,146,403,186,40.8,33,7.2,5.1,2022
"Straw, Myles",664702,454,9.8,34.1,104.8,87,95.5,88.5,86.4,388,152,NA,120,26.5,3,0.7,0.5,2022
"Hernández, César",514917,451,9.3,33,110.8,84.8,96.4,88.2,83.5,398,144,398,134,29.7,11,2.4,1.8,2022
"Riley, Austin",663586,451,12.9,37.7,115.9,92.5,104.4,97.7,87.2,441,183,411,229,50.8,71,15.7,10.2,2022
"Tucker, Kyle",663656,451,19,34.4,111.3,90,100.3,93.5,85.8,445,194,395,191,42.4,46,10.2,7.6,2022
"Olson, Matt",621566,450,16.1,33.8,116.8,92.9,103.7,96.4,90.6,443,178,403,229,50.9,61,13.6,8.7,2022
"Machado, Manny",592518,447,16,36.7,112.4,91.5,102.6,95,90.5,463,179,401,219,49,44,9.8,6.8,2022
"Bogaerts, Xander",593428,446,10.2,30.3,113,88.1,100,92.1,85.8,423,148,390,176,39.5,29,6.5,4.6,2022
"Lowe, Nathaniel",663993,446,8.2,34.1,113,90.2,102,93.5,88.6,452,156,408,200,44.8,44,9.9,6.8,2022
"Crawford, J.P.",641487,445,8.9,32.4,109.3,85.1,96.7,89.2,83.1,417,140,396,132,29.7,9,2,1.5,2022
"Devers, Rafael",646240,444,11.3,33.1,113.7,93.1,103.8,96.6,91.1,441,167,404,226,50.9,51,11.5,8.3,2022
"Andrus, Elvis",462101,443,11.9,28.9,109.9,87.9,98.3,91.2,87.6,444,149,394,154,34.8,20,4.5,3.5,2022
"Altuve, Jose",514888,441,16.1,35.1,109.8,85.9,97.3,91.1,82.1,422,163,388,131,29.7,34,7.7,5.6,2022
"Kemp, Tony",643393,436,15,33.3,103.2,84.4,93.1,89,81.2,392,152,373,65,14.9,7,1.6,1.3,2022
"Farmer, Kyle",571657,435,12.7,37.7,106.6,85.5,97.1,90.3,82.3,431,156,389,146,33.8,19,4.4,3.3,2022
"Arozarena, Randy",668227,432,8.8,28.2,114.1,89.9,101.2,95.1,87.7,431,140,400,177,41,34,7.9,5.3,2022
"Rodgers, Brendan",663898,431,4.6,31.3,112.2,90,101.1,93.8,87.4,438,144,417,198,45.9,31,7.2,5.3,2022
"Flores, Wilmer",527038,429,20.7,35.7,108.3,87.8,97.7,90.8,85,421,183,384,152,35.4,27,6.3,4.5,2022
"Happ, Ian",664023,428,10.9,29.2,113.9,89.7,100.3,94.3,86.2,429,157,390,172,40.4,28,6.5,4.4,2022
"Soto, Juan",665742,428,9.1,28.5,113.2,91,102.2,97.2,86.1,451,157,410,203,47.4,53,12.4,8,2022
"García, Adolis",666969,428,13.2,36.7,113,92.1,102.4,96.4,88.9,453,175,403,203,47.4,55,12.9,8.4,2022
"Ohtani, Shohei",660271,428,12.1,35,119.1,92.9,103.8,97.3,88.4,462,178,408,213,49.8,72,16.8,10.8,2022
"Blackmon, Charlie",453568,428,12.4,36.7,109.5,86.2,97.4,90.2,82.7,453,161,409,131,30.6,19,4.4,3.3,2022
"Merrifield, Whit",593160,427,15.1,37.5,107.6,87.1,96.4,90.8,83.9,413,168,383,133,31.1,18,4.2,3.3,2022
"Hoerner, Nico",663538,426,10.6,32.4,109.7,87.2,97.7,89.8,86.8,407,153,381,141,33.5,11,2.6,2.1,2022
"Goldschmidt, Paul",502671,424,15.7,31.8,112.3,90.8,102.2,95.6,86.7,429,179,399,201,47.4,49,11.6,7.5,2022
"Hoskins, Rhys",656555,424,18.1,37.3,112.2,90.1,100.8,94.2,85.5,441,186,390,188,44.3,47,11.1,7,2022
"Kim, Ha-Seong",673490,424,16.1,34,109.4,86.7,97.6,91,84.3,426,164,398,137,32.4,18,4.2,3.1,2022
"Hays, Austin",669720,424,11.3,32.3,109,87.7,99,92.3,85.8,464,156,397,160,37.7,22,5.2,3.8,2022
"Kiner-Falefa, Isiah",643396,419,4.3,29.4,109.8,86.2,96.6,90.1,85.1,404,125,378,126,30.1,5,1.2,0.9,2022
"Vaughn, Andrew",683734,419,7.5,34.1,112.1,90.8,101.2,94.7,88.3,444,157,402,203,48.6,33,7.9,5.9,2022
"Springer, George",543807,418,13.9,31.8,113.6,88.7,101.3,93.7,85.9,439,162,395,177,42.3,35,8.4,6,2022
"Murphy, Sean",669221,418,11.5,34.7,114,88.7,101.1,95.3,83.9,454,166,411,173,41.4,44,10.5,7.2,2022
"Yelich, Christian",592885,416,3.6,30.3,117.2,91.5,103,95.3,89.7,499,129,415,202,48.6,34,8.2,5.1,2022
"Kirk, Alejandro",672386,416,8.1,32,110.1,90.5,101.1,94.1,88.6,420,151,390,189,45.4,28,6.7,5.2,2022
"Cron, C.J.",543068,416,14.2,36.8,115.5,88.7,101.4,93.5,84.1,504,180,426,176,42.3,45,10.8,7.1,2022
"Smith, Will",669257,416,18.4,36.8,109,89.9,99.8,93.7,83.9,465,201,405,179,43,43,10.3,7.4,2022
"Rojas, Miguel",500743,414,10.1,33.1,109.1,86.1,96.2,89.2,84.8,400,149,381,112,27.1,8,1.9,1.6,2022
"Díaz, Yandy",650490,414,7.7,30.7,114.3,92.2,103.1,95.1,92,434,151,400,203,49,20,4.8,3.6,2022
"Urshela, Gio",570482,412,11.8,38.6,110.3,88.9,99.1,92,86.3,434,171,399,155,37.6,29,7,5.3,2022
"Báez, Javier",595879,411,9.6,29.7,112.1,87.9,99.7,93.3,85,459,148,393,156,38,33,8,5.6,2022
"Tellez, Rowdy",642133,411,15.3,31.4,116.9,91.1,102.6,94.6,90.2,453,178,404,189,46,53,12.9,8.8,2022
"Rengifo, Luis",650859,411,9.9,31.1,109.3,86.9,98.1,90.6,85.7,434,145,398,138,33.6,22,5.4,4.3,2022
"Mountcastle, Ryan",663624,408,15.9,39.5,112,91.3,101.9,94.3,88.1,437,188,407,189,46.3,61,15,10,2022
"Correa, Carlos",621043,405,11.6,35.3,114.6,89.9,102,95.1,85.8,458,171,408,181,44.7,46,11.4,7.8,2022
"Estrada, Thairo",642731,405,8.1,31.1,109.3,86.2,97.1,91.4,83.1,418,138,394,126,31.1,18,4.4,3.3,2022
"Reynolds, Bryan",668804,403,12,35.5,113.2,90.2,100.9,93.2,87.2,442,165,400,173,42.9,32,7.9,5.2,2022
"Torres, Gleyber",650402,401,17.5,36.2,111.3,90.4,100.5,94.6,85.6,438,188,383,181,45.3,43,10.7,7.5,2022
"Adames, Willy",642715,401,18.9,36.4,110.6,88.9,100.1,94.6,82.3,442,191,401,175,43.6,52,13,8.4,2022
"Judge, Aaron",592450,400,15,39,118.4,95.9,107.1,100.3,89.2,465,206,412,247,61.9,106,26.5,15.2,2022
"LeMahieu, DJ",518934,399,3,32.6,110.9,89.2,99.5,94.2,85.8,411,141,378,163,41.1,21,5.3,3.9,2022
"Castellanos, Nick",592206,396,14.6,36.9,110.1,87.5,98.4,92.1,84,436,172,398,139,35.1,26,6.6,4.7,2022
"Marte, Ketel",606466,396,13.5,31.6,115,90.1,101.2,92.3,90.1,438,167,405,166,41.9,24,6.1,4.3,2022
"Drury, Brandon",592273,396,13.8,34.8,112.4,89.1,100.6,92.7,86.5,468,173,393,167,42.2,41,10.4,7.2,2022
"McCutchen, Andrew",457705,395,13.2,36.2,110.6,89.1,99.9,93.5,84.8,444,169,395,158,40,34,8.6,5.9,2022
"Pollock, AJ",572041,395,11.6,32.7,110.8,88.8,100.4,94.9,84.9,432,152,391,166,42,37,9.4,7,2022
"Varsho, Daulton",662139,393,14.9,32.8,110.3,87.7,99.2,93.9,82.2,451,172,402,140,35.6,40,10.2,6.8,2022
"Martinez, J.D.",502110,393,14.1,42,111.6,89.1,100.9,94.2,83.1,422,187,402,164,41.7,49,12.5,8.2,2022
"Pham, Tommy",502054,392,7.7,33.2,112.6,92.2,102.5,94.8,90.6,437,157,401,190,48.5,31,7.9,5,2022
"Peña, Jeremy",665161,392,8.7,32.9,110.5,88.1,99.8,93.6,83.7,429,156,396,144,36.7,38,9.7,6.8,2022
"Benintendi, Andrew",643217,390,12.6,39.2,109.8,89.2,98.2,92,86.6,433,167,401,151,38.7,20,5.1,3.8,2022
"Realmuto, J.T.",592663,390,13.1,35.6,110.4,90.3,101.3,94.4,87.1,424,167,389,184,47.2,44,11.3,7.8,2022
"Mancini, Trey",641820,389,12.7,39.6,111.8,89.5,100.1,93.3,86.6,438,179,385,157,40.4,38,9.8,6.5,2022
"Turner, Justin",457759,387,18.4,40.6,108.9,89.5,99,92.2,85.8,414,191,393,157,40.6,31,8,5.8,2022
"Iglesias, Jose",578428,386,6,30.6,109.9,83.8,95.6,84.5,84.3,432,129,404,107,27.7,2,0.5,0.4,2022
"Giménez, Andrés",665926,386,11.7,30.8,109.9,87.8,99,92.5,85.5,422,146,398,146,37.8,24,6.2,4.3,2022
"Hayes, Ke'Bryan",663647,385,5.2,30.6,113,91,102.3,93,91.4,425,142,395,180,46.8,15,3.9,2.7,2022
"Espinal, Santiago",669289,385,14.1,33.8,107.5,86.1,96.8,88.5,86.6,407,152,383,122,31.7,13,3.4,2.6,2022
"Lopez, Nicky",670032,384,4.9,31,106.7,84.9,94.9,88.9,83.1,396,126,NA,88,22.9,6,1.6,1.3,2022
"Grichuk, Randal",545341,381,8.7,27.3,111.6,90,101.6,93.2,88.7,462,153,411,166,43.6,26,6.8,4.8,2022
"Ward, Taylor",621493,380,15.8,41.8,112.6,90,100.2,93.7,86.8,425,193,405,163,42.9,47,12.4,8.3,2022
"Schwarber, Kyle",656941,379,19.2,35.4,114.8,93.3,104.8,99.3,87,468,200,412,206,54.4,76,20.1,11.4,2022
"Schoop, Jonathan",570731,378,9.7,29.1,111.6,87,100,92.1,84.8,430,147,391,146,38.6,18,4.8,3.5,2022
"Naylor, Josh",647304,374,10.3,28.9,113,89.4,101.1,94.4,86.5,421,151,393,160,42.8,32,8.6,6.4,2022
"McMahon, Ryan",641857,374,10.8,36.1,113.7,91.7,102.1,95.4,87.4,495,173,425,174,46.5,39,10.4,6.5,2022
"Chapman, Matt",656305,373,19,34,112.7,92.2,102.9,96.3,90.2,432,186,404,191,51.2,48,12.9,7.7,2022
"Gurriel Jr., Lourdes",666971,372,10.9,34.7,109.5,90.6,100.4,93.3,89.6,431,158,397,170,45.7,14,3.8,2.8,2022
"Escobar, Eduardo",500871,372,20.6,38.7,111.5,88.3,99.3,92.6,83,432,197,395,140,37.6,35,9.4,6.5,2022
"Alvarez, Yordan",670541,371,12.3,40.7,117.4,95.2,105.7,98.1,91.7,469,196,405,222,59.8,78,21,13.9,2022
"Thomas, Lane",657041,371,12.5,32.6,110.1,86.4,98.4,93,82.9,431,152,392,128,34.5,24,6.5,4.4,2022
"Marte, Starling",516782,369,7.5,38.5,113.3,86.8,99.2,91.9,82.9,444,146,405,125,33.9,25,6.8,5,2022
"Canha, Mark",592192,369,10.9,32.2,108,87.7,98.3,91,86.1,423,152,394,135,36.6,18,4.9,3.3,2022
"Rodríguez, Julio",677594,367,10.1,32.7,117.2,92,103.7,96.2,89.5,450,161,397,186,50.7,48,13.1,8.6,2022
"Rizzo, Anthony",519203,366,19.3,33.6,113.3,89.4,99.6,93.5,85.3,435,190,393,149,40.8,40,10.9,7.3,2022
"Bellinger, Cody",641355,360,20.3,34.4,107.3,89.4,98.1,92.3,86.3,431,184,393,137,38.1,30,8.3,5.5,2022
"Renfroe, Hunter",592669,358,17.7,32.4,112.5,90.5,101.6,94.6,88.3,447,180,407,156,43.6,39,10.9,7.5,2022
"Winker, Jesse",608385,356,16.8,31.7,110,87.7,98.7,90.3,87.5,446,163,407,122,34.3,27,7.6,4.9,2022
"Rojas, Josh",668942,355,11.9,33.2,109.1,88.8,98.1,92,85,430,163,398,128,36.1,16,4.5,3.1,2022
"Brown, Seth",664913,355,15.8,34.9,112.9,89.2,101.7,94.1,84.9,452,185,403,147,41.4,46,13,8.3,2022
"Miranda, Jose F",669304,354,13.8,34.2,109.4,89.3,99.8,93.8,86.3,428,164,387,150,42.4,22,6.2,4.6,2022
"Mateo, Jorge",622761,352,14.8,35.5,111.3,86.8,98.6,91.2,83.4,412,168,393,115,32.7,21,6,3.9,2022
"Suárez, Eugenio",553993,352,19.9,36.4,111.4,89.8,100.7,94.5,83.1,441,199,403,153,43.5,52,14.8,8.3,2022
"Ozuna, Marcell",542303,352,16.5,31.8,113.9,89.4,101.8,95,84.4,458,178,414,154,43.8,46,13.1,9.1,2022
"Yastrzemski, Mike",573262,351,19.9,36.2,109.7,89.9,99.8,93.5,86.7,430,184,400,149,42.5,39,11.1,7,2022
"Aguilar, Jesús",542583,350,19.1,39.7,108.1,87.7,98.5,91,85.4,439,190,402,126,36,24,6.9,4.7,2022
"Wong, Kolten",543939,349,14,33.2,109.7,87,97.7,89.8,85.7,415,158,382,124,35.5,19,5.4,3.8,2022
"Ruiz, Keibert",660688,347,14.9,36,109.4,88,97.3,90.7,86.1,424,172,394,112,32.3,13,3.7,3,2022
"Hernández, Teoscar",606192,347,11.6,36.3,114.1,92.6,103.4,98.3,87,464,173,410,185,53.3,52,15,9.7,2022
"Castro, Harold",605612,346,11.4,41.6,107.3,87,97.1,92.3,81.1,423,165,393,115,33.3,21,6.1,4.7,2022
"Santana, Carlos",467793,345,15.4,31.6,111.3,90.7,101,93.7,89.7,434,170,401,155,44.9,32,9.3,6.3,2022
"Acuña Jr., Ronald",660670,344,10.8,32.8,116.6,91.2,103.8,95.6,88,464,154,428,171,49.7,44,12.8,8.3,2022
"Carlson, Dylan",666185,342,12.9,35.7,109.2,86.1,96.3,90.7,81.2,431,168,401,93,27.2,15,4.4,3.1,2022
"Perdomo, Geraldo",672695,342,12.1,28.1,104.7,85,95.3,89.1,83.3,417,132,395,86,25.1,7,2,1.4,2022
"Stott, Bryson",681082,340,13.1,29.4,108.4,88.1,98,90.9,87.5,415,149,384,125,36.8,15,4.4,3.2,2022
"Miller, Owen",680911,340,10.1,35,109.1,85.8,97.3,90.3,82.2,423,155,393,106,31.2,12,3.5,2.5,2022
"Perez, Salvador",521692,339,17.8,34.8,112.5,91.4,101.5,95.2,87.6,454,190,407,166,49,38,11.2,8,2022
"Dozier, Hunter",641531,338,13.1,33.1,110.7,88.5,100,93.1,85.2,429,165,398,130,38.5,26,7.7,5.2,2022
"Melendez, MJ",669004,336,15.1,31,110.8,90.7,100.6,94.4,87.6,437,176,412,146,43.5,35,10.4,6.6,2022
"Donaldson, Josh",518626,336,12,34.8,111.7,90.7,101,95.2,86.3,429,165,398,145,43.3,33,9.8,6,2022
"Ramírez, Harold",623912,335,4.8,32.2,113.7,88.5,101.1,91.6,87.7,432,139,367,138,41.2,16,4.8,3.7,2022
"Tapia, Raimel",606132,334,4,27.5,111.7,87.6,99.7,91,85.9,441,130,397,127,38,17,5.1,3.9,2022
"Cruz, Nelson",443558,332,7.2,28,113.8,90.9,102.3,94.2,89.3,440,139,408,153,46.1,31,9.3,6.1,2022
"Vázquez, Christian",543877,332,10.7,36.1,109.5,87.9,97.8,91.2,86.1,419,156,389,121,36.4,17,5.1,4,2022
"Peralta, David",444482,331,15.1,35,113,90.3,101.2,93.4,89.3,452,180,411,147,44.4,28,8.5,5.7,2022
"Muncy, Max",571970,329,20.9,34.3,111.2,90.3,100.5,96,81.7,443,202,391,150,45.6,44,13.4,7.8,2022
"Lux, Gavin",666158,329,6.8,34,108.1,88,98.9,93.3,83.8,431,148,411,131,39.8,20,6.1,4.2,2022
"Voit, Luke",572228,327,18.4,34.6,111.3,89.8,101.4,95.4,80.6,452,191,406,145,44.3,48,14.7,8.5,2022
"Kepler, Max",596146,326,11.2,31.9,113.8,89.1,100.1,92.8,86.7,423,156,399,130,39.9,23,7.1,5.2,2022
"Candelario, Jeimer",600869,324,13.5,37,111.3,87.2,98.4,93,82.8,445,163,400,112,34.6,27,8.3,5.8,2022
"Donovan, Brendan",680977,324,6,32.7,107,87.7,98.1,91.4,85.4,418,141,391,122,37.7,11,3.4,2.4,2022
"Odor, Rougned",596059,321,21.5,30.2,109.7,87.8,98.2,92.9,84.6,431,176,401,107,33.3,21,6.5,4.4,2022
"Heim, Jonah",641680,321,17,29.6,112.4,89.3,99.4,92.6,89.1,427,168,385,128,39.9,22,6.9,4.9,2022
"Daza, Yonathan",602074,320,4.6,33.8,106,84.8,95.2,86.9,83.7,422,132,408,80,25,6,1.9,1.5,2022
"Harrison, Josh",543281,319,14.7,32,106,87.4,96.8,89.8,86.5,414,160,381,103,32.3,12,3.8,2.8,2022
"Hosmer, Eric",543333,317,3.1,29.3,112.9,88.4,101.2,91.4,88.2,412,124,395,126,39.7,18,5.7,4.3,2022
"Rutschman, Adley",668939,315,15.6,35.6,110.9,87.9,99,93,84.3,439,175,396,116,36.8,25,7.9,5.3,2022
"Contreras, Willson",575929,315,8.5,30.2,116.2,90.4,103.2,97.1,86.4,453,149,401,151,48.6,33,10.5,6.8,2022
"Crawford, Brandon",543063,313,12.3,31,109,88.1,97.9,92.1,85.7,418,154,392,110,35.1,21,6.7,4.6,2022
"Urías, Ramón",602104,312,11,31.7,110,89.4,100.7,94,86.9,432,152,404,145,46.5,30,9.6,6.7,2022
"Urías, Luis",649966,312,18,34.3,109.7,87.3,98,91.1,83.9,428,178,395,110,35.3,26,8.3,5.5,2022
"Thomas, Alek",677950,312,2.6,27.9,111.3,87.4,98.7,91.8,85.5,432,123,394,108,34.6,12,3.8,2.9,2022
"Taylor, Michael A.",572191,310,12.1,33.2,109.4,86.3,98,90.8,82.7,432,165,400,102,32.9,21,6.8,4.6,2022
"Grisham, Trent",663757,310,15.1,24.2,111.1,88.3,99.5,93.9,84.7,457,155,398,110,35.5,25,8.1,4.8,2022
"Gordon, Nick",624503,309,12.5,36.6,110.7,90.6,99.9,95.1,85.4,422,175,404,138,44.7,29,9.4,6.5,2022
"Harris II, Michael",671739,308,4.5,32.8,112.8,89.5,102.6,95.8,86,439,139,402,139,45.1,31,10.1,7,2022
"Joe, Connor",656582,308,10.6,35.1,110.1,85.3,97.6,89.3,83.4,444,155,399,104,33.8,14,4.5,3,2022
"d'Arnaud, Travis",518595,306,11.8,35,112.3,88.5,99.6,92.2,85.3,433,162,401,119,38.9,26,8.5,6.1,2022
"Robert Jr., Luis",673357,304,10,32.6,117.8,89.3,101.5,93.4,86.5,452,160,410,130,42.8,27,8.9,6.7,2022
"Cabrera, Miguel",408234,301,5,35.2,111,89.9,99.4,91.4,88.9,426,140,399,115,38.2,14,4.7,3.2,2022
"Wendle, Joey",621563,301,3,27.9,107.6,87.5,98,89.5,86.6,410,133,386,109,36.2,5,1.7,1.3,2022
"Trout, Mike",545361,300,24.6,37.7,114.4,91.6,104.1,94.8,86.7,490,219,409,153,51,59,19.7,11.8,2022
"Senzel, Nick",669222,300,11.7,35,109.5,87.2,97.7,90.6,85.8,421,154,387,101,33.9,10,3.3,2.4,2022
"Cooper, Garrett",643265,300,8.8,39,112.6,89.6,101.3,94.3,84.3,446,170,410,131,43.7,32,10.7,6.8,2022
"Franco, Maikel",596748,299,11.5,33.1,112.1,87,98.8,91,85.9,428,153,409,103,34.4,14,4.7,3.6,2022
"Segura, Jean",516416,297,4.3,28.3,111,87.6,99.5,91.9,86.9,411,124,382,114,38.4,13,4.4,3.4,2022
"Nola, Austin",543592,297,12,35.4,109.1,89.4,99,91.1,89.5,401,165,395,118,39.7,7,2.4,1.8,2022
"Sheets, Gavin",657757,294,14.8,32.3,109.7,88.6,98.9,92,87.4,422,168,392,106,36.1,19,6.5,4.6,2022
"Hernández, Enrique",571771,294,17.3,33.3,112.3,87.8,98.8,92.6,85.3,395,160,373,103,35,17,5.8,4.2,2022
"India, Jonathan",663697,292,14.5,35.6,111.3,85.1,97.4,88.6,82.8,447,159,399,84,28.8,14,4.8,3.2,2022
"Walls, Taylor",670764,291,16.6,32.6,105.7,86.3,96.1,91.1,81.1,406,171,382,83,28.5,18,6.2,3.9,2022
"Harper, Bryce",547180,290,11.8,37.2,114.3,92.1,103,95.8,87.9,460,176,404,139,47.9,37,12.8,8.7,2022
"Suzuki, Seiya",673548,290,11.2,36.9,111.3,89.6,100.2,92.5,87.5,436,171,397,119,41.3,32,11,7.2,2022
"Gonzalez, Oscar",660757,289,5.4,32.5,113.3,88.6,101,93.6,85.8,433,146,397,116,40.1,21,7.3,5.5,2022
"Wisdom, Patrick",621550,289,21,29.8,112.6,90.7,102.2,97.7,83.7,461,184,407,133,46.3,41,14.2,7.7,2022
"Sánchez, Gary",596142,288,14,29.2,115.1,90.5,103.2,95.9,87.3,473,167,412,142,49.3,39,13.5,8.3,2022
"Castro, Willi",650489,287,13.9,35.5,111.7,84.8,97.2,87.9,85.4,408,155,379,90,31.4,10,3.5,2.6,2022
"Grossman, Robbie",543257,286,21.1,38.5,105.8,86.7,96.2,90.8,80.6,418,190,382,87,30.4,10,3.5,2.1,2022
"Franco, Wander",677551,285,8.2,35.1,112.4,87.3,98.4,91.5,84.8,417,148,385,102,35.8,13,4.6,3.8,2022
"Moncada, Yoán",660162,285,15.7,35.1,111.5,88.7,99.5,92.7,84.9,437,178,410,107,37.5,28,9.8,6.5,2022
"Walsh, Jared",665120,285,10.7,34,112.1,90.1,100.9,94.1,87.8,427,159,387,121,42.5,27,9.5,5.9,2022
"Reyes, Franmil",614177,284,9.9,27.8,112.4,92,102.1,96.5,89,419,158,387,130,45.8,32,11.3,6.8,2022
"Polanco, Jorge",593871,284,21.7,37.3,111,89,99.9,93.1,83.1,451,196,402,110,38.7,29,10.2,6.5,2022
"Pederson, Joc",592626,284,14.8,34.2,112.8,93.2,103.3,96.4,90.5,441,192,407,148,52.1,43,15.1,9.9,2022
"García Jr., Luis",671277,281,5.5,37.4,113.4,87.3,99,94.2,81.6,442,149,412,103,36.7,21,7.5,5.6,2022
"Chavis, Michael",656308,279,11.1,33,111.3,85.4,99.5,92.2,81.3,424,157,398,108,38.7,21,7.5,4.9,2022
"Hicks, Aaron",543305,278,14.8,25.2,109.6,87.9,98.1,92.1,85.5,412,153,397,92,33.1,16,5.8,3.5,2022
"Robles, Victor",645302,277,15.8,28.2,109.7,84.6,96.2,88.4,82.6,413,143,391,66,23.8,9,3.2,2.2,2022
"Anderson, Tim",641313,277,3.3,37.5,108.7,88.2,99,92.7,84.9,411,138,385,114,41.2,16,5.8,4.6,2022
"Gamel, Ben",592325,274,11.3,37.6,109.2,88.8,99.3,91.5,86.8,418,166,390,103,37.6,17,6.2,4,2022
"Trevino, Jose",624431,274,13,31,109.4,87.9,98.4,91.5,85.1,423,164,393,96,35,14,5.1,4,2022
"Taylor, Tyrone",621438,274,16.9,34.7,109.3,88,99.2,92.9,83.2,435,181,404,103,37.6,27,9.9,6.7,2022
"Vogelbach, Daniel",596129,273,15.8,38.1,110.9,89.4,99.8,93.4,85.5,433,184,400,109,39.9,29,10.6,6.3,2022
"Díaz, Elias",553869,272,11.1,28.3,111.8,88.4,100.1,92.7,87.5,445,155,411,107,39.3,16,5.9,4.2,2022
"Marsh, Brandon",669016,272,10.9,40.8,109,89.2,99.6,92.6,85,449,170,403,104,38.2,20,7.4,4.3,2022
"Berti, Jon",542932,270,4.7,30.7,109.1,88,98.8,92,85.4,407,140,392,100,37,16,5.9,4,2022
"Margot, Manuel",622534,269,10.2,30.9,110.4,89.5,100,92.1,89.9,416,141,400,102,37.9,10,3.7,2.8,2022
"Bradley Jr., Jackie",598265,269,7.4,29.4,107.6,87.6,98.1,93.7,83.4,408,140,387,100,37.2,13,4.8,3.5,2022
"Stallings, Jacob",607732,266,12.9,33.5,109.5,86.7,96.7,89.2,86,398,159,381,86,32.3,9,3.4,2.3,2022
"Paredes, Isaac",670623,266,15.8,27.4,110.4,87.4,98.4,92.5,84.7,411,166,389,103,38.7,17,6.4,4.5,2022
"Stanton, Giancarlo",519317,264,10.8,26.9,119.8,95,107.8,98.4,94.4,457,163,402,138,52.3,51,19.3,11.3,2022
"Torkelson, Spencer",679529,263,15,35.4,111.5,90.5,100.7,93.6,88.6,434,171,403,110,41.8,22,8.4,5.4,2022
"Toro, Abraham",647351,263,16.7,31.2,108.2,87,97.2,90.5,83.9,429,167,395,78,29.7,18,6.8,5.1,2022
"Vierling, Matt",663837,261,12,35.2,112.1,91.2,101.2,92.3,92.4,432,162,407,123,47.1,13,5,3.6,2022
"Greene, Riley",682985,259,2.8,32,112.1,89.5,102.1,95.6,85.1,448,137,412,117,45.2,24,9.3,5.7,2022
"Pujols, Albert",405395,258,16.4,34.5,111.7,91.2,102.1,96,89,443,177,406,122,47.3,31,12,8.8,2022
"Calhoun, Kole",594777,255,15.4,40.4,109.9,90.8,100.9,95.6,87.1,425,178,392,123,48.2,25,9.8,5.9,2022
"McCormick, Chas",676801,254,12.8,33.1,109.9,88.1,98.9,93.3,81.7,443,172,389,99,39,26,10.2,6.4,2022
"Raleigh, Cal",663728,253,22.5,36,114,90.9,101.2,94.8,85.9,444,209,395,110,43.5,39,15.4,9.4,2022
"Ortega, Rafael",542364,250,17.1,37.6,108.4,87.2,97.4,90,85.3,428,178,384,84,33.7,12,4.8,3.2,2022
"García, Avisaíl",541645,250,2.8,27.6,116.8,88.7,101.5,94.5,84.9,443,138,408,112,44.8,16,6.4,4.2,2022
"Kelly, Carson",608348,250,14.7,33.2,109.4,87.7,98.4,90.8,85.8,426,168,413,92,36.8,13,5.2,3.7,2022
"Grandal, Yasmani",518735,250,12.1,30,110.2,90,99.5,91.7,90.3,408,155,383,100,40,12,4.8,3.2,2022
"McCarthy, Jake",664983,249,8,32.1,108.3,87.4,98.2,90.3,85.8,451,141,402,83,33.3,12,4.8,3.4,2022
"Rivera, Emmanuel",656896,248,9.8,32.3,110.9,90.4,100,93.7,87.9,441,161,409,95,38.3,23,9.3,6.4,2022
"Morel, Christopher",666624,247,9.1,30,112.9,89.6,101.8,95.6,85.7,440,153,404,98,40.3,33,13.4,7.8,2022
"Pinder, Chad",640461,246,9.7,33.3,109.8,87.5,100.1,92.6,84.6,415,150,393,100,40.7,16,6.5,4.2,2022
"Taylor, Chris",621035,245,20.4,40.4,108.5,87.4,98.7,91.8,80.6,441,191,398,93,38,25,10.2,5.5,2022
"De La Cruz, Bryan",650559,243,9.8,43.6,111.2,90.8,101.4,94.8,86.5,434,177,395,115,47.3,29,11.9,8.2,2022
"Laureano, Ramón",657656,242,14.9,28.9,110.2,88.7,100,94.1,85.6,429,165,399,93,38.4,28,11.6,7.3,2022
"González, Luis",670768,241,10.8,27,109.7,86.8,97.6,91.5,83.1,415,152,401,76,31.7,6,2.5,1.7,2022
"Story, Trevor",596115,239,17.8,36,113.4,88.9,100.6,93,86.1,428,179,391,97,40.6,27,11.3,6.8,2022
"Anderson, Brian",605119,238,7.7,31.1,112,88.7,100.4,95.8,83,445,149,405,100,42,23,9.7,6,2022
"O'Neill, Tyler",641933,238,13.6,36.6,110.3,89.8,101,96.1,82.9,423,172,405,103,43.3,27,11.3,7,2022
"Choi, Ji Man",596847,236,10.6,37.3,111.1,92.2,101.3,94.7,91.1,431,166,390,112,47.5,28,11.9,6.7,2022
"Celestino, Gilberto",665482,236,-1.9,27.1,107.6,87.3,98.3,92.8,84.1,400,114,393,81,34.3,6,2.5,1.7,2022
"Maldonado, Martín",455117,234,14.7,30.8,109.2,88.4,99,92.3,85.2,442,171,400,94,40.2,19,8.1,5,2022
"Contreras, William",661388,232,6.1,31.9,115.2,90.4,102.3,97.2,85.3,445,155,408,108,46.6,31,13.4,8.2,2022
"Ruf, Darin",573131,232,14.8,34.5,112.1,89.2,100.5,94,85.7,429,170,397,94,40.5,20,8.6,5.2,2022
"Taveras, Leody",665750,230,12,28.7,112.9,89.3,99.3,90.4,90.4,428,149,391,83,36.1,10,4.3,2.9,2022
"Haase, Eric",606992,229,17,32.3,109.9,87.7,100.5,94,82.9,444,168,391,97,42.4,20,8.7,5.7,2022
"Buxton, Byron",621439,225,21.4,34.2,113.5,92.9,103.8,97.4,88.3,469,194,410,113,50.2,37,16.4,9.7,2022
"Votto, Joey",458015,225,14.2,32.9,111.9,89.7,100.4,95.8,84,418,167,387,92,41.3,25,11.1,6.6,2022
"Nootbaar, Lars",663457,224,10.7,30.4,113,91.7,101.8,96,88.8,452,167,401,103,46,27,12.1,7.8,2022
"Stassi, Max",545358,223,9.5,26,107.5,88.6,99,94.1,86.2,424,145,397,88,39.5,21,9.4,5.6,2022
"Sánchez, Jesús",660821,222,11,25.7,114.7,89.5,101.7,95.3,86.5,496,153,413,90,40.5,22,9.9,6.4,2022
"Suwinski, Jack",669261,213,14.3,26.3,112.4,88.3,100.2,94.6,82.4,443,172,395,86,40.4,26,12.2,7,2022
"Velazquez, Andrew",623205,212,8.2,31.1,109.1,88,98.8,93.3,83.1,402,146,380,72,34,14,6.6,4,2022
"Cruz, Oneil",665833,206,8.3,30.6,122.4,91.9,104.7,97.2,88.8,437,152,411,95,46.1,32,15.5,8.9,2022
"Dalbec, Bobby",666915,203,15.2,32,113.9,90.3,101.2,93.3,87.4,436,177,396,93,45.8,24,11.8,6.8,2022
"Davis, J.D.",605204,198,12.3,34.8,112.7,92.4,104,98.5,88.4,444,171,407,111,56.1,32,16.2,8.8,2022
"Gallo, Joey",608336,188,23.8,29.3,113,89.6,103.2,97,74.8,438,195,405,95,50.5,33,17.6,8,2022
"Kwan, Steven",680757,570,10.7,37.4,105.2,86,94.1,87.6,85.2,407,149,386,107,18.8,6,1.1,0.8,2023
"Semien, Marcus",543760,565,19.1,37.5,108.6,88.4,98.1,91.2,85.2,433,194,393,209,37,37,6.5,4.9,2023
"Acuña Jr., Ronald",660670,562,7.4,33.6,121.2,94.7,106.4,98.4,91.6,470,162,420,310,55.2,86,15.3,11.7,2023
"Arraez, Luis",650333,544,11.5,44.7,104,88.3,95.7,90.4,85.8,410,168,381,140,25.7,19,3.5,3.1,2023
"Ramírez, José",608070,544,18,36.8,111.6,90,100.1,92.2,90.6,431,179,402,220,40.4,38,7,5.5,2023
"Hoerner, Nico",663538,542,10.5,33.2,109.2,86.6,97.3,89.2,86.5,404,147,380,181,33.4,10,1.8,1.5,2023
"Bregman, Alex",608324,537,17.6,35.8,107.5,88.6,98.1,91.9,87.1,416,183,381,205,38.2,29,5.4,4,2023
"Witt Jr., Bobby",677951,529,15.7,34.4,113.8,90.7,102.1,94.4,88.3,442,180,411,241,45.6,61,11.5,8.8,2023
"McNeil, Jeff",643446,526,14.4,31.9,109,86,96,89.7,84.7,400,154,376,144,27.4,7,1.3,1.1,2023
"Freeman, Freddie",518692,521,15.2,46.6,110.6,90,100.6,93.5,85.1,442,190,400,220,42.2,58,11.1,7.9,2023
"Guerrero Jr., Vladimir",665489,506,10.5,32.4,116.7,92.1,104.1,95.3,91.3,450,160,404,249,49.2,56,11.1,8.2,2023
"Torres, Gleyber",650402,504,15.1,37.1,112.4,89.7,99.6,93.4,85.6,454,178,394,203,40.3,40,7.9,6,2023
"Albies, Ozzie",645277,497,16.6,37.4,110.7,88.7,98.7,92.8,84.3,425,187,388,194,39,41,8.2,6.2,2023
"Stott, Bryson",681082,494,10.1,36.4,108,88.1,97.4,91.3,86.3,424,156,386,174,35.2,23,4.7,3.6,2023
"Rutschman, Adley",668939,492,12.6,37,111.1,88.4,99.6,92.7,84.2,461,168,400,190,38.6,37,7.5,5.4,2023
"Bogaerts, Xander",593428,492,7.9,28.3,111.4,87.6,98.5,92.1,85,455,148,396,170,34.6,30,6.1,4.5,2023
"Tucker, Kyle",663656,492,14.8,35.4,110.1,90.2,100.8,93.7,86.5,447,189,397,226,45.9,52,10.6,7.7,2023
"Springer, George",543807,491,12,32.2,115.9,88.3,100.3,92.5,85.9,440,160,392,196,39.9,38,7.7,5.6,2023
"Turner, Trea",607208,490,13,36.1,110.8,89.9,100.3,93.8,86.1,424,177,397,207,42.2,41,8.4,5.9,2023
"Meneses, Joey",608841,484,9.4,32.9,110.8,89.4,99.9,92.9,88.2,428,149,394,202,41.7,26,5.4,4,2023
"Betts, Mookie",605141,482,20.6,42.5,110.1,92.4,100.9,95.7,87.2,436,215,396,234,48.5,60,12.4,8.7,2023
"Rodríguez, Julio",677594,481,8.5,31.8,116.7,92.7,104.1,96.5,90.1,454,158,394,250,52,57,11.9,8,2023
"Benintendi, Andrew",643217,477,14.5,40.7,109.1,86.6,95.5,89,84.3,402,170,383,129,27,14,2.9,2.3,2023
"Riley, Austin",663586,475,13.5,35.2,116.1,92.3,103.4,96.6,88.3,473,180,414,233,49.2,66,13.9,9.2,2023
"Lindor, Francisco",596019,472,19.2,35.8,112.4,91.2,100.8,94.5,89.2,439,187,398,207,43.9,49,10.4,7.1,2023
"France, Ty",664034,471,13.7,36.9,112.7,87.5,99.3,91.3,85.2,437,160,397,182,38.6,32,6.8,4.8,2023
"Bohm, Alec",664761,470,11.1,35.1,109.3,89.4,100.4,92.2,88.1,444,165,403,196,41.7,27,5.7,4.4,2023
"Ruiz, Keibert",660688,467,15.3,39.4,110.1,87.4,97.3,91.2,85.8,431,170,389,149,31.9,27,5.8,4.8,2023
"Arenado, Nolan",571448,467,16.9,33,110.3,88.8,99.3,92.8,86,429,167,393,178,38.1,34,7.3,5.6,2023
"Marte, Ketel",606466,465,10.7,30.8,117.1,91.1,101.6,93.6,90.3,453,159,399,199,42.8,37,8,5.7,2023
"Walker, Christian",572233,463,15.8,32.6,114.3,88,100.6,91.7,85,459,175,403,187,40.4,53,11.4,8,2023
"Lowe, Nathaniel",663993,461,7.2,36.7,111.2,89.8,101.1,93.3,87.5,430,154,399,192,41.6,30,6.5,4.1,2023
"Thomas, Lane",657041,459,10.8,36.8,111.4,88.5,100.2,94.6,83.9,440,167,403,187,40.7,44,9.6,6.5,2023
"Yoshida, Masataka",807799,458,3.9,29.5,112.3,89,100.1,92.9,87.1,447,135,393,186,40.6,30,6.6,5.2,2023
"Verdugo, Alex",657077,458,8.8,35.4,112.4,89.2,99.1,92.5,87.4,419,162,389,172,37.6,23,5,3.8,2023
"Bichette, Bo",666182,457,6.2,38.3,113.4,90.2,101.7,93.8,87.5,460,158,399,205,44.9,44,9.6,7.3,2023
"Devers, Rafael",646240,457,12.4,30,115,93.1,104.5,97,90.9,453,169,399,252,55.1,58,12.7,8.8,2023
"Turner, Justin",457759,454,16.5,36.8,108.2,89.5,98.6,92.7,86.3,447,187,390,177,39,26,5.7,4.2,2023
"Giménez, Andrés",665926,452,13.1,29.9,108.8,84.8,96.7,89.4,82.8,419,147,388,122,27,25,5.5,4.1,2023
"Merrifield, Whit",593160,452,14.4,37.2,106.1,85.1,94.9,88.6,81.5,407,164,385,110,24.3,11,2.4,1.9,2023
"Nimmo, Brandon",607043,451,12.2,33.3,112,91.8,101.5,94.8,90.4,445,171,405,216,47.9,43,9.5,6.3,2023
"Abrams, CJ",682928,451,13.5,32.2,112.5,87.4,98.8,92.6,84,417,158,391,162,35.9,31,6.9,5,2023
"Peña, Jeremy",665161,450,5.5,32.2,111.6,88,99.1,91.3,86.4,432,136,388,161,35.8,18,4,2.8,2023
"Santana, Carlos",467793,450,12.8,31.3,111.7,88.8,99.4,92.1,88.2,442,153,396,164,36.4,30,6.7,4.8,2023
"Gurriel Jr., Lourdes",666971,450,10.6,35.3,108.9,89.7,99.9,93.6,86.6,425,171,398,207,46,38,8.4,6.4,2023
"Carroll, Corbin",682998,450,11,32.4,113.8,90,101,93.6,88.4,446,158,400,184,40.9,34,7.6,5.3,2023
"Castellanos, Nick",592206,447,14.4,36.5,111.2,88.9,100.4,93.4,84.6,454,177,396,193,43.2,46,10.3,6.9,2023
"Steer, Spencer",668715,447,15.3,35.3,110.6,88.7,99.2,92.9,86.2,441,176,400,166,37.1,30,6.7,4.5,2023
"Soto, Juan",665742,445,6.7,28.5,115.3,93.2,104.5,98.7,89.2,463,155,415,246,55.3,58,13,8.2,2023
"Olson, Matt",621566,445,16.1,31,118.6,93.7,104.8,97.2,89.9,464,194,411,247,55.5,73,16.4,10.1,2023
"Santander, Anthony",623993,443,20.2,33,113,90.6,101.7,94.5,89.7,428,183,400,204,46,45,10.2,6.9,2023
"De La Cruz, Bryan",650559,442,11.8,41,111,89.9,100.3,93.8,86.2,428,171,400,188,42.5,39,8.8,6.2,2023
"Reynolds, Bryan",668804,442,10.9,36.9,112.6,90.9,101,94.1,87.9,436,169,405,209,47.3,49,11.1,7.7,2023
"Torkelson, Spencer",679529,440,17.1,33.2,112.7,91.8,102.7,95.8,88.6,440,185,400,223,50.9,62,14.1,9.1,2023
"Machado, Manny",592518,440,15,30.2,114.5,91,102.4,94.3,89.2,443,174,397,202,45.9,46,10.5,7.7,2023
"Vaughn, Andrew",683734,439,11.2,30.3,111.7,90.6,101.7,95.7,87.2,437,163,394,204,46.5,37,8.4,6,2023
"Smith, Dominic",642086,438,12.8,37,108.3,86.3,97.2,91.5,81.1,444,167,400,135,30.8,29,6.6,4.9,2023
"Tatis Jr., Fernando",665487,438,11,31.5,113.4,91.9,102.9,96.8,88.4,444,161,408,216,49.3,48,11,7.6,2023
"Goldschmidt, Paul",502671,435,12.8,35.6,111.7,91.3,102.4,95.8,87,444,174,404,221,50.8,52,12,7.6,2023
"Happ, Ian",664023,433,13,36.5,112.6,89.9,99.7,94.2,86,429,165,403,169,39,39,9,5.6,2023
"Díaz, Yandy",650490,433,5.7,30.5,114.5,93.4,104.3,95.1,92.9,440,149,404,234,54,41,9.5,6.8,2023
"Bellinger, Cody",641355,424,17.2,38,109.2,87.9,97.7,91,84.7,438,184,397,133,31.4,26,6.1,4.7,2023
"Kim, Ha-Seong",673490,424,13.6,35.8,108.5,86.2,96.6,90.6,83.8,425,163,384,113,26.7,18,4.2,2.9,2023
"Hernández, Teoscar",606192,421,12.3,35.2,112.6,91.3,103,97.4,85.4,446,173,408,208,49.4,58,13.8,8.6,2023
"Alonso, Pete",624413,421,18.2,32.3,115.7,89.5,102.3,95.6,84.4,466,185,410,169,40.1,62,14.7,9.4,2023
"Tovar, Ezequiel",678662,420,12.6,36.4,109.8,88,99,91.6,84.9,447,170,407,152,36.2,34,8.1,5.5,2023
"Contreras, William",661388,417,4.7,27.1,113.9,91.3,103.2,96.2,88.4,456,138,410,203,48.7,39,9.4,6.4,2023
"Abreu, José",547989,416,10.8,32.5,113.3,89,100.8,93,86.7,452,159,403,173,41.6,36,8.7,6.1,2023
"Bell, Josh",605137,416,9.3,31.3,114,90.1,101.6,93.4,87.7,464,157,401,179,43,42,10.1,6.8,2023
"Rosario, Amed",642708,414,7.6,33.8,110.5,88.3,99.5,92.2,87.1,408,148,379,163,39.4,14,3.4,2.6,2023
"Crawford, J.P.",641487,414,15.1,35,110.1,88.3,99.1,90.8,88.4,432,165,386,150,36.2,20,4.8,3.1,2023
"Swanson, Dansby",621020,413,13,35.1,109.1,89.3,99.8,95.1,84,429,167,393,164,39.7,45,10.9,7.1,2023
"Yelich, Christian",592885,411,3.5,30.4,113.5,91.7,103.2,96.7,89.4,439,138,396,206,50.1,38,9.2,6,2023
"Perez, Salvador",521692,411,15.6,38,113.1,90.1,101.4,93.8,86.8,462,188,406,181,44,36,8.8,6.2,2023
"Friedl, TJ",670770,409,16.1,31.1,107.1,86.7,96.4,88.6,87.3,419,154,386,113,27.6,13,3.2,2.3,2023
"Harris II, Michael",671739,408,7.6,34.3,113.9,90.9,103.6,94.9,89.2,453,155,412,198,48.5,41,10,7.6,2023
"Henderson, Gunnar",683002,404,11.4,32.9,113.8,92,102.7,95.3,89.9,462,169,401,210,52,46,11.4,7.4,2023
"Edman, Tommy",669242,402,7.5,27.9,111.2,89.1,99.5,92.4,88.1,424,142,391,156,38.8,20,5,3.8,2023
"Taveras, Leody",665750,401,10.2,35.2,112.2,90.1,100.6,91.9,89.2,436,164,401,173,43.1,29,7.2,5.2,2023
"Dubón, Mauricio",643289,400,9.5,37,107,87,97,89.2,85.8,409,154,388,118,29.5,18,4.5,3.7,2023
"Arozarena, Randy",668227,400,11.3,31.8,114.3,91.7,102.1,96.1,88.9,448,168,401,193,48.4,49,12.3,7.5,2023
"Ozuna, Marcell",542303,398,15.6,34.9,115.3,91.8,103.3,96.6,86.1,452,185,410,195,49,66,16.6,11.1,2023
"Varsho, Daulton",662139,396,20.5,33.6,112.5,87.8,99.9,92.2,84.2,446,170,398,143,36.1,29,7.3,5,2023
"Suárez, Eugenio",553993,395,18.9,37.7,111.1,90.3,100.7,94.5,84.9,434,194,400,170,43,52,13.2,7.5,2023
"García Jr., Luis",671277,395,4.6,31.9,110,88.3,99.2,92.9,85.1,430,139,387,144,36.5,23,5.8,4.8,2023
"Seager, Corey",608369,395,13,38,114.4,93.3,103.5,97.1,89,453,190,407,210,53.2,60,15.2,11.2,2023
"Adames, Willy",642715,394,18.2,35,109.8,87.4,99.1,93,81.3,430,182,400,144,36.5,49,12.4,7.7,2023
"Hayes, Ke'Bryan",663647,393,13.2,34.1,113.1,92.2,101.7,94.5,91.2,440,175,398,190,48.3,29,7.4,5.5,2023
"Suzuki, Seiya",673548,392,10.8,36.5,114.6,91.4,102.2,94.2,89.6,432,170,399,188,48,41,10.5,7,2023
"Naylor, Josh",647304,391,12.3,35.5,113.9,89.1,100.6,92.9,87.4,442,167,398,161,41.2,32,8.2,6.5,2023
"Arcia, Orlando",606115,389,5.4,30.6,109.4,88.2,99.2,92.7,85.9,427,140,409,160,41.1,27,6.9,5.1,2023
"Paredes, Isaac",670623,389,22.2,32.4,107.7,86.9,96.4,91.4,83.8,427,177,378,111,28.5,23,5.9,4,2023
"Báez, Javier",595879,388,9.4,28.9,113.1,88,100.2,92.9,84.7,434,145,396,153,39.7,20,5.2,3.7,2023
"Smith, Will",669257,387,15.6,37.5,110.8,89.3,99.6,92.6,86.6,417,183,391,161,41.6,26,6.7,4.7,2023
"Correa, Carlos",621043,386,10.6,31.1,114.2,90.4,102.5,95,88.3,439,160,399,177,45.9,37,9.6,6.4,2023
"García, Adolis",666969,386,15.7,36,115.1,92.1,102.9,95.9,88.3,448,192,407,192,49.7,62,16.1,9.8,2023
"Hays, Austin",669720,384,10.4,31,111,89.4,100.5,93.1,86.8,439,163,397,154,40.1,34,8.9,6,2023
"Candelario, Jeimer",600869,382,14.1,36.9,111.3,88.3,99.2,93.1,84.6,443,175,400,139,36.4,30,7.9,5.2,2023
"Brennan, Will",686823,377,9.4,35.8,106.9,85.7,96.5,90.3,83.4,406,149,384,110,29.2,9,2.4,2,2023
"Volpe, Anthony",683011,377,14.2,35.5,108.7,88.7,99.5,93.6,84.4,419,169,383,162,43,34,9,5.7,2023
"Estrada, Thairo",642731,377,10.8,34.5,110.5,85.9,97.9,90.6,82.6,441,155,402,127,33.7,18,4.8,3.4,2023
"Franco, Wander",677551,377,8.9,35,111,89.4,99.9,93.8,85.9,448,155,397,162,43,29,7.7,5.9,2023
"Straw, Myles",664702,377,9.4,32.9,106.2,86.3,95.1,87.8,86,385,143,380,88,23.3,2,0.5,0.4,2023
"Robert Jr., Luis",673357,376,16.1,38,113.6,89.1,101.8,94.3,84.3,450,187,404,159,42.3,58,15.4,9.7,2023
"Renfroe, Hunter",592669,376,15,29.5,113.2,88.3,100.5,92.2,87.5,430,161,390,146,39.1,23,6.1,4.2,2023
"Hernández, Enrique",571771,374,17,31,109.2,87.8,97.8,90.4,87.4,431,169,395,126,33.7,17,4.5,3.3,2023
"LeMahieu, DJ",518934,374,3.8,31.6,111.2,89.6,100.3,93.4,87.8,411,135,381,161,43,22,5.9,3.9,2023
"Profar, Jurickson",595777,374,14.8,37.7,108.8,86.5,97.2,90,84.9,417,164,391,119,31.8,15,4,2.9,2023
"Anderson, Tim",641313,373,2,32.4,109.6,87.8,99.2,92.3,85.3,429,119,429,147,39.4,11,2.9,2.1,2023
"Schwarber, Kyle",656941,373,19,34.3,115.2,92.4,103.4,96.6,89,483,191,407,182,48.8,61,16.4,8.5,2023
"Díaz, Elias",553869,372,12.7,31.2,111.7,88.1,100,91.6,87.5,453,157,415,143,38.4,23,6.2,4.4,2023
"Vierling, Matt",663837,369,9.1,32.2,113,89.1,100.6,91.7,88.6,448,146,415,157,42.8,17,4.6,3.2,2023
"Melendez, MJ",669004,367,16.9,34.6,113.2,93.2,101.4,95.8,90.1,445,196,409,182,49.6,42,11.4,7,2023
"Soler, Jorge",624585,367,17.8,36.5,114.8,91.3,103.1,96.1,86.7,468,195,411,176,48,55,15,9.5,2023
"Cronenworth, Jake",630105,367,15.2,35.7,108.4,87.4,97.7,91,83.7,414,174,391,122,33.2,16,4.4,3.1,2023
"Jiménez, Eloy",650391,365,5.7,26,113.5,90.9,103.2,95.3,90.3,434,139,406,171,46.8,34,9.3,7,2023
"Heim, Jonah",641680,364,17.3,34.3,110.3,89.2,99.2,92.2,87.3,433,182,401,140,38.5,29,8,5.8,2023
"Canha, Mark",592192,362,13.1,30.9,109.4,87.9,99,91.5,87.2,436,156,388,133,36.7,17,4.7,3.4,2023
"McMahon, Ryan",641857,360,9.7,39.4,113.2,90.8,102,95.2,85.5,473,176,420,159,44.2,41,11.4,6.5,2023
"Garcia, Maikel",672580,360,6.1,36.9,110,91.8,101.5,95.5,89.4,413,150,391,182,50.6,14,3.9,2.7,2023
"Rosario, Eddie",592696,359,14.5,35.9,110.4,88.6,98.6,93.3,83.5,443,175,401,127,35.4,34,9.5,6.6,2023
"Ohtani, Shohei",660271,357,13.2,35.6,118.6,94.4,105.7,99.3,89.8,493,187,422,193,54.2,70,19.6,11.7,2023
"McKinstry, Zach",656716,356,17.8,36.8,108.3,87.2,97.7,89.2,84.9,435,185,388,119,33.5,27,7.6,5.2,2023
"Raleigh, Cal",663728,356,20.3,36.5,113.7,89.5,101,94.4,84.3,450,192,395,146,41,45,12.6,7.9,2023
"Realmuto, J.T.",592663,356,16.7,36.2,110.6,89.8,101.3,95,86,448,181,404,154,43.3,40,11.2,7.4,2023
"Ruiz, Esteury",665923,355,9.9,32.4,109.5,82.7,94,86.8,80.2,415,131,403,71,20,9,2.5,1.8,2023
"Drury, Brandon",592273,354,11.8,35,112.5,89.9,101.8,94.6,86.6,441,170,398,164,46.3,39,11,7.5,2023
"India, Jonathan",663697,352,15.2,37.2,111.4,89.5,99.7,93.2,86.9,430,173,393,136,38.6,27,7.7,5.1,2023
"Frazier, Adam",624428,350,15.2,40.6,106.7,85.7,95.3,88.2,84.1,413,171,381,82,23.4,11,3.1,2.4,2023
"Burger, Jake",669394,347,12.3,33.4,118.2,91.9,105,97.8,89.5,461,167,402,172,49.6,58,16.7,10.7,2023
"Chapman, Matt",656305,346,18.5,32.4,114.3,93.4,103.5,98.1,90.3,423,182,388,195,56.4,59,17.1,10.2,2023
"Lowe, Josh",666139,345,14.3,36.2,113.3,89.1,100.6,91.9,87.3,455,176,411,137,39.7,38,11,7.6,2023
"Flores, Wilmer",527038,345,22,36.2,108.7,86.4,97.4,90.9,84.2,420,185,393,112,32.5,27,7.8,5.9,2023
"Rojas, Miguel",500743,344,11,33.4,108.7,87.3,97.5,89.7,87.1,398,152,386,110,32,10,2.9,2.4,2023
"Wade Jr., LaMonte",664774,342,17.4,33.3,111.5,88.4,99.5,92.6,84,474,170,399,136,39.8,31,9.1,6,2023
"Harper, Bryce",547180,342,9.1,36.8,115.7,91.8,103.8,97.1,87.3,451,163,409,160,46.8,52,15.2,9.5,2023
"Grichuk, Randal",545341,340,14,35,112.1,89.6,101.5,92.6,88.1,445,169,401,154,45.3,24,7.1,5.1,2023
"Perdomo, Geraldo",672695,339,16.4,34.8,104.9,85.7,94.6,88.2,83.9,413,157,385,66,19.5,3,0.9,0.6,2023
"Kepler, Max",596146,336,14.7,35.7,111.7,91.9,102.1,94.5,90,440,192,408,161,47.9,41,12.2,8.4,2023
"Muncy, Max",571970,335,21.7,33.7,111.1,91.2,101.3,96.1,84.7,435,194,399,156,46.6,49,14.6,8.5,2023
"Davis, J.D.",605204,334,7.8,33.5,111.3,91.1,101.4,94.6,89.1,441,149,396,151,45.2,32,9.6,5.9,2023
"Massey, Michael",686681,334,19.7,38,110.3,88.6,99.5,92,86.2,441,185,401,132,39.5,26,7.8,5.6,2023
"Stephenson, Tyler",663886,331,8.9,33.5,111.1,89.4,100,94.7,84.4,428,158,385,144,43.5,25,7.6,4.8,2023
"Nootbaar, Lars",663457,331,7.2,30.8,112.2,89.1,100.3,94.7,84.7,449,154,410,125,37.8,29,8.8,5.8,2023
"Jung, Josh",673962,329,15,41.9,110,91.8,101.6,94.7,88.6,444,193,401,156,47.4,39,11.9,7.6,2023
"Kemp, Tony",643393,329,10,30.7,103,86.7,94.7,90.4,84.2,407,151,382,67,20.4,4,1.2,1,2023
"Kirk, Alejandro",672386,329,6.3,31.9,108.3,87.6,98.5,91.1,86,410,146,382,126,38.3,17,5.2,4,2023
"Peralta, David",444482,328,8.2,31.1,111.5,89.3,100.8,92.8,87.2,415,151,403,145,44.2,16,4.9,3.8,2023
"Ramírez, Harold",623912,327,6.1,29.4,112.5,89.1,100.4,91.9,87.6,441,137,398,133,40.7,15,4.6,3.5,2023
"Pham, Tommy",502054,326,5.7,34.4,113.7,92.3,103.1,95.1,90.1,433,157,400,160,49.1,35,10.7,7.3,2023
"Mountcastle, Ryan",663624,323,12,35.9,114.6,91.4,102.2,95.2,88.3,472,174,416,145,44.9,39,12.1,8.3,2023
"Alvarez, Yordan",670541,322,17.1,35.7,117.7,93.3,104.6,96.8,88.7,452,201,406,168,52.2,58,18,11.7,2023
"Contreras, Willson",575929,320,10.1,34.1,117.5,91.3,103.9,96.4,88.5,461,155,409,150,46.9,39,12.2,7.9,2023
"Grisham, Trent",663757,320,18.3,31.9,112.3,90.3,100.7,95.8,85.6,424,173,399,128,40,38,11.9,6.8,2023
"Walker, Jordan",691023,318,10.2,33.6,114.3,89.4,101.9,92.8,87.8,444,163,403,135,42.5,24,7.5,5.2,2023
"Berti, Jon",542932,316,2.4,29.7,110.7,85.4,97.8,91.8,81.9,428,137,410,99,31.3,15,4.7,3.5,2023
"Rengifo, Luis",650859,316,11,29.7,109.1,89.1,98.9,93,86.8,427,158,395,115,36.9,24,7.6,5.4,2023
"Turang, Brice",668930,315,12.6,34,108.3,85.5,96.2,89.8,82.8,417,157,406,85,27,9,2.9,2,2023
"Mullins, Cedric",656775,310,21.6,27.7,110.5,88.9,98.8,91.7,89.3,434,171,384,115,37.1,20,6.5,4.4,2023
"Blackmon, Charlie",453568,308,18.1,39,108.5,86.4,97.6,89.9,84.4,463,175,411,97,31.5,15,4.9,3.6,2023
"Langeliers, Shea",669127,308,19.6,30.8,113.4,90.6,101.9,96.1,86.8,456,173,409,137,44.5,41,13.3,8.4,2023
"Gomes, Yan",543228,308,15.1,37,109.7,87.4,98.5,92.1,83,413,175,393,112,36.4,24,7.8,5.7,2023
"Andrus, Elvis",462101,306,5.5,27.8,109.4,87.5,97.9,89,87.5,439,129,401,95,31,8,2.6,2,2023
"Outman, James",681546,306,15.7,38.2,111.4,87.9,100,91.8,83.6,436,175,394,122,39.9,34,11.1,6,2023
"Casas, Triston",671213,305,15.7,36.1,113.2,91.1,102.6,95.2,86,442,185,406,142,46.6,40,13.1,8,2023
"Conforto, Michael",624424,304,11.9,31.9,109.7,88.9,100.1,93.5,85.5,429,166,394,121,39.8,24,7.9,5.1,2023
"Joe, Connor",656582,304,16.7,37.2,111.6,88.9,100,92,88.7,428,177,405,127,41.8,25,8.2,5.3,2023
"Carpenter, Kerry",681481,304,13.1,37.2,109.3,90.1,99.8,95.1,85.3,434,172,386,133,44,31,10.2,6.8,2023
"Call, Alex",669743,302,17,29.5,108.5,86.8,97.4,90.8,84,428,165,397,91,30.1,16,5.3,3.6,2023
"Rooker, Brent",667670,295,17.6,37.3,112.6,91.6,102.7,95.4,86.3,462,203,406,146,49.5,46,15.6,8.7,2023
"Solano, Donovan",456781,295,13.1,43.1,109.8,90.2,100.1,92.8,88.3,420,175,398,129,43.7,18,6.1,4,2023
"McCutchen, Andrew",457705,294,12.3,33.7,109.8,89.6,100.3,94.2,85.3,442,168,390,131,44.6,20,6.8,4.2,2023
"Thomas, Alek",677950,293,2.2,28.3,110.9,88.9,99.8,93.4,86.2,432,129,392,122,41.6,15,5.1,3.7,2023
"Martinez, J.D.",502110,292,16.9,41.1,112.1,93.4,103.5,97.3,87.7,438,205,398,161,55.1,50,17.1,10.4,2023
"Cooper, Garrett",643265,292,13.3,40.4,110.9,89,100.5,93.7,83.8,439,175,403,120,41.1,30,10.3,6.6,2023
"Olivares, Edward",658668,292,12.2,34.2,111,87.3,99.1,91.8,85,452,160,416,110,37.7,23,7.9,6,2023
"Altuve, Jose",514888,290,11.4,29.3,109.6,86,97.9,92.7,82.5,429,144,400,91,31.4,24,8.3,5.9,2023
"Duran, Ezequiel",677649,289,14,36,115.2,90.1,101.6,93.7,87.9,443,169,414,127,43.9,25,8.7,5.7,2023
"Kiermaier, Kevin",595281,289,5.6,29.4,107.8,86.7,98,88.7,86.3,438,131,390,96,33.2,10,3.5,2.5,2023
"McCormick, Chas",676801,289,14.6,38.4,109.4,88,98.9,92.5,82.6,435,180,389,112,38.8,32,11.1,7,2023
"Ibáñez, Andy",628451,289,12.9,32.9,109.6,89.1,99.9,92.1,88,427,166,402,124,42.9,26,9,6.8,2023
"Diaz, Yainer",673237,287,11.5,36.9,110.9,90.3,101.6,94.9,85.9,453,173,397,126,43.9,35,12.2,9.3,2023
"Ward, Taylor",621493,282,14.3,34,111.4,90.7,100.3,93.1,88.8,417,178,395,123,43.9,23,8.2,5.6,2023
"Suwinski, Jack",669261,281,22.4,34.2,114.7,90.5,102.2,93.8,86.5,461,205,413,122,43.4,44,15.7,8.2,2023
"Grandal, Yasmani",518735,279,10.8,32.3,110.4,87.9,98.3,91.4,85.2,428,162,398,96,34.4,13,4.7,3.2,2023
"Peterson, Jace",607054,278,14.4,32.7,110.1,85.7,96.5,90.5,80.7,422,165,399,78,28.1,13,4.7,3,2023
"Rizzo, Anthony",519203,277,17.8,41.2,110.6,90,99.2,92.3,87.8,424,186,377,104,37.5,19,6.9,4.5,2023
"Donovan, Brendan",680977,276,10.6,37.3,109.1,89.3,99.4,93.5,86.3,416,157,394,112,40.6,16,5.8,4.3,2023
"Alvarez, Francisco",682626,273,12.5,28.6,114.1,90.1,101.7,95.7,86.9,467,165,409,123,45.1,35,12.8,8.3,2023
"Heyward, Jason",518792,273,15.4,33,112.7,87.7,99.3,92.2,86.5,424,165,391,102,37.4,22,8.1,5.8,2023
"Murphy, Sean",669221,273,13.1,38.1,114.7,91.5,103.3,96.4,86.7,459,180,409,125,45.8,44,16.1,10,2023
"Moreno, Gabriel",672515,273,4.2,32.6,109.7,89.8,99.7,92.6,88.1,417,136,386,114,41.8,13,4.8,3.4,2023
"Burleson, Alec",676475,273,12.4,36.3,110.6,89.9,99.9,93.4,86.1,427,168,388,112,41,16,5.9,4.6,2023
"Pederson, Joc",592626,272,15.2,33.1,116.6,92.1,103,96.4,88.4,434,181,397,142,52.2,33,12.1,7.8,2023
"O'Hearn, Ryan",656811,268,12,35.1,109.7,91.9,101.5,95.9,88.3,424,170,385,138,51.5,27,10.1,7.3,2023
"Fraley, Jake",641584,266,16.5,38,111.7,84.6,97.1,88.5,82.4,419,172,384,82,30.8,17,6.4,4.5,2023
"Greene, Riley",682985,266,6.6,36.8,114.4,91.6,103,96.1,86.9,453,156,403,125,47.3,30,11.3,7.2,2023
"Bader, Harrison",664056,265,17.8,32.8,110.2,85.9,97.6,89.8,84.9,436,169,394,84,31.7,14,5.3,4.1,2023
"Moustakas, Mike",519058,265,18,28.3,112.9,89,99.3,92.5,88,454,177,410,99,37.9,15,5.7,3.9,2023
"Marsh, Brandon",669016,265,12.4,37.4,110.6,91.3,100.7,94.9,87.6,436,169,408,129,48.7,24,9.1,5.1,2023
"Castro, Willi",650489,264,15.1,34.5,114.2,86.5,98.7,91.4,82.9,440,166,406,84,31.8,18,6.8,4.4,2023
"Grossman, Robbie",543257,263,20.2,32.3,109,88.2,98.4,91.9,84.5,414,190,386,98,37.3,18,6.8,4.3,2023
"Cabrera, Miguel",408234,263,7.4,34.2,111.5,89.1,99,91.8,87.8,438,146,408,99,37.6,11,4.2,3,2023
"Lowe, Brandon",664040,261,16,32.6,110.7,91.4,101.4,95.3,88.6,433,178,401,124,47.5,28,10.7,6.4,2023
"Kiner-Falefa, Isiah",643396,260,7.2,33.5,109.6,88.8,99.1,90.6,88.6,404,139,376,102,39.2,8,3.1,2.2,2023
"Urías, Ramón",602104,260,7.9,30.4,109.5,89.2,99.1,92,87.7,420,139,394,99,38.1,18,6.9,4.5,2023
"Gorman, Nolan",669357,260,22.2,38.8,112.3,91,102,95.7,84.1,446,203,411,126,48.5,43,16.5,9.3,2023
"Morel, Christopher",666624,258,12.4,29.5,113.6,92.1,103.5,97.1,88.6,466,175,412,129,50,41,15.9,9.6,2023
"Tauchman, Mike",643565,255,8.1,37.6,109.4,88.4,99.3,93,84.7,410,155,390,102,40,14,5.5,3.5,2023
"Sánchez, Jesús",660821,255,5.6,32.9,114.8,90.4,103.2,96,87.1,461,145,415,118,46.3,31,12.2,7.7,2023
"Doyle, Brenton",686668,254,11.7,29.5,111,88.3,99.1,93.8,83.8,451,155,412,89,35,22,8.7,5.1,2023
"Díaz, Aledmys",649557,254,11.3,27.6,110,87.8,98,90.5,87.7,400,144,375,85,33.5,7,2.8,2,2023
"Wiemer, Joey",686894,253,10.5,28.9,112.8,89.3,99.7,93.6,86.6,432,160,401,99,39.1,23,9.1,5.6,2023
"DeJong, Paul",657557,253,16.8,34.8,107.6,85.5,97.7,91.1,80.5,433,168,401,84,33.2,17,6.7,4.3,2023
"Farmer, Kyle",571657,252,13.2,36.1,105.5,86.4,97.4,92.2,80.9,435,162,402,83,32.9,17,6.7,4.6,2023
"McLain, Matt",680574,250,13.8,39.6,109.9,89.3,100.2,94.4,83.9,428,182,396,106,42.4,27,10.8,6.7,2023
"Sheets, Gavin",657757,249,16.9,29.7,109.5,88.1,98.4,92.1,86.7,423,171,396,81,32.5,13,5.2,3.8,2023
"Stanton, Giancarlo",519317,248,12.5,27.4,119.5,93.3,106.1,97.7,91.2,485,167,416,120,48.4,39,15.7,9.4,2023
"Marte, Starling",516782,248,6.3,30.6,110.9,88.2,100.1,92.7,84.5,423,145,413,98,39.5,14,5.6,4.1,2023
"Laureano, Ramón",657656,248,12.9,34.7,112.7,88.2,98.9,90.6,86.7,440,158,409,89,35.9,24,9.7,5.9,2023
"Vázquez, Christian",543877,247,10,36,106.6,86.7,96.9,91,82.9,412,158,383,81,32.8,8,3.2,2.3,2023
"Bae, Jihwan",678225,247,1.1,24.3,110.2,88.1,98.9,92.6,85.8,403,112,381,91,36.8,5,2,1.3,2023
"Baty, Brett",683146,246,6.6,32.9,113.7,89.5,101.6,94.8,85.9,440,147,413,109,44.3,19,7.7,4.9,2023
"De La Cruz, Elly",682829,246,3.6,30.5,119.2,91.2,102.8,95.2,88.3,467,136,420,113,45.9,21,8.5,4.9,2023
"Brown, Seth",664913,245,16.4,32.7,113.3,90.5,101.6,94.9,86.7,437,189,397,114,46.5,30,12.2,7.9,2023
"Mateo, Jorge",622761,244,10.4,28.3,112.4,88.4,100.4,92.3,85.7,433,152,404,94,38.5,13,5.3,3.7,2023
"Duran, Jarren",680776,244,10.7,32,112.6,89.9,102.1,93.6,87.1,434,162,391,113,46.3,13,5.3,3.6,2023
"Kelenic, Jarred",672284,242,10.1,38.8,112,90.9,101.5,94.6,86.5,482,169,406,110,45.5,23,9.5,5.5,2023
"Jones, Nolan",666134,242,9.8,34.7,115.3,90.1,102.4,95.3,84.3,483,178,417,100,41.3,38,15.7,9,2023
"Wong, Connor",657136,241,15.5,34,113.6,89.1,100.1,94.1,85.8,427,162,389,91,37.8,22,9.1,5.5,2023
"Judge, Aaron",592450,240,20.4,37.1,116.9,97.6,107.4,101.2,92.6,464,225,408,154,64.2,66,27.5,14.4,2023
"Rojas, Josh",668942,239,13,35.6,105.7,87.1,96.7,88.8,85.7,403,166,379,69,28.9,9,3.8,2.6,2023
"Noda, Ryan",676116,238,16,38.2,113.9,91.2,102.1,94.9,87.5,427,187,394,107,45,31,13,6.3,2023
"Chisholm Jr., Jazz",665862,237,10.7,25.3,111.6,90.3,101.2,96.5,85.4,439,153,401,99,41.8,29,12.2,7.6,2023
"Maldonado, Martín",455117,235,18.1,32.8,109.3,88.4,99.5,92.8,83.4,438,168,393,94,40,20,8.5,4.9,2023
"Yastrzemski, Mike",573262,234,19.6,35,110.1,90,100.7,94.2,85.4,418,187,386,103,44,23,9.8,6,2023
"Raley, Luke",670042,232,17.3,28.9,114.3,91.1,102.7,94.6,89.2,450,162,405,106,45.7,30,12.9,7.4,2023
"Tellez, Rowdy",642133,230,15.2,35.7,114.8,89.9,101.2,92.5,89.2,429,181,398,93,40.4,20,8.7,5.7,2023
"Taylor, Michael A.",572191,229,13.4,30.1,114.3,88.1,101.4,94.3,82.4,468,167,404,87,38,31,13.5,8,2023
"Bailey, Patrick",672275,229,10.2,36.2,108.6,88.7,99.4,92.3,85,432,160,396,88,38.4,23,10,6.5,2023
"Moncada, Yoán",660162,228,12.3,42.5,112.7,89.4,100,93.2,86,433,173,398,89,39,23,10.1,6.4,2023
"Baddoo, Akil",668731,226,10.8,26.5,111.7,88.1,99,91.9,85.9,443,154,399,82,36.8,14,6.2,3.9,2023
"Meyers, Jake",676694,222,13.9,34.7,108.3,86,96.7,91.3,80.6,423,163,395,62,27.9,14,6.3,4.1,2023
"Polanco, Jorge",593871,217,21.6,39.6,111.4,88.4,100.2,92.2,81.6,437,199,396,88,40.6,30,13.8,8.7,2023
"Rogers, Jake",668670,216,14.7,40.3,109.1,90.4,100.4,95.5,84.1,414,185,396,98,45.6,26,12,7.1,2023
"Duvall, Adam",594807,215,28.9,33,110,88.8,100.1,93.4,81.5,443,209,403,84,39.1,28,13,7.9,2023
"Julien, Edouard",666397,214,8,38.8,108.9,89.5,100.9,94.3,84.6,452,159,397,96,44.9,28,13.1,6.9,2023
"Taylor, Chris",621035,214,21.5,38.8,110.8,86.2,99,91.9,76.4,430,192,410,80,37.4,21,9.8,5.5,2023
"Garver, Mitch",641598,214,20.5,35.5,113.2,90,101,94,84.5,457,195,411,90,42.1,27,12.6,7.8,2023
"Anderson, Brian",605119,213,9.9,34.3,110.3,87.6,99.7,93.7,83.1,421,155,400,79,37.1,22,10.3,6.1,2023
"Siri, Jose",642350,212,14.4,32.5,113.7,88.4,100.6,93,82.6,457,185,404,80,37.7,28,13.2,7.7,2023
"Walls, Taylor",670764,212,19.1,32.1,104.8,86.7,95.8,89.3,83.8,404,176,379,61,28.8,7,3.3,2,2023
"Trout, Mike",545361,206,19.3,38.3,114.3,91.9,104.2,96,89.8,461,197,416,107,51.9,33,16,9.1,2023
"Arias, Gabriel",672356,203,3.7,30,114.4,91.1,101.9,96.3,87.1,441,147,414,94,46.3,20,9.9,5.8,2023
"Belt, Brandon",474832,200,19.8,44,109.9,88.7,100.7,94,77.9,448,206,400,80,40,30,15,7.4,2023
"Buxton, Byron",621439,199,20.1,33.2,116.9,91.5,102.5,97.3,83.1,466,192,406,91,45.7,29,14.6,8.4,2023
"Sabol, Blake",666165,197,16.1,31,111.6,89.1,100.1,95.8,84.3,436,161,407,76,38.6,22,11.2,6.4,2023
"Pratto, Nick",668472,172,13.4,40.7,107.6,87.5,99.6,93.4,81.3,438,178,387,72,41.9,14,8.1,4.1,2023
"Arraez, Luis",650333,611,13.7,40.9,108.4,86.3,94.8,89.3,83.9,401,164,379,145,23.7,10,1.6,1.5,2024
"Semien, Marcus",543760,546,17,33,112.1,87.4,97.8,91.1,84.4,422,173,387,192,35.2,36,6.6,5,2024
"Ramírez, José",608070,544,19.6,34,116.6,89.2,99.6,93,87.5,451,184,389,216,39.7,47,8.6,6.9,2024
"Witt Jr., Bobby",677951,538,15.1,35.7,116.9,92.7,104,95.3,91.1,468,187,411,260,48.3,77,14.3,10.9,2024
"Guerrero Jr., Vladimir",665489,524,7.4,35.1,117.6,93.8,105.7,97.1,91.6,471,162,412,287,54.9,72,13.7,10.3,2024
"Hoerner, Nico",663538,519,10.4,36,110.1,85.7,96,87.4,85.7,400,150,368,143,27.6,6,1.2,0.9,2024
"Duran, Jarren",680776,515,9.5,33.6,113.9,90.8,101.9,94.8,88.8,433,159,403,226,43.9,48,9.3,6.5,2024
"Donovan, Brendan",680977,511,13.2,36.6,108.7,88.7,98.6,92.1,87.2,422,165,385,192,37.6,28,5.5,4.3,2024
"Altuve, Jose",514888,509,14.1,34.8,108.4,86.5,97.3,89.1,84.3,438,157,390,159,31.2,33,6.5,4.8,2024
"Peña, Jeremy",665161,500,7.5,28.8,109.5,88.2,99.3,91.3,86.3,418,144,399,194,38.8,27,5.4,4.2,2024
"Bregman, Alex",608324,499,18.2,34.9,109.1,89.1,99,92.8,86.9,424,178,387,202,40.5,32,6.4,5,2024
"Giménez, Andrés",665926,495,8.7,32.7,109.6,86.3,96.5,89.6,84.6,413,140,394,141,28.5,14,2.8,2.2,2024
"Lindor, Francisco",596019,494,17,35.4,112.7,90.9,101.1,95.1,85.4,432,188,397,234,47.4,67,13.6,9.7,2024
"Arenado, Nolan",571448,493,16.9,35.9,107.5,86.3,96.9,88.9,84.6,425,164,384,156,31.6,16,3.2,2.5,2024
"Diaz, Yainer",673237,486,8.9,35,111.4,90.2,101.3,94.6,87.5,455,147,394,231,47.5,37,7.6,6,2024
"Volpe, Anthony",683011,486,8.4,33.1,108.7,87.7,98.2,91.6,84.9,421,146,383,172,35.4,19,3.9,2.8,2024
"Winn, Masyn",691026,486,13.2,33.1,111.1,87,98.1,89.3,87,417,160,394,159,32.7,18,3.7,2.8,2024
"Garcia, Maikel",672580,481,6.4,33.9,108.6,90.4,100.1,92.4,89.5,423,147,401,206,42.8,18,3.7,2.9,2024
"Ohtani, Shohei",660271,479,16.2,37.8,119.2,95.8,106.7,99.7,91.4,476,199,415,288,60.1,103,21.5,14.1,2024
"Burleson, Alec",676475,478,13.6,34.3,111,89.7,99.4,93.4,86.3,435,169,387,199,41.7,31,6.5,5.2,2024
"Verdugo, Alex",657077,478,9.9,31.6,110.7,88.3,98,91.6,86.5,422,151,390,167,34.9,27,5.6,4.3,2024
"Rutschman, Adley",668939,475,18.8,35.4,109.3,88.2,98.1,90.4,86.4,425,184,391,174,36.6,29,6.1,4.5,2024
"Henderson, Gunnar",683002,475,9.2,34.5,113.1,92.8,104,96.1,90.8,430,163,399,256,53.9,53,11.2,7.4,2024
"Bohm, Alec",664761,474,10.1,35.2,110.8,90.4,100.8,92.4,90,427,160,397,216,45.6,32,6.8,5.3,2024
"Machado, Manny",592518,473,12.7,33.8,115.6,92.5,103.4,95.7,91.3,438,167,402,231,48.8,52,11,8.1,2024
"Profar, Jurickson",595777,473,13.4,31.3,110.3,91.1,101,93.1,91,431,164,386,210,44.4,34,7.2,5.1,2024
"Díaz, Yandy",650490,472,5,28.4,117.4,92.2,103.4,94.8,92,440,135,395,230,48.7,36,7.6,5.8,2024
"Santander, Anthony",623993,471,22.7,35,114.4,89.8,100.3,94.6,86.1,442,192,395,196,41.6,55,11.7,8.3,2024
"Carroll, Corbin",682998,471,12,27.8,111.5,89.3,101.1,94.6,88.1,440,149,399,192,40.8,34,7.2,5,2024
"Castellanos, Nick",592206,469,15.2,39,113.1,88.4,99.3,91.4,85.4,445,184,398,179,38.2,38,8.1,5.8,2024
"Reynolds, Bryan",668804,469,9.4,37.5,111.6,89.9,101,94.5,84.9,440,167,406,213,45.4,45,9.6,6.5,2024
"Perez, Salvador",521692,467,19,39.4,113.3,91.1,101.9,95.1,86.7,457,196,420,209,44.8,57,12.2,8.7,2024
"Tovar, Ezequiel",678662,467,18.9,38.5,110.6,88.8,99.3,93.1,84.1,456,195,410,186,39.8,42,9,6,2024
"Cronenworth, Jake",630105,463,13.9,35.4,110.9,88.6,99.5,92.6,85.9,422,167,392,170,36.7,36,7.8,5.5,2024
"Naylor, Josh",647304,462,11.1,30.1,110.9,89.9,100.8,94.3,87.5,445,158,399,189,40.9,39,8.4,6.2,2024
"Merrill, Jackson",701538,462,14.6,39.4,111.6,90.4,100.8,93.5,86.9,442,190,399,203,43.9,52,11.3,8.8,2024
"Turang, Brice",668930,462,6.1,32,107.8,87,96.9,89.1,86.5,419,133,386,137,29.7,11,2.4,1.8,2024
"Alvarez, Yordan",670541,461,18.3,35.4,117,93.1,104.1,95.5,90.9,461,202,407,229,49.7,67,14.5,10.6,2024
"Torres, Gleyber",650402,461,15,38.2,111.2,88.6,98.3,91.9,85.3,418,177,380,163,35.4,29,6.3,4.4,2024
"Soto, Juan",665742,461,10.7,35.4,115.7,94.2,105.7,99.5,89.3,447,172,404,262,57,91,19.7,12.8,2024
"Contreras, William",661388,459,6.1,29,118.1,92.8,103.9,98,89.7,448,144,408,227,49.5,46,10,6.8,2024
"Freeman, Freddie",518692,450,14.3,43.1,112.3,89.4,100.3,92.8,85.3,437,185,394,188,41.8,41,9.1,6.4,2024
"Bleday, JJ",668709,448,18.6,37.1,113.3,88.5,99,90.9,86.8,417,183,392,162,36.2,37,8.3,5.8,2024
"Paredes, Isaac",670623,443,22.4,37,107.3,85,95.9,89.4,79.5,415,179,375,120,27.1,20,4.5,3.1,2024
"Vaughn, Andrew",683734,443,16.6,33.6,112.2,90.3,100.9,93.8,87.8,432,176,403,192,43.3,41,9.3,6.6,2024
"Alonso, Pete",624413,440,14.4,30.5,116.3,89.8,102.8,95.3,86.1,471,171,409,204,46.4,58,13.2,8.3,2024
"Adames, Willy",642715,440,20.6,38.2,112.3,88.6,99.8,93,83.4,446,192,400,179,40.7,53,12,7.7,2024
"Ozuna, Marcell",542303,440,14.4,40.5,114.8,92.1,103.3,97.1,85.4,448,196,412,235,53.4,68,15.5,9.9,2024
"Pasquantino, Vinnie",686469,439,14.6,31.9,112.2,91,101,93.7,90.8,442,175,397,204,46.5,31,7.1,5.6,2024
"Steer, Spencer",668715,439,17.4,34.2,108,88,99.2,92.7,84.9,439,175,390,175,39.9,28,6.4,4.3,2024
"Olson, Matt",621566,435,16.1,35.4,113.9,91.5,102.7,95.4,87.3,450,188,403,206,47.4,54,12.4,7.9,2024
"Springer, George",543807,432,9.4,29.2,110.6,87.5,99.9,93.8,83,434,147,389,161,37.4,40,9.3,6.5,2024
"Bellinger, Cody",641355,432,17.4,32.9,109.2,87.8,97.3,90.6,85.4,430,179,396,142,32.9,27,6.3,4.7,2024
"Arcia, Orlando",606115,431,8.6,29.7,107.8,88.2,98.4,92.8,85.9,421,145,394,163,37.8,23,5.3,3.8,2024
"Kwan, Steven",680757,431,14.9,38.1,105.6,86.3,95,88.2,84.8,424,172,382,102,23.7,11,2.6,2,2024
"Ward, Taylor",621493,430,17.4,42.1,109.4,90.9,100,93.6,86.5,428,203,397,183,42.6,56,13,8.4,2024
"Goldschmidt, Paul",502671,428,13.1,34.3,111.4,91.2,101.9,96.5,86.5,457,175,401,212,49.6,46,10.7,7,2024
"Schanuel, Nolan",694384,426,10.3,36.4,105.9,86.1,95.3,89.2,83.4,410,157,384,108,25.4,15,3.5,2.5,2024
"Santana, Carlos",467793,424,16.1,30.9,113.6,89.2,99.5,93.3,87.4,425,171,392,169,39.9,31,7.3,5.2,2024
"Stott, Bryson",681082,422,14,35.3,109.8,87,97.1,90.4,84.7,432,162,393,130,30.8,15,3.6,2.6,2024
"Bell, Josh",605137,421,10.5,31.4,111.2,88.9,100.1,93.5,86.2,436,154,395,169,40.1,32,7.6,5.3,2024
"Chapman, Matt",656305,419,16.2,31.3,114.5,93.2,104.4,96.8,91.3,428,178,407,202,48.3,53,12.6,8.2,2024
"De La Cruz, Bryan",650559,419,13.1,35.6,110.5,89.6,99.8,93.7,85.4,432,174,397,173,41.3,39,9.3,6.3,2024
"Abrams, CJ",682928,418,15.1,33,110,88.2,99.5,93.6,84,429,173,404,170,40.7,29,6.9,4.8,2024
"India, Jonathan",663697,417,13.5,39.1,110.8,87.2,98.9,91.4,84.8,436,164,395,152,36.5,32,7.7,5,2024
"Gurriel Jr., Lourdes",666971,417,15.7,33.8,110.6,88.4,99.5,92,86.3,431,175,395,167,40,28,6.7,5.1,2024
"Nimmo, Brandon",607043,416,11.2,33.7,111.5,91.9,101.3,94.5,90.5,440,172,399,197,47.4,38,9.1,5.7,2024
"García Jr., Luis",671277,415,8.2,32.8,110.7,89.1,100.2,93.2,85.7,438,158,399,173,41.7,33,8,6.3,2024
"Harper, Bryce",547180,415,13.5,36.1,113.8,91.1,102.5,95.1,86.3,428,185,392,200,48.2,44,10.6,7,2024
"Castro, Willi",650489,413,13.6,38.7,112.3,87.4,98.9,91.2,84,432,175,399,152,36.8,29,7,4.6,2024
"Rodríguez, Julio",677594,413,10.5,33.2,114.5,91.7,103.6,95.9,88.9,448,159,406,200,48.4,42,10.2,6.9,2024
"Chisholm Jr., Jazz",665862,412,11.4,29.4,110.1,89.7,100.1,94.4,87.5,440,152,401,169,41.1,40,9.7,6.4,2024
"Chourio, Jackson",694192,410,7.6,33.2,111.6,89.7,100.8,93.6,86.5,449,153,399,184,44.9,32,7.8,5.6,2024
"Ruiz, Keibert",660688,410,19.8,32.2,107.9,85.4,95.5,87.7,84.8,418,174,393,105,25.6,13,3.2,2.7,2024
"García, Adolis",666969,409,15,33.7,116.1,91,101.8,95.5,87.5,428,178,391,197,48.2,51,12.5,8,2024
"Turner, Trea",607208,408,11.5,30.9,110.6,89.1,99.7,93.2,86.2,459,161,405,166,40.7,28,6.9,5.2,2024
"Keith, Colt",690993,408,11.3,34.6,109.4,87.8,98.5,91,85.2,426,162,395,144,35.3,23,5.6,4.1,2024
"Marte, Ketel",606466,407,9.4,33.7,117,94,104,96.7,93.5,461,166,410,219,53.8,50,12.3,8.6,2024
"Neto, Zach",687263,407,12.3,29,111.3,88.5,100.1,94.2,83.9,428,163,398,158,38.8,34,8.4,5.6,2024
"Smith, Josh",669701,407,15.4,33.7,108,87.8,98.3,91.7,84.5,410,167,378,151,37.1,15,3.7,2.5,2024
"Suárez, Eugenio",553993,406,19.5,40.4,111.4,89.1,100.6,93.3,84,452,197,398,172,42.4,46,11.3,7.2,2024
"Happ, Ian",664023,403,15.1,37,114,90.8,101.6,94.6,88.5,442,182,397,182,45.2,47,11.7,7.2,2024
"De La Cruz, Elly",682829,403,9.7,35.5,114.7,91.8,103,95.9,88.4,455,164,408,184,45.7,51,12.7,7.3,2024
"Vierling, Matt",663837,402,11.7,34.1,111.2,89.8,100.2,93,88.3,426,161,385,163,40.9,30,7.5,5.3,2024
"Hernández, Teoscar",606192,402,10.3,33.8,114.1,90.6,102.7,96.7,85.5,445,169,400,188,46.8,60,14.9,9.2,2024
"Doyle, Brenton",686668,401,13.2,36.9,110.1,89.2,101,93.5,84.1,445,179,411,166,41.4,42,10.5,7,2024
"Frelick, Sal",686217,400,9.7,29.5,106.6,83.4,94.4,86.1,82.9,400,134,373,78,19.5,3,0.8,0.6,2024
"Rafaela, Ceddanne",678882,398,14.9,34.9,108.2,86.6,98.2,91.5,83,420,157,392,147,36.9,30,7.5,5.3,2024
"Betts, Mookie",605141,397,21.4,39.3,109.4,89.9,98.5,92.1,87.6,421,205,391,157,39.5,24,6,4.7,2024
"Clement, Ernie",676391,397,16.3,34.3,109.4,85.5,95.7,90.2,81.8,415,168,393,99,24.9,15,3.8,3.3,2024
"Swanson, Dansby",621020,393,10.4,32.6,109.8,89.4,100.2,94.9,85.1,425,153,389,168,42.7,36,9.2,6.1,2024
"Kiner-Falefa, Isiah",643396,392,9.1,31.6,107.9,86.1,96.7,89.7,84.5,406,147,382,116,29.7,9,2.3,1.8,2024
"Judge, Aaron",592450,390,19,40.8,117.5,96.2,107.2,99.9,89.6,477,219,409,238,61,105,26.9,14.9,2024
"Burger, Jake",669394,389,13,32.4,115.5,91.3,103.6,96,88.7,441,170,405,182,46.8,48,12.3,8.3,2024
"Langford, Wyatt",694671,387,16.6,31.3,111.9,89.6,101.2,92.9,87.9,415,170,395,168,43.4,36,9.3,6.5,2024
"McMahon, Ryan",641857,386,10,36.5,113,92.1,102.6,95.5,89,462,167,407,192,49.7,42,10.9,6.5,2024
"Devers, Rafael",646240,384,11.6,35.2,114.7,93.2,104.6,96.9,90.6,467,171,405,202,52.6,50,13,8.3,2024
"Benintendi, Andrew",643217,384,16.1,36.5,109.5,88,97.2,92,83.8,415,180,382,132,34.4,24,6.3,4.6,2024
"Arozarena, Randy",668227,384,13.2,28.4,112.1,90.4,100.9,94.6,87.8,445,158,399,167,43.5,32,8.3,4.9,2024
"Schwarber, Kyle",656941,384,15,31.8,115.6,93.6,105.2,98.2,90.2,447,175,408,213,55.5,60,15.6,8.7,2024
"Morel, Christopher",666624,381,14.2,27.6,111.4,89.2,101.2,94.6,87.1,446,153,404,154,40.4,39,10.2,6.4,2024
"Seager, Corey",608369,381,13.5,38.6,113.3,92.1,103.3,95.9,87.9,457,190,392,193,50.7,58,15.2,10.9,2024
"Smith, Will",669257,379,18.7,38.3,109.1,89.4,99.3,92.8,83.5,451,202,396,159,42,41,10.8,7.5,2024
"Young, Jacob",696285,377,4,27.6,106.7,85.8,96.9,89.6,84.4,403,123,397,109,28.9,6,1.6,1.2,2024
"O'Hearn, Ryan",656811,377,12,35,108.8,89.6,99.7,93.3,86.7,435,171,392,151,40.1,26,6.9,5.3,2024
"Raleigh, Cal",663728,376,21.2,35.6,113.9,91,102,95.3,86.1,445,195,397,181,48.1,58,15.4,9.2,2024
"Taveras, Leody",665750,375,14.7,31.5,110.1,89,99.2,91.3,88.3,437,168,398,133,35.5,22,5.9,4.2,2024
"Rooker, Brent",667670,373,18.9,38.3,113.4,91.9,103.3,96.9,87.2,452,202,413,185,49.6,62,16.6,10.1,2024
"Turner, Justin",457759,372,17.8,40.1,106.8,87.1,96.7,90.1,84.3,425,187,389,121,32.5,17,4.6,3.2,2024
"McCarthy, Jake",664983,372,9.1,30.4,106.6,84.5,95.6,89.1,81.3,420,134,390,91,24.5,10,2.7,2,2024
"Rodgers, Brendan",663898,372,4.9,32.8,111.1,89.3,101.2,92.6,87.7,439,139,414,164,44.1,21,5.6,3.9,2024
"Heim, Jonah",641680,371,14.5,29.9,109.8,88.5,98.5,92.1,86.4,411,162,386,135,36.4,22,5.9,4.5,2024
"France, Ty",664034,370,12.9,30.5,111.1,88.7,99.7,93.8,86,427,161,399,148,40,27,7.3,5,2024
"Lowe, Nathaniel",663993,365,7.7,32.6,111.8,88.9,100.4,92.7,86,441,151,394,146,40,21,5.8,3.7,2024
"Urshela, Gio",570482,365,10.5,38.6,109,86.4,96.7,90.4,83.2,416,155,386,103,28.4,18,4.9,3.9,2024
"Mountcastle, Ryan",663624,365,10.4,36.2,113.5,90.8,102.1,93.7,88.8,443,167,398,165,45.2,32,8.8,6.3,2024
"Cruz, Oneil",665833,364,9.8,32.1,121.5,95.5,107.2,98.5,94.4,472,160,422,200,54.9,57,15.7,9.5,2024
"Blackmon, Charlie",453568,364,16.3,34.1,107.6,84.8,96.1,89.6,81.3,452,169,409,99,27.2,19,5.2,3.8,2024
"McNeil, Jeff",643446,360,14.9,32.2,107.7,87,96.9,89.3,85.9,402,167,378,112,31.1,11,3.1,2.3,2024
"Greene, Riley",682985,358,12.2,39.1,114,91.3,102.1,95.3,86.7,427,177,391,168,47.1,48,13.4,8.2,2024
"Suzuki, Seiya",673548,356,16.2,38.8,115.5,91.7,102.6,94.2,89.6,459,198,407,175,49.2,41,11.5,7,2024
"Soler, Jorge",624585,356,17.9,33.4,115.4,90.5,101.9,94.6,87.6,478,180,418,157,44.1,45,12.6,7.8,2024
"Dubón, Mauricio",643289,355,14.6,30.4,108.3,86.1,96,88.6,86.2,401,153,379,94,26.5,10,2.8,2.3,2024
"Bogaerts, Xander",593428,355,10.9,32.1,111.3,88.1,98.1,91.1,86.2,447,153,399,118,33.2,18,5.1,3.9,2024
"Walker, Christian",572233,354,16.6,35,113.9,91.2,103.1,95.5,88.3,464,189,407,170,48,47,13.3,8.5,2024
"Sánchez, Jesús",660821,352,7.7,31.8,117.2,92.5,104.6,97.1,89.5,480,151,419,180,51.3,43,12.2,8,2024
"Meyers, Jake",676694,351,14.4,34.8,110,88.2,99.3,91.9,85.2,415,165,375,130,37,24,6.8,4.7,2024
"Mullins, Cedric",656775,350,21.5,31.4,106.4,87.1,97.8,90.7,86,430,172,384,117,33.4,17,4.9,3.4,2024
"Harris II, Michael",671739,349,7.5,33.5,114.7,90.5,103.3,95.3,88.3,426,150,406,164,47,35,10,7.4,2024
"Sheets, Gavin",657757,348,13.5,41.1,110,87.8,98.9,90.9,86,410,173,387,123,35.3,20,5.7,4,2024
"Ortiz, Joey",687401,346,9.9,26.3,111.5,87.8,99.4,91.4,87.2,425,146,395,133,38.4,16,4.6,3.1,2024
"Ramos, Heliot",671218,344,10.4,34.3,111.8,91.5,102.6,96.1,87.2,448,169,410,163,47.5,50,14.5,9.7,2024
"Langeliers, Shea",669127,343,16.3,35.3,113.7,91.3,102.1,95.4,88.3,454,178,404,151,44,44,12.8,8.2,2024
"Stephenson, Tyler",663886,342,10.9,33,111,90.2,100.3,95.1,86,436,163,394,150,43.9,31,9.1,6,2024
"Thomas, Lane",657041,340,17,31.5,111,88.8,100.4,92.9,86,429,165,397,138,40.6,25,7.4,4.7,2024
"Miranda, Jose F",669304,339,15.5,33.9,110.7,88.9,99.4,92.3,87.4,437,173,405,132,38.9,20,5.9,4.7,2024
"Albies, Ozzie",645277,338,18.4,33.4,113.7,88.4,97.1,91.5,87,431,170,395,108,32,21,6.2,4.8,2024
"Busch, Michael",683737,338,17.2,36.4,109.3,89.9,100,95.4,83.6,468,177,404,135,39.9,38,11.2,6.7,2024
"Lopez, Nicky",670032,337,5.6,30,106.5,85,94.1,89.1,83.3,397,124,383,57,16.9,5,1.5,1.1,2024
"Wong, Connor",657136,336,12.9,30.4,109.1,86.5,98.7,90.8,83.3,420,153,388,116,34.5,21,6.3,4.3,2024
"Pham, Tommy",502054,335,11,32.2,112.9,90.4,101.1,94,88.3,441,158,399,143,42.7,24,7.2,5,2024
"Kim, Ha-Seong",673490,333,15.1,36.6,107.9,87.9,98.6,92.1,87,405,165,388,118,35.4,16,4.8,3.4,2024
"Lopez, Otto",672640,332,5.4,30.4,108.8,88,99.5,93.1,84.6,427,133,404,129,38.9,17,5.1,3.9,2024
"Lux, Gavin",666158,331,9.1,35,108.7,88.3,99,92.3,86,413,153,385,136,41.1,20,6,4.1,2024
"Cowser, Colton",681297,330,13,31.8,113.6,90.5,101.8,95.6,84.7,443,179,409,152,46.1,45,13.6,8,2024
"Winker, Jesse",608385,329,14,30.1,109.2,88.6,98.9,92.8,86.6,429,148,402,123,37.4,25,7.6,4.9,2024
"Yoshida, Masataka",807799,328,10.5,36.3,111.1,88,99.1,91.3,85.9,425,163,394,123,37.5,18,5.5,4.3,2024
"O'Hoppe, Logan",681351,326,15.3,42.9,111.6,90.4,101.2,95.4,84.5,467,183,410,151,46.3,39,12,7.5,2024
"Jeffers, Ryan",680777,325,16.2,31.7,113.9,86.9,99,92.2,83.5,416,171,388,110,33.8,27,8.3,5.8,2024
"Varsho, Daulton",662139,324,24.4,29.6,110.2,86.1,98.5,91.6,83.9,427,175,391,110,34,20,6.2,3.9,2024
"Conforto, Michael",624424,323,14.8,33.7,113.6,90.2,102,95.4,86.3,440,168,399,148,46,38,11.8,7.8,2024
"Westburg, Jordan",676059,321,13.1,37.4,111.2,91.1,101.8,94.8,88.2,433,177,397,148,46.1,38,11.8,8.5,2024
"McCutchen, Andrew",457705,317,14.3,31.9,109.8,88.5,99.4,93.9,84.1,448,174,400,117,36.9,38,12,7.4,2024
"Rojas, Josh",668942,317,15.5,35.6,108.4,88.2,97.9,93.1,83.5,408,179,388,121,38.2,18,5.7,3.8,2024
"Gelof, Zack",680869,317,14.2,34.4,109.1,89.2,99,93.1,85.5,436,163,406,118,37.2,28,8.8,5.1,2024
"Candelario, Jeimer",600869,316,12.4,33.9,108.2,86.9,97.9,92.3,81.8,423,170,385,109,34.5,26,8.2,5.6,2024
"Caballero, José",676609,314,15.9,33.4,109.9,83.7,96.2,89.4,78.1,423,154,395,79,25.2,16,5.1,3.3,2024
"Bader, Harrison",664056,313,11.9,33.9,111.7,87.2,98.7,92.1,84.4,431,156,404,111,35.5,20,6.4,4.6,2024
"Espinal, Santiago",669289,311,15,35,105.9,85.9,95,88.5,84.7,420,162,385,75,24.1,6,1.9,1.5,2024
"Riley, Austin",663586,309,15.9,37.2,114.7,93.3,103.8,96.6,89.6,449,194,414,165,53.4,46,14.9,9.8,2024
"Bailey, Patrick",672275,309,12.1,37.9,110.1,91.3,100.7,93.5,89.5,433,171,411,132,43,17,5.5,3.8,2024
"Butler, Lawrence",671732,308,11.3,35.1,113.1,91.1,101.8,94.6,88,457,177,405,146,47.4,34,11,7.5,2024
"Yastrzemski, Mike",573262,306,19.1,33,108.2,90.4,99.6,94,85.8,422,181,380,125,41,32,10.5,6.8,2024
"Hoskins, Rhys",656555,306,20.8,29.7,109.6,88.7,99.7,94.4,82.6,423,189,395,129,42.2,39,12.7,7.5,2024
"Isbel, Kyle",664728,306,9,24.8,109.6,88.1,99.4,91.7,87.2,412,137,397,111,36.3,12,3.9,2.8,2024
"Tatis Jr., Fernando",665487,303,10,33.7,116.7,93.5,104.4,97.6,89.7,448,166,410,169,55.8,44,14.5,10,2024
"Canha, Mark",592192,302,9.6,31.5,107,88.4,98.2,92.8,86.7,414,147,390,113,37.4,10,3.3,2.2,2024
"Renfroe, Hunter",592669,302,16.7,27.8,112,88.5,100.3,92.3,86.2,434,164,398,119,39.4,20,6.6,4.7,2024
"Pérez, Wenceel",672761,300,18,37.7,109.1,88.4,97.3,91.1,86.6,411,174,385,91,30.6,13,4.3,3.1,2024
"Rocchio, Brayan",677587,300,9.4,35.3,108.1,84.6,95.7,88.5,82.5,400,149,383,67,22.3,12,4,2.7,2024
"Pages, Andy",681624,299,20.8,40.8,112,88.6,100.3,92.1,85.6,433,191,399,120,40.1,32,10.7,7.2,2024
"Melendez, MJ",669004,299,14.6,29.1,112.9,91.1,101.5,95.3,89,431,169,398,135,45.2,25,8.4,5.5,2024
"Tellez, Rowdy",642133,299,17,32.4,115.5,89.4,100.6,92.6,88.6,447,171,409,109,36.5,24,8,5.7,2024
"Kirk, Alejandro",672386,298,10.8,34.6,112.9,89.4,99.8,94.1,87.9,405,152,391,122,40.9,20,6.7,5.2,2024
"Martinez, J.D.",502110,295,14.4,39.3,110.8,91,101.4,94.6,87.4,430,186,402,136,46.1,44,14.9,8.9,2024
"DeJong, Paul",657557,294,20,36.4,111.5,87.8,100,93.3,80.9,435,188,394,122,41.5,30,10.2,6.2,2024
"Hayes, Ke'Bryan",663647,294,4.8,29.9,110.4,88.9,99.8,92.1,87.8,404,139,386,126,42.9,7,2.4,1.8,2024
"Kepler, Max",596146,291,16.8,35.4,115.4,88.9,99.6,92.3,85.7,426,185,406,107,36.8,18,6.2,4.5,2024
"Perdomo, Geraldo",672695,291,16.9,28.9,109.8,87,96.1,89.7,85.9,415,153,372,75,25.8,9,3.1,2.3,2024
"Crawford, J.P.",641487,291,13.2,30.2,110.7,87.5,99,91.5,85.6,429,159,394,110,37.8,19,6.5,4.2,2024
"Estrada, Thairo",642731,290,10.5,30.3,108.6,86.2,97.3,92.4,82.4,409,146,391,92,31.7,14,4.8,3.7,2024
"Gonzales, Nick",693304,290,13,34.1,110.4,87.9,98.8,91.3,84.9,429,166,389,107,36.9,23,7.9,5.9,2024
"Hernández, Enrique",571771,289,17.1,35.6,112.7,89.6,99.3,92.7,87.3,431,179,400,120,41.5,14,4.8,3.6,2024
"Schuemann, Max",680474,286,16.6,39.5,105.4,89,97.7,91.8,86.3,403,175,379,107,37.4,16,5.6,3.5,2024
"Crow-Armstrong, Pete",691718,285,17.2,32.6,107.2,88.9,98.8,94,82.7,438,169,403,105,36.8,21,7.4,5.1,2024
"Freeman, Tyler",671289,283,13,30.4,109.2,87.7,98.6,90.2,87.5,418,151,385,98,34.6,9,3.2,2.3,2024
"Vientos, Mark",668901,283,11.4,34.6,113.2,91.2,102.5,96,87.2,451,169,402,132,46.6,40,14.1,8.8,2024
"Kelenic, Jarred",672284,283,16,38.2,110.7,89.8,100.3,93.7,85.6,427,190,394,128,45.2,28,9.9,6.2,2024
"Fraley, Jake",641584,283,11.1,34.6,108.7,84.3,95.7,88.6,82.6,389,151,372,70,24.7,9,3.2,2.4,2024
"Brennan, Will",686823,283,13.3,31.1,109,86,97.1,89.7,84.1,401,154,372,92,32.5,13,4.6,3.7,2024
"Polanco, Jorge",593871,282,17.9,35.5,110.7,88.3,99.2,92.2,82.1,426,183,395,105,37.2,25,8.9,5.3,2024
"Massey, Michael",686681,282,16.8,34.4,110,89.2,98.4,92.8,85.4,434,180,392,104,36.9,20,7.1,5.6,2024
"Adell, Jo",666176,282,15.9,30.5,115.6,89.8,102.7,96.4,83.3,439,181,407,126,44.7,33,11.7,7.3,2024
"Perkins, Blake",663368,281,12,31.3,106.8,88.8,97.8,92,86.6,406,154,387,106,37.7,11,3.9,2.5,2024
"Triolo, Jared",669707,281,13.4,38.8,108,88.4,99.4,91.1,85.9,411,173,386,110,39.1,15,5.3,3.4,2024
"Realmuto, J.T.",592663,279,9.4,36.9,109.7,89.2,101.2,94.8,84.2,430,163,401,130,46.6,29,10.4,7,2024
"Abreu, Wilyer",677800,279,19.2,33.7,114.4,91.6,101.9,94.4,89.6,430,191,407,141,50.5,31,11.1,6.9,2024
"Moniak, Mickey",666160,279,19.8,31.5,112.8,88.1,99.5,93.3,83.4,437,172,406,96,34.4,26,9.3,6.2,2024
"Fermin, Freddy",666023,277,11.1,28.5,108.1,88.2,97.9,89.2,88.5,403,137,377,94,33.9,9,3.2,2.4,2024
"Rojas, Johan",679032,277,4.8,21.3,110.6,85.7,97.2,88.6,86,406,114,391,76,27.4,7,2.5,1.9,2024
"Sosa, Lenyn",672820,277,12.3,42.2,110.7,89,99.4,93,85.5,406,174,387,114,41.2,17,6.1,4.6,2024
"Toro, Abraham",647351,277,12.2,33.2,109.9,87.2,97.5,90.7,85.7,415,156,396,82,29.6,12,4.3,3.3,2024
"Stanton, Giancarlo",519317,276,14.7,34.8,120,94.6,108.2,100.4,91.3,451,181,414,152,55.3,57,20.7,12.4,2024
"Joe, Connor",656582,275,16.3,30.9,109.4,85.3,97.9,90.8,82.7,408,157,393,90,32.7,13,4.7,3.1,2024
"Wells, Austin",669224,275,17.1,34.5,111.2,88.4,99.7,93.2,84.2,423,179,398,107,38.9,25,9.1,6,2024
"Lowe, Brandon",664040,275,14.5,39.6,111,89.8,101.3,94.1,84.3,444,187,401,123,44.7,34,12.4,8,2024
"Amaya, Miguel",665804,274,11.1,33.9,111.3,88.4,99.1,91.4,86.6,426,153,401,93,33.9,13,4.7,3.6,2024
"Rizzo, Anthony",519203,274,14.3,31,110.7,86.7,97.8,91.5,84.2,417,146,390,91,33.2,11,4,2.9,2024
"Nootbaar, Lars",663457,273,6,32.2,113.5,91.8,102.3,95.8,89.6,441,151,410,135,49.5,27,9.9,6.7,2024
"Raley, Luke",670042,273,13.5,30.4,115.4,90.1,101.7,95.1,86.3,459,160,394,114,41.8,30,11,6.6,2024
"Marsh, Brandon",669016,270,13.8,40.7,110.1,91.6,101.1,95.4,87.4,409,184,389,128,47.4,27,10,5.7,2024
"Larnach, Trevor",663616,268,12.4,36.2,113.2,92,102.4,94.5,89.8,441,177,400,121,45.1,27,10.1,6.8,2024
"Pederson, Joc",592626,266,16.9,34.2,114.1,92.3,102.6,96.3,89.3,453,177,412,123,46.2,34,12.8,7.6,2024
"Margot, Manuel",622534,265,13.8,30.6,111.2,88.2,98.9,91.6,86.8,419,165,404,89,33.6,13,4.9,3.8,2024
"Horwitz, Spencer",687462,262,13.7,37.4,108.1,88.2,98.2,92.1,85.6,421,167,396,96,36.6,21,8,5.5,2024
"Correa, Carlos",621043,262,8.9,34.4,113.9,90.3,102.5,94.1,88,442,161,401,117,44.7,24,9.2,6.5,2024
"Brown, Seth",664913,261,14.6,35.2,110.9,90,100.9,94,86.7,445,174,404,106,40.6,22,8.4,5.5,2024
"Rosario, Amed",642708,260,4.6,33.5,108.9,86.9,98.6,92.4,83.9,420,141,401,94,36.2,12,4.6,3.5,2024
"Marte, Starling",516782,259,4.3,36.7,110.9,89.8,101.2,94.4,86.2,434,137,402,111,42.9,18,6.9,4.9,2024
"Buxton, Byron",621439,258,19.8,39.5,113.2,91.7,102.5,95.6,88.2,456,198,407,124,48.1,34,13.2,8.8,2024
"Schneider, Davis",676914,258,21.4,38,109.3,88.6,99,93.1,80.3,423,198,388,98,38,31,12,6.8,2024
"Díaz, Elias",553869,258,7.6,31,110.5,87.1,99,91.2,85.4,419,138,400,89,34.5,12,4.7,3.4,2024
"DeLuca, Jonny",676356,257,16.2,32.7,109.4,84.6,96.2,89.8,82.6,412,157,383,72,28,10,3.9,2.8,2024
"Moreno, Gabriel",672515,256,8.8,33.6,111.1,90,99.9,92.7,88.6,433,148,396,105,41,17,6.6,4.8,2024
"Lee, Korey",686676,255,9.6,34.1,110,88.3,99.5,92.1,86,436,153,403,96,37.6,19,7.5,4.8,2024
"Haniger, Mitch",571745,255,13.7,31,112,90.6,101,94.1,87.5,422,164,391,117,45.9,23,9,5.4,2024
"Fry, David",681807,255,19.6,36.9,108.5,88.3,99.1,90.3,87.8,424,183,390,96,37.6,19,7.5,4.8,2024
"Toglia, Michael",669911,255,15.1,39.2,112,92.1,102.7,95.7,87.3,462,201,404,128,50.2,44,17.3,9.6,2024
"Jiménez, Eloy",650391,255,4.3,25.1,112.3,92,103.2,95.8,91,441,127,418,125,49,20,7.8,5.7,2024
"O'Neill, Tyler",641933,254,20.2,34.6,113.1,90.9,102.8,96.5,84.3,465,189,403,124,48.8,44,17.3,9.3,2024
"Robert Jr., Luis",673357,253,13.5,35.6,113,90.1,101.2,93.8,86.3,470,177,402,103,40.7,25,9.9,5.9,2024
"Friedl, TJ",670770,251,16.7,29.9,108.9,86,97,88.6,84.2,429,164,385,79,31.5,8,3.2,2.3,2024
"Moore, Dylan",664238,251,22.6,38.2,109.1,88.4,98.8,91.7,85.4,429,192,389,91,36.3,22,8.8,5,2024
"Singleton, Jon",572138,247,12.8,34.8,115.4,88.7,99.8,92.1,85,442,177,391,92,37.2,22,8.9,5.4,2024
"Drury, Brandon",592273,247,6,25.9,113.7,87.6,99.1,92.2,85.3,459,123,395,88,35.6,9,3.6,2.5,2024
"Wade Jr., LaMonte",664774,245,12.9,39.6,110.8,90.6,101.2,94.8,85.7,442,180,393,108,44.1,23,9.4,5.7,2024
"Taylor, Tyrone",621438,241,16.8,34.4,110.7,87.3,99.4,93.4,81.9,413,168,399,85,35.3,17,7.1,4.9,2024
"Siri, Jose",642350,238,15.4,35.7,111,87.5,100.7,95.3,79.3,452,181,410,99,41.6,35,14.7,7.8,2024
"Torkelson, Spencer",679529,238,20.2,31.5,109,89,99.7,92.1,87.7,446,174,405,94,39.7,16,6.7,4.2,2024
"Garver, Mitch",641598,237,18.3,32.5,108.7,89.9,100,94.8,84.6,419,180,395,94,39.7,20,8.4,4.7,2024
"Naylor, Bo",666310,236,19.9,32.6,109,88.8,98.7,93.3,84.9,435,179,391,89,37.7,19,8.1,4.9,2024
"Lowe, Josh",666139,232,16.9,37.9,109.3,90.8,100.9,94.3,87.9,437,186,391,107,46.1,24,10.3,6.2,2024
"Cave, Jake",595909,229,7.5,35.4,106.8,87.5,98.3,92.3,82.1,430,160,396,85,37.1,12,5.2,3.5,2024
"Tauchman, Mike",643565,229,15.5,34.9,110.3,89,99.1,92.3,86.2,421,178,384,94,41,17,7.4,4.9,2024
"Tucker, Kyle",663656,225,21.2,40,108.1,91.1,100.2,94.1,85.4,456,212,391,101,44.9,29,12.9,8.6,2024
"Alvarez, Francisco",682626,224,6.9,27.2,114.8,88.8,101.3,94.2,85.4,439,143,408,94,42,15,6.7,4.4,2024
"d'Arnaud, Travis",518595,222,11.6,32.9,109.8,89.9,100.5,94.8,86.3,445,162,415,91,41,23,10.4,6.7,2024
"Gorman, Nolan",669357,216,20.3,40.3,111,88.5,100.7,93.7,80.2,436,201,399,83,38.6,36,16.7,9,2024
"Fitzgerald, Tyler",666149,207,20.2,38.6,107.3,87.7,97.6,90.6,83.6,434,187,397,66,31.9,17,8.2,5,2024
"Contreras, Willson",575929,205,14.2,32.7,115.3,91.6,103.7,95.3,90.3,445,168,410,96,46.8,23,11.2,6.4,2024
"Benson, Will",666181,192,18.2,36.5,110.7,89.4,99.8,94,83.2,439,187,397,77,40.1,22,11.5,5.7,2024
"Bauers, Jake",641343,184,22.6,38.6,110.1,89.4,100,92.7,84.3,444,198,401,79,42.9,19,10.3,5.5,2024
"Arraez, Luis",650333,618,12.2,36.9,107.8,86.1,93.6,87.6,85.1,402,152,370,103,16.7,7,1.1,1,2025
"Kwan, Steven",680757,575,15.6,39.3,104.2,86.2,94.4,87.8,85.1,431,167,381,111,19.3,11,1.9,1.6,2025
"Hoerner, Nico",663538,554,12.5,36.1,108.1,86.7,96.7,89.3,85.8,412,155,379,168,30.3,13,2.3,2,2025
"Perdomo, Geraldo",672695,533,15.5,36,108.2,87.6,97.4,90.3,86.6,423,165,393,170,31.9,33,6.2,4.6,2025
"Betts, Mookie",605141,531,18,37.7,108.4,89.1,98.1,91.6,86,412,191,390,190,35.8,29,5.5,4.4,2025
"Ramírez, José",608070,525,19.2,36.4,111.6,88.9,99.1,91.9,88.4,420,183,380,194,37,37,7,5.5,2025
"Lindor, Francisco",596019,520,15.1,34.6,112.9,90.5,100.8,95,86.5,425,175,390,231,44.4,46,8.8,6.3,2025
"Pasquantino, Vinnie",686469,519,16.3,33.5,114.4,90.9,101.3,94.1,89,448,178,399,232,44.7,56,10.8,8.2,2025
"Garcia, Maikel",672580,519,9.7,34.5,110.3,91.3,101.3,93.9,90.6,428,161,399,234,45.1,29,5.6,4.4,2025
"Albies, Ozzie",645277,514,18.7,33.5,109.9,87.5,96.9,91.3,84.5,435,170,380,158,30.7,25,4.9,3.7,2025
"Bellinger, Cody",641355,507,18.5,37.1,110.2,88.3,98.7,91.7,84.4,451,190,386,192,37.9,38,7.5,5.8,2025
"Witt Jr., Bobby",677951,505,15.2,35.4,117.5,93.3,103.9,96.2,91.6,456,183,411,245,48.5,63,12.5,9.2,2025
"Rodríguez, Julio",677594,502,8.5,31.5,115.8,91.8,103.7,96,88.6,442,159,403,241,48,49,9.8,6.9,2025
"Guerrero Jr., Vladimir",665489,499,7.8,33.7,120.4,92,104.8,95.7,90.7,448,155,405,253,50.7,61,12.2,9,2025
"Clement, Ernie",676391,496,17.9,36.9,108.9,86.6,96,89.3,84.2,409,175,388,129,26,12,2.4,2,2025
"Díaz, Yandy",650490,496,5,29.2,113.6,93,104.8,96.4,91.6,435,142,379,260,52.5,41,8.3,6.3,2025
"Bichette, Bo",666182,494,8.2,37.9,112.3,91,101.8,95,88.1,434,163,397,241,48.8,39,7.9,6.2,2025
"Harris II, Michael",671739,494,7.4,29.6,114.1,90.2,103,94.2,88.1,451,149,411,214,43.4,45,9.1,7,2025
"Lee, Jung Hoo",808982,493,9.9,33.9,107.2,87.1,97.2,89.6,85.9,413,153,381,158,32,18,3.7,2.9,2025
"Machado, Manny",592518,489,14.3,34.8,114.8,92.9,103.4,96.9,89.7,452,180,396,252,51.5,63,12.9,9.3,2025
"Altuve, Jose",514888,486,17.7,29.6,110.6,85.1,97.3,91.1,82.1,439,152,384,150,30.9,30,6.2,4.6,2025
"Turner, Trea",607208,484,9.1,34.7,111.7,89.3,100.1,92.6,87,426,156,393,204,42.1,28,5.8,4.4,2025
"Caminero, Junior",691406,484,10.7,27.7,116.7,92.4,104.5,97.7,89.8,447,157,392,249,51.4,68,14,10.4,2025
"Edwards, Xavier",669364,479,8.2,33,109,86.8,96.8,88.5,86.3,402,142,378,141,29.4,4,0.8,0.6,2025
"Friedl, TJ",670770,473,14.3,32.8,107.6,87.1,97.5,91,85,415,154,385,152,32.1,13,2.7,1.9,2025
"Rooker, Brent",667670,473,16.4,39.7,113.3,90.7,101.3,94.7,87.4,440,187,402,212,44.8,65,13.7,9.3,2025
"Perez, Salvador",521692,473,18.1,35.7,114.8,90,102.1,95,84.9,444,188,399,221,46.7,70,14.8,10.9,2025
"Alonso, Pete",624413,471,15.4,38.4,115.9,93.5,105.1,98.4,88.3,445,185,407,256,54.4,89,18.9,12.6,2025
"Ramos, Heliot",671218,468,11.5,32.5,116,91.8,102.5,95.4,89.3,439,168,403,222,47.4,41,8.8,5.9,2025
"Tatis Jr., Fernando",665487,467,9.4,28.9,113.4,93.3,103.8,97,91.3,441,155,409,242,51.8,51,10.9,7.4,2025
"Lopez, Otto",672640,465,8.4,32.5,111.2,88.5,99.9,92.4,85.7,446,154,402,178,38.3,33,7.1,5.6,2025
"Naylor, Josh",647304,465,11.6,30.8,117.9,89.2,100.1,92,87.6,450,161,393,195,41.9,31,6.7,5.1,2025
"Abrams, CJ",682928,459,13.3,34.4,112.7,88.7,99.5,92.1,86.3,428,170,387,180,39.2,35,7.6,5.5,2025
"Frelick, Sal",686217,456,12.1,30.7,109.1,85.5,96.1,89.6,84.2,422,142,390,125,27.4,14,3.1,2.4,2025
"Duran, Jarren",680776,455,12,34.3,117.7,91.8,103.2,94.8,90.9,446,167,401,213,46.8,44,9.7,6.3,2025
"Crawford, J.P.",641487,455,11.5,40,110.1,87.2,98.2,89.1,86.4,417,154,381,158,34.7,22,4.8,3.4,2025
"Crow-Armstrong, Pete",691718,454,20,33.7,113.2,89.5,100.7,93.4,84.8,452,189,395,189,41.6,59,13,9.1,2025
"Nimmo, Brandon",607043,454,11.2,29.7,112.3,91.9,102.6,95,90.8,417,160,388,228,50.2,40,8.8,6.1,2025
"Olson, Matt",621566,453,14.8,37.1,114,93.3,103.8,97.3,89.7,459,182,407,241,53.3,65,14.3,9,2025
"Pages, Andy",681624,452,16.9,38.9,110.6,88.6,99.3,91.4,85.4,424,187,397,168,37.2,38,8.4,6.1,2025
"Contreras, William",661388,452,7,31.6,114.1,91.1,102.6,96.4,87.2,441,147,387,219,48.5,29,6.4,4.4,2025
"Wilson, Jacob",805779,450,8.8,32,108.5,84.6,95.1,87.5,83.2,420,134,383,111,24.7,10,2.2,1.9,2025
"Diaz, Yainer",673237,450,10.2,34.9,111.6,89.9,101,94.7,86.7,430,158,395,190,42.2,43,9.6,7.6,2025
"De La Cruz, Elly",682829,449,7.6,32.5,117.4,91,102.3,94.6,88.9,451,149,405,198,44.2,46,10.2,6.6,2025
"Soto, Juan",665742,447,12,32.9,115,93.8,104.5,99.1,89.7,437,172,400,247,55.3,81,18.1,11.3,2025
"Holliday, Jackson",702616,447,8.9,32.4,109.6,88.8,99.6,93.8,85,430,158,393,182,40.8,35,7.8,5.4,2025
"Henderson, Gunnar",683002,445,9.5,29.9,113.9,92.1,102.9,94.5,92.2,417,151,393,218,49.2,38,8.5,5.8,2025
"Turang, Brice",668930,441,8.6,35.1,111.2,91.1,100.6,95,86.9,444,163,408,209,47.4,35,7.9,5.3,2025
"Torres, Gleyber",650402,438,14.3,38.6,110.9,90,100,93.3,86.4,432,183,400,171,39,36,8.2,5.7,2025
"Story, Trevor",596115,438,14.2,32.6,111.7,91.4,102.4,94.5,90.2,431,166,388,206,47,43,9.8,6.6,2025
"Chourio, Jackson",694192,435,10.6,33.8,113.7,89.3,101.2,94.6,85.1,448,168,397,184,42.3,42,9.7,7.1,2025
"Rafaela, Ceddanne",678882,434,12.8,32.3,112.1,88.3,99.6,93.5,85,426,160,391,168,38.7,40,9.2,6.8,2025
"Gurriel Jr., Lourdes",666971,433,16.3,37.4,109.1,87.8,99.1,92.7,83.9,439,178,402,166,38.3,31,7.2,5.7,2025
"Freeman, Freddie",518692,433,14.3,36.7,114.1,90.9,100.8,93.6,88,451,178,406,198,45.7,45,10.4,7.2,2025
"Ramírez, Agustín",682663,428,8.3,31.1,116.9,90.8,103.9,95.4,88.8,447,153,410,201,47,47,11,8,2025
"Swanson, Dansby",621020,428,13.3,36.9,109.3,90.5,101.2,95.7,85.2,441,171,403,204,47.8,50,11.7,7.8,2025
"Arozarena, Randy",668227,427,12.9,32.6,112.3,91.3,102.5,95,89.9,445,166,399,216,50.6,49,11.5,6.9,2025
"Ohtani, Shohei",660271,426,15,35.9,120,94.9,106.1,100.4,88,454,196,406,250,58.7,100,23.5,13.8,2025
"Correa, Carlos",621043,425,7.3,34.6,112.6,90.5,102.3,93.4,89.2,458,147,405,195,45.9,29,6.8,5,2025
"Schanuel, Nolan",694384,424,13.2,37.7,109.8,87.5,96.6,91,84.3,418,166,394,123,29,19,4.5,3.4,2025
"Burleson, Alec",676475,423,15.2,34,111.1,91,101.4,93.9,88.5,443,177,408,182,43,40,9.5,7.3,2025
"Happ, Ian",664023,423,16.1,35.7,112,90,101.4,94.6,85.9,434,178,393,188,44.4,44,10.4,6.6,2025
"Soderstrom, Tyler",691016,422,7.9,34.4,114,91.6,103,95.7,88.7,445,159,398,210,49.8,48,11.4,7.7,2025
"Adames, Willy",642715,421,21.1,35.6,110.2,88.9,99.9,94,80.6,452,193,401,180,42.8,53,12.6,7.7,2025
"Castellanos, Nick",592206,420,15.2,39,110.2,87.8,98.6,91.5,83.3,445,182,396,145,34.5,32,7.6,5.4,2025
"Devers, Rafael",646240,419,12.6,34.6,114.5,93.5,104,96.7,90.8,442,180,401,235,56.1,67,16,9.2,2025
"Hayes, Ke'Bryan",663647,418,8.5,30.6,109.7,89.3,99.8,92.5,88,413,142,378,177,42.5,19,4.5,3.3,2025
"Reynolds, Bryan",668804,417,7.3,38.4,113.5,91.2,101.9,95.1,87,432,164,400,192,46,42,10.1,6.4,2025
"Tucker, Kyle",663656,416,17.2,37.5,108.7,90.1,99.8,93.5,85.4,427,188,393,168,40.4,45,10.8,7.5,2025
"Carroll, Corbin",682998,415,16.7,33.5,115.8,92.1,103.7,97,87.7,474,188,405,207,49.9,60,14.5,9.3,2025
"Suzuki, Seiya",673548,415,17.9,40.2,116.2,91.3,102.9,95.2,88.1,445,201,398,202,48.7,69,16.6,10.6,2025
"Stott, Bryson",681082,414,14.9,35.7,110.7,87.6,97.6,90,85.6,441,170,395,122,29.5,21,5.1,3.8,2025
"García Jr., Luis",671277,413,9.2,33.7,111.7,90.2,100.8,94.5,87,422,165,397,189,45.8,37,9,7,2025
"Walker, Christian",572233,412,16.9,34.5,113.2,90.9,102.5,94,88.1,433,180,396,190,46.1,53,12.9,8.3,2025
"Raleigh, Cal",663728,411,25.2,35.3,114.7,91.3,103,96.8,82.9,448,211,392,204,49.6,80,19.5,11.3,2025
"Ward, Taylor",621493,410,18,34.9,111,90.1,100.9,94.3,85.3,432,195,396,175,42.7,56,13.7,8.4,2025
"Schwarber, Kyle",656941,408,20.1,35.3,117.2,94.3,105.7,99.5,88.8,468,199,410,243,59.6,85,20.8,11.7,2025
"Vargas, Miguel",678246,407,22.6,36.6,110.8,89.7,99.5,93.3,86.2,422,196,382,165,40.5,38,9.3,6.7,2025
"Yelich, Christian",592885,407,1.9,31.2,113.4,90.2,102.4,96.5,86.5,465,135,395,189,46.4,42,10.3,6.5,2025
"Bogaerts, Xander",593428,406,11.1,36.7,112.2,89,100.2,92.9,85.9,424,163,389,159,39.2,28,6.9,5.1,2025
"Greene, Riley",682985,404,15,36.9,115.1,89.9,102.6,94.9,84.7,471,181,397,184,45.5,69,17.1,10.5,2025
"Peña, Jeremy",665161,403,8.9,30,109.9,88.9,100.4,94.5,84.8,423,150,380,173,42.9,33,8.2,6.1,2025
"Ortiz, Joey",687401,402,13.3,27.1,109.8,84.9,98,88.9,85.3,414,140,387,132,32.8,12,3,2.4,2025
"Durbin, Caleb",702332,402,13.9,28.6,108.9,85.2,96.1,89.2,83.8,419,148,390,108,26.9,16,4,3.2,2025
"Rengifo, Luis",650859,401,6.7,34.7,109.2,87.1,97.8,91.4,84.6,419,140,392,131,32.7,20,5,3.7,2025
"Lee, Brooks",686797,400,13.2,30.8,110.3,88.6,98.2,91.6,86.2,430,161,383,154,38.5,23,5.8,4.4,2025
"Marte, Ketel",606466,400,14.8,33,119.6,90.8,102.7,94.9,88.8,449,171,407,188,47,54,13.5,9.7,2025
"Donovan, Brendan",680977,399,12.2,39.8,109.6,89.7,99.9,93.4,87,405,168,387,163,40.9,35,8.8,6.8,2025
"Torkelson, Spencer",679529,399,23.1,39.3,110.5,90.2,100.8,94.6,83.9,436,203,394,180,45.1,54,13.5,8.3,2025
"Suárez, Eugenio",553993,399,21.9,32.8,113.8,90.2,101.5,94.7,84.1,466,201,404,190,47.6,57,14.3,8.7,2025
"Smith, Josh",669701,399,12.7,33.6,108.2,87.2,97.4,89.9,85.1,409,154,389,124,31.1,20,5,3.6,2025
"Volpe, Anthony",683011,399,12.4,34.3,110.5,89.3,100.2,94.3,85.5,442,170,385,167,41.9,42,10.5,7,2025
"Kirk, Alejandro",672386,398,11.9,34.4,112,91.1,102.2,94.5,89.7,432,164,402,202,50.8,40,10.1,7.9,2025
"Polanco, Jorge",593871,397,16.7,34.3,111.9,90.8,101.5,94,89.1,423,173,382,182,45.8,41,10.3,7.8,2025
"Sosa, Lenyn",672820,395,18.4,39.2,111.5,90.7,100.9,94.1,87.3,451,191,405,173,43.8,41,10.4,7.5,2025
"India, Jonathan",663697,394,17.1,33,110.8,87.9,99.1,91.5,86.7,451,169,398,145,36.8,23,5.8,4.1,2025
"Nootbaar, Lars",663457,394,16.5,33,113,91.3,101.9,95.5,88.9,418,174,388,197,50,40,10.2,6.9,2025
"Winn, Masyn",691026,393,16,31,110,88.3,98.8,90.7,88.8,403,163,388,136,34.6,19,4.8,3.5,2025
"Butler, Lawrence",671732,392,9.2,34.4,113.6,90.5,102.1,95.2,87.1,448,160,414,174,44.4,36,9.2,5.7,2025
"Goldschmidt, Paul",502671,391,15.9,36.1,111.2,90.4,100.7,94.1,86.5,425,175,388,171,43.7,31,7.9,5.8,2025
"Springer, George",543807,391,17.2,41.2,114,90,102.4,95.9,83.3,450,184,409,186,47.6,63,16.1,10.8,2025
"Goodman, Hunter",696100,390,17.3,32.8,116.2,90.8,102.6,96,86.7,451,181,409,183,46.9,50,12.8,8.6,2025
"Sheets, Gavin",657757,389,14,38.8,111.8,89.9,101.2,94.4,86.4,451,178,402,181,46.5,37,9.5,6.8,2025
"Judge, Aaron",592450,388,19,39.4,118.1,95.4,106.8,99.1,90.1,469,209,408,226,58.2,96,24.7,14.1,2025
"Bohm, Alec",664761,388,6.8,35.6,109.6,90.8,100.7,92.7,89.7,433,154,386,180,46.4,24,6.2,4.8,2025
"Busch, Michael",683737,387,17,41.1,111.9,92.2,101.7,95.9,86.3,466,201,397,183,47.3,66,17.1,11.1,2025
"Larnach, Trevor",663616,387,10.9,34.9,113.3,90.9,101.4,93,89.6,434,166,405,177,45.7,28,7.2,4.9,2025
"Semien, Marcus",543760,386,19.4,35.8,110,88.3,98.3,91.6,85.1,424,186,391,135,35,26,6.7,4.9,2025
"Lowe, Nathaniel",663993,386,10.9,33.4,111.7,89,100.4,93.3,85.5,424,165,394,160,41.5,27,7,4.4,2025
"Langeliers, Shea",669127,383,16.4,33.4,114.5,90.9,102.5,94.6,87.9,450,179,399,172,44.9,43,11.2,8.2,2025
"Harper, Bryce",547180,383,11.6,37.3,113.8,91.3,102.8,94.5,87.9,448,175,404,182,47.5,47,12.3,8.1,2025
"Bell, Josh",605137,383,10.4,33.4,114.1,90.4,102.5,96.4,85.3,433,169,404,180,47,46,12,8.6,2025
"Steer, Spencer",668715,383,18.8,33.9,108.3,87.3,97.8,91.4,84,439,176,388,127,33.2,29,7.6,5.1,2025
"Meidroth, Chase",805367,382,6.7,26.2,107.1,88.2,97.7,90.9,86.9,395,130,375,138,36.1,6,1.6,1.2,2025
"Hernández, Teoscar",606192,382,9.9,34,112.5,90.2,101.8,94.6,86,445,167,397,176,46.1,44,11.5,8.1,2025
"Wagaman, Eric",676572,381,10.6,34.4,114.5,91,102.3,94,89.5,453,164,417,177,46.5,26,6.8,5.1,2025
"Wood, James",695578,380,6.3,36.3,118,94.3,106.4,99.4,89.4,451,163,411,214,56.3,62,16.3,9,2025
"García, Adolis",666969,379,16.3,33.2,113.6,92.1,101.9,94.2,91,433,184,403,177,46.7,44,11.6,8,2025
"Adell, Jo",666176,376,16.1,35.1,115.7,91.7,104.2,96.5,87.6,454,187,411,188,50,65,17.3,11.3,2025
"Simpson, Chandler",802415,376,0.5,29.5,107.6,84.3,93.6,85.9,84,353,107,NA,65,17.3,0,0,0,2025
"Realmuto, J.T.",592663,376,11.1,36.7,110.4,90,101.3,94.6,86.8,431,165,408,171,45.5,33,8.8,6,2025
"Yastrzemski, Mike",573262,376,20.4,35.4,109.3,90.8,99.9,93.9,86.7,432,188,388,160,42.6,32,8.5,5.7,2025
"Doyle, Brenton",686668,370,9.8,33,111.3,89.9,101,94.2,86.4,442,164,408,165,44.6,40,10.8,7.4,2025
"Rice, Ben",700250,369,14.2,39.3,113.5,93.3,104.1,97.7,89.8,435,184,400,207,56.1,57,15.4,10.8,2025
"O'Hearn, Ryan",656811,369,11.4,38.2,109.4,89.4,99.6,93.5,85.9,417,169,392,156,42.5,28,7.6,5.1,2025
"Beck, Jordan",687597,366,12.8,36.6,113.8,87.4,100.3,93.5,80.3,448,170,414,141,38.5,35,9.6,6,2025
"Bregman, Alex",608324,365,17.7,32.9,109.6,90.1,99.4,94.5,86.8,418,174,386,162,44.4,24,6.6,4.8,2025
"France, Ty",664034,364,10.5,35.2,110.5,89.5,100.8,93,86.2,420,158,401,161,44.2,28,7.7,5.7,2025
"Lowe, Brandon",664040,364,15.2,37.6,112.6,91.1,102,95.2,86.9,458,178,400,169,46.6,47,12.9,8.5,2025
"McCutchen, Andrew",457705,362,14.5,34.5,110.2,89.5,100.1,93,87.4,417,171,393,154,42.5,30,8.3,5.4,2025
"Kiner-Falefa, Isiah",643396,360,4,29.4,106.3,84.6,95.9,89.6,83,396,118,368,99,27.5,5,1.4,1.1,2025
"Grisham, Trent",663757,358,16.4,34.6,109.8,91.1,101.2,96.6,85,432,182,389,166,46.4,51,14.2,8.8,2025
"Neto, Zach",687263,358,17.5,38,111.3,91,101.8,96.4,83.7,447,187,404,167,46.6,50,14,9,2025
"Arenado, Nolan",571448,356,19,31.5,108.3,86.8,97.2,90.5,84.5,400,169,383,116,32.6,14,3.9,3.2,2025
"Jung, Josh",673962,353,12.8,39.4,111.2,89.3,100.8,93.7,85.5,418,174,387,165,46.7,29,8.2,5.7,2025
"Contreras, Willson",575929,353,12.3,37.1,114.7,90.6,103.2,95.3,86.1,443,176,407,173,49,49,13.9,8.7,2025
"McLain, Matt",680574,350,16.3,33.7,109.9,88.8,99.2,93.5,84.9,422,176,391,142,40.7,27,7.7,4.7,2025
"Ozuna, Marcell",542303,350,14.1,35.1,112.1,89.9,101.3,94.1,84.8,464,181,411,156,44.6,40,11.4,6.8,2025
"McNeil, Jeff",643446,350,15.9,38.9,107.1,87.2,97.4,90.3,85.8,420,174,392,115,32.9,18,5.1,3.9,2025
"McKinstry, Zach",656716,347,14.1,41.2,108.7,85.7,97,90.3,81.5,407,164,376,106,30.5,21,6.1,4.1,2025
"Buxton, Byron",621439,346,17.7,32.9,114,92.5,103.6,96.9,87.4,479,195,406,186,53.8,61,17.6,11.3,2025
"Martínez, Angel",682657,345,18.4,32.2,107.4,87.1,97,90,85.7,394,166,373,101,29.3,12,3.5,2.5,2025
"Benintendi, Andrew",643217,344,20.1,35.8,108.5,88,98.3,92.8,81.8,425,187,386,127,36.9,38,11,8.1,2025
"Frazier, Adam",624428,344,14.5,39.5,104.6,85.3,94.6,88.9,81.7,393,172,366,71,20.6,7,2,1.5,2025
"Langford, Wyatt",694671,343,17.5,35.9,113.1,91.4,102.4,95.5,86.3,437,183,393,166,48.4,48,14,8.4,2025
"Mangum, Jake",663968,343,-0.7,25.9,108.3,87.3,97.8,91.4,85.5,418,114,405,114,33.4,9,2.6,2.1,2025
"Sánchez, Jesús",660821,343,9.3,30.3,114.8,91.3,102.8,95.6,89,439,156,408,149,43.4,38,11.1,7.6,2025
"Barger, Addison",680718,341,11.9,35.5,116.5,91.7,103.7,95.5,90.3,448,166,403,174,51,39,11.4,7.8,2025
"Manzardo, Kyle",700932,340,21.3,37.1,111.3,90.3,100.1,95.1,83,436,196,392,149,43.8,40,11.8,7.5,2025
"Lukes, Nathan",664770,338,11.2,30.5,107.7,87.9,98.3,90.3,87.4,420,148,391,125,37,16,4.7,3.7,2025
"Merrill, Jackson",701538,338,15.2,42.6,110.9,89.7,100.7,94.9,83.5,431,184,391,145,42.9,44,13,9.1,2025
"Baldwin, Drake",686948,337,6.5,33.8,112.5,91.7,102.2,95.3,88.9,433,156,398,167,49.6,37,11,8.3,2025
"Flores, Wilmer",527038,334,18.8,35.6,108.6,85.9,96,89.6,82.5,413,168,378,90,26.9,16,4.8,3.5,2025
"Vaughn, Andrew",683734,333,13.3,38.4,111.2,91.6,101.7,94.5,89.4,441,174,403,159,47.7,40,12,8.9,2025
"Lux, Gavin",666158,333,9.6,38.1,106.4,88.3,97.8,89.8,87.7,397,155,370,123,36.9,12,3.6,2.4,2025
"Freeman, Tyler",671289,332,7.9,30.4,109.6,90.1,99.7,90.9,89.9,434,141,410,134,40.4,7,2.1,1.6,2025
"Chapman, Matt",656305,332,15.7,34,113.5,92.2,102.9,94.5,93.6,450,169,399,158,47.6,33,9.9,6.2,2025
"Dubón, Mauricio",643289,331,13.1,30.8,110.8,84.5,95.6,88.1,83.3,402,151,384,87,26.3,4,1.2,1,2025
"Carpenter, Kerry",681481,329,21,37.4,109.5,91.4,101.2,95.3,87.2,437,192,391,154,46.8,41,12.5,8.8,2025
"Kepler, Max",596146,329,16.3,34,111.8,90.8,100.6,93.6,89.5,422,189,389,147,44.7,38,11.6,8,2025
"Santana, Carlos",467793,328,16.7,31.1,113.2,87.6,99.2,91.8,86.2,418,163,382,124,37.8,16,4.9,3.4,2025
"Moniak, Mickey",666160,327,17.4,37.6,111.8,89.7,101.4,93.8,83.5,452,198,411,148,45.3,45,13.8,9.8,2025
"Dingler, Dillon",693307,326,15.8,42.3,110.7,90,101.1,93.7,86.9,411,174,389,149,45.7,30,9.2,6.4,2025
"Laureano, Ramón",657656,326,13.4,37.1,112.7,90.3,102.2,95.3,86.2,438,176,398,159,49.1,45,13.8,9.2,2025
"Mullins, Cedric",656775,324,23.3,32.4,108.4,88.8,98.8,92.7,85.9,408,180,384,116,35.9,20,6.2,4,2025
"Cronenworth, Jake",630105,323,14.9,31.6,109.1,88.5,99.2,92.1,85.9,435,164,396,126,39,20,6.2,3.9,2025
"McMahon, Ryan",641857,323,13.9,35.3,113.6,93.3,102.9,95.9,89.8,467,177,415,163,50.5,39,12.1,6.7,2025
"Thomas, Alek",677950,321,4.2,27.7,110.6,89.6,100.7,93.2,87.3,440,137,401,126,39.3,25,7.8,5.3,2025
"Chisholm Jr., Jazz",665862,319,15.8,32.3,112.2,89,100.9,94.6,83.7,442,178,387,138,43.3,48,15,9,2025
"Keith, Colt",690993,316,13.3,41.1,110,90,100.6,94.5,84.3,450,184,390,138,43.7,29,9.2,6.2,2025
"Jeffers, Ryan",680777,316,15,33.5,111,89.3,100.8,93.5,87,448,174,411,133,42.1,20,6.3,4.3,2025
"Bader, Harrison",664056,315,12.7,33,112.3,87.2,100.6,94.6,82.4,446,159,390,127,40.3,32,10.2,6.4,2025
"Vientos, Mark",668901,313,11.5,33.5,110.4,91.4,101.9,96.3,86.7,427,168,394,158,50.5,36,11.5,7.8,2025
"Gonzales, Nick",693304,312,9.1,31.7,109.9,88.8,99.5,92.4,86.5,427,153,396,121,38.8,14,4.5,3.4,2025
"Heim, Jonah",641680,312,14.5,33.3,109.6,88.1,98.3,92.5,86.7,417,163,381,112,35.9,19,6.1,4.4,2025
"Báez, Javier",595879,311,11.4,30.2,110,88.2,99.2,91.4,87.2,421,157,391,124,39.9,17,5.5,3.9,2025
"Isbel, Kyle",664728,310,8.7,26.1,109.5,87.8,99.7,89,89.9,401,127,393,112,36.1,5,1.6,1.2,2025
"Herrera, Iván",671056,308,10.1,33.8,113,91.2,102.9,96,88,428,154,407,147,47.7,34,11,7.5,2025
"Smith, Cam",701358,306,8.9,34.6,113.9,87.9,100.5,91.8,84.4,446,154,395,125,40.8,21,6.9,4.3,2025
"Paredes, Isaac",670623,304,23,37.2,107.4,87.4,98,90.6,84.6,407,188,375,102,33.6,19,6.3,4.3,2025
"Pham, Tommy",502054,303,6.9,32.7,112.3,91.6,102.2,94.7,90.2,446,148,418,143,47.2,20,6.6,4.5,2025
"Shaw, Matt",807713,303,13.4,35.3,109.2,84.9,96.8,90.1,81.9,404,162,387,89,29.4,21,6.9,4.8,2025
"Cruz, Oneil",665833,302,8.1,31.5,122.9,95.8,107.3,99.4,93.5,463,165,410,171,56.6,54,17.9,9.9,2025
"Scott II, Victor",687363,300,15.2,34.3,106.7,86.1,96.8,89.6,82.9,421,154,397,78,26,11,3.7,2.4,2025
"Conforto, Michael",624424,300,12.9,34.3,112.9,89.9,100.9,94.1,86.4,431,169,408,132,44,29,9.7,6,2025
"Lewis, Royce",668904,298,16.7,33.2,113.7,89.8,100.4,92.8,87.9,451,176,402,120,40.3,26,8.7,6.5,2025
"Narváez, Carlos",665966,296,13.2,30.4,111.2,91.1,101.5,94,89.2,434,159,387,132,44.6,27,9.1,6.1,2025
"Quero, Edgar",700337,296,6.8,35.1,109.8,90.4,99.8,93.6,88.8,402,150,379,137,46.3,11,3.7,2.7,2025
"Seager, Corey",608369,295,11.6,34.2,112.4,92.9,103.9,96.7,88.8,434,180,400,158,53.6,45,15.3,10.1,2025
"Wells, Austin",669224,294,20.7,33,111.9,90.6,101.7,94.7,88.2,423,190,380,133,45.2,30,10.2,6.7,2025
"Kelly, Carson",608348,293,16.4,34.8,110.1,88.8,99.8,93.2,84.8,418,177,386,118,40.3,28,9.6,6.7,2025
"Horwitz, Spencer",687462,292,15.6,38.7,107.3,87.4,98.1,90.8,85.3,421,176,403,105,36,24,8.2,5.8,2025
"Castro, Willi",650489,292,11.2,36.6,111.9,86.7,99.4,91.3,82.2,439,168,392,109,37.3,19,6.5,4.2,2025
"Edman, Tommy",669242,291,11.8,33.3,108.6,88.3,99.4,91,87.2,423,157,392,116,39.9,13,4.5,3.4,2025
"Lowe, Josh",666139,290,9.3,34.1,109.2,88.6,99.4,93.1,85,423,153,392,114,39.6,17,5.9,3.9,2025
"Riley, Austin",663586,289,16.8,37,113.9,92.3,104.2,96.3,87,444,192,413,145,50.2,44,15.2,9.8,2025
"Baty, Brett",683146,288,5.8,32.6,115.6,90.7,102.7,95.9,86.9,455,148,399,135,46.9,37,12.8,8.6,2025
"O'Hoppe, Logan",681351,286,17.3,33.6,112.4,90.9,101.7,95.3,86.5,470,183,402,134,46.9,38,13.3,8.4,2025
"Bailey, Patrick",672275,286,15.6,34.6,109.8,88.2,98.9,91.5,85.3,414,173,379,104,36.4,16,5.6,3.5,2025
"Collins, Isaac",686555,285,12.2,34.4,111.2,88.8,99.9,91.5,88.6,393,156,374,111,38.9,14,4.9,3.2,2025
"Caratini, Victor",605170,285,12.5,34.7,110.1,88.7,100,92.9,85.5,423,168,387,116,40.7,22,7.7,5.7,2025
"Trout, Mike",545361,284,17.5,44.4,115.4,90.9,103.4,95.2,86.5,485,196,408,140,49.3,45,15.8,8.1,2025
"Allen, Nick",669397,283,13.3,29.3,104.4,84.8,94.9,87.3,84.4,382,138,NA,61,21.6,0,0,0,2025
"Hicks, Liam",689414,282,10.6,38.7,108.5,84.6,96,88.8,80.9,411,161,377,78,27.7,10,3.5,2.6,2025
"Sanoja, Javier",691594,280,10.8,31.4,107.3,88.5,98.3,90.7,88.6,402,149,379,98,35,5,1.8,1.5,2025
"Meyers, Jake",676694,280,9.8,34.6,110.4,88.1,99.3,90.7,86.6,409,149,378,109,38.9,14,5,3.7,2025
"Stowers, Kyle",669065,279,14.1,38,113.7,91.1,103.1,95.8,86.1,440,186,395,145,52,53,19,11.6,2025
"Hays, Austin",669720,279,14.6,31.9,109.2,88.8,99.4,92.8,84.7,429,168,396,107,38.4,29,10.4,7,2025
"Smith, Will",669257,278,18.4,41.7,110.1,91.3,101.3,94.5,87.1,435,202,399,131,47.1,34,12.2,7.8,2025
"Marsh, Brandon",669016,276,12.6,39.1,111.1,91.1,100.6,93.3,89,420,173,395,128,46.4,23,8.3,5.4,2025
"Abreu, Wilyer",677800,276,23,31.5,111.7,90.8,102.4,94.5,87.5,430,196,400,124,44.9,34,12.3,8.2,2025
"Rocchio, Brayan",677587,276,11,33.3,109.6,88,98.3,90.6,86.3,393,162,385,98,35.5,9,3.3,2.3,2025
"Arias, Gabriel",672356,275,6.1,33.5,112.8,90.2,102.4,97.6,83.8,440,150,415,119,43.3,31,11.3,6.6,2025
"Urías, Ramón",602104,274,13.2,33.6,109.4,89.2,99.7,94.8,84.4,410,162,381,114,41.8,22,8,5.6,2025
"Andujar, Miguel",609280,274,11,31.8,111.4,88,99,90.5,87.9,403,151,377,97,35.4,13,4.7,3.8,2025
"Robert Jr., Luis",673357,274,18.2,34.7,115.8,89.4,101.3,93.6,86.2,441,177,387,114,41.6,28,10.2,6.5,2025
"Kurtz, Nick",701762,272,15.3,39,114.6,92.7,104,97.7,86.1,493,201,404,139,51.1,50,18.4,10.2,2025
"Domínguez, Jasson",691176,270,13,28.9,112.1,90.6,102.2,93,91.2,445,163,391,134,49.6,19,7,4.4,2025
"Tovar, Ezequiel",678662,270,16.4,43.3,112.5,89.4,100.5,93.2,83.7,433,186,406,105,38.9,25,9.3,6.4,2025
"Lile, Daylen",695734,269,15,44.2,109.1,88.9,99.2,91.1,86.9,422,176,389,108,40.1,14,5.2,4,2025
"Young, Jacob",696285,269,3.8,26.8,107,87.6,98.3,91.2,85.6,393,123,387,92,34.2,5,1.9,1.4,2025
"Naylor, Bo",666310,269,21.3,36.8,110.6,89.6,99.6,93.8,83.9,425,189,399,103,38.3,26,9.7,6.3,2025
"Rutschman, Adley",668939,267,13.7,33.7,111.3,89.4,99.4,92.8,86.3,436,172,395,103,38.6,20,7.5,5.5,2025
"Giménez, Andrés",665926,267,11,32.6,106.6,86.3,96.6,90.5,83,422,157,396,74,27.7,8,3,2.2,2025
"Aranda, Jonathan",666018,266,14.5,42.1,111.4,93,102.7,95.4,91,467,179,398,144,54.5,34,12.8,8.1,2025
"Burger, Jake",669394,266,16.1,33.5,114.7,90.4,103.2,94.8,87.6,442,175,406,129,48.5,37,13.9,9.8,2025
"Schneemann, Daniel",682177,264,10.9,32.6,111.2,88.9,100,95.5,83.6,408,160,387,110,41.7,30,11.4,7.1,2025
"Pérez, Wenceel",672761,262,18.4,37.8,109.8,90.3,99.3,92.7,89.1,413,184,385,105,40.1,23,8.8,6,2025
"Fermin, Freddy",666023,261,14.2,28.4,108.3,89.1,98.5,90.9,89.5,406,147,382,89,34.1,11,4.2,3.2,2025
"Pagés, Pedro",686780,260,12.4,32.3,111.7,88,99.4,91.8,84.9,429,159,400,95,36.5,19,7.3,4.9,2025
"Clemens, Kody",665019,259,16.7,35.9,109.8,91.5,102.2,96.9,84,451,193,392,125,48.3,31,12,8,2025
"Triolo, Jared",669707,259,14.7,34.4,108.9,89,99.3,91.1,88.4,422,169,405,99,38.2,16,6.2,4.3,2025
"Profar, Jurickson",595777,259,20,27,109.1,89,99.6,92.2,89.3,437,175,390,104,40.3,19,7.3,5.1,2025
"Iglesias, Jose",578428,256,3.9,27,109.5,84,96.1,89.1,82.5,409,118,391,73,28.5,5,2,1.5,2025
"Marte, Noelvi",682622,256,12.7,32,116.7,88.5,100,91.4,87.3,444,157,406,93,36.3,23,9,6.4,2025
"Tauchman, Mike",643565,250,16.5,35.6,111.1,89,99.6,92.3,85.6,429,177,378,97,38.8,17,6.8,4.4,2025
"Westburg, Jordan",676059,249,14.1,30.1,111.8,90.2,101.3,94.6,86.8,461,172,397,108,43.4,28,11.2,8,2025
"Jones, Nolan",666134,246,13,35.8,112.7,90.8,101.5,94.5,88.1,428,165,413,115,46.7,21,8.5,5.2,2025
"Mountcastle, Ryan",663624,240,9.1,37.5,116.7,90.7,101.7,95.3,86.6,434,165,404,113,47.1,28,11.7,7.8,2025
"Taylor, Tyrone",621438,239,19.4,40.2,109.5,86.5,98.3,89,87,407,171,402,84,35.1,9,3.8,2.6,2025
"Gonzalez, Romy",663853,239,5.5,33.5,112.6,93.3,104.2,96.6,90.8,457,152,413,137,57.3,30,12.6,8.8,2025
"Walker, Jordan",691023,238,10.3,29,117.9,92.3,104.4,96,92.6,434,154,415,119,50,26,10.9,6.6,2025
"Acuña Jr., Ronald",660670,236,13.3,30.9,115.5,92.7,105,95.9,90.8,468,171,419,124,52.5,37,15.7,9,2025
"Muncy, Max",571970,235,19.6,37.4,110.5,91.3,101.9,95.2,84.6,433,200,400,121,51.5,32,13.6,8.2,2025
"Schmitt, Casey",669477,233,19.2,40.3,111.6,89.5,100.7,93.6,84.6,423,190,394,102,43.8,21,9,6,2025
"Wallner, Matt",670242,224,21.1,33.9,113.8,91,102.8,96,85.3,452,188,406,102,45.5,31,13.8,7.9,2025
"Caballero, José",676609,222,17.4,36.5,114.4,86,97.8,90.4,81.4,423,164,369,68,30.6,13,5.9,3.5,2025
"Gorman, Nolan",669357,219,22.3,38.8,111.6,89.6,100.5,93.8,82.6,433,209,409,90,41.1,20,9.1,5,2025
"Bleday, JJ",668709,217,20.5,29.5,109.9,88.7,99.5,93.2,86.9,428,178,386,84,38.7,17,7.8,4.9,2025
"Cowser, Colton",681297,199,13.8,32.7,113.7,90.9,101.6,96.2,85.7,455,177,405,91,46,28,14.1,7.8,2025
"Stephenson, Tyler",663886,187,12.9,42.2,107.9,90.5,100.9,94.9,85,435,191,387,92,49.2,27,14.4,7.9,2025
