year,era,zone,x,y,plate_x,plate_z,pitch_type,description,outcome
2014,Pre-Statcast (2014 MVP),9,3,1,0.3187098058504023,1.7047571078648391,Other,hit_into_play,Contact / Foul
2014,Pre-Statcast (2014 MVP),7,1,1,-0.40860408667046344,1.572531395430194,Other,foul,Contact / Foul
2014,Pre-Statcast (2014 MVP),2,2,3,0.19662301354344258,3.323389432049794,Other,foul,Contact / Foul
2014,Pre-Statcast (2014 MVP),8,2,1,-0.1318968583935708,1.8267146758979207,Other,foul,Contact / Foul
2014,Pre-Statcast (2014 MVP),2,2,3,0.07599014258560907,3.1114315209322276,Other,hit_into_play,Contact / Foul
2014,Pre-Statcast (2014 MVP),4,1,2,-0.6373446015002899,2.5384514425715294,Other,foul,Contact / Foul
2014,Pre-Statcast (2014 MVP),7,1,1,-0.3070231228020069,1.8413454945297585,Other,hit_into_play,Contact / Foul
2014,Pre-Statcast (2014 MVP),2,2,3,0.22905343143760148,3.6239620464763393,Other,hit_into_play,Contact / Foul
2014,Pre-Statcast (2014 MVP),9,3,1,0.4112607644475542,1.9489219613402624,Other,hit_into_play,Contact / Foul
2014,Pre-Statcast (2014 MVP),2,2,3,0.043064672254951364,3.2640986402970107,Other,foul,Contact / Foul
2014,Pre-Statcast (2014 MVP),4,1,2,-0.36242487401369816,2.5450745890015383,Other,foul,Contact / Foul
2014,Pre-Statcast (2014 MVP),3,3,3,0.5714452155273999,3.152968069658072,Other,foul,Contact / Foul
2014,Pre-Statcast (2014 MVP),5,2,2,-0.18011033319778214,2.6356848547854774,Other,swinging_strike,Whiff (Miss)
2014,Pre-Statcast (2014 MVP),4,1,2,-0.5747474230169485,2.8238185279714516,Other,foul,Contact / Foul
2014,Pre-Statcast (2014 MVP),1,1,3,-0.29489055390970853,3.0858163606382325,Other,swinging_strike,Whiff (Miss)
2014,Pre-Statcast (2014 MVP),2,2,3,-0.03531858139864119,3.4734097416215173,Other,foul_tip,Contact / Foul
2014,Pre-Statcast (2014 MVP),7,1,1,-0.5048837382529117,1.6644184690351835,Other,hit_into_play,Contact / Foul
2014,Pre-Statcast (2014 MVP),8,2,1,0.17359301752942785,1.6203804884726982,Other,foul,Contact / Foul
2014,Pre-Statcast (2014 MVP),4,1,2,-0.7487663645461876,2.4190454098999217,Other,foul,Contact / Foul
2014,Pre-Statcast (2014 MVP),8,2,1,0.140664082409509,1.5772250807516919,Other,foul,Contact / Foul
2014,Pre-Statcast (2014 MVP),3,3,3,0.5569455106561229,3.418311121797642,Other,foul,Contact / Foul
2014,Pre-Statcast (2014 MVP),2,2,3,-0.05973449352227289,3.3469971610715046,Other,hit_into_play,Contact / Foul
2014,Pre-Statcast (2014 MVP),2,2,3,0.19105534297617954,3.6269404451671114,Other,swinging_strike,Whiff (Miss)
2014,Pre-Statcast (2014 MVP),5,2,2,-0.11652891583796054,2.294240254409415,Other,hit_into_play,Contact / Foul
2014,Pre-Statcast (2014 MVP),2,2,3,0.24170508226793486,3.674183273636749,Other,foul,Contact / Foul
2014,Pre-Statcast (2014 MVP),5,2,2,-0.27302061330120275,2.836057144580603,Other,foul,Contact / Foul
2014,Pre-Statcast (2014 MVP),5,2,2,-0.010817851744792717,2.6939343780303022,Other,hit_into_play,Contact / Foul
2014,Pre-Statcast (2014 MVP),5,2,2,-0.2691897692637444,2.4029004734472625,Other,foul,Contact / Foul
2014,Pre-Statcast (2014 MVP),4,1,2,-0.3003384527301203,2.6319726638663403,Other,hit_into_play,Contact / Foul
2014,Pre-Statcast (2014 MVP),4,1,2,-0.6524082917733715,2.3980220329209567,Other,foul,Contact / Foul
2014,Pre-Statcast (2014 MVP),6,3,2,0.6798302202187878,2.5469919324727623,Other,foul,Contact / Foul
2014,Pre-Statcast (2014 MVP),6,3,2,0.4712331372382753,2.7456143102465536,Other,hit_into_play,Contact / Foul
2014,Pre-Statcast (2014 MVP),3,3,3,0.30475688224077435,3.4797631715317507,Other,foul,Contact / Foul
2014,Pre-Statcast (2014 MVP),2,2,3,0.24174877303858505,3.0066059549916413,Other,hit_into_play,Contact / Foul
2014,Pre-Statcast (2014 MVP),6,3,2,0.5352100450758699,2.294187228360914,Other,foul,Contact / Foul
2014,Pre-Statcast (2014 MVP),4,1,2,-0.7227697724917139,2.6401693561017385,Other,foul,Contact / Foul
2014,Pre-Statcast (2014 MVP),4,1,2,-0.44807782268498497,2.778410179348923,Other,foul,Contact / Foul
2014,Pre-Statcast (2014 MVP),1,1,3,-0.7034667188654207,3.397084418685811,Other,swinging_strike,Whiff (Miss)
2014,Pre-Statcast (2014 MVP),3,3,3,0.3912134700929696,3.218959163097323,Other,swinging_strike,Whiff (Miss)
2014,Pre-Statcast (2014 MVP),8,2,1,0.12056391842183722,1.767091844167215,Other,swinging_strike,Whiff (Miss)
2014,Pre-Statcast (2014 MVP),9,3,1,0.4710877612123039,1.8729612262994642,Other,foul,Contact / Foul
2014,Pre-Statcast (2014 MVP),5,2,2,-0.07886762922772395,2.435802299776914,Other,foul,Contact / Foul
2014,Pre-Statcast (2014 MVP),8,2,1,-0.15248191735274402,1.8981727106429438,Other,foul,Contact / Foul
2014,Pre-Statcast (2014 MVP),7,1,1,-0.8161864039424971,2.016230952915542,Other,hit_into_play,Contact / Foul
2014,Pre-Statcast (2014 MVP),5,2,2,-0.19812063329267338,2.406779347762687,Other,foul,Contact / Foul
2014,Pre-Statcast (2014 MVP),4,1,2,-0.6988563044032754,2.4052072162673994,Other,foul,Contact / Foul
2014,Pre-Statcast (2014 MVP),9,3,1,0.6432034332431104,1.6533234538682153,Other,swinging_strike,Whiff (Miss)
2014,Pre-Statcast (2014 MVP),2,2,3,-0.26206923139628446,3.158048243883382,Other,swinging_strike,Whiff (Miss)
2014,Pre-Statcast (2014 MVP),9,3,1,0.5711358392715485,2.0189667370105155,Other,foul,Contact / Foul
2014,Pre-Statcast (2014 MVP),8,2,1,-0.23017351280647264,2.20564910608529,Other,hit_into_play,Contact / Foul
2014,Pre-Statcast (2014 MVP),8,2,1,0.013218839223437362,2.2313086918084504,Other,hit_into_play,Contact / Foul
2014,Pre-Statcast (2014 MVP),1,1,3,-0.7114776225108148,3.0020855528523978,Other,swinging_strike,Whiff (Miss)
2014,Pre-Statcast (2014 MVP),1,1,3,-0.5720917244285808,3.0260938392142864,Other,hit_into_play,Contact / Foul
2014,Pre-Statcast (2014 MVP),1,1,3,-0.35783601822431765,3.2755277625165062,Other,foul_tip,Contact / Foul
2014,Pre-Statcast (2014 MVP),7,1,1,-0.8174008325513142,1.8522068686853737,Other,foul,Contact / Foul
2014,Pre-Statcast (2014 MVP),6,3,2,0.6689159288334803,2.5648614928575677,Other,foul,Contact / Foul
2014,Pre-Statcast (2014 MVP),2,2,3,-0.20611062364729515,2.9951941914189,Other,foul,Contact / Foul
2014,Pre-Statcast (2014 MVP),6,3,2,0.28985504649359595,2.641182414376491,Other,foul,Contact / Foul
2014,Pre-Statcast (2014 MVP),4,1,2,-0.6164992523504582,2.8971449537425267,Other,hit_into_play,Contact / Foul
2014,Pre-Statcast (2014 MVP),8,2,1,-0.0356391546279895,1.9280002300324817,Other,foul,Contact / Foul
2014,Pre-Statcast (2014 MVP),4,1,2,-0.8029321150396477,2.8853320172621593,Other,hit_into_play,Contact / Foul
2014,Pre-Statcast (2014 MVP),6,3,2,0.5622094747357318,2.2923593047483157,Other,foul,Contact / Foul
2014,Pre-Statcast (2014 MVP),1,1,3,-0.6533904536209609,3.261836976973871,Other,foul_tip,Contact / Foul
2014,Pre-Statcast (2014 MVP),9,3,1,0.428401214501706,1.863805567433305,Other,foul,Contact / Foul
2014,Pre-Statcast (2014 MVP),8,2,1,-0.07428207070358739,2.04539629463966,Other,foul,Contact / Foul
2014,Pre-Statcast (2014 MVP),6,3,2,0.2795190903901277,2.3694499407243743,Other,hit_into_play,Contact / Foul
2014,Pre-Statcast (2014 MVP),5,2,2,0.24036452483728998,2.5662341765871544,Other,foul,Contact / Foul
2014,Pre-Statcast (2014 MVP),9,3,1,0.44322432722892446,1.8216822497061242,Other,hit_into_play,Contact / Foul
2014,Pre-Statcast (2014 MVP),6,3,2,0.6369159287855466,2.6009883826761397,Other,hit_into_play,Contact / Foul
2014,Pre-Statcast (2014 MVP),7,1,1,-0.79730710430855,1.889429954945422,Other,hit_into_play,Contact / Foul
2014,Pre-Statcast (2014 MVP),4,1,2,-0.5408762218732137,2.5667306606203604,Other,hit_into_play,Contact / Foul
2014,Pre-Statcast (2014 MVP),6,3,2,0.6680679030651617,2.27786242178912,Other,foul,Contact / Foul
2014,Pre-Statcast (2014 MVP),8,2,1,-0.14988809129266634,1.6080427683285134,Other,hit_into_play,Contact / Foul
2014,Pre-Statcast (2014 MVP),4,1,2,-0.3010349523428837,2.5425969782369306,Other,swinging_strike,Whiff (Miss)
2014,Pre-Statcast (2014 MVP),5,2,2,-0.18922892339073516,2.7403231319383794,Other,swinging_strike,Whiff (Miss)
2014,Pre-Statcast (2014 MVP),5,2,2,-0.0467267282362665,2.6909038979680675,Other,foul,Contact / Foul
2014,Pre-Statcast (2014 MVP),6,3,2,0.3002979006162498,2.616750594263891,Other,hit_into_play,Contact / Foul
2014,Pre-Statcast (2014 MVP),9,3,1,0.7936314636765504,1.8002448850468524,Other,foul,Contact / Foul
2014,Pre-Statcast (2014 MVP),4,1,2,-0.33029295184187457,2.640438403725557,Other,hit_into_play,Contact / Foul
2014,Pre-Statcast (2014 MVP),4,1,2,-0.7423382148847658,2.838393879015828,Other,foul,Contact / Foul
2014,Pre-Statcast (2014 MVP),6,3,2,0.3604889841487399,2.4219412082505754,Other,foul,Contact / Foul
2014,Pre-Statcast (2014 MVP),2,2,3,0.12726769975737362,3.2553321145102254,Other,foul,Contact / Foul
2014,Pre-Statcast (2014 MVP),4,1,2,-0.2845078944584022,2.621093510023615,Other,hit_into_play,Contact / Foul
2014,Pre-Statcast (2014 MVP),9,3,1,0.6880224290469269,1.6573530342863556,Other,hit_into_play,Contact / Foul
2014,Pre-Statcast (2014 MVP),4,1,2,-0.3048928889512995,2.4608944709015343,Other,swinging_strike,Whiff (Miss)
2014,Pre-Statcast (2014 MVP),8,2,1,-0.1985499410488144,1.5433365923518636,Other,foul,Contact / Foul
2014,Pre-Statcast (2014 MVP),7,1,1,-0.5185612255391426,2.2135319359325565,Other,foul,Contact / Foul
2014,Pre-Statcast (2014 MVP),3,3,3,0.38275330652122963,3.3388959312068134,Other,swinging_strike,Whiff (Miss)
2014,Pre-Statcast (2014 MVP),2,2,3,-0.2342427062514003,3.5656586229850555,Other,swinging_strike,Whiff (Miss)
2014,Pre-Statcast (2014 MVP),1,1,3,-0.39721781507620235,3.4520616414653675,Other,foul,Contact / Foul
2014,Pre-Statcast (2014 MVP),6,3,2,0.4993701728749076,2.8709978375771152,Other,foul,Contact / Foul
2014,Pre-Statcast (2014 MVP),7,1,1,-0.3979142526828513,2.126942038466002,Other,foul,Contact / Foul
2014,Pre-Statcast (2014 MVP),7,1,1,-0.5853249626844444,1.8592115203678228,Other,foul,Contact / Foul
2014,Pre-Statcast (2014 MVP),8,2,1,-0.1634661600259062,1.973896748309702,Other,foul,Contact / Foul
2014,Pre-Statcast (2014 MVP),6,3,2,0.7930612641489427,2.4115150290472993,Other,foul,Contact / Foul
2014,Pre-Statcast (2014 MVP),5,2,2,-0.26829900191946154,2.8351662848133548,Other,hit_into_play,Contact / Foul
2014,Pre-Statcast (2014 MVP),4,1,2,-0.7707720403301909,2.4168680879474485,Other,hit_into_play,Contact / Foul
2014,Pre-Statcast (2014 MVP),8,2,1,-0.16893387046780373,1.6459743212408737,Other,foul,Contact / Foul
2014,Pre-Statcast (2014 MVP),8,2,1,-0.06072615157085335,1.5808815992536949,Other,swinging_strike,Whiff (Miss)
2014,Pre-Statcast (2014 MVP),9,3,1,0.28530581647925357,1.9854804701119637,Other,foul,Contact / Foul
2014,Pre-Statcast (2014 MVP),2,2,3,-0.1702949659139133,3.3474240260611205,Other,swinging_strike,Whiff (Miss)
2014,Pre-Statcast (2014 MVP),5,2,2,-0.26721328705145353,2.7954851824207925,Other,foul,Contact / Foul
2014,Pre-Statcast (2014 MVP),4,1,2,-0.5840954387675379,2.62253367445581,Other,foul,Contact / Foul
2014,Pre-Statcast (2014 MVP),4,1,2,-0.6478760965976775,2.674572417365825,Other,hit_into_play,Contact / Foul
2014,Pre-Statcast (2014 MVP),6,3,2,0.40970031973077664,2.5977798168853337,Other,foul,Contact / Foul
2014,Pre-Statcast (2014 MVP),3,3,3,0.3501459351388346,2.966913276441179,Other,foul,Contact / Foul
2014,Pre-Statcast (2014 MVP),5,2,2,-0.04010683491173406,2.693255740276072,Other,foul,Contact / Foul
2014,Pre-Statcast (2014 MVP),5,2,2,0.22712895917432097,2.7676572971538125,Other,foul,Contact / Foul
2014,Pre-Statcast (2014 MVP),7,1,1,-0.4241978214470734,2.1069414994407554,Other,foul,Contact / Foul
2014,Pre-Statcast (2014 MVP),5,2,2,0.011157685346971813,2.6080729886560565,Other,swinging_strike,Whiff (Miss)
2014,Pre-Statcast (2014 MVP),4,1,2,-0.7312095832142066,2.7522859145410097,Other,foul_tip,Contact / Foul
2014,Pre-Statcast (2014 MVP),7,1,1,-0.7462299316136378,2.1279090269842635,Other,hit_into_play,Contact / Foul
2014,Pre-Statcast (2014 MVP),8,2,1,0.10138732470708409,2.2052754755373827,Other,swinging_strike,Whiff (Miss)
2014,Pre-Statcast (2014 MVP),3,3,3,0.5202274047664321,3.0819686038171015,Other,swinging_strike,Whiff (Miss)
2014,Pre-Statcast (2014 MVP),5,2,2,0.1427495002761583,2.3115407732460413,Other,hit_into_play,Contact / Foul
2014,Pre-Statcast (2014 MVP),7,1,1,-0.4631721606820588,1.9806824906097116,Other,hit_into_play,Contact / Foul
2014,Pre-Statcast (2014 MVP),8,2,1,0.06431054906282047,2.109041732369911,Other,hit_into_play,Contact / Foul
2014,Pre-Statcast (2014 MVP),6,3,2,0.2887416716940817,2.4976339065838076,Other,hit_into_play,Contact / Foul
2014,Pre-Statcast (2014 MVP),3,3,3,0.314852660900591,3.2190461134502826,Other,foul,Contact / Foul
2014,Pre-Statcast (2014 MVP),7,1,1,-0.7158146990141243,1.959578903067802,Other,foul,Contact / Foul
2014,Pre-Statcast (2014 MVP),3,3,3,0.5281863015235131,3.2785984332749405,Other,hit_into_play,Contact / Foul
2014,Pre-Statcast (2014 MVP),1,1,3,-0.6436928395686456,3.106247358022444,Other,hit_into_play,Contact / Foul
2014,Pre-Statcast (2014 MVP),9,3,1,0.6347621115724817,2.229570165859183,Other,foul,Contact / Foul
2014,Pre-Statcast (2014 MVP),5,2,2,0.11749873932633936,2.4108301813905224,Other,foul,Contact / Foul
2014,Pre-Statcast (2014 MVP),3,3,3,0.7015149229340435,3.175072923568531,Other,foul,Contact / Foul
2014,Pre-Statcast (2014 MVP),5,2,2,0.17708988837235795,2.6257023397231296,Other,foul,Contact / Foul
2014,Pre-Statcast (2014 MVP),5,2,2,-0.2290892531400298,2.341944890198884,Other,foul,Contact / Foul
2014,Pre-Statcast (2014 MVP),6,3,2,0.42324927000027923,2.9310107492853827,Other,swinging_strike,Whiff (Miss)
2014,Pre-Statcast (2014 MVP),7,1,1,-0.4360196739930202,2.1295929221182597,Other,hit_into_play,Contact / Foul
2014,Pre-Statcast (2014 MVP),4,1,2,-0.42042623855381067,2.258346993382116,Other,foul,Contact / Foul
2014,Pre-Statcast (2014 MVP),2,2,3,0.141125004466048,3.1692915759231286,Other,swinging_strike,Whiff (Miss)
2014,Pre-Statcast (2014 MVP),1,1,3,-0.31864119984143996,3.2198247556092223,Other,foul,Contact / Foul
2014,Pre-Statcast (2014 MVP),8,2,1,0.24798990381387243,1.9103931727818266,Other,foul,Contact / Foul
2014,Pre-Statcast (2014 MVP),5,2,2,-0.1379027406233908,2.5424228021041353,Other,hit_into_play,Contact / Foul
2014,Pre-Statcast (2014 MVP),5,2,2,-0.13707353084518814,2.519059434018403,Other,foul,Contact / Foul
2014,Pre-Statcast (2014 MVP),4,1,2,-0.38357984277065704,2.7511150946025706,Other,swinging_strike,Whiff (Miss)
2014,Pre-Statcast (2014 MVP),5,2,2,0.11302660312764001,2.6675016921025,Other,swinging_strike,Whiff (Miss)
2014,Pre-Statcast (2014 MVP),2,2,3,-0.17041310104946983,3.099806623284478,Other,swinging_strike,Whiff (Miss)
2014,Pre-Statcast (2014 MVP),2,2,3,0.20304104350725405,3.0981622784934446,Other,foul,Contact / Foul
2014,Pre-Statcast (2014 MVP),2,2,3,0.0010529690047885731,3.505007211035424,Other,foul,Contact / Foul
2014,Pre-Statcast (2014 MVP),5,2,2,-0.043151006733740616,2.771159052113588,Other,foul,Contact / Foul
2014,Pre-Statcast (2014 MVP),4,1,2,-0.278065454165902,2.303196759461988,Other,hit_into_play,Contact / Foul
2014,Pre-Statcast (2014 MVP),5,2,2,0.0838219235459926,2.5102620286719963,Other,hit_into_play,Contact / Foul
2014,Pre-Statcast (2014 MVP),2,2,3,-0.1656269817776802,3.2984727751129723,Other,hit_into_play,Contact / Foul
2014,Pre-Statcast (2014 MVP),9,3,1,0.5526728686203282,1.8118658021068716,Other,hit_into_play,Contact / Foul
2014,Pre-Statcast (2014 MVP),1,1,3,-0.2912232535770004,3.056878763463219,Other,foul,Contact / Foul
2014,Pre-Statcast (2014 MVP),4,1,2,-0.5815737735815866,2.4263414708323565,Other,hit_into_play,Contact / Foul
2014,Pre-Statcast (2014 MVP),4,1,2,-0.5520457179675469,2.3958446689860162,Other,hit_into_play,Contact / Foul
2014,Pre-Statcast (2014 MVP),5,2,2,-0.09525681309048506,2.839603491494246,Other,hit_into_play,Contact / Foul
2014,Pre-Statcast (2014 MVP),5,2,2,0.041366687917170464,2.757896028834174,Other,foul,Contact / Foul
2014,Pre-Statcast (2014 MVP),1,1,3,-0.4539260786876942,3.0906613598515906,Other,foul,Contact / Foul
2014,Pre-Statcast (2014 MVP),8,2,1,0.05272438139849256,1.9732315115243648,Other,hit_into_play,Contact / Foul
2014,Pre-Statcast (2014 MVP),8,2,1,-0.03249377982774415,2.081282976230759,Other,foul,Contact / Foul
2014,Pre-Statcast (2014 MVP),6,3,2,0.4684818180409651,2.689640566295415,Other,hit_into_play,Contact / Foul
2014,Pre-Statcast (2014 MVP),8,2,1,0.23524477539047506,1.6704988038327706,Other,foul,Contact / Foul
2014,Pre-Statcast (2014 MVP),8,2,1,-0.22895083812483208,1.7855614227136711,Other,foul,Contact / Foul
2014,Pre-Statcast (2014 MVP),8,2,1,-0.14291729643691853,1.6634457428509246,Other,hit_into_play,Contact / Foul
2014,Pre-Statcast (2014 MVP),7,1,1,-0.5907217866110139,2.0837204891215446,Other,hit_into_play,Contact / Foul
2014,Pre-Statcast (2014 MVP),7,1,1,-0.7944763563645616,1.771807823122934,Other,foul,Contact / Foul
2014,Pre-Statcast (2014 MVP),4,1,2,-0.3454991409069924,2.2982049224388277,Other,foul,Contact / Foul
2014,Pre-Statcast (2014 MVP),4,1,2,-0.4932702042559403,2.2676843808672658,Other,hit_into_play,Contact / Foul
2014,Pre-Statcast (2014 MVP),9,3,1,0.6999234902238858,2.084013450146208,Other,hit_into_play,Contact / Foul
2014,Pre-Statcast (2014 MVP),2,2,3,-0.19040920870327704,2.985244833056554,Other,foul,Contact / Foul
2014,Pre-Statcast (2014 MVP),3,3,3,0.28255264141718994,3.2915561184045394,Other,hit_into_play,Contact / Foul
2014,Pre-Statcast (2014 MVP),6,3,2,0.762533767016788,2.6650836515226244,Other,foul,Contact / Foul
2014,Pre-Statcast (2014 MVP),1,1,3,-0.4816150532303634,3.0683247463295373,Other,foul,Contact / Foul
2014,Pre-Statcast (2014 MVP),2,2,3,0.15545836934743812,3.1946151777167993,Other,foul,Contact / Foul
2014,Pre-Statcast (2014 MVP),5,2,2,-0.17930212176996557,2.4957943523741344,Other,swinging_strike,Whiff (Miss)
2014,Pre-Statcast (2014 MVP),9,3,1,0.42117207270072554,2.1759440140709096,Other,hit_into_play,Contact / Foul
2014,Pre-Statcast (2014 MVP),6,3,2,0.4596446994675166,2.493117503264813,Other,foul,Contact / Foul
2014,Pre-Statcast (2014 MVP),1,1,3,-0.567335399586371,3.105406805373627,Other,swinging_strike,Whiff (Miss)
2014,Pre-Statcast (2014 MVP),6,3,2,0.28581039754262116,2.905614915349733,Other,swinging_strike,Whiff (Miss)
2014,Pre-Statcast (2014 MVP),7,1,1,-0.80659513034814,1.918269405784535,Other,hit_into_play,Contact / Foul
2014,Pre-Statcast (2014 MVP),5,2,2,-0.04913644788474947,2.2800577898586907,Other,hit_into_play,Contact / Foul
2014,Pre-Statcast (2014 MVP),6,3,2,0.6264703803545446,2.929989215947673,Other,swinging_strike,Whiff (Miss)
2014,Pre-Statcast (2014 MVP),9,3,1,0.6862483167929135,2.2005966644086286,Other,foul,Contact / Foul
2014,Pre-Statcast (2014 MVP),9,3,1,0.417827082353752,1.6840777737033283,Other,hit_into_play,Contact / Foul
2014,Pre-Statcast (2014 MVP),8,2,1,-0.17444951495794148,2.1927676052598812,Other,hit_into_play,Contact / Foul
2014,Pre-Statcast (2014 MVP),6,3,2,0.7401740033808184,2.925611648302328,Other,swinging_strike,Whiff (Miss)
2014,Pre-Statcast (2014 MVP),6,3,2,0.43682133903928766,2.388980543065347,Other,foul_tip,Contact / Foul
2014,Pre-Statcast (2014 MVP),6,3,2,0.4989769937461005,2.2799058339632694,Other,foul,Contact / Foul
2014,Pre-Statcast (2014 MVP),4,1,2,-0.3299536039491169,2.5991797912968053,Other,foul,Contact / Foul
2014,Pre-Statcast (2014 MVP),9,3,1,0.4955254892853469,1.903758887921935,Other,hit_into_play,Contact / Foul
2014,Pre-Statcast (2014 MVP),7,1,1,-0.8012910515961692,1.7809398310130375,Other,foul,Contact / Foul
2014,Pre-Statcast (2014 MVP),9,3,1,0.7505530781209441,2.0762026618157075,Other,hit_into_play,Contact / Foul
2014,Pre-Statcast (2014 MVP),5,2,2,-0.015509242831522885,2.611919389522459,Other,foul,Contact / Foul
2014,Pre-Statcast (2014 MVP),7,1,1,-0.33278036152190116,1.5948351532088685,Other,hit_into_play,Contact / Foul
2014,Pre-Statcast (2014 MVP),9,3,1,0.3717903700840992,1.8673803755628215,Other,foul,Contact / Foul
2014,Pre-Statcast (2014 MVP),7,1,1,-0.7514981954569959,2.2146777780081974,Other,hit_into_play,Contact / Foul
2014,Pre-Statcast (2014 MVP),7,1,1,-0.340208770454102,1.6409165741266172,Other,foul,Contact / Foul
2014,Pre-Statcast (2014 MVP),8,2,1,0.2679115549988128,1.8369808313017257,Other,foul,Contact / Foul
2014,Pre-Statcast (2014 MVP),6,3,2,0.5905690062032731,2.6519886982484735,Other,hit_into_play,Contact / Foul
2014,Pre-Statcast (2014 MVP),2,2,3,-0.24994198965835124,3.3167168593624807,Other,swinging_strike,Whiff (Miss)
2014,Pre-Statcast (2014 MVP),3,3,3,0.6787703125706114,3.409457639254892,Other,swinging_strike,Whiff (Miss)
2014,Pre-Statcast (2014 MVP),5,2,2,0.19106031659038925,2.7429925500297263,Other,hit_into_play,Contact / Foul
2014,Pre-Statcast (2014 MVP),4,1,2,-0.3245142590579638,2.7223028483433573,Other,foul,Contact / Foul
2014,Pre-Statcast (2014 MVP),4,1,2,-0.6263612202775257,2.5745094812697396,Other,hit_into_play,Contact / Foul
2014,Pre-Statcast (2014 MVP),1,1,3,-0.5547608405229234,2.9814734789759774,Other,hit_into_play,Contact / Foul
2014,Pre-Statcast (2014 MVP),6,3,2,0.3925439417433344,2.9463082132502416,Other,hit_into_play,Contact / Foul
2014,Pre-Statcast (2014 MVP),1,1,3,-0.46533755276293465,3.4248050454600585,Other,foul,Contact / Foul
2014,Pre-Statcast (2014 MVP),9,3,1,0.455724059385792,1.772208375517108,Other,hit_into_play,Contact / Foul
2014,Pre-Statcast (2014 MVP),9,3,1,0.3696184979204431,2.151281807003249,Other,hit_into_play,Contact / Foul
2014,Pre-Statcast (2014 MVP),1,1,3,-0.4765846431111872,3.2229685368753755,Other,foul,Contact / Foul
2014,Pre-Statcast (2014 MVP),1,1,3,-0.5966218401160944,3.5301984524205556,Other,foul,Contact / Foul
2014,Pre-Statcast (2014 MVP),6,3,2,0.5753892961342025,2.603350508141557,Other,foul,Contact / Foul
2014,Pre-Statcast (2014 MVP),1,1,3,-0.7147370424140963,3.4773127835922484,Other,foul,Contact / Foul
2014,Pre-Statcast (2014 MVP),9,3,1,0.3876998265768985,2.032292413749576,Other,hit_into_play,Contact / Foul
2014,Pre-Statcast (2014 MVP),5,2,2,-0.1742981708011817,2.956369538868146,Other,foul,Contact / Foul
2014,Pre-Statcast (2014 MVP),1,1,3,-0.6634255671298878,3.10688565639472,Other,hit_into_play,Contact / Foul
2014,Pre-Statcast (2014 MVP),4,1,2,-0.5544014822184622,2.5852313018767576,Other,foul,Contact / Foul
2014,Pre-Statcast (2014 MVP),7,1,1,-0.378169740070618,1.749523189443607,Other,foul,Contact / Foul
2014,Pre-Statcast (2014 MVP),2,2,3,-0.16016204105353044,3.4937760616223468,Other,swinging_strike,Whiff (Miss)
2014,Pre-Statcast (2014 MVP),7,1,1,-0.6154886008368597,2.0279798595366385,Other,foul,Contact / Foul
2014,Pre-Statcast (2014 MVP),9,3,1,0.4405630624265796,1.89490675521589,Other,foul,Contact / Foul
2014,Pre-Statcast (2014 MVP),4,1,2,-0.5095592778227058,2.5585458379829364,Other,foul,Contact / Foul
2014,Pre-Statcast (2014 MVP),9,3,1,0.6951716802099721,1.7021924070956742,Other,foul,Contact / Foul
2014,Pre-Statcast (2014 MVP),5,2,2,0.09002855585979752,2.5100009446531826,Other,swinging_strike,Whiff (Miss)
2014,Pre-Statcast (2014 MVP),4,1,2,-0.6812715596104941,2.3936045363397147,Other,hit_into_play,Contact / Foul
2014,Pre-Statcast (2014 MVP),6,3,2,0.6769338153852213,2.769233183260239,Other,swinging_strike,Whiff (Miss)
2014,Pre-Statcast (2014 MVP),5,2,2,0.1434574645414374,2.60190074903692,Other,swinging_strike,Whiff (Miss)
2014,Pre-Statcast (2014 MVP),3,3,3,0.7298690901515592,3.0337216107262552,Other,foul_tip,Contact / Foul
2014,Pre-Statcast (2014 MVP),6,3,2,0.3966024569381087,2.905408031224408,Other,hit_into_play,Contact / Foul
2014,Pre-Statcast (2014 MVP),5,2,2,-0.2552997596824452,2.2809912883675167,Other,hit_into_play,Contact / Foul
2014,Pre-Statcast (2014 MVP),5,2,2,0.16757603413324063,2.4300016109955314,Other,foul,Contact / Foul
2014,Pre-Statcast (2014 MVP),7,1,1,-0.5494725639743832,1.9187432276039424,Other,foul,Contact / Foul
2014,Pre-Statcast (2014 MVP),6,3,2,0.5255096800656285,2.7435755411382363,Other,foul,Contact / Foul
2014,Pre-Statcast (2014 MVP),5,2,2,-0.07051163931709148,2.3910670639956892,Other,foul_tip,Contact / Foul
2014,Pre-Statcast (2014 MVP),1,1,3,-0.5983299544256684,3.145018884112634,Other,foul,Contact / Foul
2014,Pre-Statcast (2014 MVP),4,1,2,-0.4233404057716683,2.704983348564939,Other,hit_into_play,Contact / Foul
2014,Pre-Statcast (2014 MVP),9,3,1,0.6102775885032176,2.1066109397550155,Other,hit_into_play,Contact / Foul
2014,Pre-Statcast (2014 MVP),3,3,3,0.5623701082065178,3.022803210644403,Other,foul,Contact / Foul
2014,Pre-Statcast (2014 MVP),6,3,2,0.7832906831279842,2.4630522607458687,Other,foul,Contact / Foul
2014,Pre-Statcast (2014 MVP),5,2,2,-0.21501550891705623,2.298024174216833,Other,hit_into_play,Contact / Foul
2014,Pre-Statcast (2014 MVP),3,3,3,0.6570823660559109,3.338589589193682,Other,foul,Contact / Foul
2014,Pre-Statcast (2014 MVP),3,3,3,0.6260514635618216,3.192453245782929,Other,swinging_strike,Whiff (Miss)
2014,Pre-Statcast (2014 MVP),6,3,2,0.5193804163437166,2.570822410529459,Other,swinging_strike,Whiff (Miss)
2014,Pre-Statcast (2014 MVP),9,3,1,0.5410249188774479,1.8795258959446484,Other,hit_into_play,Contact / Foul
2014,Pre-Statcast (2014 MVP),8,2,1,0.17065913523528448,1.8578385244553908,Other,hit_into_play,Contact / Foul
2014,Pre-Statcast (2014 MVP),9,3,1,0.33793629081454934,1.7685286748872295,Other,swinging_strike,Whiff (Miss)
2014,Pre-Statcast (2014 MVP),4,1,2,-0.4405952909538,2.554342431781435,Other,foul,Contact / Foul
2014,Pre-Statcast (2014 MVP),9,3,1,0.7117920652149059,2.2068656128134485,Other,hit_into_play,Contact / Foul
2014,Pre-Statcast (2014 MVP),5,2,2,0.019277887864470822,2.5011013274181613,Other,hit_into_play,Contact / Foul
2014,Pre-Statcast (2014 MVP),6,3,2,0.5005496595387493,2.4956568429826835,Other,swinging_strike,Whiff (Miss)
2014,Pre-Statcast (2014 MVP),6,3,2,0.4785204262921625,2.75036387824524,Other,foul,Contact / Foul
2014,Pre-Statcast (2014 MVP),4,1,2,-0.6466079375800136,2.5897180667609554,Other,hit_into_play,Contact / Foul
2014,Pre-Statcast (2014 MVP),5,2,2,0.19158698312778089,2.4244100991197532,Other,foul,Contact / Foul
2014,Pre-Statcast (2014 MVP),2,2,3,0.24488463567949126,2.9930295274885905,Other,foul,Contact / Foul
2014,Pre-Statcast (2014 MVP),7,1,1,-0.30448743865062,1.9979908200443433,Other,hit_into_play,Contact / Foul
2014,Pre-Statcast (2014 MVP),3,3,3,0.44865704984765054,3.2588660261305646,Other,foul,Contact / Foul
2014,Pre-Statcast (2014 MVP),2,2,3,0.17226588693878975,3.112664518027473,Other,foul,Contact / Foul
2014,Pre-Statcast (2014 MVP),3,3,3,0.3418291445315745,3.20566178876004,Other,foul,Contact / Foul
2014,Pre-Statcast (2014 MVP),5,2,2,0.15033057765106317,2.9180926059525083,Other,hit_into_play,Contact / Foul
2014,Pre-Statcast (2014 MVP),9,3,1,0.4508486185080537,2.200138487711075,Other,foul,Contact / Foul
2014,Pre-Statcast (2014 MVP),1,1,3,-0.32134148694407927,3.0005908601435625,Other,foul,Contact / Foul
2014,Pre-Statcast (2014 MVP),5,2,2,-0.1108401286676034,2.683312544136271,Other,swinging_strike,Whiff (Miss)
2014,Pre-Statcast (2014 MVP),2,2,3,-0.13350432451623284,3.3170268322536494,Other,hit_into_play,Contact / Foul
2014,Pre-Statcast (2014 MVP),5,2,2,-0.04676120218098179,2.2630346781367714,Other,hit_into_play,Contact / Foul
2014,Pre-Statcast (2014 MVP),4,1,2,-0.3197682920034638,2.9114472562749154,Other,swinging_strike,Whiff (Miss)
2014,Pre-Statcast (2014 MVP),5,2,2,-0.03850648357635944,2.9376897212330593,Other,hit_into_play,Contact / Foul
2014,Pre-Statcast (2014 MVP),3,3,3,0.7141924904780464,3.6781808679579804,Other,swinging_strike,Whiff (Miss)
2014,Pre-Statcast (2014 MVP),5,2,2,0.12821995798656605,2.418619660421438,Other,hit_into_play,Contact / Foul
2014,Pre-Statcast (2014 MVP),1,1,3,-0.4057947508026578,2.98640947658075,Other,hit_into_play,Contact / Foul
2014,Pre-Statcast (2014 MVP),8,2,1,-0.13620274389366327,2.109055745205689,Other,hit_into_play,Contact / Foul
2014,Pre-Statcast (2014 MVP),1,1,3,-0.3156203841767431,3.260876719259654,Other,hit_into_play,Contact / Foul
2014,Pre-Statcast (2014 MVP),5,2,2,0.2735479794255314,2.774215560733473,Other,foul,Contact / Foul
2014,Pre-Statcast (2014 MVP),2,2,3,0.023985442307352,3.4800651587106657,Other,hit_into_play,Contact / Foul
2014,Pre-Statcast (2014 MVP),3,3,3,0.3441724698090398,3.0327663931407516,Other,swinging_strike,Whiff (Miss)
2014,Pre-Statcast (2014 MVP),6,3,2,0.46347240579534293,2.5256370185049226,Other,foul,Contact / Foul
2014,Pre-Statcast (2014 MVP),1,1,3,-0.6615003663401298,3.159173845815954,Other,hit_into_play,Contact / Foul
2014,Pre-Statcast (2014 MVP),3,3,3,0.7145435724568703,3.1180798973154165,Other,foul,Contact / Foul
2014,Pre-Statcast (2014 MVP),8,2,1,0.2751397009364862,1.6304891790965899,Other,hit_into_play,Contact / Foul
2014,Pre-Statcast (2014 MVP),2,2,3,0.20569131965695442,3.5875386243883276,Other,foul,Contact / Foul
2014,Pre-Statcast (2014 MVP),1,1,3,-0.279321548148062,3.211902581570116,Other,foul,Contact / Foul
2014,Pre-Statcast (2014 MVP),2,2,3,0.2197899537885336,3.065257128932962,Other,foul,Contact / Foul
2014,Pre-Statcast (2014 MVP),2,2,3,-0.1807238520744664,3.052977657915635,Other,swinging_strike,Whiff (Miss)
2014,Pre-Statcast (2014 MVP),2,2,3,0.11915148049651042,3.3904385152838357,Other,swinging_strike,Whiff (Miss)
2014,Pre-Statcast (2014 MVP),5,2,2,-0.0019536755108878756,2.954484648822514,Other,foul,Contact / Foul
2014,Pre-Statcast (2014 MVP),9,3,1,0.7624012453624314,1.9362190916324578,Other,hit_into_play,Contact / Foul
2014,Pre-Statcast (2014 MVP),4,1,2,-0.4412524493644509,2.3771985966095204,Other,swinging_strike,Whiff (Miss)
2014,Pre-Statcast (2014 MVP),4,1,2,-0.614333697482928,2.801516019213958,Other,hit_into_play,Contact / Foul
2014,Pre-Statcast (2014 MVP),6,3,2,0.8264044563418901,2.6217952212523246,Other,hit_into_play,Contact / Foul
2014,Pre-Statcast (2014 MVP),9,3,1,0.6696904095979285,1.6842043115317873,Other,swinging_strike,Whiff (Miss)
2014,Pre-Statcast (2014 MVP),4,1,2,-0.3444709128386215,2.5111656131655335,Other,hit_into_play,Contact / Foul
2014,Pre-Statcast (2014 MVP),1,1,3,-0.6349094231740179,3.1909960752664626,Other,foul,Contact / Foul
2014,Pre-Statcast (2014 MVP),4,1,2,-0.7516848792216295,2.327957710756113,Other,foul,Contact / Foul
2014,Pre-Statcast (2014 MVP),2,2,3,0.1745206969294264,3.0436161386448686,Other,foul,Contact / Foul
2014,Pre-Statcast (2014 MVP),9,3,1,0.650793786350401,2.1266856745073714,Other,swinging_strike,Whiff (Miss)
2014,Pre-Statcast (2014 MVP),2,2,3,-0.07088983376781632,3.262679750709852,Other,swinging_strike,Whiff (Miss)
2014,Pre-Statcast (2014 MVP),9,3,1,0.44313476524640144,1.8756962444086571,Other,hit_into_play,Contact / Foul
2014,Pre-Statcast (2014 MVP),1,1,3,-0.63965899824859,3.3052764133700494,Other,swinging_strike,Whiff (Miss)
2014,Pre-Statcast (2014 MVP),7,1,1,-0.5661797379865834,1.9942980142506022,Other,swinging_strike,Whiff (Miss)
2014,Pre-Statcast (2014 MVP),9,3,1,0.4529533264253376,1.9695733801563857,Other,foul,Contact / Foul
2014,Pre-Statcast (2014 MVP),2,2,3,-0.26996770173682405,3.343966784003142,Other,hit_into_play,Contact / Foul
2014,Pre-Statcast (2014 MVP),8,2,1,0.05577294920277742,2.181882655084449,Other,foul,Contact / Foul
2014,Pre-Statcast (2014 MVP),9,3,1,0.4615234403551107,2.0634149309425807,Other,hit_into_play,Contact / Foul
2014,Pre-Statcast (2014 MVP),6,3,2,0.6495450512082486,2.485867629041625,Other,swinging_strike,Whiff (Miss)
2014,Pre-Statcast (2014 MVP),5,2,2,0.256212416460446,2.889934848855325,Other,foul,Contact / Foul
2014,Pre-Statcast (2014 MVP),9,3,1,0.2994221238031163,2.165477959026207,Other,foul,Contact / Foul
2014,Pre-Statcast (2014 MVP),6,3,2,0.6962173020482545,2.5744864858280336,Other,hit_into_play,Contact / Foul
2014,Pre-Statcast (2014 MVP),1,1,3,-0.7539550237355785,3.3187991120621323,Other,foul,Contact / Foul
2014,Pre-Statcast (2014 MVP),2,2,3,-0.06378340758434242,3.6617139062492754,Other,foul,Contact / Foul
2014,Pre-Statcast (2014 MVP),9,3,1,0.40430871614983754,2.1811496544858264,Other,foul,Contact / Foul
2014,Pre-Statcast (2014 MVP),2,2,3,-0.20324055500774407,3.5432700970308084,Other,swinging_strike,Whiff (Miss)
2014,Pre-Statcast (2014 MVP),6,3,2,0.563574671217042,2.5700424312897225,Other,hit_into_play,Contact / Foul
2014,Pre-Statcast (2014 MVP),6,3,2,0.2897107297447562,2.7955483378521078,Other,hit_into_play,Contact / Foul
2014,Pre-Statcast (2014 MVP),8,2,1,-0.1856097209734059,2.200778996400206,Other,swinging_strike,Whiff (Miss)
2014,Pre-Statcast (2014 MVP),4,1,2,-0.3224853005630224,2.2999397884969772,Other,foul,Contact / Foul
2014,Pre-Statcast (2014 MVP),2,2,3,-0.06531237337731516,3.3384259562624945,Other,hit_into_play,Contact / Foul
2014,Pre-Statcast (2014 MVP),6,3,2,0.2951336516541869,2.3204653516347262,Other,swinging_strike,Whiff (Miss)
2014,Pre-Statcast (2014 MVP),4,1,2,-0.5015832382629622,2.6959827114912738,Other,hit_into_play,Contact / Foul
2014,Pre-Statcast (2014 MVP),9,3,1,0.28299858694644175,1.6585304351481236,Other,swinging_strike,Whiff (Miss)
2014,Pre-Statcast (2014 MVP),9,3,1,0.35298565607757326,1.9798676954717278,Other,foul,Contact / Foul
2014,Pre-Statcast (2014 MVP),6,3,2,0.38127497031244717,2.3723210531989474,Other,hit_into_play,Contact / Foul
2014,Pre-Statcast (2014 MVP),5,2,2,0.21924003936560454,2.8831965206059778,Other,hit_into_play,Contact / Foul
2014,Pre-Statcast (2014 MVP),3,3,3,0.5555660464314298,3.296368373787942,Other,foul,Contact / Foul
2014,Pre-Statcast (2014 MVP),5,2,2,0.06519398907033136,2.4068678600104576,Other,foul_tip,Contact / Foul
2014,Pre-Statcast (2014 MVP),5,2,2,0.12589000428543218,2.513023864120722,Other,foul,Contact / Foul
2014,Pre-Statcast (2014 MVP),8,2,1,-0.0657307972882274,1.7754981149759619,Other,hit_into_play,Contact / Foul
2014,Pre-Statcast (2014 MVP),9,3,1,0.5166281008198241,2.097230689194737,Other,hit_into_play,Contact / Foul
2014,Pre-Statcast (2014 MVP),3,3,3,0.46389402042815764,3.053471243545985,Other,foul,Contact / Foul
2014,Pre-Statcast (2014 MVP),5,2,2,0.24740922312694646,2.8865132391280417,Other,swinging_strike,Whiff (Miss)
2014,Pre-Statcast (2014 MVP),9,3,1,0.3966345730080211,1.819032431654064,Other,foul,Contact / Foul
2014,Pre-Statcast (2014 MVP),7,1,1,-0.30101826327594816,1.9511504959213806,Other,foul,Contact / Foul
2014,Pre-Statcast (2014 MVP),4,1,2,-0.7579283075018368,2.3681320530550747,Other,hit_into_play,Contact / Foul
2014,Pre-Statcast (2014 MVP),5,2,2,-0.2620133180749432,2.4969614539077107,Other,foul,Contact / Foul
2014,Pre-Statcast (2014 MVP),6,3,2,0.5662492174656362,2.8706217306534167,Other,hit_into_play,Contact / Foul
2014,Pre-Statcast (2014 MVP),5,2,2,0.21457577241075176,2.6821381876929737,Other,hit_into_play,Contact / Foul
2014,Pre-Statcast (2014 MVP),8,2,1,0.24382937172587182,2.118683589379698,Other,foul,Contact / Foul
2014,Pre-Statcast (2014 MVP),5,2,2,0.21474584182843837,2.5621378132099943,Other,foul,Contact / Foul
2014,Pre-Statcast (2014 MVP),7,1,1,-0.5722702641990143,1.8320155820016732,Other,hit_into_play,Contact / Foul
2014,Pre-Statcast (2014 MVP),7,1,1,-0.4936055094187237,1.595472823684235,Other,foul,Contact / Foul
2014,Pre-Statcast (2014 MVP),9,3,1,0.3723024147172921,2.106059762560629,Other,foul,Contact / Foul
2014,Pre-Statcast (2014 MVP),4,1,2,-0.7777068170227781,2.4128929131756114,Other,hit_into_play,Contact / Foul
2014,Pre-Statcast (2014 MVP),4,1,2,-0.7560146988507359,2.3993343031752343,Other,hit_into_play,Contact / Foul
2014,Pre-Statcast (2014 MVP),8,2,1,0.2264712575606725,1.726564292249408,Other,foul,Contact / Foul
2014,Pre-Statcast (2014 MVP),5,2,2,-0.2220343558345419,2.4852479989962517,Other,swinging_strike,Whiff (Miss)
2014,Pre-Statcast (2014 MVP),6,3,2,0.3267921676800495,2.257632436701029,Other,swinging_strike,Whiff (Miss)
2014,Pre-Statcast (2014 MVP),8,2,1,0.008660477643992026,1.9725081470836352,Other,hit_into_play,Contact / Foul
2014,Pre-Statcast (2014 MVP),6,3,2,0.5249122683345209,2.665873430339772,Other,foul,Contact / Foul
2014,Pre-Statcast (2014 MVP),7,1,1,-0.3735937094454348,2.1097337953592348,Other,hit_into_play,Contact / Foul
2014,Pre-Statcast (2014 MVP),7,1,1,-0.7102646874855241,1.915084100285116,Other,hit_into_play,Contact / Foul
2014,Pre-Statcast (2014 MVP),8,2,1,-0.03358218929605472,1.7849779667141703,Other,hit_into_play,Contact / Foul
2014,Pre-Statcast (2014 MVP),5,2,2,0.17421339374932276,2.744728345641249,Other,swinging_strike,Whiff (Miss)
2014,Pre-Statcast (2014 MVP),1,1,3,-0.704661385647086,3.022739053153799,Other,hit_into_play,Contact / Foul
2014,Pre-Statcast (2014 MVP),5,2,2,0.14150264301985405,2.616646880575115,Other,foul,Contact / Foul
2014,Pre-Statcast (2014 MVP),4,1,2,-0.38743981056941634,2.7308231103973846,Other,hit_into_play,Contact / Foul
2014,Pre-Statcast (2014 MVP),1,1,3,-0.5376941590578499,3.157879741809873,Other,foul,Contact / Foul
2014,Pre-Statcast (2014 MVP),5,2,2,0.26440984572846604,2.8975053722984487,Other,swinging_strike,Whiff (Miss)
2014,Pre-Statcast (2014 MVP),6,3,2,0.4448432632499446,2.9381299921493946,Other,foul,Contact / Foul
2014,Pre-Statcast (2014 MVP),5,2,2,-0.12077446060565977,2.397435365066233,Other,hit_into_play,Contact / Foul
2014,Pre-Statcast (2014 MVP),1,1,3,-0.4950563546415919,3.1696866591256523,Other,hit_into_play,Contact / Foul
2014,Pre-Statcast (2014 MVP),6,3,2,0.34457887939624077,2.8325910087218653,Other,swinging_strike,Whiff (Miss)
2014,Pre-Statcast (2014 MVP),9,3,1,0.4169584743971051,1.6421245485333067,Other,hit_into_play,Contact / Foul
2014,Pre-Statcast (2014 MVP),1,1,3,-0.4068856756276455,3.3769735297995824,Other,hit_into_play,Contact / Foul
2014,Pre-Statcast (2014 MVP),7,1,1,-0.5442354049582678,1.8385791593760061,Other,hit_into_play,Contact / Foul
2014,Pre-Statcast (2014 MVP),5,2,2,-0.16797631793298118,2.422385370891454,Other,hit_into_play,Contact / Foul
2014,Pre-Statcast (2014 MVP),9,3,1,0.28810742305386977,1.6883326083607892,Other,hit_into_play,Contact / Foul
2014,Pre-Statcast (2014 MVP),4,1,2,-0.5919062627409288,2.711196586920595,Other,foul,Contact / Foul
2014,Pre-Statcast (2014 MVP),8,2,1,0.14688461096038075,2.26369620640785,Other,hit_into_play,Contact / Foul
2014,Pre-Statcast (2014 MVP),9,3,1,0.48278548817796574,1.947769763496399,Other,hit_into_play,Contact / Foul
2014,Pre-Statcast (2014 MVP),8,2,1,-0.044282616900917504,1.5530989251024798,Other,foul,Contact / Foul
2014,Pre-Statcast (2014 MVP),6,3,2,0.34756565248208937,2.4437243978134946,Other,foul,Contact / Foul
2014,Pre-Statcast (2014 MVP),7,1,1,-0.671353811285655,2.064594419901502,Other,hit_into_play,Contact / Foul
2014,Pre-Statcast (2014 MVP),5,2,2,-0.19785035567404646,2.8331716569876786,Other,hit_into_play,Contact / Foul
2014,Pre-Statcast (2014 MVP),4,1,2,-0.3258249339395529,2.827730498216498,Other,hit_into_play,Contact / Foul
2014,Pre-Statcast (2014 MVP),7,1,1,-0.341560292268292,1.9228579241749104,Other,hit_into_play,Contact / Foul
2014,Pre-Statcast (2014 MVP),3,3,3,0.3169362132055342,3.2102093338527373,Other,foul,Contact / Foul
2014,Pre-Statcast (2014 MVP),4,1,2,-0.4628346000081196,2.637265229544306,Other,foul,Contact / Foul
2014,Pre-Statcast (2014 MVP),4,1,2,-0.33826517567300396,2.5329867834682047,Other,hit_into_play,Contact / Foul
2014,Pre-Statcast (2014 MVP),4,1,2,-0.5913734097924621,2.340959187495278,Other,hit_into_play,Contact / Foul
2014,Pre-Statcast (2014 MVP),8,2,1,-0.24289607373015493,1.6902464634319654,Other,foul,Contact / Foul
2014,Pre-Statcast (2014 MVP),3,3,3,0.5394114425765497,3.0559294594026154,Other,foul,Contact / Foul
2014,Pre-Statcast (2014 MVP),1,1,3,-0.5559808902451817,3.2902367903543444,Other,foul,Contact / Foul
2014,Pre-Statcast (2014 MVP),7,1,1,-0.5880703443391595,1.5973999928787048,Other,foul,Contact / Foul
2014,Pre-Statcast (2014 MVP),5,2,2,0.1218341830408205,2.6582808213504334,Other,foul,Contact / Foul
2014,Pre-Statcast (2014 MVP),1,1,3,-0.5727515460783024,3.4803881794250113,Other,foul_tip,Contact / Foul
2014,Pre-Statcast (2014 MVP),1,1,3,-0.44039540750000805,3.3749355380812767,Other,foul_tip,Contact / Foul
2014,Pre-Statcast (2014 MVP),8,2,1,-0.2461559638579719,1.6492026460564362,Other,hit_into_play,Contact / Foul
2014,Pre-Statcast (2014 MVP),5,2,2,-0.04536423337131406,2.52246224005251,Other,foul,Contact / Foul
2014,Pre-Statcast (2014 MVP),5,2,2,-0.10220516225615339,2.951472095866567,Other,hit_into_play,Contact / Foul
2014,Pre-Statcast (2014 MVP),5,2,2,0.019507182203632123,2.83301071261714,Other,foul,Contact / Foul
2014,Pre-Statcast (2014 MVP),1,1,3,-0.5240294093525155,3.1766509121150865,Other,foul,Contact / Foul
2014,Pre-Statcast (2014 MVP),4,1,2,-0.2904339424378206,2.680253272093601,Other,hit_into_play,Contact / Foul
2014,Pre-Statcast (2014 MVP),6,3,2,0.5998360628062163,2.829764517229686,Other,swinging_strike,Whiff (Miss)
2014,Pre-Statcast (2014 MVP),2,2,3,-0.13853468901633875,3.0933488517096936,Other,foul,Contact / Foul
2014,Pre-Statcast (2014 MVP),9,3,1,0.29547770237602333,1.5735435569824763,Other,foul,Contact / Foul
2014,Pre-Statcast (2014 MVP),6,3,2,0.42416459274524665,2.6079456447004903,Other,hit_into_play,Contact / Foul
2014,Pre-Statcast (2014 MVP),6,3,2,0.36127308646109946,2.4387659003758464,Other,foul,Contact / Foul
2014,Pre-Statcast (2014 MVP),9,3,1,0.3036804322802781,2.227149412456594,Other,hit_into_play,Contact / Foul
2014,Pre-Statcast (2014 MVP),9,3,1,0.3039397724679781,2.115842432652097,Other,hit_into_play,Contact / Foul
2014,Pre-Statcast (2014 MVP),9,3,1,0.5191557791250477,2.167289855629181,Other,hit_into_play,Contact / Foul
2014,Pre-Statcast (2014 MVP),8,2,1,0.12985258105335845,1.6202662108991102,Other,hit_into_play,Contact / Foul
2014,Pre-Statcast (2014 MVP),2,2,3,-0.0014732889523978443,2.9861549697989815,Other,foul,Contact / Foul
2014,Pre-Statcast (2014 MVP),4,1,2,-0.30507308596945404,2.3929997841764097,Other,hit_into_play,Contact / Foul
2014,Pre-Statcast (2014 MVP),9,3,1,0.6507340798608214,1.6401370018820736,Other,hit_into_play,Contact / Foul
2014,Pre-Statcast (2014 MVP),5,2,2,0.09416637004070316,2.389391689295038,Other,foul,Contact / Foul
2014,Pre-Statcast (2014 MVP),2,2,3,0.0987782127180995,3.382388834885931,Other,foul,Contact / Foul
2014,Pre-Statcast (2014 MVP),5,2,2,-0.05137007285040007,2.666515486941112,Other,hit_into_play,Contact / Foul
2014,Pre-Statcast (2014 MVP),8,2,1,-0.03111112032295711,1.9370644158840333,Other,swinging_strike,Whiff (Miss)
2014,Pre-Statcast (2014 MVP),6,3,2,0.29569341235504765,2.3214152142226285,Other,foul,Contact / Foul
2014,Pre-Statcast (2014 MVP),2,2,3,-0.27367828612233647,3.1020640612626975,Other,swinging_strike,Whiff (Miss)
2014,Pre-Statcast (2014 MVP),6,3,2,0.4399467117994353,2.2810787169848314,Other,swinging_strike,Whiff (Miss)
2014,Pre-Statcast (2014 MVP),5,2,2,-0.20450034923970617,2.7194237689379346,Other,hit_into_play,Contact / Foul
2014,Pre-Statcast (2014 MVP),8,2,1,0.11110078597661155,2.071686124110966,Other,foul,Contact / Foul
2014,Pre-Statcast (2014 MVP),2,2,3,-0.12008442000855535,3.381915493119201,Other,foul,Contact / Foul
2014,Pre-Statcast (2014 MVP),9,3,1,0.4436512303300011,1.9442739662337951,Other,hit_into_play,Contact / Foul
2014,Pre-Statcast (2014 MVP),4,1,2,-0.3765355473969254,2.586867747476972,Other,foul,Contact / Foul
2014,Pre-Statcast (2014 MVP),9,3,1,0.6123446954284085,2.009686231239587,Other,hit_into_play,Contact / Foul
2014,Pre-Statcast (2014 MVP),5,2,2,-0.07279814996606238,2.600785299586886,Other,foul,Contact / Foul
2014,Pre-Statcast (2014 MVP),8,2,1,0.20456347537889275,1.7380420332728743,Other,foul,Contact / Foul
2014,Pre-Statcast (2014 MVP),6,3,2,0.45523139272839974,2.256021870015479,Other,hit_into_play,Contact / Foul
2014,Pre-Statcast (2014 MVP),3,3,3,0.6960082245315655,3.152894631047216,Other,foul,Contact / Foul
2014,Pre-Statcast (2014 MVP),5,2,2,0.014056950851084049,2.4617989182711773,Other,swinging_strike,Whiff (Miss)
2014,Pre-Statcast (2014 MVP),1,1,3,-0.6250159638903288,3.5626647030135103,Other,foul,Contact / Foul
2014,Pre-Statcast (2014 MVP),6,3,2,0.3620118347933745,2.6345491386933335,Other,swinging_strike,Whiff (Miss)
2014,Pre-Statcast (2014 MVP),4,1,2,-0.5632531405597898,2.487352391094366,Other,hit_into_play,Contact / Foul
2014,Pre-Statcast (2014 MVP),6,3,2,0.3142709228342928,2.5681612742355497,Other,swinging_strike,Whiff (Miss)
2014,Pre-Statcast (2014 MVP),4,1,2,-0.7596698306633439,2.677865478897143,Other,swinging_strike,Whiff (Miss)
2014,Pre-Statcast (2014 MVP),1,1,3,-0.5554476436943807,3.1655413120672575,Other,foul,Contact / Foul
2014,Pre-Statcast (2014 MVP),2,2,3,0.05499410483704181,3.3301059906917567,Other,foul,Contact / Foul
2014,Pre-Statcast (2014 MVP),4,1,2,-0.6344437881774527,2.384736364710573,Other,hit_into_play,Contact / Foul
2014,Pre-Statcast (2014 MVP),5,2,2,0.25204839657054046,2.4778218876867752,Other,hit_into_play,Contact / Foul
2014,Pre-Statcast (2014 MVP),1,1,3,-0.5876271428733999,3.5102444011668963,Other,swinging_strike,Whiff (Miss)
2014,Pre-Statcast (2014 MVP),8,2,1,-0.21051788852367226,2.2167548479731183,Other,foul,Contact / Foul
2014,Pre-Statcast (2014 MVP),2,2,3,0.18574652956734283,2.965488731860619,Other,foul,Contact / Foul
2014,Pre-Statcast (2014 MVP),4,1,2,-0.4475407428951249,2.767569313735786,Other,foul,Contact / Foul
2014,Pre-Statcast (2014 MVP),1,1,3,-0.6662761615059412,3.486860427496791,Other,foul,Contact / Foul
2014,Pre-Statcast (2014 MVP),6,3,2,0.5574350201565893,2.528061364896897,Other,hit_into_play,Contact / Foul
2014,Pre-Statcast (2014 MVP),9,3,1,0.35112244407136656,1.931809488949635,Other,hit_into_play,Contact / Foul
2014,Pre-Statcast (2014 MVP),5,2,2,-0.26750472378142054,2.6180238346282794,Other,hit_into_play,Contact / Foul
2014,Pre-Statcast (2014 MVP),9,3,1,0.45179134876666766,2.1529234730839963,Other,foul,Contact / Foul
2014,Pre-Statcast (2014 MVP),4,1,2,-0.3487024312832428,2.589923532860898,Other,foul,Contact / Foul
2014,Pre-Statcast (2014 MVP),1,1,3,-0.7419036530288983,3.5713233138613747,Other,swinging_strike,Whiff (Miss)
2014,Pre-Statcast (2014 MVP),4,1,2,-0.7068183539111603,2.4041213823660783,Other,foul,Contact / Foul
2014,Pre-Statcast (2014 MVP),8,2,1,-0.08654319896943571,2.2380407778336213,Other,hit_into_play,Contact / Foul
2014,Pre-Statcast (2014 MVP),5,2,2,0.16739340024500682,2.3344980783705935,Other,hit_into_play,Contact / Foul
2014,Pre-Statcast (2014 MVP),7,1,1,-0.4750371430747722,1.6498833699646713,Other,foul,Contact / Foul
2014,Pre-Statcast (2014 MVP),8,2,1,-0.1334979532963636,2.1711737937605697,Other,foul,Contact / Foul
2014,Pre-Statcast (2014 MVP),7,1,1,-0.7877463551047705,2.1245374811836184,Other,swinging_strike,Whiff (Miss)
2014,Pre-Statcast (2014 MVP),5,2,2,-0.026062106173032673,2.7477828450763204,Other,hit_into_play,Contact / Foul
2014,Pre-Statcast (2014 MVP),7,1,1,-0.688278011623682,1.892920845525261,Other,hit_into_play,Contact / Foul
2014,Pre-Statcast (2014 MVP),5,2,2,-0.01694268547748562,2.643130795734135,Other,foul,Contact / Foul
2014,Pre-Statcast (2014 MVP),1,1,3,-0.7764049456598324,3.1511125564124964,Other,foul_tip,Contact / Foul
2014,Pre-Statcast (2014 MVP),1,1,3,-0.4910215479120773,3.4240719518012437,Other,hit_into_play,Contact / Foul
2014,Pre-Statcast (2014 MVP),2,2,3,0.1989716250367016,3.2899164983674662,Other,swinging_strike,Whiff (Miss)
2014,Pre-Statcast (2014 MVP),5,2,2,-0.2549921474438569,2.6734303980341885,Other,foul,Contact / Foul
2014,Pre-Statcast (2014 MVP),4,1,2,-0.817955343815759,2.6850127823245318,Other,foul,Contact / Foul
2014,Pre-Statcast (2014 MVP),1,1,3,-0.36837340064307944,3.3770898153614004,Other,foul,Contact / Foul
2014,Pre-Statcast (2014 MVP),5,2,2,0.27020483691103037,2.7359610090254325,Other,foul,Contact / Foul
2014,Pre-Statcast (2014 MVP),8,2,1,-0.042454345552012995,1.6977519011618885,Other,hit_into_play,Contact / Foul
2014,Pre-Statcast (2014 MVP),7,1,1,-0.6339105310278909,1.9119607976568875,Other,foul,Contact / Foul
2014,Pre-Statcast (2014 MVP),2,2,3,-0.1561749496016338,3.07394375248197,Other,hit_into_play,Contact / Foul
2014,Pre-Statcast (2014 MVP),7,1,1,-0.3890421236654017,2.065439477600786,Other,hit_into_play,Contact / Foul
2014,Pre-Statcast (2014 MVP),5,2,2,0.13241476789982748,2.640528035339097,Other,foul,Contact / Foul
2014,Pre-Statcast (2014 MVP),2,2,3,0.24844409595561734,3.03192863080465,Other,swinging_strike,Whiff (Miss)
2014,Pre-Statcast (2014 MVP),8,2,1,0.04203455534135764,1.9290526800160104,Other,hit_into_play,Contact / Foul
2014,Pre-Statcast (2014 MVP),9,3,1,0.6355478848453366,1.8482606842744636,Other,foul,Contact / Foul
2014,Pre-Statcast (2014 MVP),4,1,2,-0.5721886513344348,2.3347476602591994,Other,foul,Contact / Foul
2014,Pre-Statcast (2014 MVP),4,1,2,-0.31648671892853314,2.8600426802900105,Other,foul,Contact / Foul
2014,Pre-Statcast (2014 MVP),9,3,1,0.572000450252397,1.8537816851525628,Other,hit_into_play,Contact / Foul
2014,Pre-Statcast (2014 MVP),6,3,2,0.7786723602154266,2.2477896609081496,Other,foul,Contact / Foul
2014,Pre-Statcast (2014 MVP),7,1,1,-0.3933308010712564,1.6612457798765066,Other,foul,Contact / Foul
2014,Pre-Statcast (2014 MVP),7,1,1,-0.3457679902010622,2.0193882696442285,Other,hit_into_play,Contact / Foul
2014,Pre-Statcast (2014 MVP),8,2,1,0.024492104080367394,1.530919622295045,Other,swinging_strike,Whiff (Miss)
2014,Pre-Statcast (2014 MVP),1,1,3,-0.40517443794047203,3.0362207569134934,Other,foul,Contact / Foul
2014,Pre-Statcast (2014 MVP),6,3,2,0.7367217663522012,2.7543331137877787,Other,foul_tip,Contact / Foul
2014,Pre-Statcast (2014 MVP),8,2,1,0.23241308975425634,2.1248931772404185,Other,foul,Contact / Foul
2014,Pre-Statcast (2014 MVP),7,1,1,-0.5215337282701747,1.9680067212274872,Other,hit_into_play,Contact / Foul
2014,Pre-Statcast (2014 MVP),9,3,1,0.37743535272355155,1.8673320872224757,Other,swinging_strike,Whiff (Miss)
2014,Pre-Statcast (2014 MVP),2,2,3,-0.2042064316495137,3.1102201131776264,Other,hit_into_play,Contact / Foul
2014,Pre-Statcast (2014 MVP),7,1,1,-0.5437146852170219,2.2434762946998266,Other,hit_into_play,Contact / Foul
2014,Pre-Statcast (2014 MVP),8,2,1,0.009416157114335688,1.978214693069377,Other,hit_into_play,Contact / Foul
2014,Pre-Statcast (2014 MVP),6,3,2,0.4214675890636279,2.618536558665608,Other,hit_into_play,Contact / Foul
2014,Pre-Statcast (2014 MVP),7,1,1,-0.6407101076031858,1.711554559587757,Other,hit_into_play,Contact / Foul
2014,Pre-Statcast (2014 MVP),8,2,1,0.24376986599913442,2.144188190226536,Other,hit_into_play,Contact / Foul
2014,Pre-Statcast (2014 MVP),4,1,2,-0.7586682558812754,2.2395726870415587,Other,foul,Contact / Foul
2014,Pre-Statcast (2014 MVP),5,2,2,0.21350183224461144,2.420852217910861,Other,hit_into_play,Contact / Foul
2014,Pre-Statcast (2014 MVP),4,1,2,-0.8057830218045656,2.6959828310650726,Other,swinging_strike,Whiff (Miss)
2014,Pre-Statcast (2014 MVP),2,2,3,-0.018203240428541934,3.00822058980335,Other,foul,Contact / Foul
2014,Pre-Statcast (2014 MVP),9,3,1,0.33740634674491576,1.537181861752948,Other,foul,Contact / Foul
2014,Pre-Statcast (2014 MVP),1,1,3,-0.5531477776188503,2.962320772192274,Other,foul,Contact / Foul
2014,Pre-Statcast (2014 MVP),1,1,3,-0.7510537967687709,3.369905750472018,Other,foul,Contact / Foul
2014,Pre-Statcast (2014 MVP),9,3,1,0.41786168579798055,1.9024064299685164,Other,hit_into_play,Contact / Foul
2014,Pre-Statcast (2014 MVP),1,1,3,-0.6624264270572492,2.9898032817033044,Other,foul,Contact / Foul
2014,Pre-Statcast (2014 MVP),5,2,2,-0.21333646488556746,2.811130450931166,Other,foul,Contact / Foul
2014,Pre-Statcast (2014 MVP),8,2,1,0.19140355766478057,2.0390691991583774,Other,swinging_strike,Whiff (Miss)
2014,Pre-Statcast (2014 MVP),2,2,3,-0.24442797021326113,3.1189413248392954,Other,foul,Contact / Foul
2014,Pre-Statcast (2014 MVP),5,2,2,-0.22212370937232034,2.448970094544761,Other,hit_into_play,Contact / Foul
2014,Pre-Statcast (2014 MVP),2,2,3,0.13894894493374488,3.3076126519165934,Other,foul,Contact / Foul
2014,Pre-Statcast (2014 MVP),8,2,1,-0.24176235611970798,2.08190214137014,Other,foul,Contact / Foul
2014,Pre-Statcast (2014 MVP),8,2,1,0.12229562830609836,2.0566390491495783,Other,foul,Contact / Foul
2014,Pre-Statcast (2014 MVP),6,3,2,0.3002479189083272,2.564901077901608,Other,foul,Contact / Foul
2014,Pre-Statcast (2014 MVP),6,3,2,0.621578443011437,2.324412815344018,Other,hit_into_play,Contact / Foul
2014,Pre-Statcast (2014 MVP),2,2,3,-0.130573056147117,3.1250250547933476,Other,foul,Contact / Foul
2014,Pre-Statcast (2014 MVP),5,2,2,0.200479910369795,2.370968760027157,Other,foul,Contact / Foul
2014,Pre-Statcast (2014 MVP),4,1,2,-0.5909993181270948,2.694370343104282,Other,hit_into_play,Contact / Foul
2014,Pre-Statcast (2014 MVP),8,2,1,-1.8306192450134873e-05,1.944152559334006,Other,hit_into_play,Contact / Foul
2014,Pre-Statcast (2014 MVP),9,3,1,0.6685181897084658,2.130056699475074,Other,hit_into_play,Contact / Foul
2014,Pre-Statcast (2014 MVP),4,1,2,-0.8264677394483376,2.3234383559012968,Other,hit_into_play,Contact / Foul
2014,Pre-Statcast (2014 MVP),5,2,2,0.18241805911006315,2.565474266097323,Other,foul,Contact / Foul
2014,Pre-Statcast (2014 MVP),7,1,1,-0.5941716173433653,2.081906802579609,Other,hit_into_play,Contact / Foul
2014,Pre-Statcast (2014 MVP),9,3,1,0.48828367173473763,1.816160067125408,Other,hit_into_play,Contact / Foul
2014,Pre-Statcast (2014 MVP),4,1,2,-0.6172385721975243,2.644007459853447,Other,hit_into_play,Contact / Foul
2014,Pre-Statcast (2014 MVP),9,3,1,0.46388673873809994,2.217547499618168,Other,hit_into_play,Contact / Foul
2014,Pre-Statcast (2014 MVP),5,2,2,-0.11771226896260534,2.517765856055381,Other,foul,Contact / Foul
2014,Pre-Statcast (2014 MVP),1,1,3,-0.42864646641748017,2.9983507130519533,Other,swinging_strike,Whiff (Miss)
2014,Pre-Statcast (2014 MVP),5,2,2,-0.12706408651929313,2.7278722697354776,Other,hit_into_play,Contact / Foul
2014,Pre-Statcast (2014 MVP),7,1,1,-0.731419534141101,1.535908134941525,Other,hit_into_play,Contact / Foul
2014,Pre-Statcast (2014 MVP),2,2,3,0.19144943128058034,3.0751429435706945,Other,hit_into_play,Contact / Foul
2014,Pre-Statcast (2014 MVP),2,2,3,0.012641509096574133,3.3291838577321906,Other,foul,Contact / Foul
2014,Pre-Statcast (2014 MVP),7,1,1,-0.48179059651732337,1.751050123893971,Other,hit_into_play,Contact / Foul
2014,Pre-Statcast (2014 MVP),4,1,2,-0.5667337263283119,2.3288651507836335,Other,foul,Contact / Foul
2014,Pre-Statcast (2014 MVP),9,3,1,0.4119325253162015,2.2053484364920477,Other,foul,Contact / Foul
2014,Pre-Statcast (2014 MVP),1,1,3,-0.46414906401417666,3.015211612525242,Other,hit_into_play,Contact / Foul
2014,Pre-Statcast (2014 MVP),5,2,2,0.12176888769023098,2.9303369730869506,Other,foul_tip,Contact / Foul
2014,Pre-Statcast (2014 MVP),1,1,3,-0.6747953805056246,3.1749933796409024,Other,foul,Contact / Foul
2014,Pre-Statcast (2014 MVP),6,3,2,0.6707866048742139,2.7766693855376645,Other,hit_into_play,Contact / Foul
2014,Pre-Statcast (2014 MVP),6,3,2,0.3510260214292391,2.601731728325581,Other,foul,Contact / Foul
2014,Pre-Statcast (2014 MVP),5,2,2,0.18136356393288766,2.7330046908552785,Other,foul,Contact / Foul
2014,Pre-Statcast (2014 MVP),8,2,1,-0.04665782254643913,1.5368701536361018,Other,hit_into_play,Contact / Foul
2014,Pre-Statcast (2014 MVP),5,2,2,-0.07993835513347669,2.768709547562646,Other,foul,Contact / Foul
2014,Pre-Statcast (2014 MVP),9,3,1,0.4023424359972979,1.9613913135691006,Other,hit_into_play,Contact / Foul
2014,Pre-Statcast (2014 MVP),8,2,1,0.0025913366257910297,2.062207559653269,Other,foul,Contact / Foul
2014,Pre-Statcast (2014 MVP),8,2,1,0.1609516266262725,2.178933353162795,Other,hit_into_play,Contact / Foul
2014,Pre-Statcast (2014 MVP),6,3,2,0.4374233854046228,2.8527068214582245,Other,hit_into_play,Contact / Foul
2014,Pre-Statcast (2014 MVP),8,2,1,-0.21439214085874464,1.705575303085828,Other,hit_into_play,Contact / Foul
2014,Pre-Statcast (2014 MVP),9,3,1,0.38265672035004583,1.5373698599668493,Other,swinging_strike,Whiff (Miss)
2014,Pre-Statcast (2014 MVP),3,3,3,0.8001541552499956,3.093082682773485,Other,swinging_strike,Whiff (Miss)
2014,Pre-Statcast (2014 MVP),6,3,2,0.4521504385346332,2.3127655152261193,Other,foul,Contact / Foul
2014,Pre-Statcast (2014 MVP),9,3,1,0.7110442871061662,1.5986702274661608,Other,foul,Contact / Foul
2014,Pre-Statcast (2014 MVP),5,2,2,-0.19469041380894214,2.846204938939966,Other,foul_tip,Contact / Foul
2014,Pre-Statcast (2014 MVP),2,2,3,0.24462380347035811,3.231213344739735,Other,foul,Contact / Foul
2014,Pre-Statcast (2014 MVP),2,2,3,-0.22573519951994814,3.066712118892462,Other,foul,Contact / Foul
2014,Pre-Statcast (2014 MVP),7,1,1,-0.5105398130501042,1.7920106376622624,Other,hit_into_play,Contact / Foul
2014,Pre-Statcast (2014 MVP),1,1,3,-0.28232995141994643,3.5344692565183546,Other,foul,Contact / Foul
2014,Pre-Statcast (2014 MVP),2,2,3,-0.03256694389714321,3.332339182130799,Other,swinging_strike,Whiff (Miss)
2014,Pre-Statcast (2014 MVP),1,1,3,-0.7046470491867769,3.2229791898797293,Other,foul,Contact / Foul
2014,Pre-Statcast (2014 MVP),9,3,1,0.7100714251044259,1.754000582254346,Other,hit_into_play,Contact / Foul
2014,Pre-Statcast (2014 MVP),4,1,2,-0.5656546587823207,2.4954956855300523,Other,foul,Contact / Foul
2014,Pre-Statcast (2014 MVP),8,2,1,0.13783709736960204,1.8450964656135662,Other,foul,Contact / Foul
2014,Pre-Statcast (2014 MVP),4,1,2,-0.3406669000300748,2.4519106754924556,Other,hit_into_play,Contact / Foul
2014,Pre-Statcast (2014 MVP),4,1,2,-0.6633204663056576,2.80384688687788,Other,hit_into_play,Contact / Foul
2014,Pre-Statcast (2014 MVP),8,2,1,0.22379086696139322,2.193816378660317,Other,foul,Contact / Foul
2014,Pre-Statcast (2014 MVP),8,2,1,0.05187046602701728,2.063532647509745,Other,foul_tip,Contact / Foul
2014,Pre-Statcast (2014 MVP),3,3,3,0.3482804805015609,3.4030835537977993,Other,foul,Contact / Foul
2014,Pre-Statcast (2014 MVP),6,3,2,0.6557642762040755,2.9519867513973135,Other,foul,Contact / Foul
2014,Pre-Statcast (2014 MVP),5,2,2,-0.1740517839070188,2.9110261348539206,Other,foul,Contact / Foul
2014,Pre-Statcast (2014 MVP),5,2,2,0.16566088810110546,2.6534008658123613,Other,hit_into_play,Contact / Foul
2014,Pre-Statcast (2014 MVP),9,3,1,0.45623820553497585,1.7721554455504487,Other,swinging_strike,Whiff (Miss)
2014,Pre-Statcast (2014 MVP),7,1,1,-0.27868757987509835,2.1045915407670064,Other,hit_into_play,Contact / Foul
2014,Pre-Statcast (2014 MVP),7,1,1,-0.6660886776970791,1.9762918181044855,Other,foul,Contact / Foul
2014,Pre-Statcast (2014 MVP),5,2,2,0.11099212148364601,2.650702008118531,Other,foul,Contact / Foul
2014,Pre-Statcast (2014 MVP),9,3,1,0.8095675009792911,1.9870059349214215,Other,swinging_strike,Whiff (Miss)
2014,Pre-Statcast (2014 MVP),5,2,2,-0.09066262000681713,2.470052489525953,Other,foul,Contact / Foul
2014,Pre-Statcast (2014 MVP),8,2,1,0.24241188361737054,2.140872906920831,Other,foul,Contact / Foul
2014,Pre-Statcast (2014 MVP),8,2,1,0.08742633934066013,1.9914963536738974,Other,hit_into_play,Contact / Foul
2014,Pre-Statcast (2014 MVP),5,2,2,-0.04832811276265958,2.29552798006116,Other,swinging_strike,Whiff (Miss)
2014,Pre-Statcast (2014 MVP),9,3,1,0.537283903472424,1.8174233085688867,Other,hit_into_play,Contact / Foul
2014,Pre-Statcast (2014 MVP),8,2,1,-0.26430795312557276,1.9085308206419636,Other,hit_into_play,Contact / Foul
2014,Pre-Statcast (2014 MVP),8,2,1,-0.12386782841260313,2.2091330709951955,Other,foul,Contact / Foul
2014,Pre-Statcast (2014 MVP),7,1,1,-0.3786602162691799,1.6159098487137913,Other,hit_into_play,Contact / Foul
2014,Pre-Statcast (2014 MVP),5,2,2,-0.1433741182354653,2.4733650962560976,Other,hit_into_play,Contact / Foul
2014,Pre-Statcast (2014 MVP),4,1,2,-0.5535743616178631,2.4832725859514837,Other,foul,Contact / Foul
2014,Pre-Statcast (2014 MVP),5,2,2,0.043739685370290826,2.6328215574315657,Other,swinging_strike,Whiff (Miss)
2014,Pre-Statcast (2014 MVP),8,2,1,0.12160830292001418,1.8190349174743328,Other,foul,Contact / Foul
2014,Pre-Statcast (2014 MVP),9,3,1,0.27858033797375054,2.1035312401949033,Other,hit_into_play,Contact / Foul
2014,Pre-Statcast (2014 MVP),5,2,2,-0.24119824155990133,2.700995452137572,Other,hit_into_play,Contact / Foul
2014,Pre-Statcast (2014 MVP),7,1,1,-0.41292899340381695,2.0511318248419643,Other,hit_into_play,Contact / Foul
2014,Pre-Statcast (2014 MVP),1,1,3,-0.33947394347784177,2.956179435369381,Other,foul,Contact / Foul
2014,Pre-Statcast (2014 MVP),9,3,1,0.32345418325775954,1.8692571209694555,Other,foul,Contact / Foul
2014,Pre-Statcast (2014 MVP),1,1,3,-0.46308337839695013,2.9796653024478217,Other,foul,Contact / Foul
2014,Pre-Statcast (2014 MVP),9,3,1,0.3246664048206225,1.7615152111615158,Other,hit_into_play,Contact / Foul
2014,Pre-Statcast (2014 MVP),5,2,2,-0.017548316188949253,2.735586345137924,Other,hit_into_play,Contact / Foul
2014,Pre-Statcast (2014 MVP),2,2,3,-0.21032594485327105,2.982270197264019,Other,foul,Contact / Foul
2014,Pre-Statcast (2014 MVP),2,2,3,0.19807390200940103,3.147134034503325,Other,foul,Contact / Foul
2014,Pre-Statcast (2014 MVP),4,1,2,-0.6947245986559802,2.567977010898713,Other,foul,Contact / Foul
2014,Pre-Statcast (2014 MVP),5,2,2,0.16327285530716326,2.2667142030592493,Other,foul,Contact / Foul
2014,Pre-Statcast (2014 MVP),5,2,2,-0.0019000510925587522,2.7714429179960285,Other,foul,Contact / Foul
2014,Pre-Statcast (2014 MVP),5,2,2,-0.17466315655618359,2.541366190253596,Other,hit_into_play,Contact / Foul
2014,Pre-Statcast (2014 MVP),9,3,1,0.5716930199613208,1.8574133040528416,Other,hit_into_play,Contact / Foul
2014,Pre-Statcast (2014 MVP),9,3,1,0.779707601733824,2.0244741986388686,Other,foul,Contact / Foul
2014,Pre-Statcast (2014 MVP),6,3,2,0.5684535947137388,2.416100288481018,Other,hit_into_play,Contact / Foul
2014,Pre-Statcast (2014 MVP),7,1,1,-0.4689329388953922,1.7632873950644157,Other,foul,Contact / Foul
2014,Pre-Statcast (2014 MVP),7,1,1,-0.772593853009554,1.7076608528236816,Other,foul,Contact / Foul
2014,Pre-Statcast (2014 MVP),8,2,1,0.08612447226967701,1.785996913564615,Other,hit_into_play,Contact / Foul
2014,Pre-Statcast (2014 MVP),1,1,3,-0.7315761258189426,3.1678728702769425,Other,swinging_strike,Whiff (Miss)
2014,Pre-Statcast (2014 MVP),6,3,2,0.3134331974663431,2.3619775219945445,Other,foul,Contact / Foul
2014,Pre-Statcast (2014 MVP),1,1,3,-0.582876610987846,3.2791507008239424,Other,swinging_strike,Whiff (Miss)
2014,Pre-Statcast (2014 MVP),5,2,2,0.07891487854013324,2.9207006528066177,Other,hit_into_play,Contact / Foul
2014,Pre-Statcast (2014 MVP),4,1,2,-0.8287049745984478,2.263382147788622,Other,foul,Contact / Foul
2014,Pre-Statcast (2014 MVP),4,1,2,-0.3061721949303411,2.5519959826636827,Other,foul,Contact / Foul
2014,Pre-Statcast (2014 MVP),6,3,2,0.803102953368761,2.4061885080559318,Other,swinging_strike,Whiff (Miss)
2014,Pre-Statcast (2014 MVP),4,1,2,-0.3602163965227998,2.295972954163762,Other,hit_into_play,Contact / Foul
2014,Pre-Statcast (2014 MVP),6,3,2,0.7053795503917699,2.7022803405254923,Other,foul,Contact / Foul
2014,Pre-Statcast (2014 MVP),1,1,3,-0.638076350903465,3.0123787899818213,Other,swinging_strike,Whiff (Miss)
2014,Pre-Statcast (2014 MVP),8,2,1,0.20170422785979014,1.7627013844009158,Other,hit_into_play,Contact / Foul
2014,Pre-Statcast (2014 MVP),3,3,3,0.34747818189027124,3.466809065602694,Other,swinging_strike,Whiff (Miss)
2014,Pre-Statcast (2014 MVP),8,2,1,-0.014955875334818822,2.082223453471926,Other,hit_into_play,Contact / Foul
2014,Pre-Statcast (2014 MVP),2,2,3,0.023767321379740025,3.0536282352134703,Other,foul,Contact / Foul
2014,Pre-Statcast (2014 MVP),7,1,1,-0.8049479468588849,2.1149787708760113,Other,hit_into_play,Contact / Foul
2014,Pre-Statcast (2014 MVP),8,2,1,-0.15151722286609792,2.0597725386217847,Other,hit_into_play,Contact / Foul
2014,Pre-Statcast (2014 MVP),4,1,2,-0.7266055732775316,2.7556016254884734,Other,foul,Contact / Foul
2014,Pre-Statcast (2014 MVP),5,2,2,0.02911787212286332,2.543625104327659,Other,hit_into_play,Contact / Foul
2014,Pre-Statcast (2014 MVP),6,3,2,0.5209784860478888,2.8221839948916374,Other,foul,Contact / Foul
2014,Pre-Statcast (2014 MVP),3,3,3,0.41361964072837765,3.4276174236141523,Other,foul,Contact / Foul
2014,Pre-Statcast (2014 MVP),7,1,1,-0.795763319617435,2.0502694034221496,Other,foul,Contact / Foul
2014,Pre-Statcast (2014 MVP),9,3,1,0.6244124340091624,1.6217406136279193,Other,hit_into_play,Contact / Foul
2014,Pre-Statcast (2014 MVP),1,1,3,-0.4938184472077102,3.3679115549796816,Other,swinging_strike,Whiff (Miss)
2014,Pre-Statcast (2014 MVP),5,2,2,-0.11266456824395299,2.648824908061245,Other,hit_into_play,Contact / Foul
2014,Pre-Statcast (2014 MVP),9,3,1,0.6909395454026637,2.101273896562647,Other,hit_into_play,Contact / Foul
2014,Pre-Statcast (2014 MVP),9,3,1,0.6277438575688767,2.0501446100668845,Other,foul,Contact / Foul
2014,Pre-Statcast (2014 MVP),6,3,2,0.799690474324714,2.2825240664889943,Other,hit_into_play,Contact / Foul
2014,Pre-Statcast (2014 MVP),5,2,2,0.22899191839333133,2.5124685082180047,Other,hit_into_play,Contact / Foul
2014,Pre-Statcast (2014 MVP),6,3,2,0.6027924779905298,2.836569764073292,Other,hit_into_play,Contact / Foul
2014,Pre-Statcast (2014 MVP),3,3,3,0.3925785346968051,3.144245853291263,Other,swinging_strike,Whiff (Miss)
2014,Pre-Statcast (2014 MVP),5,2,2,0.11806840986249556,2.6763786117651542,Other,foul,Contact / Foul
2014,Pre-Statcast (2014 MVP),7,1,1,-0.30936127296192695,2.1731069403873873,Other,swinging_strike,Whiff (Miss)
2014,Pre-Statcast (2014 MVP),5,2,2,0.05077206510195864,2.574612336372378,Other,foul,Contact / Foul
2014,Pre-Statcast (2014 MVP),2,2,3,-0.06254893861960933,3.052795557410053,Other,swinging_strike,Whiff (Miss)
2014,Pre-Statcast (2014 MVP),1,1,3,-0.6991758784574954,3.0059096863302845,Other,foul,Contact / Foul
2014,Pre-Statcast (2014 MVP),9,3,1,0.41464838481828936,1.5703935348404956,Other,foul,Contact / Foul
2014,Pre-Statcast (2014 MVP),1,1,3,-0.535569483231355,3.152981274761819,Other,foul,Contact / Foul
2014,Pre-Statcast (2014 MVP),6,3,2,0.7500710808214583,2.930733484016825,Other,swinging_strike,Whiff (Miss)
2014,Pre-Statcast (2014 MVP),2,2,3,0.22008681867445068,3.4429344079445703,Other,foul,Contact / Foul
2014,Pre-Statcast (2014 MVP),6,3,2,0.39132687962502577,2.3257919845630584,Other,hit_into_play,Contact / Foul
2014,Pre-Statcast (2014 MVP),7,1,1,-0.5850207273387775,1.6344394934385291,Other,foul,Contact / Foul
2014,Pre-Statcast (2014 MVP),7,1,1,-0.7376850291739476,1.9387909070155578,Other,hit_into_play,Contact / Foul
2014,Pre-Statcast (2014 MVP),4,1,2,-0.5548686547033779,2.456890744735655,Other,hit_into_play,Contact / Foul
2014,Pre-Statcast (2014 MVP),1,1,3,-0.7132201248421493,3.437236095360015,Other,foul_tip,Contact / Foul
2014,Pre-Statcast (2014 MVP),6,3,2,0.4010909890359464,2.35149319531557,Other,foul,Contact / Foul
2014,Pre-Statcast (2014 MVP),4,1,2,-0.5962106423706387,2.878763616568728,Other,foul,Contact / Foul
2014,Pre-Statcast (2014 MVP),5,2,2,-0.22468042186605142,2.5706189331632108,Other,foul,Contact / Foul
2014,Pre-Statcast (2014 MVP),9,3,1,0.3845266703478011,2.1578472585442325,Other,swinging_strike,Whiff (Miss)
2014,Pre-Statcast (2014 MVP),7,1,1,-0.3481867483178054,1.8863672939318068,Other,foul,Contact / Foul
2014,Pre-Statcast (2014 MVP),1,1,3,-0.6664296477168561,3.2462789475019234,Other,foul_tip,Contact / Foul
2014,Pre-Statcast (2014 MVP),5,2,2,0.10109950293807524,2.6248466146085296,Other,hit_into_play,Contact / Foul
2014,Pre-Statcast (2014 MVP),1,1,3,-0.5967978664087696,3.1191170458714117,Other,foul_tip,Contact / Foul
2014,Pre-Statcast (2014 MVP),3,3,3,0.29294859661792894,3.0105038664190644,Other,hit_into_play,Contact / Foul
2014,Pre-Statcast (2014 MVP),5,2,2,-0.23849022039594364,2.83900168356541,Other,hit_into_play,Contact / Foul
2014,Pre-Statcast (2014 MVP),7,1,1,-0.6331275568025441,1.6184022637211504,Other,hit_into_play,Contact / Foul
2014,Pre-Statcast (2014 MVP),1,1,3,-0.8019671391822134,3.1681296744267313,Other,swinging_strike,Whiff (Miss)
2014,Pre-Statcast (2014 MVP),8,2,1,0.1386133028444676,1.7927161002135277,Other,hit_into_play,Contact / Foul
2014,Pre-Statcast (2014 MVP),4,1,2,-0.28653061522987944,2.2812844213049015,Other,foul,Contact / Foul
2014,Pre-Statcast (2014 MVP),4,1,2,-0.7434753322542544,2.620905394426721,Other,foul,Contact / Foul
2014,Pre-Statcast (2014 MVP),5,2,2,-0.03890779267699995,2.3712315470361327,Other,foul,Contact / Foul
2014,Pre-Statcast (2014 MVP),6,3,2,0.5498667807452223,2.3458831062683325,Other,hit_into_play,Contact / Foul
2014,Pre-Statcast (2014 MVP),1,1,3,-0.6886428152896431,2.9984177293809386,Other,hit_into_play,Contact / Foul
2014,Pre-Statcast (2014 MVP),7,1,1,-0.27773618874164985,2.041265804673017,Other,foul,Contact / Foul
2014,Pre-Statcast (2014 MVP),9,3,1,0.5599392044831377,2.050468054065963,Other,hit_into_play,Contact / Foul
2014,Pre-Statcast (2014 MVP),9,3,1,0.5620722490718145,1.9544653311431603,Other,foul,Contact / Foul
2014,Pre-Statcast (2014 MVP),7,1,1,-0.3350946871284879,1.8599048520185073,Other,foul,Contact / Foul
2014,Pre-Statcast (2014 MVP),6,3,2,0.5036563167066304,2.3620706802668283,Other,swinging_strike,Whiff (Miss)
2014,Pre-Statcast (2014 MVP),5,2,2,0.22038663863426217,2.362377483262035,Other,foul,Contact / Foul
2014,Pre-Statcast (2014 MVP),7,1,1,-0.708596768434865,2.007234963034834,Other,hit_into_play,Contact / Foul
2014,Pre-Statcast (2014 MVP),7,1,1,-0.37403495669568426,2.046386639942076,Other,foul,Contact / Foul
2014,Pre-Statcast (2014 MVP),5,2,2,0.11572137584752296,2.267850195470392,Other,foul,Contact / Foul
2014,Pre-Statcast (2014 MVP),4,1,2,-0.36932645968944144,2.6135160956860886,Other,foul,Contact / Foul
2014,Pre-Statcast (2014 MVP),4,1,2,-0.4717191203422248,2.652165284788161,Other,foul,Contact / Foul
2014,Pre-Statcast (2014 MVP),5,2,2,-0.02039256452486493,2.4531101324616005,Other,foul,Contact / Foul
2014,Pre-Statcast (2014 MVP),1,1,3,-0.3222380324290969,3.4036045628005716,Other,foul,Contact / Foul
2014,Pre-Statcast (2014 MVP),2,2,3,-0.2685967184922369,3.0579673670227203,Other,swinging_strike,Whiff (Miss)
2014,Pre-Statcast (2014 MVP),2,2,3,-0.264877006547976,3.1635245010679003,Other,foul,Contact / Foul
2014,Pre-Statcast (2014 MVP),6,3,2,0.4864299124992837,2.954181597448142,Other,swinging_strike,Whiff (Miss)
2014,Pre-Statcast (2014 MVP),3,3,3,0.4234508518660349,3.597646884080717,Other,swinging_strike,Whiff (Miss)
2014,Pre-Statcast (2014 MVP),1,1,3,-0.410154096452518,3.2306120374448692,Other,foul,Contact / Foul
2014,Pre-Statcast (2014 MVP),5,2,2,-0.25920864184139336,2.7180189235613064,Other,foul,Contact / Foul
2014,Pre-Statcast (2014 MVP),4,1,2,-0.7684619014399021,2.457163956917636,Other,hit_into_play,Contact / Foul
2014,Pre-Statcast (2014 MVP),1,1,3,-0.2858658570789912,3.1560029390270574,Other,swinging_strike,Whiff (Miss)
2014,Pre-Statcast (2014 MVP),9,3,1,0.8205016278795202,1.6947178577713498,Other,hit_into_play,Contact / Foul
2014,Pre-Statcast (2014 MVP),1,1,3,-0.624101242014127,3.308468446723799,Other,foul,Contact / Foul
2014,Pre-Statcast (2014 MVP),5,2,2,-0.08777963711203896,2.6335941821859463,Other,foul,Contact / Foul
2014,Pre-Statcast (2014 MVP),4,1,2,-0.4486506563125541,2.8250341377645496,Other,foul,Contact / Foul
2014,Pre-Statcast (2014 MVP),5,2,2,0.01203817030108112,2.8384494062210415,Other,foul,Contact / Foul
2014,Pre-Statcast (2014 MVP),7,1,1,-0.3308693874614408,1.8837158959087659,Other,foul,Contact / Foul
2014,Pre-Statcast (2014 MVP),2,2,3,0.13104714427766662,3.0860952383598437,Other,foul,Contact / Foul
2014,Pre-Statcast (2014 MVP),3,3,3,0.5794550452304376,3.0169530891351255,Other,foul,Contact / Foul
2014,Pre-Statcast (2014 MVP),2,2,3,-0.22318617125886087,3.09727190141725,Other,foul,Contact / Foul
2014,Pre-Statcast (2014 MVP),5,2,2,-0.19435966580315145,2.3771468929459045,Other,swinging_strike,Whiff (Miss)
2014,Pre-Statcast (2014 MVP),1,1,3,-0.4212306471943216,3.0495090660571673,Other,foul,Contact / Foul
2014,Pre-Statcast (2014 MVP),6,3,2,0.3614424798919389,2.4515031460004773,Other,hit_into_play,Contact / Foul
2014,Pre-Statcast (2014 MVP),5,2,2,-0.2516245586993773,2.4095165883499723,Other,foul,Contact / Foul
2014,Pre-Statcast (2014 MVP),4,1,2,-0.4103410620811838,2.653414358957117,Other,foul,Contact / Foul
2014,Pre-Statcast (2014 MVP),9,3,1,0.7679719725227127,2.0304782770941783,Other,hit_into_play,Contact / Foul
2014,Pre-Statcast (2014 MVP),6,3,2,0.4182899460569266,2.3167223641204298,Other,foul,Contact / Foul
2014,Pre-Statcast (2014 MVP),8,2,1,0.16315337871504532,1.7184490108233816,Other,foul,Contact / Foul
2014,Pre-Statcast (2014 MVP),9,3,1,0.6157551528973997,2.191333628835602,Other,hit_into_play,Contact / Foul
2014,Pre-Statcast (2014 MVP),8,2,1,-0.12280707427994275,2.056998469865597,Other,foul,Contact / Foul
2014,Pre-Statcast (2014 MVP),3,3,3,0.6891066046420964,3.2403225224034125,Other,foul,Contact / Foul
2014,Pre-Statcast (2014 MVP),5,2,2,0.11309651757733752,2.6087169900459037,Other,foul,Contact / Foul
2014,Pre-Statcast (2014 MVP),8,2,1,-0.22295928855376013,1.688764342770663,Other,hit_into_play,Contact / Foul
2014,Pre-Statcast (2014 MVP),7,1,1,-0.35475628572659157,1.5961147700250855,Other,foul,Contact / Foul
2014,Pre-Statcast (2014 MVP),9,3,1,0.6185737747785462,1.7930165456930287,Other,hit_into_play,Contact / Foul
2014,Pre-Statcast (2014 MVP),8,2,1,0.0018029759187541128,2.1131060447708965,Other,foul,Contact / Foul
2014,Pre-Statcast (2014 MVP),4,1,2,-0.29960149714086304,2.515690973641596,Other,foul,Contact / Foul
2014,Pre-Statcast (2014 MVP),6,3,2,0.4637924348223261,2.599412938511877,Other,foul,Contact / Foul
2014,Pre-Statcast (2014 MVP),5,2,2,-0.017823354687457008,2.5316474183568123,Other,swinging_strike,Whiff (Miss)
2014,Pre-Statcast (2014 MVP),8,2,1,-0.07702559673894477,1.933339363581235,Other,foul,Contact / Foul
2014,Pre-Statcast (2014 MVP),6,3,2,0.46967065198530733,2.3396372582610847,Other,hit_into_play,Contact / Foul
2014,Pre-Statcast (2014 MVP),6,3,2,0.797168624949489,2.4088613532944794,Other,hit_into_play,Contact / Foul
2014,Pre-Statcast (2014 MVP),2,2,3,0.2448789623516121,3.1070139751089254,Other,foul,Contact / Foul
2014,Pre-Statcast (2014 MVP),8,2,1,0.16957520169848805,2.059246002150288,Other,swinging_strike,Whiff (Miss)
2014,Pre-Statcast (2014 MVP),5,2,2,-0.11517062930104827,2.501374166521382,Other,foul,Contact / Foul
2014,Pre-Statcast (2014 MVP),7,1,1,-0.6961510087816989,2.259444800286733,Other,foul,Contact / Foul
2014,Pre-Statcast (2014 MVP),8,2,1,-0.20190414460192685,2.1884768187913406,Other,hit_into_play,Contact / Foul
2014,Pre-Statcast (2014 MVP),2,2,3,-0.16810879310363816,3.1456934755048014,Other,swinging_strike,Whiff (Miss)
2014,Pre-Statcast (2014 MVP),8,2,1,-0.24257754776684892,2.1075931380457256,Other,foul,Contact / Foul
2014,Pre-Statcast (2014 MVP),7,1,1,-0.35088540801265433,1.596958772458526,Other,foul,Contact / Foul
2014,Pre-Statcast (2014 MVP),1,1,3,-0.5343200401956274,3.0986440120612047,Other,swinging_strike,Whiff (Miss)
2014,Pre-Statcast (2014 MVP),5,2,2,0.08309064209594752,2.4783054854740945,Other,foul,Contact / Foul
2014,Pre-Statcast (2014 MVP),4,1,2,-0.3838748631087783,2.6581291155311293,Other,foul,Contact / Foul
2014,Pre-Statcast (2014 MVP),5,2,2,0.1954549823896931,2.641281772427612,Other,hit_into_play,Contact / Foul
2014,Pre-Statcast (2014 MVP),8,2,1,-0.11324571240807768,1.6320457705510734,Other,hit_into_play,Contact / Foul
2014,Pre-Statcast (2014 MVP),7,1,1,-0.3878627662995491,1.8179680807922765,Other,foul,Contact / Foul
2014,Pre-Statcast (2014 MVP),5,2,2,-0.013793690347696952,2.7288446547159815,Other,foul,Contact / Foul
2014,Pre-Statcast (2014 MVP),8,2,1,0.05125662633402128,1.819085453808289,Other,hit_into_play,Contact / Foul
2014,Pre-Statcast (2014 MVP),7,1,1,-0.7086673101750582,1.696510850603739,Other,foul,Contact / Foul
2014,Pre-Statcast (2014 MVP),1,1,3,-0.7275445853961575,3.3691847531834096,Other,swinging_strike,Whiff (Miss)
2014,Pre-Statcast (2014 MVP),4,1,2,-0.4255571793151587,2.497834339307289,Other,foul,Contact / Foul
2014,Pre-Statcast (2014 MVP),7,1,1,-0.5467724008806805,1.9054359478446392,Other,hit_into_play,Contact / Foul
2014,Pre-Statcast (2014 MVP),5,2,2,0.2652606586251228,2.6133379598604964,Other,foul,Contact / Foul
2014,Pre-Statcast (2014 MVP),8,2,1,-0.10944167317824838,1.7759525451779585,Other,hit_into_play,Contact / Foul
2014,Pre-Statcast (2014 MVP),4,1,2,-0.3775980467246536,2.5321687965909248,Other,foul,Contact / Foul
2014,Pre-Statcast (2014 MVP),7,1,1,-0.7069897739391178,1.970597475907043,Other,hit_into_play,Contact / Foul
2014,Pre-Statcast (2014 MVP),9,3,1,0.6627916242412863,2.1525804444319188,Other,hit_into_play,Contact / Foul
2014,Pre-Statcast (2014 MVP),8,2,1,-0.07933316941678581,2.131829002116235,Other,foul,Contact / Foul
2014,Pre-Statcast (2014 MVP),2,2,3,0.07336568668564092,3.4249337251280796,Other,swinging_strike,Whiff (Miss)
2014,Pre-Statcast (2014 MVP),2,2,3,-0.23130751708086128,3.4359054791824963,Other,foul,Contact / Foul
2014,Pre-Statcast (2014 MVP),1,1,3,-0.5739441490034985,3.6531921676751438,Other,swinging_strike,Whiff (Miss)
2014,Pre-Statcast (2014 MVP),5,2,2,0.19296960578369904,2.591982806732444,Other,foul,Contact / Foul
2014,Pre-Statcast (2014 MVP),9,3,1,0.39942231574838866,2.0318399898401145,Other,hit_into_play,Contact / Foul
2014,Pre-Statcast (2014 MVP),5,2,2,0.04919382088943791,2.26689914126671,Other,foul,Contact / Foul
2014,Pre-Statcast (2014 MVP),2,2,3,0.19228912499223028,3.537536910266426,Other,swinging_strike,Whiff (Miss)
2014,Pre-Statcast (2014 MVP),2,2,3,-0.03157257040115391,3.232544381732743,Other,foul,Contact / Foul
2014,Pre-Statcast (2014 MVP),3,3,3,0.7122640791942392,3.01870856811084,Other,foul,Contact / Foul
2014,Pre-Statcast (2014 MVP),4,1,2,-0.5722041316730331,2.792079495222955,Other,foul,Contact / Foul
2014,Pre-Statcast (2014 MVP),6,3,2,0.416118316192313,2.605854040915182,Other,foul,Contact / Foul
2014,Pre-Statcast (2014 MVP),3,3,3,0.5371407954831611,3.1226817182277844,Other,swinging_strike,Whiff (Miss)
2014,Pre-Statcast (2014 MVP),2,2,3,0.09635045904353556,3.088780462937997,Other,swinging_strike,Whiff (Miss)
2014,Pre-Statcast (2014 MVP),7,1,1,-0.5839954375734181,2.215009304812333,Other,foul,Contact / Foul
2014,Pre-Statcast (2014 MVP),9,3,1,0.4787968738391124,1.9676494837199452,Other,hit_into_play,Contact / Foul
2014,Pre-Statcast (2014 MVP),4,1,2,-0.5466693330570727,2.6778990876200934,Other,swinging_strike,Whiff (Miss)
2014,Pre-Statcast (2014 MVP),4,1,2,-0.3735105839882986,2.4158637995281316,Other,foul,Contact / Foul
2014,Pre-Statcast (2014 MVP),6,3,2,0.3206287340564018,2.3621129933838363,Other,hit_into_play,Contact / Foul
2014,Pre-Statcast (2014 MVP),1,1,3,-0.48488475845689627,3.305827078374101,Other,swinging_strike,Whiff (Miss)
2014,Pre-Statcast (2014 MVP),1,1,3,-0.6843149594429176,3.3113102723838845,Other,swinging_strike,Whiff (Miss)
2014,Pre-Statcast (2014 MVP),9,3,1,0.4647181980916304,1.9312651599528068,Other,hit_into_play,Contact / Foul
2014,Pre-Statcast (2014 MVP),8,2,1,-0.2126319995923549,2.177676131846902,Other,hit_into_play,Contact / Foul
2014,Pre-Statcast (2014 MVP),7,1,1,-0.37133450445997707,1.9254036675864379,Other,foul,Contact / Foul
2014,Pre-Statcast (2014 MVP),9,3,1,0.4054161254928994,2.1092417747649383,Other,swinging_strike,Whiff (Miss)
2014,Pre-Statcast (2014 MVP),5,2,2,-0.1536050671264051,2.7455593277518977,Other,swinging_strike,Whiff (Miss)
2014,Pre-Statcast (2014 MVP),8,2,1,0.15192245957558637,1.996767469458312,Other,hit_into_play,Contact / Foul
2014,Pre-Statcast (2014 MVP),5,2,2,-0.0009198128497536207,2.321674445219371,Other,swinging_strike,Whiff (Miss)
2014,Pre-Statcast (2014 MVP),4,1,2,-0.46640550468702235,2.7897916445891027,Other,swinging_strike,Whiff (Miss)
2014,Pre-Statcast (2014 MVP),9,3,1,0.3921625372319335,2.185224074863867,Other,foul,Contact / Foul
2014,Pre-Statcast (2014 MVP),8,2,1,0.19512999481378734,1.7353867968315795,Other,hit_into_play,Contact / Foul
2014,Pre-Statcast (2014 MVP),5,2,2,-0.16166234467211882,2.296204739641195,Other,foul,Contact / Foul
2014,Pre-Statcast (2014 MVP),7,1,1,-0.3433743134009851,1.7639531524642016,Other,foul,Contact / Foul
2014,Pre-Statcast (2014 MVP),8,2,1,0.20213944681449192,1.5821567064141304,Other,hit_into_play,Contact / Foul
2014,Pre-Statcast (2014 MVP),5,2,2,0.26674197901815844,2.3911257591709463,Other,hit_into_play,Contact / Foul
2014,Pre-Statcast (2014 MVP),8,2,1,-0.1277321625011072,2.1615461887736407,Other,hit_into_play,Contact / Foul
2014,Pre-Statcast (2014 MVP),8,2,1,-0.029697938861907636,1.9765505420787248,Other,hit_into_play,Contact / Foul
2014,Pre-Statcast (2014 MVP),8,2,1,-0.18052218448229307,1.7922720544195232,Other,hit_into_play,Contact / Foul
2014,Pre-Statcast (2014 MVP),4,1,2,-0.6383969024344842,2.8156937732240017,Other,hit_into_play,Contact / Foul
2014,Pre-Statcast (2014 MVP),5,2,2,0.047728916869220206,2.5300974496102064,Other,foul,Contact / Foul
2014,Pre-Statcast (2014 MVP),6,3,2,0.6598689767356916,2.4339979500931923,Other,hit_into_play,Contact / Foul
2014,Pre-Statcast (2014 MVP),4,1,2,-0.40441880703756855,2.2659733382148977,Other,hit_into_play,Contact / Foul
2014,Pre-Statcast (2014 MVP),4,1,2,-0.6459823415317112,2.905890685318506,Other,foul,Contact / Foul
2014,Pre-Statcast (2014 MVP),8,2,1,0.16145302016434185,1.7143029901470752,Other,hit_into_play,Contact / Foul
2014,Pre-Statcast (2014 MVP),8,2,1,-0.137905694775578,2.1953849541998296,Other,hit_into_play,Contact / Foul
2014,Pre-Statcast (2014 MVP),9,3,1,0.5307126707090473,2.006864280717229,Other,hit_into_play,Contact / Foul
2014,Pre-Statcast (2014 MVP),4,1,2,-0.5571334972609763,2.711385646235853,Other,foul,Contact / Foul
2014,Pre-Statcast (2014 MVP),5,2,2,-0.1965093299829037,2.8029190390576826,Other,foul,Contact / Foul
2014,Pre-Statcast (2014 MVP),1,1,3,-0.5345390142672651,3.01289338156817,Other,swinging_strike,Whiff (Miss)
2014,Pre-Statcast (2014 MVP),8,2,1,0.058084949525597826,1.7139946312473373,Other,foul,Contact / Foul
2014,Pre-Statcast (2014 MVP),5,2,2,0.10760072116375219,2.523989056539341,Other,foul,Contact / Foul
2014,Pre-Statcast (2014 MVP),7,1,1,-0.6548732542709585,1.7027253331186696,Other,hit_into_play,Contact / Foul
2014,Pre-Statcast (2014 MVP),7,1,1,-0.5820590988584871,1.8726522081951438,Other,hit_into_play,Contact / Foul
2014,Pre-Statcast (2014 MVP),4,1,2,-0.6431958946969927,2.8489481591303516,Other,foul,Contact / Foul
2014,Pre-Statcast (2014 MVP),8,2,1,0.2257596344643309,1.8883948686893515,Other,foul,Contact / Foul
2014,Pre-Statcast (2014 MVP),9,3,1,0.5836104917569156,1.9013396803381064,Other,hit_into_play,Contact / Foul
2014,Pre-Statcast (2014 MVP),7,1,1,-0.6158240304074913,1.5908321044680735,Other,hit_into_play,Contact / Foul
2014,Pre-Statcast (2014 MVP),7,1,1,-0.5909241282623371,2.0790637012176587,Other,swinging_strike,Whiff (Miss)
2014,Pre-Statcast (2014 MVP),5,2,2,0.192918543770232,2.7019278054031552,Other,hit_into_play,Contact / Foul
2014,Pre-Statcast (2014 MVP),5,2,2,0.010912433840357116,2.3093272161171794,Other,swinging_strike,Whiff (Miss)
2014,Pre-Statcast (2014 MVP),7,1,1,-0.7303949119969924,1.959279081278079,Other,foul,Contact / Foul
2014,Pre-Statcast (2014 MVP),8,2,1,-0.17525968344536902,1.88821860615067,Other,foul,Contact / Foul
2014,Pre-Statcast (2014 MVP),8,2,1,0.2755806723546495,1.9359346571081766,Other,foul,Contact / Foul
2014,Pre-Statcast (2014 MVP),2,2,3,0.22482245694238367,3.529389254399236,Other,swinging_strike,Whiff (Miss)
2014,Pre-Statcast (2014 MVP),4,1,2,-0.4010826139952788,2.74317056042834,Other,foul,Contact / Foul
2014,Pre-Statcast (2014 MVP),8,2,1,0.0923030463680847,2.0753931238471273,Other,foul,Contact / Foul
2014,Pre-Statcast (2014 MVP),5,2,2,0.18268899451568266,2.809200790951749,Other,swinging_strike,Whiff (Miss)
2014,Pre-Statcast (2014 MVP),8,2,1,0.2340816792320347,2.027866282478802,Other,hit_into_play,Contact / Foul
2014,Pre-Statcast (2014 MVP),6,3,2,0.5255719391491362,2.8556362589404496,Other,foul,Contact / Foul
2014,Pre-Statcast (2014 MVP),9,3,1,0.8199895595502854,1.7492230843982512,Other,foul,Contact / Foul
2014,Pre-Statcast (2014 MVP),8,2,1,0.1632883121317168,1.529369161388689,Other,swinging_strike,Whiff (Miss)
2014,Pre-Statcast (2014 MVP),8,2,1,0.21764198789006373,2.15723547953052,Other,hit_into_play,Contact / Foul
2014,Pre-Statcast (2014 MVP),2,2,3,0.24074388902372168,3.30642389934937,Other,foul,Contact / Foul
2014,Pre-Statcast (2014 MVP),8,2,1,0.10138810308368762,1.5981173489206402,Other,foul,Contact / Foul
2014,Pre-Statcast (2014 MVP),6,3,2,0.5745281614636364,2.8185742750323843,Other,hit_into_play,Contact / Foul
2014,Pre-Statcast (2014 MVP),7,1,1,-0.2900844192846792,1.6238386321915617,Other,hit_into_play,Contact / Foul
2014,Pre-Statcast (2014 MVP),6,3,2,0.4972119848811481,2.519715554731967,Other,hit_into_play,Contact / Foul
2014,Pre-Statcast (2014 MVP),4,1,2,-0.5718615442881837,2.3255184983212294,Other,hit_into_play,Contact / Foul
2014,Pre-Statcast (2014 MVP),4,1,2,-0.4395270591985866,2.4359320125471586,Other,foul,Contact / Foul
2014,Pre-Statcast (2014 MVP),7,1,1,-0.5393927875558673,1.8118949609446762,Other,hit_into_play,Contact / Foul
2014,Pre-Statcast (2014 MVP),2,2,3,-0.22278321261018774,3.026314294573841,Other,foul,Contact / Foul
2014,Pre-Statcast (2014 MVP),9,3,1,0.3889888096637787,2.0125917123132266,Other,foul,Contact / Foul
2014,Pre-Statcast (2014 MVP),5,2,2,-0.22405300734987355,2.8320362223674267,Other,foul,Contact / Foul
2014,Pre-Statcast (2014 MVP),5,2,2,-0.00199799504704401,2.2566073867550536,Other,hit_into_play,Contact / Foul
2014,Pre-Statcast (2014 MVP),3,3,3,0.43742869899379566,3.155417166128656,Other,foul,Contact / Foul
2014,Pre-Statcast (2014 MVP),2,2,3,-0.1484488630265094,3.2127066371217126,Other,foul,Contact / Foul
2014,Pre-Statcast (2014 MVP),8,2,1,-0.22736898807146777,1.7064861503758586,Other,hit_into_play,Contact / Foul
2014,Pre-Statcast (2014 MVP),7,1,1,-0.4899558388470251,1.4823875213017998,Other,hit_into_play,Contact / Foul
2014,Pre-Statcast (2014 MVP),6,3,2,0.5272782785595911,2.3590556559107596,Other,foul,Contact / Foul
2014,Pre-Statcast (2014 MVP),2,2,3,0.10955957749672673,3.205376789005289,Other,foul,Contact / Foul
2014,Pre-Statcast (2014 MVP),5,2,2,-0.00034616923748190254,2.277033534830141,Other,hit_into_play,Contact / Foul
2014,Pre-Statcast (2014 MVP),7,1,1,-0.4776086139475251,1.6682310121900654,Other,hit_into_play,Contact / Foul
2014,Pre-Statcast (2014 MVP),8,2,1,-0.05398386531514143,1.8121679959261459,Other,hit_into_play,Contact / Foul
2014,Pre-Statcast (2014 MVP),8,2,1,-0.195676574502317,1.4917250958205166,Other,foul_tip,Contact / Foul
2019,Post-Statcast (2019 MVP),5,2,2,-0.0759629717854402,2.736027110815786,Other,hit_into_play,Contact / Foul
2019,Post-Statcast (2019 MVP),4,1,2,-0.7687219009298295,2.511179500283502,Other,hit_into_play,Contact / Foul
2019,Post-Statcast (2019 MVP),7,1,1,-0.6082894005353721,1.9744647861953866,Other,hit_into_play,Contact / Foul
2019,Post-Statcast (2019 MVP),6,3,2,0.580632134463368,2.4802424618551226,Other,hit_into_play,Contact / Foul
2019,Post-Statcast (2019 MVP),5,2,2,0.12742683609635058,2.5550580106439256,Other,hit_into_play,Contact / Foul
2019,Post-Statcast (2019 MVP),6,3,2,0.3369243642177777,2.6498405433564995,Other,foul,Contact / Foul
2019,Post-Statcast (2019 MVP),6,3,2,0.6128232012406685,2.271706092228931,Other,foul,Contact / Foul
2019,Post-Statcast (2019 MVP),3,3,3,0.45935368755313055,3.0037831150955245,Other,hit_into_play,Contact / Foul
2019,Post-Statcast (2019 MVP),8,2,1,0.23694120355977805,1.9849366464221885,Other,hit_into_play,Contact / Foul
2019,Post-Statcast (2019 MVP),8,2,1,0.14196388859382764,1.681574668439738,Other,swinging_strike,Whiff (Miss)
2019,Post-Statcast (2019 MVP),2,2,3,0.17225625061947913,2.9141081208001633,Other,foul,Contact / Foul
2019,Post-Statcast (2019 MVP),8,2,1,-0.22760528401415203,1.757265975846198,Other,foul,Contact / Foul
2019,Post-Statcast (2019 MVP),6,3,2,0.7209529773954548,2.4431734675971724,Other,swinging_strike,Whiff (Miss)
2019,Post-Statcast (2019 MVP),6,3,2,0.3670571424331488,2.6268039216076513,Other,foul,Contact / Foul
2019,Post-Statcast (2019 MVP),6,3,2,0.5958085305849757,2.533673528712909,Other,hit_into_play,Contact / Foul
2019,Post-Statcast (2019 MVP),3,3,3,0.37380537058387797,3.0334709985529322,Other,foul,Contact / Foul
2019,Post-Statcast (2019 MVP),8,2,1,0.03577745824515943,1.6885650838480075,Other,foul,Contact / Foul
2019,Post-Statcast (2019 MVP),5,2,2,0.11552633303575444,2.5187160449968484,Other,hit_into_play,Contact / Foul
2019,Post-Statcast (2019 MVP),7,1,1,-0.684007313586905,1.8616467782451758,Other,hit_into_play,Contact / Foul
2019,Post-Statcast (2019 MVP),6,3,2,0.4784418655414051,2.6569915740162315,Other,swinging_strike,Whiff (Miss)
2019,Post-Statcast (2019 MVP),7,1,1,-0.3130270090737226,1.7198257119920282,Other,hit_into_play,Contact / Foul
2019,Post-Statcast (2019 MVP),4,1,2,-0.6283662246183432,2.4008455752612896,Other,foul,Contact / Foul
2019,Post-Statcast (2019 MVP),4,1,2,-0.7097035698269178,2.6742026215504398,Other,foul,Contact / Foul
2019,Post-Statcast (2019 MVP),7,1,1,-0.5938887038103997,1.6982720167801695,Other,foul,Contact / Foul
2019,Post-Statcast (2019 MVP),6,3,2,0.46112463570258433,2.30132116295232,Other,foul,Contact / Foul
2019,Post-Statcast (2019 MVP),3,3,3,0.7215176782680434,3.3008692320267534,Other,swinging_strike,Whiff (Miss)
2019,Post-Statcast (2019 MVP),5,2,2,-0.21490794716669592,2.5716854038285604,Other,foul,Contact / Foul
2019,Post-Statcast (2019 MVP),9,3,1,0.5124941915805159,1.5723544563126644,Other,hit_into_play,Contact / Foul
2019,Post-Statcast (2019 MVP),8,2,1,-0.2705519985771669,1.6815875247750087,Other,foul,Contact / Foul
2019,Post-Statcast (2019 MVP),3,3,3,0.5795919124735192,3.145066903054786,Other,foul,Contact / Foul
2019,Post-Statcast (2019 MVP),4,1,2,-0.6467336306414025,2.6206215870668066,Other,foul,Contact / Foul
2019,Post-Statcast (2019 MVP),5,2,2,0.14971279443010221,2.7424954735865956,Other,foul,Contact / Foul
2019,Post-Statcast (2019 MVP),2,2,3,-0.22232593877333218,2.935567114351234,Other,foul,Contact / Foul
2019,Post-Statcast (2019 MVP),2,2,3,-0.18738039384774424,3.3371352620481813,Other,foul,Contact / Foul
2019,Post-Statcast (2019 MVP),2,2,3,-0.11543367184429965,3.083724715182567,Other,foul,Contact / Foul
2019,Post-Statcast (2019 MVP),4,1,2,-0.552068422939231,2.2691238217706218,Other,hit_into_play,Contact / Foul
2019,Post-Statcast (2019 MVP),1,1,3,-0.7263825974885484,3.3406990472120346,Other,foul,Contact / Foul
2019,Post-Statcast (2019 MVP),5,2,2,-0.12973036040052233,2.6469258897531254,Other,hit_into_play,Contact / Foul
2019,Post-Statcast (2019 MVP),4,1,2,-0.28961552237433924,2.3627776619462852,Other,hit_into_play,Contact / Foul
2019,Post-Statcast (2019 MVP),6,3,2,0.2837702524776009,2.479923083893744,Other,hit_into_play,Contact / Foul
2019,Post-Statcast (2019 MVP),2,2,3,-0.13525905309694258,3.279586807844403,Other,swinging_strike,Whiff (Miss)
2019,Post-Statcast (2019 MVP),2,2,3,0.25680252651557667,2.941749745411641,Other,swinging_strike,Whiff (Miss)
2019,Post-Statcast (2019 MVP),6,3,2,0.3244931161682174,2.8899115063605736,Other,foul,Contact / Foul
2019,Post-Statcast (2019 MVP),2,2,3,0.1356132964236767,3.2948110571611977,Other,foul,Contact / Foul
2019,Post-Statcast (2019 MVP),7,1,1,-0.5540274524877761,2.087167492440593,Other,hit_into_play,Contact / Foul
2019,Post-Statcast (2019 MVP),6,3,2,0.27656776853557097,2.594200362144297,Other,hit_into_play,Contact / Foul
2019,Post-Statcast (2019 MVP),6,3,2,0.4289282544062074,2.2738706385919634,Other,hit_into_play,Contact / Foul
2019,Post-Statcast (2019 MVP),8,2,1,0.2280415191355909,2.156518371266493,Other,hit_into_play,Contact / Foul
2019,Post-Statcast (2019 MVP),5,2,2,0.13929473972550688,2.245450256508096,Other,hit_into_play,Contact / Foul
2019,Post-Statcast (2019 MVP),4,1,2,-0.41429330260428526,2.719145643539104,Other,hit_into_play,Contact / Foul
2019,Post-Statcast (2019 MVP),5,2,2,0.0201262167990085,2.257883451437542,Other,hit_into_play,Contact / Foul
2019,Post-Statcast (2019 MVP),5,2,2,-0.10248973847902909,2.5293413364664943,Other,hit_into_play,Contact / Foul
2019,Post-Statcast (2019 MVP),7,1,1,-0.39055751467113975,2.136156086177587,Other,hit_into_play,Contact / Foul
2019,Post-Statcast (2019 MVP),2,2,3,-0.047509099464052795,3.484356069484777,Other,foul,Contact / Foul
2019,Post-Statcast (2019 MVP),4,1,2,-0.43392212603064706,2.6623582056995856,Other,foul,Contact / Foul
2019,Post-Statcast (2019 MVP),4,1,2,-0.42036046212522665,2.43807210681358,Other,hit_into_play,Contact / Foul
2019,Post-Statcast (2019 MVP),5,2,2,0.05168498447310499,2.4155204856274377,Other,hit_into_play,Contact / Foul
2019,Post-Statcast (2019 MVP),1,1,3,-0.7538149725424818,3.207121660329274,Other,foul,Contact / Foul
2019,Post-Statcast (2019 MVP),7,1,1,-0.3375864604334228,1.998486709043882,Other,hit_into_play,Contact / Foul
2019,Post-Statcast (2019 MVP),4,1,2,-0.4346340765274647,2.3841226266814317,Other,hit_into_play,Contact / Foul
2019,Post-Statcast (2019 MVP),7,1,1,-0.5796449390633609,2.0593812358448487,Other,hit_into_play,Contact / Foul
2019,Post-Statcast (2019 MVP),5,2,2,0.2202335018333479,2.8620818616921464,Other,hit_into_play,Contact / Foul
2019,Post-Statcast (2019 MVP),4,1,2,-0.7050688114506559,2.2662896344692687,Other,foul,Contact / Foul
2019,Post-Statcast (2019 MVP),7,1,1,-0.5635690562870346,1.6721571148080012,Other,foul,Contact / Foul
2019,Post-Statcast (2019 MVP),4,1,2,-0.30390987863754304,2.6302624495326388,Other,hit_into_play,Contact / Foul
2019,Post-Statcast (2019 MVP),4,1,2,-0.49272874410952894,2.7566981682096667,Other,foul,Contact / Foul
2019,Post-Statcast (2019 MVP),4,1,2,-0.515580768351298,2.202354361493458,Other,foul,Contact / Foul
2019,Post-Statcast (2019 MVP),3,3,3,0.42715565238792164,3.252012987280013,Other,foul,Contact / Foul
2019,Post-Statcast (2019 MVP),6,3,2,0.6872268639311472,2.6688991953887595,Other,foul,Contact / Foul
2019,Post-Statcast (2019 MVP),4,1,2,-0.49412020059179074,2.597822852099638,Other,swinging_strike,Whiff (Miss)
2019,Post-Statcast (2019 MVP),5,2,2,-0.01831613656300246,2.5599911154290127,Other,foul,Contact / Foul
2019,Post-Statcast (2019 MVP),6,3,2,0.7352997137697747,2.4439649700317148,Other,swinging_strike,Whiff (Miss)
2019,Post-Statcast (2019 MVP),4,1,2,-0.529785659993618,2.681325554547529,Other,hit_into_play,Contact / Foul
2019,Post-Statcast (2019 MVP),3,3,3,0.42904543792237115,2.9340788356360914,Other,hit_into_play,Contact / Foul
2019,Post-Statcast (2019 MVP),6,3,2,0.31870868854271983,2.6311544779158886,Other,foul,Contact / Foul
2019,Post-Statcast (2019 MVP),2,2,3,-0.14799416148700242,3.134353764197398,Other,foul,Contact / Foul
2019,Post-Statcast (2019 MVP),7,1,1,-0.5914968697364116,2.0559022427307108,Other,hit_into_play,Contact / Foul
2019,Post-Statcast (2019 MVP),5,2,2,0.1745340072752819,2.5401090608349928,Other,swinging_strike,Whiff (Miss)
2019,Post-Statcast (2019 MVP),6,3,2,0.5171235002050829,2.759378194444336,Other,foul_tip,Contact / Foul
2019,Post-Statcast (2019 MVP),8,2,1,0.14822553083483161,2.071769198515598,Other,foul_tip,Contact / Foul
2019,Post-Statcast (2019 MVP),7,1,1,-0.3695767383310533,2.0694907698709315,Other,hit_into_play,Contact / Foul
2019,Post-Statcast (2019 MVP),6,3,2,0.7001219129830061,2.664395614969216,Other,swinging_strike,Whiff (Miss)
2019,Post-Statcast (2019 MVP),7,1,1,-0.6382522972477367,2.02205619403309,Other,foul,Contact / Foul
2019,Post-Statcast (2019 MVP),8,2,1,-0.2725612687709468,2.0382855076165964,Other,foul,Contact / Foul
2019,Post-Statcast (2019 MVP),3,3,3,0.688300503490663,3.092817430397644,Other,swinging_strike,Whiff (Miss)
2019,Post-Statcast (2019 MVP),4,1,2,-0.49902762324872635,2.8163068245539113,Other,foul,Contact / Foul
2019,Post-Statcast (2019 MVP),2,2,3,0.06439956344712966,3.0165131698244503,Other,foul,Contact / Foul
2019,Post-Statcast (2019 MVP),2,2,3,0.26516674194938306,2.836713612954978,Other,foul,Contact / Foul
2019,Post-Statcast (2019 MVP),7,1,1,-0.3802108074069539,1.9836458559256378,Other,foul,Contact / Foul
2019,Post-Statcast (2019 MVP),7,1,1,-0.7090082749587423,2.0685202135175547,Other,hit_into_play,Contact / Foul
2019,Post-Statcast (2019 MVP),4,1,2,-0.6440613985704742,2.3850062458020016,Other,hit_into_play,Contact / Foul
2019,Post-Statcast (2019 MVP),4,1,2,-0.7599176160587564,2.2835952656207485,Other,foul,Contact / Foul
2019,Post-Statcast (2019 MVP),5,2,2,0.09683611782382406,2.268524165878145,Other,hit_into_play,Contact / Foul
2019,Post-Statcast (2019 MVP),6,3,2,0.4208889077666018,2.6870836658361648,Other,swinging_strike,Whiff (Miss)
2019,Post-Statcast (2019 MVP),2,2,3,0.12328728747484918,3.424842063019165,Other,swinging_strike,Whiff (Miss)
2019,Post-Statcast (2019 MVP),2,2,3,0.09222174994599852,3.0727514392334747,Other,swinging_strike,Whiff (Miss)
2019,Post-Statcast (2019 MVP),5,2,2,-0.15535754006574587,2.898518384156488,Other,foul,Contact / Foul
2019,Post-Statcast (2019 MVP),5,2,2,0.08592724216132663,2.7706937022055147,Other,foul,Contact / Foul
2019,Post-Statcast (2019 MVP),2,2,3,-0.09879559748756583,3.3471982762376298,Other,swinging_strike,Whiff (Miss)
2019,Post-Statcast (2019 MVP),8,2,1,0.16878196052338468,1.7823563189170726,Other,hit_into_play,Contact / Foul
2019,Post-Statcast (2019 MVP),9,3,1,0.5037387476113514,1.8975072966233277,Other,hit_into_play,Contact / Foul
2019,Post-Statcast (2019 MVP),2,2,3,-0.23062255807120657,3.269883900508057,Other,foul,Contact / Foul
2019,Post-Statcast (2019 MVP),7,1,1,-0.5143689113883503,2.0729576142470765,Other,foul,Contact / Foul
2019,Post-Statcast (2019 MVP),1,1,3,-0.5136418699761546,3.447566589830968,Other,foul,Contact / Foul
2019,Post-Statcast (2019 MVP),9,3,1,0.4339718306273599,1.5790110244950752,Other,hit_into_play,Contact / Foul
2019,Post-Statcast (2019 MVP),9,3,1,0.6279901157702972,1.7296800897030302,Other,hit_into_play,Contact / Foul
2019,Post-Statcast (2019 MVP),5,2,2,-0.11916028215610747,2.266783078100225,Other,hit_into_play,Contact / Foul
2019,Post-Statcast (2019 MVP),1,1,3,-0.2772907869107354,3.108989988577369,Other,hit_into_play,Contact / Foul
2019,Post-Statcast (2019 MVP),6,3,2,0.3152349355581069,2.1903543877272194,Other,swinging_strike,Whiff (Miss)
2019,Post-Statcast (2019 MVP),6,3,2,0.4929649172506282,2.767081897010288,Other,foul,Contact / Foul
2019,Post-Statcast (2019 MVP),8,2,1,-0.16260697368041827,1.6825347834157416,Other,foul,Contact / Foul
2019,Post-Statcast (2019 MVP),2,2,3,0.22731063334099083,3.179430573507706,Other,foul,Contact / Foul
2019,Post-Statcast (2019 MVP),1,1,3,-0.44176441246533793,3.235296063187609,Other,swinging_strike,Whiff (Miss)
2019,Post-Statcast (2019 MVP),6,3,2,0.36285783257708026,2.4108397716662435,Other,foul,Contact / Foul
2019,Post-Statcast (2019 MVP),9,3,1,0.46110006326758296,2.09223807332069,Other,swinging_strike,Whiff (Miss)
2019,Post-Statcast (2019 MVP),5,2,2,0.07030148377764317,2.8725958474601745,Other,hit_into_play,Contact / Foul
2019,Post-Statcast (2019 MVP),9,3,1,0.6522534613224101,1.8817815120773973,Other,swinging_strike,Whiff (Miss)
2019,Post-Statcast (2019 MVP),4,1,2,-0.46313771653925184,2.2320838651491517,Other,foul,Contact / Foul
2019,Post-Statcast (2019 MVP),8,2,1,0.25948675858508097,1.8637421978432984,Other,foul,Contact / Foul
2019,Post-Statcast (2019 MVP),8,2,1,0.2515774662514195,1.7362661249163864,Other,foul,Contact / Foul
2019,Post-Statcast (2019 MVP),8,2,1,0.10268530138941578,1.7180328503899367,Other,foul,Contact / Foul
2019,Post-Statcast (2019 MVP),2,2,3,-0.23792527659367335,3.176552257468559,Other,hit_into_play,Contact / Foul
2019,Post-Statcast (2019 MVP),9,3,1,0.4828517614213272,1.6099706769120918,Other,foul,Contact / Foul
2019,Post-Statcast (2019 MVP),9,3,1,0.6217081332571196,1.6892183018685127,Other,hit_into_play,Contact / Foul
2019,Post-Statcast (2019 MVP),5,2,2,-0.2431000500692574,2.768618291784498,Other,foul,Contact / Foul
2019,Post-Statcast (2019 MVP),5,2,2,0.24967306610176054,2.6189540380293126,Other,foul,Contact / Foul
2019,Post-Statcast (2019 MVP),5,2,2,-0.10648739966768495,2.3457761675263367,Other,foul,Contact / Foul
2019,Post-Statcast (2019 MVP),2,2,3,0.14932443049845268,3.4083638395358005,Other,foul,Contact / Foul
2019,Post-Statcast (2019 MVP),5,2,2,-0.1703614473635252,2.2843049468221843,Other,hit_into_play,Contact / Foul
2019,Post-Statcast (2019 MVP),4,1,2,-0.7347108346988475,2.181624262121759,Other,foul,Contact / Foul
2019,Post-Statcast (2019 MVP),8,2,1,0.2625342528535862,2.062766213145864,Other,foul,Contact / Foul
2019,Post-Statcast (2019 MVP),1,1,3,-0.6145135697030948,3.248237137651263,Other,foul,Contact / Foul
2019,Post-Statcast (2019 MVP),2,2,3,0.0439427290441084,2.8551765031960086,Other,hit_into_play,Contact / Foul
2019,Post-Statcast (2019 MVP),4,1,2,-0.56090988373672,2.4088169185069725,Other,foul,Contact / Foul
2019,Post-Statcast (2019 MVP),6,3,2,0.4031780115126924,2.6106022643868165,Other,foul,Contact / Foul
2019,Post-Statcast (2019 MVP),5,2,2,0.1995161989662565,2.3245328812422796,Other,swinging_strike,Whiff (Miss)
2019,Post-Statcast (2019 MVP),1,1,3,-0.5044201700557117,3.1950474812557568,Other,foul,Contact / Foul
2019,Post-Statcast (2019 MVP),5,2,2,-0.2200987082621546,2.445643614563509,Other,hit_into_play,Contact / Foul
2019,Post-Statcast (2019 MVP),3,3,3,0.5356396883403453,3.334539636147476,Other,swinging_strike,Whiff (Miss)
2019,Post-Statcast (2019 MVP),9,3,1,0.614399059632696,2.068466456413983,Other,foul,Contact / Foul
2019,Post-Statcast (2019 MVP),9,3,1,0.5660044485803086,1.6303772695815733,Other,foul,Contact / Foul
2019,Post-Statcast (2019 MVP),8,2,1,0.09839575254157118,2.072267256447951,Other,foul,Contact / Foul
2019,Post-Statcast (2019 MVP),6,3,2,0.4299578671153531,2.459570008692573,Other,foul,Contact / Foul
2019,Post-Statcast (2019 MVP),6,3,2,0.4386927270730281,2.212963256124257,Other,foul,Contact / Foul
2019,Post-Statcast (2019 MVP),3,3,3,0.7852197873604332,2.873934897686484,Other,foul,Contact / Foul
2019,Post-Statcast (2019 MVP),5,2,2,-0.1959973707728423,2.183287553876501,Other,hit_into_play,Contact / Foul
2019,Post-Statcast (2019 MVP),5,2,2,0.07941743147010527,2.507076208911393,Other,hit_into_play,Contact / Foul
2019,Post-Statcast (2019 MVP),5,2,2,-0.06440290536046911,2.767099840629681,Other,hit_into_play,Contact / Foul
2019,Post-Statcast (2019 MVP),1,1,3,-0.6629882835096055,2.966089717863051,Other,swinging_strike,Whiff (Miss)
2019,Post-Statcast (2019 MVP),6,3,2,0.48853329367777243,2.3599886862051487,Other,foul,Contact / Foul
2019,Post-Statcast (2019 MVP),2,2,3,0.06205038972085286,3.009501878938221,Other,swinging_strike,Whiff (Miss)
2019,Post-Statcast (2019 MVP),5,2,2,-0.254604321481138,2.358758678159149,Other,foul,Contact / Foul
2019,Post-Statcast (2019 MVP),5,2,2,-0.010543449214804435,2.8435185864782877,Other,hit_into_play,Contact / Foul
2019,Post-Statcast (2019 MVP),1,1,3,-0.6981789033644681,3.259886313358284,Other,foul,Contact / Foul
2019,Post-Statcast (2019 MVP),2,2,3,-0.06626661762909292,3.309255789867711,Other,foul,Contact / Foul
2019,Post-Statcast (2019 MVP),3,3,3,0.3457953048026675,3.4279563822253585,Other,swinging_strike,Whiff (Miss)
2019,Post-Statcast (2019 MVP),7,1,1,-0.3209892883066352,1.953280582450486,Other,foul,Contact / Foul
2019,Post-Statcast (2019 MVP),3,3,3,0.3353332775238267,3.370754525497628,Other,foul,Contact / Foul
2019,Post-Statcast (2019 MVP),8,2,1,-0.13058715873585602,2.1054692372798396,Other,foul,Contact / Foul
2019,Post-Statcast (2019 MVP),9,3,1,0.45983907460464285,1.8606006073483536,Other,hit_into_play,Contact / Foul
2019,Post-Statcast (2019 MVP),4,1,2,-0.2778349094812589,2.4154973460353624,Other,hit_into_play,Contact / Foul
2019,Post-Statcast (2019 MVP),5,2,2,0.2574266271008939,2.5962082722083535,Other,swinging_strike,Whiff (Miss)
2019,Post-Statcast (2019 MVP),2,2,3,0.0717549131632963,3.315467931287912,Other,foul,Contact / Foul
2019,Post-Statcast (2019 MVP),2,2,3,0.07595636175680975,2.9492539207551465,Other,hit_into_play,Contact / Foul
2019,Post-Statcast (2019 MVP),9,3,1,0.560628891518915,1.6467799211571617,Other,hit_into_play,Contact / Foul
2019,Post-Statcast (2019 MVP),9,3,1,0.5370880096080524,2.0589939876590715,Other,hit_into_play,Contact / Foul
2019,Post-Statcast (2019 MVP),5,2,2,-0.19308932226174513,2.779699830519972,Other,hit_into_play,Contact / Foul
2019,Post-Statcast (2019 MVP),9,3,1,0.7229373997832612,1.6094789299064725,Other,foul,Contact / Foul
2019,Post-Statcast (2019 MVP),9,3,1,0.7489476986610312,1.7765285513071656,Other,foul,Contact / Foul
2019,Post-Statcast (2019 MVP),6,3,2,0.819904444976324,2.438484689452082,Other,foul,Contact / Foul
2019,Post-Statcast (2019 MVP),4,1,2,-0.5528046499021758,2.586868302666835,Other,hit_into_play,Contact / Foul
2019,Post-Statcast (2019 MVP),8,2,1,0.1685375332274539,1.6881049044912353,Other,swinging_strike,Whiff (Miss)
2019,Post-Statcast (2019 MVP),8,2,1,-0.10449703365247287,1.7773890042826284,Other,foul,Contact / Foul
2019,Post-Statcast (2019 MVP),4,1,2,-0.5065447158587552,2.3787405904187624,Other,hit_into_play,Contact / Foul
2019,Post-Statcast (2019 MVP),3,3,3,0.5073963662583059,3.5331600679807305,Other,swinging_strike,Whiff (Miss)
2019,Post-Statcast (2019 MVP),4,1,2,-0.3938780039719346,2.7385970975446665,Other,foul,Contact / Foul
2019,Post-Statcast (2019 MVP),6,3,2,0.660072233384833,2.736326114653142,Other,foul,Contact / Foul
2019,Post-Statcast (2019 MVP),8,2,1,-0.0677629506556171,1.6849723111985422,Other,hit_into_play,Contact / Foul
2019,Post-Statcast (2019 MVP),4,1,2,-0.3647121124582273,2.7698359648617767,Other,hit_into_play,Contact / Foul
2019,Post-Statcast (2019 MVP),4,1,2,-0.2885954363531489,2.6099204272590875,Other,hit_into_play,Contact / Foul
2019,Post-Statcast (2019 MVP),6,3,2,0.6743524070037967,2.3951633994558645,Other,foul,Contact / Foul
2019,Post-Statcast (2019 MVP),2,2,3,-0.2173857290604705,3.1323567927856426,Other,swinging_strike,Whiff (Miss)
2019,Post-Statcast (2019 MVP),9,3,1,0.49709053268318837,1.9896266386594563,Other,swinging_strike,Whiff (Miss)
2019,Post-Statcast (2019 MVP),4,1,2,-0.28354671606912957,2.7972669818670424,Other,hit_into_play,Contact / Foul
2019,Post-Statcast (2019 MVP),4,1,2,-0.44414840574348413,2.4241324787145166,Other,foul,Contact / Foul
2019,Post-Statcast (2019 MVP),5,2,2,0.2600342438254553,2.241689137442811,Other,foul,Contact / Foul
2019,Post-Statcast (2019 MVP),9,3,1,0.5013426465172744,2.1052958646346513,Other,hit_into_play,Contact / Foul
2019,Post-Statcast (2019 MVP),6,3,2,0.33855164139704763,2.951882492190532,Other,foul,Contact / Foul
2019,Post-Statcast (2019 MVP),4,1,2,-0.2976786035237431,2.625183183198843,Other,hit_into_play,Contact / Foul
2019,Post-Statcast (2019 MVP),2,2,3,0.1705764038685762,3.089285121816219,Other,foul,Contact / Foul
2019,Post-Statcast (2019 MVP),9,3,1,0.5382683327997143,2.207431765336646,Other,foul,Contact / Foul
2019,Post-Statcast (2019 MVP),3,3,3,0.39198820826064584,3.241389043592469,Other,foul,Contact / Foul
2019,Post-Statcast (2019 MVP),5,2,2,0.2574035731225278,2.461604602674769,Other,foul,Contact / Foul
2019,Post-Statcast (2019 MVP),9,3,1,0.49574897168241827,1.8378444675350671,Other,foul,Contact / Foul
2019,Post-Statcast (2019 MVP),9,3,1,0.3608432349653059,2.20226028621642,Other,hit_into_play,Contact / Foul
2019,Post-Statcast (2019 MVP),9,3,1,0.34705789969362766,1.7383499151634472,Other,foul,Contact / Foul
2019,Post-Statcast (2019 MVP),8,2,1,0.1374874329101528,2.2443484973164267,Other,swinging_strike,Whiff (Miss)
2019,Post-Statcast (2019 MVP),7,1,1,-0.6563039449700778,1.9879469309807605,Other,foul,Contact / Foul
2019,Post-Statcast (2019 MVP),9,3,1,0.781078692530585,2.0207715097741508,Other,hit_into_play,Contact / Foul
2019,Post-Statcast (2019 MVP),7,1,1,-0.3773082528900307,2.1719028167284624,Other,hit_into_play,Contact / Foul
2019,Post-Statcast (2019 MVP),7,1,1,-0.32444950643484716,1.8446753507898435,Other,foul,Contact / Foul
2019,Post-Statcast (2019 MVP),6,3,2,0.6925188550256807,2.5356320768607468,Other,swinging_strike,Whiff (Miss)
2019,Post-Statcast (2019 MVP),6,3,2,0.47847465405363754,2.26096406414987,Other,foul,Contact / Foul
2019,Post-Statcast (2019 MVP),4,1,2,-0.5541722987475868,2.715533406328017,Other,hit_into_play,Contact / Foul
2019,Post-Statcast (2019 MVP),6,3,2,0.6325128769564241,2.8112986176165857,Other,swinging_strike,Whiff (Miss)
2019,Post-Statcast (2019 MVP),2,2,3,0.21777559611486486,3.266493919699133,Other,swinging_strike,Whiff (Miss)
2019,Post-Statcast (2019 MVP),7,1,1,-0.3494470426803763,2.091313433253264,Other,swinging_strike,Whiff (Miss)
2019,Post-Statcast (2019 MVP),5,2,2,-0.03992153986711189,2.8055755133967106,Other,swinging_strike,Whiff (Miss)
2019,Post-Statcast (2019 MVP),5,2,2,0.22528789580520792,2.162687748803029,Other,hit_into_play,Contact / Foul
2019,Post-Statcast (2019 MVP),6,3,2,0.5327834978424761,2.568083202149887,Other,swinging_strike,Whiff (Miss)
2019,Post-Statcast (2019 MVP),8,2,1,-0.06922167936399742,1.9310324651416826,Other,hit_into_play,Contact / Foul
2019,Post-Statcast (2019 MVP),7,1,1,-0.6541606497143176,1.6256055922413206,Other,foul,Contact / Foul
2019,Post-Statcast (2019 MVP),7,1,1,-0.4957673966320044,1.7013250355066276,Other,swinging_strike,Whiff (Miss)
2019,Post-Statcast (2019 MVP),4,1,2,-0.3123335494508205,2.5304695609749928,Other,hit_into_play,Contact / Foul
2019,Post-Statcast (2019 MVP),4,1,2,-0.6575919566368558,2.6233116750766374,Other,foul,Contact / Foul
2019,Post-Statcast (2019 MVP),1,1,3,-0.6574976803627701,2.900061805114794,Other,swinging_strike,Whiff (Miss)
2019,Post-Statcast (2019 MVP),4,1,2,-0.3896959040999928,2.3693699274161064,Other,foul,Contact / Foul
2019,Post-Statcast (2019 MVP),9,3,1,0.40579008591659343,1.896579903784935,Other,hit_into_play,Contact / Foul
2019,Post-Statcast (2019 MVP),3,3,3,0.5927275757654525,2.9243336800841186,Other,swinging_strike,Whiff (Miss)
2019,Post-Statcast (2019 MVP),5,2,2,-0.10206104470399946,2.3658013825808917,Other,hit_into_play,Contact / Foul
2019,Post-Statcast (2019 MVP),5,2,2,-0.1262628832260333,2.877569923746293,Other,hit_into_play,Contact / Foul
2019,Post-Statcast (2019 MVP),4,1,2,-0.33897143846598965,2.7034942172979037,Other,hit_into_play,Contact / Foul
2019,Post-Statcast (2019 MVP),2,2,3,-0.08242134640483145,3.3554003353060966,Other,foul,Contact / Foul
2019,Post-Statcast (2019 MVP),6,3,2,0.5192455624796438,2.7098019523186028,Other,hit_into_play,Contact / Foul
2019,Post-Statcast (2019 MVP),5,2,2,0.21405355380427982,2.875001530610862,Other,foul,Contact / Foul
2019,Post-Statcast (2019 MVP),9,3,1,0.5589079041627885,1.8780102486806296,Other,hit_into_play,Contact / Foul
2019,Post-Statcast (2019 MVP),4,1,2,-0.7499725466705286,2.8405886705290295,Other,hit_into_play,Contact / Foul
2019,Post-Statcast (2019 MVP),6,3,2,0.4905244014817327,2.6012231969107606,Other,swinging_strike,Whiff (Miss)
2019,Post-Statcast (2019 MVP),9,3,1,0.6245118415691823,1.8615913218739348,Other,hit_into_play,Contact / Foul
2019,Post-Statcast (2019 MVP),6,3,2,0.527968224054681,2.539845818509242,Other,foul,Contact / Foul
2019,Post-Statcast (2019 MVP),2,2,3,-0.10309964243595116,3.4102354027234547,Other,foul,Contact / Foul
2019,Post-Statcast (2019 MVP),2,2,3,-0.03852606955340887,3.200734518023806,Other,swinging_strike,Whiff (Miss)
2019,Post-Statcast (2019 MVP),9,3,1,0.6883068062656276,2.0184440952392757,Other,swinging_strike,Whiff (Miss)
2019,Post-Statcast (2019 MVP),3,3,3,0.4005256942506267,3.270873405702617,Other,hit_into_play,Contact / Foul
2019,Post-Statcast (2019 MVP),1,1,3,-0.6122091732120047,3.3298466455735154,Other,foul,Contact / Foul
2019,Post-Statcast (2019 MVP),8,2,1,0.22043975535792515,2.2589366552207286,Other,foul,Contact / Foul
2019,Post-Statcast (2019 MVP),2,2,3,-0.029134188018818286,3.0390763878646454,Other,foul,Contact / Foul
2019,Post-Statcast (2019 MVP),8,2,1,-0.20049228027546417,2.240136305764022,Other,hit_into_play,Contact / Foul
2019,Post-Statcast (2019 MVP),6,3,2,0.4469246800350061,2.6558790663415546,Other,foul,Contact / Foul
2019,Post-Statcast (2019 MVP),9,3,1,0.7240065209465578,2.1436786720002043,Other,hit_into_play,Contact / Foul
2019,Post-Statcast (2019 MVP),2,2,3,-0.24082000326412079,3.0610801991212044,Other,foul,Contact / Foul
2019,Post-Statcast (2019 MVP),2,2,3,-0.018538220461309374,3.0282536209819986,Other,foul,Contact / Foul
2019,Post-Statcast (2019 MVP),8,2,1,-0.025364556164006402,2.199899147101056,Other,swinging_strike,Whiff (Miss)
2019,Post-Statcast (2019 MVP),8,2,1,0.12577387674021467,1.654569813563076,Other,foul,Contact / Foul
2019,Post-Statcast (2019 MVP),5,2,2,0.05326648331151902,2.7011182155472313,Other,foul,Contact / Foul
2019,Post-Statcast (2019 MVP),8,2,1,-0.028169178219259905,2.0732233639561897,Other,hit_into_play,Contact / Foul
2019,Post-Statcast (2019 MVP),9,3,1,0.32372017022196875,2.1896937201509847,Other,hit_into_play,Contact / Foul
2019,Post-Statcast (2019 MVP),6,3,2,0.724877448733272,2.2750819487597145,Other,hit_into_play,Contact / Foul
2019,Post-Statcast (2019 MVP),4,1,2,-0.7593667419084551,2.3887467192945424,Other,hit_into_play,Contact / Foul
2019,Post-Statcast (2019 MVP),4,1,2,-0.7701550321592432,2.6856616555824058,Other,foul,Contact / Foul
2019,Post-Statcast (2019 MVP),1,1,3,-0.2789591850332331,3.1454333241451824,Other,foul,Contact / Foul
2019,Post-Statcast (2019 MVP),2,2,3,0.0973885996807361,3.4592484062460076,Other,hit_into_play,Contact / Foul
2019,Post-Statcast (2019 MVP),4,1,2,-0.38803732781729117,3.0364409835631503,Other,foul,Contact / Foul
2019,Post-Statcast (2019 MVP),4,1,2,-0.7361410283592421,2.8143820822164485,Other,foul,Contact / Foul
2019,Post-Statcast (2019 MVP),8,2,1,0.16057982632562945,1.6613479079228282,Other,hit_into_play,Contact / Foul
2019,Post-Statcast (2019 MVP),4,1,2,-0.587930745241774,2.792561832683382,Other,hit_into_play,Contact / Foul
2019,Post-Statcast (2019 MVP),3,3,3,0.7013887608805304,2.9876744720281923,Other,hit_into_play,Contact / Foul
2019,Post-Statcast (2019 MVP),5,2,2,0.13616547378929234,2.326605593446809,Other,hit_into_play,Contact / Foul
2019,Post-Statcast (2019 MVP),6,3,2,0.40958468299458617,2.19982070635917,Other,foul,Contact / Foul
2019,Post-Statcast (2019 MVP),6,3,2,0.5927676709234245,2.4263972110581005,Other,foul,Contact / Foul
2019,Post-Statcast (2019 MVP),6,3,2,0.5531972617947163,2.2945932403639078,Other,hit_into_play,Contact / Foul
2019,Post-Statcast (2019 MVP),6,3,2,0.7886082434760815,2.4813180265369605,Other,hit_into_play,Contact / Foul
2019,Post-Statcast (2019 MVP),8,2,1,0.04335909243344993,2.288473360303906,Other,hit_into_play,Contact / Foul
2019,Post-Statcast (2019 MVP),6,3,2,0.5120260723211651,2.766501295445308,Other,hit_into_play,Contact / Foul
2019,Post-Statcast (2019 MVP),6,3,2,0.5625979135891719,2.7106488406664444,Other,hit_into_play,Contact / Foul
2019,Post-Statcast (2019 MVP),8,2,1,0.1571999612920516,1.968372813767084,Other,foul,Contact / Foul
2019,Post-Statcast (2019 MVP),4,1,2,-0.32099020997154293,2.567836532175555,Other,foul,Contact / Foul
2019,Post-Statcast (2019 MVP),2,2,3,-0.18642195140666912,2.846731632008643,Other,hit_into_play,Contact / Foul
2019,Post-Statcast (2019 MVP),3,3,3,0.39828263667521335,2.9913653902577604,Other,hit_into_play,Contact / Foul
2019,Post-Statcast (2019 MVP),4,1,2,-0.6608064147819648,2.231773595764746,Other,hit_into_play,Contact / Foul
2019,Post-Statcast (2019 MVP),8,2,1,0.1309907320049533,2.111410929170038,Other,foul,Contact / Foul
2019,Post-Statcast (2019 MVP),6,3,2,0.44882167910908577,2.2490602177387986,Other,foul,Contact / Foul
2019,Post-Statcast (2019 MVP),2,2,3,-0.24314001982345768,3.1957079160179775,Other,hit_into_play,Contact / Foul
2019,Post-Statcast (2019 MVP),6,3,2,0.7596751949465455,2.5458411488182797,Other,foul,Contact / Foul
2019,Post-Statcast (2019 MVP),3,3,3,0.7427377482180387,3.2059343903449626,Other,foul,Contact / Foul
2019,Post-Statcast (2019 MVP),1,1,3,-0.44896562663177597,3.1159580574127346,Other,swinging_strike,Whiff (Miss)
2019,Post-Statcast (2019 MVP),1,1,3,-0.39640178880617727,3.1727992383778694,Other,hit_into_play,Contact / Foul
2019,Post-Statcast (2019 MVP),3,3,3,0.4393460951853516,2.949170656536222,Other,foul,Contact / Foul
2019,Post-Statcast (2019 MVP),6,3,2,0.3159802077330952,2.381318834949041,Other,foul,Contact / Foul
2019,Post-Statcast (2019 MVP),3,3,3,0.4666572317231691,3.344683220245353,Other,swinging_strike,Whiff (Miss)
2019,Post-Statcast (2019 MVP),7,1,1,-0.6202742364490812,2.036923352776912,Other,hit_into_play,Contact / Foul
2019,Post-Statcast (2019 MVP),2,2,3,-0.2557327908509676,3.0419056949010113,Other,swinging_strike,Whiff (Miss)
2019,Post-Statcast (2019 MVP),5,2,2,-0.2722507098781102,2.171084467913366,Other,swinging_strike,Whiff (Miss)
2019,Post-Statcast (2019 MVP),1,1,3,-0.40483488695782366,2.8565730541041248,Other,hit_into_play,Contact / Foul
2019,Post-Statcast (2019 MVP),1,1,3,-0.5386633641675408,2.9181506378229383,Other,foul,Contact / Foul
2019,Post-Statcast (2019 MVP),5,2,2,0.14459405933181457,2.702343978891385,Other,hit_into_play,Contact / Foul
2019,Post-Statcast (2019 MVP),4,1,2,-0.3872606586033227,2.2521839460504003,Other,hit_into_play,Contact / Foul
2019,Post-Statcast (2019 MVP),5,2,2,-0.04905129534382563,2.378942040440453,Other,foul,Contact / Foul
2019,Post-Statcast (2019 MVP),8,2,1,-0.12797109339463097,1.772583257679419,Other,hit_into_play,Contact / Foul
2019,Post-Statcast (2019 MVP),7,1,1,-0.4953762876542951,1.8334367773509366,Other,foul,Contact / Foul
2019,Post-Statcast (2019 MVP),7,1,1,-0.2876695306185233,2.0611554068539992,Other,foul,Contact / Foul
2019,Post-Statcast (2019 MVP),6,3,2,0.8023804713185114,2.360056134453637,Other,hit_into_play,Contact / Foul
2019,Post-Statcast (2019 MVP),7,1,1,-0.4796067033141087,1.993675116439619,Other,foul,Contact / Foul
2019,Post-Statcast (2019 MVP),4,1,2,-0.31499767785919514,2.4189610638204844,Other,swinging_strike,Whiff (Miss)
2019,Post-Statcast (2019 MVP),2,2,3,-0.1003761540950584,2.8258833958388623,Other,foul,Contact / Foul
2019,Post-Statcast (2019 MVP),2,2,3,-0.03444208131900667,3.001777057386363,Other,foul,Contact / Foul
2019,Post-Statcast (2019 MVP),5,2,2,-0.013620752882143483,2.665924787062453,Other,swinging_strike,Whiff (Miss)
2019,Post-Statcast (2019 MVP),7,1,1,-0.5252143169944797,2.0877886407701,Other,foul,Contact / Foul
2019,Post-Statcast (2019 MVP),1,1,3,-0.29211095095382844,2.81394651639233,Other,hit_into_play,Contact / Foul
2019,Post-Statcast (2019 MVP),5,2,2,-0.2465767449606679,2.5483729838931897,Other,foul,Contact / Foul
2019,Post-Statcast (2019 MVP),4,1,2,-0.4586800059610008,2.4020776118430964,Other,hit_into_play,Contact / Foul
2019,Post-Statcast (2019 MVP),5,2,2,0.08754326629062426,2.264523431752098,Other,hit_into_play,Contact / Foul
2019,Post-Statcast (2019 MVP),4,1,2,-0.4914998533490833,2.324229326700194,Other,foul,Contact / Foul
2019,Post-Statcast (2019 MVP),1,1,3,-0.41263560211959915,2.916539635722991,Other,foul,Contact / Foul
2019,Post-Statcast (2019 MVP),3,3,3,0.5506732959592207,2.914586110529112,Other,foul,Contact / Foul
2019,Post-Statcast (2019 MVP),6,3,2,0.45893842593615264,2.630955191660031,Other,foul,Contact / Foul
2019,Post-Statcast (2019 MVP),1,1,3,-0.8266075419925785,2.9089503323366537,Other,foul,Contact / Foul
2019,Post-Statcast (2019 MVP),4,1,2,-0.582013781114243,2.5146113640371235,Other,foul,Contact / Foul
2019,Post-Statcast (2019 MVP),2,2,3,0.03346993809674492,3.1393499644116214,Other,foul,Contact / Foul
2019,Post-Statcast (2019 MVP),6,3,2,0.6941530159018224,2.4247909860546306,Other,hit_into_play,Contact / Foul
2019,Post-Statcast (2019 MVP),2,2,3,0.2634239994882088,3.445962130323089,Other,swinging_strike,Whiff (Miss)
2019,Post-Statcast (2019 MVP),6,3,2,0.5103679366184526,2.5235910687165752,Other,swinging_strike,Whiff (Miss)
2019,Post-Statcast (2019 MVP),4,1,2,-0.29831445585808963,3.001564183698656,Other,foul,Contact / Foul
2019,Post-Statcast (2019 MVP),9,3,1,0.6027262445452808,1.8252858135464294,Other,hit_into_play,Contact / Foul
2019,Post-Statcast (2019 MVP),5,2,2,0.13012119840870995,2.76597802188738,Other,hit_into_play,Contact / Foul
2019,Post-Statcast (2019 MVP),6,3,2,0.6602098056581032,2.6959597594658598,Other,hit_into_play,Contact / Foul
2019,Post-Statcast (2019 MVP),9,3,1,0.5092107119114834,1.742792658807252,Other,foul,Contact / Foul
2019,Post-Statcast (2019 MVP),1,1,3,-0.4739981445532637,2.9776114922626453,Other,hit_into_play,Contact / Foul
2019,Post-Statcast (2019 MVP),8,2,1,-0.17840296563147617,2.082357822848292,Other,hit_into_play,Contact / Foul
2019,Post-Statcast (2019 MVP),3,3,3,0.2837348586353719,3.1764308156687653,Other,hit_into_play,Contact / Foul
2019,Post-Statcast (2019 MVP),6,3,2,0.3674812796264624,2.7360400021275657,Other,hit_into_play,Contact / Foul
2019,Post-Statcast (2019 MVP),5,2,2,0.26988407278368365,2.735555141307555,Other,swinging_strike,Whiff (Miss)
2019,Post-Statcast (2019 MVP),6,3,2,0.5432963536795155,2.2767211178385685,Other,swinging_strike,Whiff (Miss)
2019,Post-Statcast (2019 MVP),9,3,1,0.598487717242016,1.839248678812223,Other,hit_into_play,Contact / Foul
2019,Post-Statcast (2019 MVP),6,3,2,0.8046944850519504,2.715700247071512,Other,foul,Contact / Foul
2019,Post-Statcast (2019 MVP),4,1,2,-0.43504442778914765,2.434835688005953,Other,foul,Contact / Foul
2019,Post-Statcast (2019 MVP),2,2,3,0.27180579148030537,3.1104615260720605,Other,swinging_strike,Whiff (Miss)
2019,Post-Statcast (2019 MVP),4,1,2,-0.5973809265761699,2.7498099573038393,Other,hit_into_play,Contact / Foul
2019,Post-Statcast (2019 MVP),1,1,3,-0.7107253790492831,2.9625191854209603,Other,hit_into_play,Contact / Foul
2019,Post-Statcast (2019 MVP),5,2,2,0.12598774069072982,2.779321640844995,Other,foul_tip,Contact / Foul
2019,Post-Statcast (2019 MVP),8,2,1,-0.14779001252190982,2.1438291409858596,Other,hit_into_play,Contact / Foul
2019,Post-Statcast (2019 MVP),2,2,3,-0.19454718876038335,3.476292255633868,Other,swinging_strike,Whiff (Miss)
2019,Post-Statcast (2019 MVP),1,1,3,-0.5438958623798144,2.8777462482669915,Other,foul,Contact / Foul
2019,Post-Statcast (2019 MVP),7,1,1,-0.28251753642722666,1.762233288398592,Other,foul,Contact / Foul
2019,Post-Statcast (2019 MVP),2,2,3,-0.042900304582843884,3.1773192554005334,Other,foul,Contact / Foul
2019,Post-Statcast (2019 MVP),5,2,2,0.1653786932196203,2.3309303352730306,Other,foul,Contact / Foul
2019,Post-Statcast (2019 MVP),4,1,2,-0.39627939662332046,2.4906365688468504,Other,hit_into_play,Contact / Foul
2019,Post-Statcast (2019 MVP),5,2,2,-0.20444092099925948,2.3871551789643175,Other,hit_into_play,Contact / Foul
2019,Post-Statcast (2019 MVP),5,2,2,-0.24525455289069664,2.54998147201953,Other,foul,Contact / Foul
2019,Post-Statcast (2019 MVP),6,3,2,0.3872965585353619,2.828480681539785,Other,foul,Contact / Foul
2019,Post-Statcast (2019 MVP),2,2,3,0.19908950653631313,2.955558315855341,Other,swinging_strike,Whiff (Miss)
2019,Post-Statcast (2019 MVP),7,1,1,-0.7610191344461097,2.207465251724659,Other,hit_into_play,Contact / Foul
2019,Post-Statcast (2019 MVP),4,1,2,-0.4748909388967779,2.34175746122244,Other,hit_into_play,Contact / Foul
2019,Post-Statcast (2019 MVP),4,1,2,-0.6781789755996805,2.332211094316164,Other,hit_into_play,Contact / Foul
2019,Post-Statcast (2019 MVP),8,2,1,0.19883627139432203,1.960089788453438,Other,hit_into_play,Contact / Foul
2019,Post-Statcast (2019 MVP),4,1,2,-0.7531131153857675,2.3185012566688936,Other,foul,Contact / Foul
2019,Post-Statcast (2019 MVP),4,1,2,-0.6089458390577042,2.2437696795593762,Other,foul,Contact / Foul
2019,Post-Statcast (2019 MVP),5,2,2,-0.19863923322668864,2.777220265737953,Other,hit_into_play,Contact / Foul
2019,Post-Statcast (2019 MVP),9,3,1,0.7408625442102055,1.7815363019151982,Other,foul,Contact / Foul
2019,Post-Statcast (2019 MVP),2,2,3,-0.11178566925143263,3.1685396179816934,Other,hit_into_play,Contact / Foul
2019,Post-Statcast (2019 MVP),7,1,1,-0.7652165970084364,1.9781339346717304,Other,hit_into_play,Contact / Foul
2019,Post-Statcast (2019 MVP),1,1,3,-0.6839108412510977,3.0464838702830996,Other,foul,Contact / Foul
2019,Post-Statcast (2019 MVP),3,3,3,0.3792286162467754,2.976356949680768,Other,hit_into_play,Contact / Foul
2019,Post-Statcast (2019 MVP),4,1,2,-0.42953615655124355,2.3475177887292706,Other,foul,Contact / Foul
2019,Post-Statcast (2019 MVP),1,1,3,-0.5537389958457015,3.1203722528012063,Other,hit_into_play,Contact / Foul
2019,Post-Statcast (2019 MVP),5,2,2,-0.19623234330410555,2.5522744968310778,Other,foul,Contact / Foul
2019,Post-Statcast (2019 MVP),9,3,1,0.35461878560120996,1.9258141996280451,Other,hit_into_play,Contact / Foul
2019,Post-Statcast (2019 MVP),6,3,2,0.8219814266681291,2.337762532438215,Other,hit_into_play,Contact / Foul
2019,Post-Statcast (2019 MVP),2,2,3,-0.13604906460618238,3.3709852160770746,Other,hit_into_play,Contact / Foul
2019,Post-Statcast (2019 MVP),9,3,1,0.3603814647936406,1.9334062341859366,Other,foul,Contact / Foul
2019,Post-Statcast (2019 MVP),3,3,3,0.6037695327574284,3.2196402842486034,Other,foul,Contact / Foul
2019,Post-Statcast (2019 MVP),5,2,2,-0.08135131812825688,2.360414345545141,Other,hit_into_play,Contact / Foul
2019,Post-Statcast (2019 MVP),6,3,2,0.5530918551843425,2.75278206887913,Other,foul,Contact / Foul
2019,Post-Statcast (2019 MVP),6,3,2,0.8135998359716073,2.6656712878991,Other,foul,Contact / Foul
2019,Post-Statcast (2019 MVP),8,2,1,0.2550841824909379,1.7025907379209988,Other,hit_into_play,Contact / Foul
2019,Post-Statcast (2019 MVP),8,2,1,0.09481973218962936,1.8550803940729514,Other,hit_into_play,Contact / Foul
2019,Post-Statcast (2019 MVP),6,3,2,0.5905807089956064,2.330269476661727,Other,hit_into_play,Contact / Foul
2019,Post-Statcast (2019 MVP),9,3,1,0.8119414036845387,2.1018296211874223,Other,hit_into_play,Contact / Foul
2019,Post-Statcast (2019 MVP),3,3,3,0.47957928665467286,3.026774669625954,Other,foul,Contact / Foul
2019,Post-Statcast (2019 MVP),3,3,3,0.5449327249300862,3.389764412984875,Other,foul,Contact / Foul
2019,Post-Statcast (2019 MVP),7,1,1,-0.3694421161324444,2.078816951397683,Other,foul,Contact / Foul
2019,Post-Statcast (2019 MVP),3,3,3,0.5575207403168876,3.1199931632621754,Other,swinging_strike,Whiff (Miss)
2019,Post-Statcast (2019 MVP),2,2,3,0.15098779827392694,2.9275695843656044,Other,foul,Contact / Foul
2019,Post-Statcast (2019 MVP),5,2,2,0.1273203882950652,2.6838203515771033,Other,hit_into_play,Contact / Foul
2019,Post-Statcast (2019 MVP),1,1,3,-0.7922050158640389,3.4080380522195,Other,hit_into_play,Contact / Foul
2019,Post-Statcast (2019 MVP),4,1,2,-0.27828772213465924,2.451082675761042,Other,hit_into_play,Contact / Foul
2019,Post-Statcast (2019 MVP),6,3,2,0.5448711641823745,2.291411930981827,Other,foul,Contact / Foul
2019,Post-Statcast (2019 MVP),2,2,3,-0.040875608814838316,2.9360383605768567,Other,swinging_strike,Whiff (Miss)
2019,Post-Statcast (2019 MVP),5,2,2,0.1658276444454186,2.186804776873558,Other,hit_into_play,Contact / Foul
2019,Post-Statcast (2019 MVP),8,2,1,0.1704342799087184,1.5678244729202895,Other,foul,Contact / Foul
2019,Post-Statcast (2019 MVP),6,3,2,0.2840050326515887,2.5024364893519064,Other,foul,Contact / Foul
2019,Post-Statcast (2019 MVP),6,3,2,0.4164603085581342,2.4021098218477888,Other,hit_into_play,Contact / Foul
2019,Post-Statcast (2019 MVP),7,1,1,-0.5004013691193983,1.9471911331575198,Other,foul,Contact / Foul
2019,Post-Statcast (2019 MVP),6,3,2,0.314575633951893,2.5499085641797827,Other,hit_into_play,Contact / Foul
2019,Post-Statcast (2019 MVP),6,3,2,0.5693537784013065,2.8960984495422704,Other,swinging_strike,Whiff (Miss)
2019,Post-Statcast (2019 MVP),4,1,2,-0.6232965071833214,2.250414994557875,Other,foul,Contact / Foul
2019,Post-Statcast (2019 MVP),5,2,2,-0.1673842719733879,2.2479129133066342,Other,swinging_strike,Whiff (Miss)
2019,Post-Statcast (2019 MVP),2,2,3,-0.22149598059473719,3.031402165965379,Other,foul,Contact / Foul
2019,Post-Statcast (2019 MVP),5,2,2,0.2052324813641957,2.650160044746603,Other,hit_into_play,Contact / Foul
2019,Post-Statcast (2019 MVP),6,3,2,0.7498657909282933,2.227342747941843,Other,hit_into_play,Contact / Foul
2019,Post-Statcast (2019 MVP),2,2,3,0.0124391593981239,3.174111698649763,Other,foul,Contact / Foul
2019,Post-Statcast (2019 MVP),4,1,2,-0.6979035195404668,2.7350305089319917,Other,foul,Contact / Foul
2019,Post-Statcast (2019 MVP),5,2,2,0.0916749153182993,2.683084665790285,Other,foul,Contact / Foul
2019,Post-Statcast (2019 MVP),6,3,2,0.4880857251149399,2.4793169884947153,Other,foul,Contact / Foul
2019,Post-Statcast (2019 MVP),7,1,1,-0.37611482669727764,1.6957581471867185,Other,hit_into_play,Contact / Foul
2019,Post-Statcast (2019 MVP),5,2,2,-0.25842899136335606,2.246627115256033,Other,hit_into_play,Contact / Foul
2019,Post-Statcast (2019 MVP),2,2,3,0.25643104854515686,3.197447284821789,Other,swinging_strike,Whiff (Miss)
2019,Post-Statcast (2019 MVP),5,2,2,0.0705845401674493,2.312767157984699,Other,hit_into_play,Contact / Foul
2019,Post-Statcast (2019 MVP),8,2,1,0.17511592879436255,1.9136691691693872,Other,foul,Contact / Foul
2019,Post-Statcast (2019 MVP),6,3,2,0.3499378238871692,2.818344009857575,Other,hit_into_play,Contact / Foul
2019,Post-Statcast (2019 MVP),6,3,2,0.41220860475789367,2.417331952855882,Other,foul,Contact / Foul
2019,Post-Statcast (2019 MVP),1,1,3,-0.39190788647313907,3.5464830903761606,Other,foul,Contact / Foul
2019,Post-Statcast (2019 MVP),5,2,2,0.039714126235099956,2.513104490731437,Other,hit_into_play,Contact / Foul
2019,Post-Statcast (2019 MVP),7,1,1,-0.2941358293779732,1.9501858655924902,Other,foul,Contact / Foul
2019,Post-Statcast (2019 MVP),5,2,2,0.2234556800514771,2.35274797349613,Other,hit_into_play,Contact / Foul
2019,Post-Statcast (2019 MVP),6,3,2,0.7534613063388216,2.2265266407950737,Other,hit_into_play,Contact / Foul
2019,Post-Statcast (2019 MVP),2,2,3,-0.11429951566347568,3.1025769043671847,Other,hit_into_play,Contact / Foul
2019,Post-Statcast (2019 MVP),7,1,1,-0.5704119884763232,1.8891427006807677,Other,swinging_strike,Whiff (Miss)
2019,Post-Statcast (2019 MVP),3,3,3,0.43160721470966956,3.0277368888618117,Other,foul,Contact / Foul
2019,Post-Statcast (2019 MVP),2,2,3,0.111435007666151,3.397790670015323,Other,foul,Contact / Foul
2019,Post-Statcast (2019 MVP),8,2,1,0.035317654414830146,1.7941971183004135,Other,foul,Contact / Foul
2019,Post-Statcast (2019 MVP),3,3,3,0.5350365502041552,3.292709436514209,Other,swinging_strike,Whiff (Miss)
2019,Post-Statcast (2019 MVP),9,3,1,0.3033662331755004,1.84245040829438,Other,hit_into_play,Contact / Foul
2019,Post-Statcast (2019 MVP),3,3,3,0.7921288132973014,3.0574046085527176,Other,foul,Contact / Foul
2019,Post-Statcast (2019 MVP),5,2,2,0.03178422586158075,2.5021296470169476,Other,foul,Contact / Foul
2019,Post-Statcast (2019 MVP),8,2,1,0.25269011888393644,2.2672516142281944,Other,foul,Contact / Foul
2019,Post-Statcast (2019 MVP),6,3,2,0.6788377192845831,2.6555508747476066,Other,hit_into_play,Contact / Foul
2019,Post-Statcast (2019 MVP),9,3,1,0.7987021826139791,2.2086497085360826,Other,foul,Contact / Foul
2019,Post-Statcast (2019 MVP),5,2,2,-0.23375242514604855,2.4484339276852642,Other,foul,Contact / Foul
2019,Post-Statcast (2019 MVP),4,1,2,-0.5514619920414958,2.54012052768895,Other,foul,Contact / Foul
2019,Post-Statcast (2019 MVP),3,3,3,0.3219587522942168,3.3744769629805482,Other,hit_into_play,Contact / Foul
2019,Post-Statcast (2019 MVP),3,3,3,0.4041832615355349,3.1048660239241355,Other,hit_into_play,Contact / Foul
2019,Post-Statcast (2019 MVP),9,3,1,0.5433866054074282,1.6995560136582102,Other,foul,Contact / Foul
2019,Post-Statcast (2019 MVP),4,1,2,-0.6800232257348902,2.3979662668716264,Other,hit_into_play,Contact / Foul
2019,Post-Statcast (2019 MVP),6,3,2,0.35724597637389327,2.543052118942009,Other,swinging_strike,Whiff (Miss)
2019,Post-Statcast (2019 MVP),1,1,3,-0.5147744238753227,2.932899758830759,Other,foul,Contact / Foul
2019,Post-Statcast (2019 MVP),9,3,1,0.4082081767612696,1.9276594695100653,Other,swinging_strike,Whiff (Miss)
2019,Post-Statcast (2019 MVP),6,3,2,0.7500446059801621,2.7049224023416603,Other,foul,Contact / Foul
2019,Post-Statcast (2019 MVP),4,1,2,-0.6788968633502144,2.226928313558995,Other,foul,Contact / Foul
2019,Post-Statcast (2019 MVP),4,1,2,-0.5613294276678533,2.8825184971660436,Other,foul,Contact / Foul
2019,Post-Statcast (2019 MVP),8,2,1,-0.12819007461769993,1.983127701314902,Other,hit_into_play,Contact / Foul
2019,Post-Statcast (2019 MVP),7,1,1,-0.6554938892605123,2.103129789950636,Other,hit_into_play,Contact / Foul
2019,Post-Statcast (2019 MVP),1,1,3,-0.4095248886319549,2.918972250564199,Other,hit_into_play,Contact / Foul
2019,Post-Statcast (2019 MVP),9,3,1,0.28174100556781645,2.201202586197956,Other,foul,Contact / Foul
2019,Post-Statcast (2019 MVP),1,1,3,-0.46670957039116256,3.043209635726284,Other,foul,Contact / Foul
2019,Post-Statcast (2019 MVP),7,1,1,-0.2990002515848258,1.9467580374493587,Other,hit_into_play,Contact / Foul
2019,Post-Statcast (2019 MVP),8,2,1,0.22366189843477957,1.6101393955152745,Other,swinging_strike,Whiff (Miss)
2019,Post-Statcast (2019 MVP),3,3,3,0.3976023748404297,3.123678807074672,Other,foul,Contact / Foul
2019,Post-Statcast (2019 MVP),7,1,1,-0.3429320739943138,1.7016480701452936,Other,hit_into_play,Contact / Foul
2019,Post-Statcast (2019 MVP),5,2,2,0.18056606361427652,2.483814043100457,Other,foul,Contact / Foul
2019,Post-Statcast (2019 MVP),8,2,1,-0.020354811025195096,1.970893976111685,Other,hit_into_play,Contact / Foul
2019,Post-Statcast (2019 MVP),2,2,3,0.16469925262282026,3.2212749734564823,Other,foul,Contact / Foul
2019,Post-Statcast (2019 MVP),3,3,3,0.441481995198704,3.122024009157169,Other,foul_tip,Contact / Foul
2019,Post-Statcast (2019 MVP),6,3,2,0.49293688514677425,2.627450528033683,Other,hit_into_play,Contact / Foul
2019,Post-Statcast (2019 MVP),9,3,1,0.4963136548062217,1.6975312757242635,Other,foul,Contact / Foul
2019,Post-Statcast (2019 MVP),8,2,1,-0.016681910361368457,2.027059638652719,Other,hit_into_play,Contact / Foul
2019,Post-Statcast (2019 MVP),7,1,1,-0.4761755394654502,2.3091219781018086,Other,foul,Contact / Foul
2019,Post-Statcast (2019 MVP),4,1,2,-0.35640677828241707,2.8888038615904637,Other,hit_into_play,Contact / Foul
2019,Post-Statcast (2019 MVP),7,1,1,-0.7260020882767598,2.0446745773067523,Other,swinging_strike,Whiff (Miss)
2019,Post-Statcast (2019 MVP),6,3,2,0.4116389725835512,2.509801028535155,Other,foul,Contact / Foul
2019,Post-Statcast (2019 MVP),2,2,3,0.20080826063547746,3.0058998863730366,Other,foul,Contact / Foul
2019,Post-Statcast (2019 MVP),2,2,3,0.16040033194814918,2.904731047475762,Other,foul,Contact / Foul
2019,Post-Statcast (2019 MVP),4,1,2,-0.46196837273329194,2.560510835371155,Other,hit_into_play,Contact / Foul
2019,Post-Statcast (2019 MVP),6,3,2,0.3541484439279301,2.477223566177147,Other,hit_into_play,Contact / Foul
2019,Post-Statcast (2019 MVP),5,2,2,0.16687462245632534,2.370146668496041,Other,hit_into_play,Contact / Foul
2019,Post-Statcast (2019 MVP),6,3,2,0.4346716541529184,2.618997023530753,Other,hit_into_play,Contact / Foul
2019,Post-Statcast (2019 MVP),8,2,1,0.07087836878470344,1.5592629692763647,Other,hit_into_play,Contact / Foul
2019,Post-Statcast (2019 MVP),9,3,1,0.5006248180568518,1.8988803229742173,Other,hit_into_play,Contact / Foul
2019,Post-Statcast (2019 MVP),2,2,3,-0.21281473561963948,2.923041383791251,Other,foul,Contact / Foul
2019,Post-Statcast (2019 MVP),6,3,2,0.5343973954175543,2.221120978054053,Other,hit_into_play,Contact / Foul
2019,Post-Statcast (2019 MVP),1,1,3,-0.3644240208825011,2.860628498634806,Other,hit_into_play,Contact / Foul
2019,Post-Statcast (2019 MVP),4,1,2,-0.7223608529958845,2.629437692703148,Other,foul,Contact / Foul
2019,Post-Statcast (2019 MVP),8,2,1,0.24860852273162748,2.0516376053537586,Other,hit_into_play,Contact / Foul
2019,Post-Statcast (2019 MVP),7,1,1,-0.47649668239397236,1.7522966618726041,Other,hit_into_play,Contact / Foul
2019,Post-Statcast (2019 MVP),4,1,2,-0.40768523620325614,2.574178420251128,Other,foul,Contact / Foul
2019,Post-Statcast (2019 MVP),5,2,2,-0.19379364296134782,2.865761345205178,Other,foul,Contact / Foul
2019,Post-Statcast (2019 MVP),8,2,1,0.12316336197393829,2.0699530739815772,Other,foul,Contact / Foul
2019,Post-Statcast (2019 MVP),3,3,3,0.7614858403704178,3.2040719577750956,Other,foul,Contact / Foul
2019,Post-Statcast (2019 MVP),4,1,2,-0.5709338240593659,2.602912199579574,Other,hit_into_play,Contact / Foul
2019,Post-Statcast (2019 MVP),1,1,3,-0.4157137085450572,2.881521904515031,Other,hit_into_play,Contact / Foul
2019,Post-Statcast (2019 MVP),9,3,1,0.6477017148576886,2.0962772026923355,Other,foul,Contact / Foul
2019,Post-Statcast (2019 MVP),9,3,1,0.28242989108213146,1.8379480477866577,Other,hit_into_play,Contact / Foul
2019,Post-Statcast (2019 MVP),6,3,2,0.582410824811924,2.385212239914524,Other,foul,Contact / Foul
2019,Post-Statcast (2019 MVP),4,1,2,-0.49532135435807306,2.686351985705214,Other,foul_tip,Contact / Foul
2019,Post-Statcast (2019 MVP),5,2,2,-0.15702836143917043,2.3873593485965654,Other,foul,Contact / Foul
2019,Post-Statcast (2019 MVP),4,1,2,-0.48004891871383815,2.3126165456796675,Other,foul,Contact / Foul
2019,Post-Statcast (2019 MVP),4,1,2,-0.6351975707193334,2.3788730802592175,Other,hit_into_play,Contact / Foul
2019,Post-Statcast (2019 MVP),7,1,1,-0.7986771500575836,1.7765878086429534,Other,foul,Contact / Foul
2019,Post-Statcast (2019 MVP),4,1,2,-0.6304689335230051,2.369539583291833,Other,foul,Contact / Foul
2019,Post-Statcast (2019 MVP),7,1,1,-0.43513682614051574,1.5552797121870192,Other,swinging_strike,Whiff (Miss)
2019,Post-Statcast (2019 MVP),3,3,3,0.5867493715731806,2.911622498429023,Other,hit_into_play,Contact / Foul
2019,Post-Statcast (2019 MVP),1,1,3,-0.5047241281559431,3.0699978593049773,Other,foul,Contact / Foul
2019,Post-Statcast (2019 MVP),5,2,2,-0.07104559806126076,2.846145796629534,Other,hit_into_play,Contact / Foul
2019,Post-Statcast (2019 MVP),1,1,3,-0.760029917324007,3.2006893813216433,Other,hit_into_play,Contact / Foul
2019,Post-Statcast (2019 MVP),2,2,3,0.13126454460502301,3.424420611370373,Other,hit_into_play,Contact / Foul
2019,Post-Statcast (2019 MVP),8,2,1,-0.06115059836765138,1.9468068240667833,Other,hit_into_play,Contact / Foul
2019,Post-Statcast (2019 MVP),8,2,1,-0.20080478434360838,2.0514396084464654,Other,foul,Contact / Foul
2019,Post-Statcast (2019 MVP),8,2,1,-0.02903864142734458,1.9109810834979228,Other,swinging_strike,Whiff (Miss)
2019,Post-Statcast (2019 MVP),2,2,3,0.05396775197902881,2.949577678535925,Other,hit_into_play,Contact / Foul
2019,Post-Statcast (2019 MVP),6,3,2,0.5642894862843105,2.7363389027421725,Other,hit_into_play,Contact / Foul
2019,Post-Statcast (2019 MVP),1,1,3,-0.701574869756826,3.4766983559136198,Other,foul,Contact / Foul
2019,Post-Statcast (2019 MVP),9,3,1,0.3223325559258856,2.140161937526174,Other,hit_into_play,Contact / Foul
2019,Post-Statcast (2019 MVP),4,1,2,-0.7375469324277855,2.194981718514472,Other,hit_into_play,Contact / Foul
2019,Post-Statcast (2019 MVP),2,2,3,0.2589667922370307,3.0415660536914135,Other,hit_into_play,Contact / Foul
2019,Post-Statcast (2019 MVP),9,3,1,0.7632083962931404,2.0033400853822276,Other,foul,Contact / Foul
2019,Post-Statcast (2019 MVP),9,3,1,0.6812922947146688,1.9868932472282066,Other,foul,Contact / Foul
2019,Post-Statcast (2019 MVP),6,3,2,0.4732318995553322,2.123822642461081,Other,hit_into_play,Contact / Foul
2019,Post-Statcast (2019 MVP),9,3,1,0.8223372372055479,1.812637887670752,Other,hit_into_play,Contact / Foul
2019,Post-Statcast (2019 MVP),5,2,2,0.21525813234027502,2.8688647018348608,Other,hit_into_play,Contact / Foul
2019,Post-Statcast (2019 MVP),3,3,3,0.6573698029614287,3.222853993298711,Other,swinging_strike,Whiff (Miss)
2019,Post-Statcast (2019 MVP),6,3,2,0.41467446417152104,2.4293825414616395,Other,foul,Contact / Foul
2019,Post-Statcast (2019 MVP),3,3,3,0.5452657614690191,2.945782839033246,Other,hit_into_play,Contact / Foul
2019,Post-Statcast (2019 MVP),6,3,2,0.7476641501286607,2.2754805241286578,Other,foul,Contact / Foul
2019,Post-Statcast (2019 MVP),1,1,3,-0.590132141705549,3.202593628524437,Other,foul,Contact / Foul
2019,Post-Statcast (2019 MVP),2,2,3,-0.0846972202257742,3.4934421264035236,Other,swinging_strike,Whiff (Miss)
2019,Post-Statcast (2019 MVP),2,2,3,-0.27089470063540866,2.9929533512579525,Other,hit_into_play,Contact / Foul
2019,Post-Statcast (2019 MVP),7,1,1,-0.6103531580410837,2.080609937406736,Other,hit_into_play,Contact / Foul
2019,Post-Statcast (2019 MVP),9,3,1,0.6573894037735193,1.5618432314016522,Other,hit_into_play,Contact / Foul
2019,Post-Statcast (2019 MVP),5,2,2,-0.03907363157341015,2.59083317036685,Other,foul,Contact / Foul
2019,Post-Statcast (2019 MVP),6,3,2,0.8061441968409042,2.4678934306609324,Other,hit_into_play,Contact / Foul
2019,Post-Statcast (2019 MVP),5,2,2,0.2352334981403672,2.563498042871805,Other,hit_into_play,Contact / Foul
2019,Post-Statcast (2019 MVP),8,2,1,0.047643692690866324,2.1451221327260868,Other,foul,Contact / Foul
2019,Post-Statcast (2019 MVP),4,1,2,-0.6779351601415371,2.523540258117027,Other,foul,Contact / Foul
2019,Post-Statcast (2019 MVP),4,1,2,-0.7397375532338093,2.30619776830768,Other,swinging_strike,Whiff (Miss)
2019,Post-Statcast (2019 MVP),6,3,2,0.3492817547015914,2.5303130737464476,Other,foul,Contact / Foul
2019,Post-Statcast (2019 MVP),8,2,1,-0.06180164417516165,1.790460944084562,Other,hit_into_play,Contact / Foul
2019,Post-Statcast (2019 MVP),1,1,3,-0.39228906545233644,3.0167362203262122,Other,foul,Contact / Foul
2019,Post-Statcast (2019 MVP),6,3,2,0.6312386095307561,2.3472516059566617,Other,hit_into_play,Contact / Foul
2019,Post-Statcast (2019 MVP),1,1,3,-0.2776905627691305,3.2861647601731248,Other,foul,Contact / Foul
2019,Post-Statcast (2019 MVP),5,2,2,0.2557227408297338,2.371978933875572,Other,hit_into_play,Contact / Foul
2019,Post-Statcast (2019 MVP),9,3,1,0.37469002972629606,2.1255778213870142,Other,hit_into_play,Contact / Foul
2019,Post-Statcast (2019 MVP),6,3,2,0.5590084914977625,2.7685644529036026,Other,hit_into_play,Contact / Foul
2019,Post-Statcast (2019 MVP),2,2,3,-0.25878061183508566,3.2218519255531075,Other,swinging_strike,Whiff (Miss)
2019,Post-Statcast (2019 MVP),7,1,1,-0.4416503338546024,1.6588373796412443,Other,foul,Contact / Foul
2019,Post-Statcast (2019 MVP),1,1,3,-0.5655228092828816,3.220677247986366,Other,foul,Contact / Foul
2019,Post-Statcast (2019 MVP),9,3,1,0.5910832283030765,1.7685838183991862,Other,foul,Contact / Foul
2019,Post-Statcast (2019 MVP),6,3,2,0.5615617461543524,2.7470350311218423,Other,hit_into_play,Contact / Foul
2019,Post-Statcast (2019 MVP),4,1,2,-0.35798594681498774,2.8202424272662734,Other,swinging_strike,Whiff (Miss)
2019,Post-Statcast (2019 MVP),7,1,1,-0.41363333200164243,1.604506889564573,Other,foul,Contact / Foul
2019,Post-Statcast (2019 MVP),4,1,2,-0.7780823409446498,2.846064697022787,Other,hit_into_play,Contact / Foul
2019,Post-Statcast (2019 MVP),1,1,3,-0.3947169164528964,3.144760212398782,Other,hit_into_play,Contact / Foul
2019,Post-Statcast (2019 MVP),9,3,1,0.6277696250582624,2.0376112564388684,Other,hit_into_play,Contact / Foul
2019,Post-Statcast (2019 MVP),7,1,1,-0.3389330042783827,2.0023724145458903,Other,foul,Contact / Foul
2019,Post-Statcast (2019 MVP),2,2,3,-0.09220836054871906,3.1037497966790077,Other,foul_tip,Contact / Foul
2019,Post-Statcast (2019 MVP),1,1,3,-0.4589944427834385,3.4620919551628986,Other,swinging_strike,Whiff (Miss)
2019,Post-Statcast (2019 MVP),9,3,1,0.34033283603224546,2.123524453191556,Other,foul,Contact / Foul
2019,Post-Statcast (2019 MVP),8,2,1,-0.16738111064886596,2.2625404190699308,Other,foul,Contact / Foul
2019,Post-Statcast (2019 MVP),5,2,2,0.21030905858130333,2.541578678183398,Other,swinging_strike,Whiff (Miss)
2019,Post-Statcast (2019 MVP),8,2,1,0.09364095717254615,1.9796095155636335,Other,hit_into_play,Contact / Foul
2019,Post-Statcast (2019 MVP),9,3,1,0.37951944189269415,1.9178854843141178,Other,hit_into_play,Contact / Foul
2019,Post-Statcast (2019 MVP),5,2,2,-0.043669825967766196,2.2945019891345493,Other,foul,Contact / Foul
2019,Post-Statcast (2019 MVP),4,1,2,-0.5317710482076584,2.4390347877045335,Other,hit_into_play,Contact / Foul
2019,Post-Statcast (2019 MVP),5,2,2,0.23354545351861278,2.772793253079799,Other,foul,Contact / Foul
2019,Post-Statcast (2019 MVP),7,1,1,-0.3203894867795445,2.095578560901705,Other,hit_into_play,Contact / Foul
2019,Post-Statcast (2019 MVP),8,2,1,-0.176555052141802,1.7647935431478723,Other,hit_into_play,Contact / Foul
2019,Post-Statcast (2019 MVP),8,2,1,-0.0290407060603195,2.1404578283872344,Other,foul,Contact / Foul
2019,Post-Statcast (2019 MVP),5,2,2,-0.1982832267006278,2.487841889659419,Other,foul,Contact / Foul
2019,Post-Statcast (2019 MVP),4,1,2,-0.6420631439012274,2.6999110513755893,Other,foul,Contact / Foul
2019,Post-Statcast (2019 MVP),5,2,2,0.10522066342117631,2.517190150214841,Other,foul,Contact / Foul
2019,Post-Statcast (2019 MVP),5,2,2,0.2542011505464019,2.739375809458343,Other,hit_into_play,Contact / Foul
2019,Post-Statcast (2019 MVP),6,3,2,0.4615207720412563,2.5079533304468997,Other,hit_into_play,Contact / Foul
2019,Post-Statcast (2019 MVP),2,2,3,-0.2074345802610723,3.068076896826912,Other,foul,Contact / Foul
2019,Post-Statcast (2019 MVP),8,2,1,0.02138779320902995,1.6496245869416624,Other,hit_into_play,Contact / Foul
2019,Post-Statcast (2019 MVP),3,3,3,0.46621530871607075,3.2421402329974347,Other,foul,Contact / Foul
2019,Post-Statcast (2019 MVP),6,3,2,0.4175464994788166,2.288979553447911,Other,hit_into_play,Contact / Foul
2019,Post-Statcast (2019 MVP),4,1,2,-0.28642971384817895,2.349839812854267,Other,foul,Contact / Foul
2019,Post-Statcast (2019 MVP),4,1,2,-0.3679259295241363,2.425913950237765,Other,hit_into_play,Contact / Foul
2019,Post-Statcast (2019 MVP),6,3,2,0.4711804920730348,2.3256740326224845,Other,hit_into_play,Contact / Foul
2019,Post-Statcast (2019 MVP),2,2,3,-0.053719433240615344,3.105531406961137,Other,hit_into_play,Contact / Foul
2019,Post-Statcast (2019 MVP),4,1,2,-0.5351271498163355,2.5591398601897386,Other,hit_into_play,Contact / Foul
2019,Post-Statcast (2019 MVP),9,3,1,0.6273590044146198,1.804957790227168,Other,hit_into_play,Contact / Foul
2019,Post-Statcast (2019 MVP),8,2,1,0.16269687849029138,2.106039185903681,Other,hit_into_play,Contact / Foul
2019,Post-Statcast (2019 MVP),1,1,3,-0.602972444768123,3.148493632323352,Other,hit_into_play,Contact / Foul
2019,Post-Statcast (2019 MVP),1,1,3,-0.3591065289314252,2.9616373420148134,Other,hit_into_play,Contact / Foul
2019,Post-Statcast (2019 MVP),4,1,2,-0.5196018060334652,2.6120593255479436,Other,hit_into_play,Contact / Foul
2019,Post-Statcast (2019 MVP),4,1,2,-0.4881778358266111,2.40729591609467,Other,hit_into_play,Contact / Foul
2019,Post-Statcast (2019 MVP),8,2,1,0.019772829330818753,1.6895539542999742,Other,hit_into_play,Contact / Foul
2019,Post-Statcast (2019 MVP),8,2,1,0.13847201490083383,1.7749407269123658,Other,hit_into_play,Contact / Foul
2019,Post-Statcast (2019 MVP),8,2,1,0.258213261303744,1.6083694862487121,Other,foul,Contact / Foul
2019,Post-Statcast (2019 MVP),5,2,2,-0.10852135213341474,2.7822914904591443,Other,hit_into_play,Contact / Foul
2019,Post-Statcast (2019 MVP),5,2,2,-0.0032324320806790263,2.6563138369954635,Other,foul,Contact / Foul
2019,Post-Statcast (2019 MVP),9,3,1,0.7636042068521928,2.1021024803680772,Other,hit_into_play,Contact / Foul
2019,Post-Statcast (2019 MVP),5,2,2,-0.2358052824301745,2.4193263177540194,Other,hit_into_play,Contact / Foul
2019,Post-Statcast (2019 MVP),2,2,3,-0.24491384155734153,3.0480665294084797,Other,hit_into_play,Contact / Foul
2019,Post-Statcast (2019 MVP),3,3,3,0.39740804369084803,3.3603367990944895,Other,foul,Contact / Foul
2019,Post-Statcast (2019 MVP),4,1,2,-0.7208071919943793,2.9167429955816426,Other,hit_into_play,Contact / Foul
2019,Post-Statcast (2019 MVP),5,2,2,0.2612787964365038,2.3952142244410037,Other,hit_into_play,Contact / Foul
2019,Post-Statcast (2019 MVP),8,2,1,-0.21844165332069565,1.8613326280842104,Other,hit_into_play,Contact / Foul
2019,Post-Statcast (2019 MVP),2,2,3,-0.04481432397566437,2.9575576183640373,Other,foul,Contact / Foul
2019,Post-Statcast (2019 MVP),5,2,2,0.07723895919699086,2.8643394040296566,Other,hit_into_play,Contact / Foul
2019,Post-Statcast (2019 MVP),6,3,2,0.5971426063190841,2.556149066579478,Other,swinging_strike,Whiff (Miss)
2019,Post-Statcast (2019 MVP),9,3,1,0.6503874286703561,1.923029965928953,Other,foul,Contact / Foul
2019,Post-Statcast (2019 MVP),3,3,3,0.48315424584174194,3.1834492570069433,Other,foul,Contact / Foul
2019,Post-Statcast (2019 MVP),4,1,2,-0.38387676288202566,2.8619007963981353,Other,hit_into_play,Contact / Foul
2019,Post-Statcast (2019 MVP),7,1,1,-0.2891577493763985,2.1996764273154605,Other,foul,Contact / Foul
2019,Post-Statcast (2019 MVP),8,2,1,0.2695577744893958,1.6862593973882185,Other,foul,Contact / Foul
2019,Post-Statcast (2019 MVP),9,3,1,0.7883813730715243,1.7299605641684568,Other,foul,Contact / Foul
2019,Post-Statcast (2019 MVP),6,3,2,0.42350492229811404,2.4583287716465345,Other,foul,Contact / Foul
2019,Post-Statcast (2019 MVP),9,3,1,0.4817146603262987,1.9105540042722322,Other,hit_into_play,Contact / Foul
2019,Post-Statcast (2019 MVP),8,2,1,-0.10233096794934693,2.205921997639382,Other,foul,Contact / Foul
2019,Post-Statcast (2019 MVP),4,1,2,-0.519423141617046,2.7487038034456406,Other,hit_into_play,Contact / Foul
2019,Post-Statcast (2019 MVP),6,3,2,0.7912486045219286,2.4959881340881562,Other,foul,Contact / Foul
2019,Post-Statcast (2019 MVP),2,2,3,0.15918233398131676,3.116382759361392,Other,foul_tip,Contact / Foul
2019,Post-Statcast (2019 MVP),2,2,3,-0.15501016528999734,3.3477064863513215,Other,swinging_strike,Whiff (Miss)
2019,Post-Statcast (2019 MVP),6,3,2,0.3576227499990803,2.1889844529891427,Other,foul_tip,Contact / Foul
2019,Post-Statcast (2019 MVP),9,3,1,0.5939911013572728,2.1811834149805356,Other,foul,Contact / Foul
2019,Post-Statcast (2019 MVP),4,1,2,-0.550568263595855,2.4127116578743033,Other,foul,Contact / Foul
2019,Post-Statcast (2019 MVP),1,1,3,-0.3159098706644493,3.0195598477819763,Other,hit_into_play,Contact / Foul
2019,Post-Statcast (2019 MVP),2,2,3,-0.14330673075510714,3.2760107559061336,Other,foul,Contact / Foul
2019,Post-Statcast (2019 MVP),9,3,1,0.6632079489438394,1.9273511407272665,Other,hit_into_play,Contact / Foul
2019,Post-Statcast (2019 MVP),2,2,3,0.03642335521035478,2.9489071174895933,Other,foul_tip,Contact / Foul
2019,Post-Statcast (2019 MVP),2,2,3,0.07686592791500767,2.9228359305535005,Other,foul,Contact / Foul
2019,Post-Statcast (2019 MVP),3,3,3,0.499479468919268,2.9054440272802244,Other,foul,Contact / Foul
2019,Post-Statcast (2019 MVP),5,2,2,0.16461082342652045,2.4262171137504898,Other,hit_into_play,Contact / Foul
2019,Post-Statcast (2019 MVP),2,2,3,-0.152784118401309,3.0446537154930233,Other,hit_into_play,Contact / Foul
2019,Post-Statcast (2019 MVP),8,2,1,-0.24499585179817573,1.9908760358995874,Other,hit_into_play,Contact / Foul
2019,Post-Statcast (2019 MVP),2,2,3,-0.2301779326296569,3.1737035120564734,Other,hit_into_play,Contact / Foul
2019,Post-Statcast (2019 MVP),6,3,2,0.6619118241136382,2.2744725754355946,Other,foul,Contact / Foul
2019,Post-Statcast (2019 MVP),8,2,1,-0.011477197565224917,1.6184064250861727,Other,hit_into_play,Contact / Foul
2019,Post-Statcast (2019 MVP),3,3,3,0.5975478271623063,3.0157764296851552,Other,foul,Contact / Foul
2019,Post-Statcast (2019 MVP),9,3,1,0.5049477988000411,1.6658228640740145,Other,foul,Contact / Foul
2019,Post-Statcast (2019 MVP),6,3,2,0.34244436492912284,2.6983620018463528,Other,foul,Contact / Foul
2019,Post-Statcast (2019 MVP),5,2,2,-0.17242384327628707,2.7592198568037993,Other,hit_into_play,Contact / Foul
2019,Post-Statcast (2019 MVP),5,2,2,0.0007462189071720249,2.7406040955998954,Other,foul,Contact / Foul
2019,Post-Statcast (2019 MVP),9,3,1,0.7482404469994667,2.0064318362068585,Other,hit_into_play,Contact / Foul
2019,Post-Statcast (2019 MVP),8,2,1,0.2728101573718267,1.7680498600385244,Other,foul,Contact / Foul
2019,Post-Statcast (2019 MVP),9,3,1,0.49821022256011516,1.950265611206751,Other,foul,Contact / Foul
2019,Post-Statcast (2019 MVP),3,3,3,0.5766336624447765,3.18820200650568,Other,foul,Contact / Foul
2019,Post-Statcast (2019 MVP),4,1,2,-0.2829616757731309,2.4499268663066824,Other,foul,Contact / Foul
2019,Post-Statcast (2019 MVP),4,1,2,-0.45240272891281164,2.8013795755974322,Other,foul,Contact / Foul
2019,Post-Statcast (2019 MVP),5,2,2,0.043791619533828374,2.606567193171718,Other,hit_into_play,Contact / Foul
2019,Post-Statcast (2019 MVP),6,3,2,0.6356102001244149,2.153947942465476,Other,foul,Contact / Foul
2019,Post-Statcast (2019 MVP),9,3,1,0.49699781173490243,2.1054470424989558,Other,hit_into_play,Contact / Foul
2019,Post-Statcast (2019 MVP),6,3,2,0.6047950461753167,2.599977055161405,Other,foul,Contact / Foul
2019,Post-Statcast (2019 MVP),9,3,1,0.5771113757553527,1.7753928887390549,Other,hit_into_play,Contact / Foul
2019,Post-Statcast (2019 MVP),6,3,2,0.6574810912048601,2.7471084879955145,Other,hit_into_play,Contact / Foul
2019,Post-Statcast (2019 MVP),5,2,2,0.07831948533836508,2.335723899103746,Other,hit_into_play,Contact / Foul
2019,Post-Statcast (2019 MVP),3,3,3,0.8209307478086145,3.233140977411078,Other,foul,Contact / Foul
2019,Post-Statcast (2019 MVP),9,3,1,0.7637055497199432,1.786844138316944,Other,hit_into_play,Contact / Foul
2019,Post-Statcast (2019 MVP),5,2,2,0.2740326788926408,2.5055494353485854,Other,foul,Contact / Foul
2019,Post-Statcast (2019 MVP),4,1,2,-0.5892295879665923,2.3791950259903905,Other,foul,Contact / Foul
2019,Post-Statcast (2019 MVP),2,2,3,-0.17646577051927648,3.40579525427513,Other,hit_into_play,Contact / Foul
2019,Post-Statcast (2019 MVP),2,2,3,-0.06637991157888423,3.4344136803207403,Other,foul,Contact / Foul
2019,Post-Statcast (2019 MVP),5,2,2,0.22302641336033363,2.213270647466962,Other,foul,Contact / Foul
2019,Post-Statcast (2019 MVP),5,2,2,0.10389607991397898,2.6202349747672065,Other,foul,Contact / Foul
2019,Post-Statcast (2019 MVP),2,2,3,0.10743197159786333,3.3028493441173907,Other,foul,Contact / Foul
2019,Post-Statcast (2019 MVP),5,2,2,0.09877154820205258,2.351105329920463,Other,hit_into_play,Contact / Foul
2019,Post-Statcast (2019 MVP),4,1,2,-0.48958801990825374,2.5561338759314407,Other,hit_into_play,Contact / Foul
2019,Post-Statcast (2019 MVP),6,3,2,0.5511583405472685,2.83549771439126,Other,hit_into_play,Contact / Foul
2019,Post-Statcast (2019 MVP),6,3,2,0.7035162230584765,2.5649323843075913,Other,hit_into_play,Contact / Foul
2019,Post-Statcast (2019 MVP),5,2,2,0.09661540642904975,2.864397202732354,Other,foul,Contact / Foul
2019,Post-Statcast (2019 MVP),6,3,2,0.39450617231108887,2.4235232174476704,Other,foul,Contact / Foul
2019,Post-Statcast (2019 MVP),8,2,1,0.21529531907867683,1.493804163968897,Other,swinging_strike,Whiff (Miss)
2019,Post-Statcast (2019 MVP),2,2,3,0.025950866870344758,2.7076854343992585,Other,foul,Contact / Foul
2019,Post-Statcast (2019 MVP),7,1,1,-0.44465665976964674,2.07739731017168,Other,foul,Contact / Foul
2019,Post-Statcast (2019 MVP),8,2,1,-0.1050380464725269,1.996306141842898,Other,hit_into_play,Contact / Foul
2019,Post-Statcast (2019 MVP),7,1,1,-0.5061231223831406,2.0014007699014105,Other,hit_into_play,Contact / Foul
2019,Post-Statcast (2019 MVP),3,3,3,0.5760636647126263,3.0344055035846065,Other,foul,Contact / Foul
2019,Post-Statcast (2019 MVP),9,3,1,0.7177724595720323,1.9332548095949849,Other,hit_into_play,Contact / Foul
2019,Post-Statcast (2019 MVP),4,1,2,-0.5149958367244781,2.2370351480008686,Other,hit_into_play,Contact / Foul
2019,Post-Statcast (2019 MVP),6,3,2,0.29614746117456014,2.3993341573730014,Other,foul,Contact / Foul
2019,Post-Statcast (2019 MVP),6,3,2,0.5681796390795808,2.389065740683468,Other,foul,Contact / Foul
2019,Post-Statcast (2019 MVP),6,3,2,0.617407079486072,2.2365191553062527,Other,foul,Contact / Foul
2019,Post-Statcast (2019 MVP),6,3,2,0.37223637687565514,2.427368168496482,Other,swinging_strike,Whiff (Miss)
2019,Post-Statcast (2019 MVP),7,1,1,-0.5747224871977976,2.028156826177222,Other,foul,Contact / Foul
2019,Post-Statcast (2019 MVP),9,3,1,0.36590675446196774,1.8675921609721207,Other,hit_into_play,Contact / Foul
2019,Post-Statcast (2019 MVP),6,3,2,0.5248366426719757,2.2854973461704198,Other,foul,Contact / Foul
2019,Post-Statcast (2019 MVP),4,1,2,-0.7014938063754584,2.7826952697552034,Other,foul,Contact / Foul
2019,Post-Statcast (2019 MVP),4,1,2,-0.4477444765964562,2.185786041363444,Other,foul,Contact / Foul
2019,Post-Statcast (2019 MVP),5,2,2,-0.18199878872884606,2.412209842092697,Other,foul,Contact / Foul
2019,Post-Statcast (2019 MVP),5,2,2,-0.04108921920585734,2.442833063580997,Other,hit_into_play,Contact / Foul
2019,Post-Statcast (2019 MVP),8,2,1,-0.01857189865305897,2.162531872827911,Other,foul,Contact / Foul
2019,Post-Statcast (2019 MVP),5,2,2,0.12109935281911688,2.3485422181140665,Other,hit_into_play,Contact / Foul
2019,Post-Statcast (2019 MVP),5,2,2,0.2158060867347753,2.509853629332552,Other,hit_into_play,Contact / Foul
2019,Post-Statcast (2019 MVP),9,3,1,0.49152350691292357,2.014125290134545,Other,foul,Contact / Foul
2019,Post-Statcast (2019 MVP),2,2,3,-0.17909011745569625,3.1979375800197314,Other,hit_into_play,Contact / Foul
2019,Post-Statcast (2019 MVP),3,3,3,0.7068627894917469,3.0210171737872864,Other,hit_into_play,Contact / Foul
2019,Post-Statcast (2019 MVP),5,2,2,0.005745308970221519,2.8633554655476887,Other,foul,Contact / Foul
2019,Post-Statcast (2019 MVP),3,3,3,0.5683539297027905,3.026873293862437,Other,hit_into_play,Contact / Foul
2019,Post-Statcast (2019 MVP),2,2,3,0.17262280418204645,2.925691861247178,Other,foul,Contact / Foul
2019,Post-Statcast (2019 MVP),6,3,2,0.6972981068629662,2.4013663127391034,Other,hit_into_play,Contact / Foul
2019,Post-Statcast (2019 MVP),2,2,3,0.22232696694097648,2.986826263640447,Other,foul,Contact / Foul
2019,Post-Statcast (2019 MVP),9,3,1,0.8028667428742642,2.187471902200639,Other,hit_into_play,Contact / Foul
2019,Post-Statcast (2019 MVP),9,3,1,0.7450704590571363,1.9464934955375401,Other,foul,Contact / Foul
2019,Post-Statcast (2019 MVP),2,2,3,0.09464291446021766,3.407947186410139,Other,hit_into_play,Contact / Foul
2019,Post-Statcast (2019 MVP),8,2,1,-0.048832646439086635,2.0296346980008027,Other,swinging_strike,Whiff (Miss)
